Doctor Name,Address,PTR
MINETTE FLORES,nan,nan
ONOFRE GUTTIEREZ,nan,nan
CHARO BUSTOS,nan,nan
CARLEX LAZAGA,nan,nan
IVAN CUDAL,nan,nan
GEORGE MARTINEZ,nan,nan
ELAINE TOLENADA,nan,nan
GELAINE PANIM,nan,nan
MARK CO,nan,nan
CLEZZEL MONSANTO,nan,nan
MARY GRACE ROQUE,nan,nan
ANGIELYN  ASUNCION,nan,nan
CRISPINO IBUAN,nan,nan
FRANCIS XAVIER MISLANG,nan,nan
FRANCISCO ONTALAN,nan,nan
CONCEPCION CABATBAT,nan,nan
MARIA CHENG APURA,nan,nan
SHERILYN CABUAY,nan,nan
CRISANTA PALABAY,nan,nan
RYDELL KITONGAN,nan,nan
MARY JUDITH RAGAZA,nan,nan
MANUEL MONIS,nan,nan
NELSON GUNDRAN,nan,nan
THESSIE VALDEZ,nan,nan
EDWARD GAERLAN,nan,nan
JOYCE DELA CRUZ,nan,nan
MARCO DELA CRUZ,nan,nan
GEORGIA LOMIBAO,nan,nan
MARIAN GRACE FORMOSO,nan,nan
LORALIE ESPEJO GALERA,nan,nan
RHOME ARLYN PACIS,nan,nan
REGINALD QUETURAS,nan,nan
TEOFANES CRUCES,nan,nan
CATCATAN HELEN,nan,nan
LUTECE KRYSTEL DELOS SANTOS,nan,nan
MARVIN RIAMBON,nan,nan
MAUREEN VALENTIN,nan,nan
JOHN REYNOLD QUERUBIN,nan,nan
LENNIE CASTILLO,nan,nan
CATHERINE ANG,nan,nan
ANNA ARCELLANA,nan,nan
CATHERINE TAN,nan,nan
NOEL MAHINANG,nan,nan
ABAGAIL CUDEL,nan,nan
CARLO FRANCO PAMINTUAN,nan,nan
DANIEL JUDE DELA CRUZ,nan,nan
RAMONCITO TRIA,nan,nan
JOSEPH CUARESMA,nan,nan
MAMAUAG ROLAND,nan,nan
JEANNE LOU SANCHEZ,nan,nan
FRANCHESKA BAUTISTA,nan,nan
SABRINA TIA,nan,nan
CATHERINE EMILY VIADO TORRES,nan,nan
FRANCISCO OLIVAR,nan,nan
GINA ANG,nan,nan
TADDIE ABORDO,nan,nan
ESTRELLITA TE,nan,nan
GRACE KO-DE LOS SANTOS,nan,nan
DARWIN DY,nan,nan
JOSEPH SIA TAN,nan,nan
REY BO JEAN,nan,nan
FREDERICK SUPAN,nan,nan
RAY CANAYON,nan,nan
JULIET KAW-NAVARRO,nan,nan
DONATO TING,nan,nan
EUGENE REYES,nan,nan
ROSITA OCAMPO,nan,nan
ROBERTO RAYMUNDO,nan,nan
NABLE SEMILLA,nan,nan
RAMON RICAFRENTE,nan,nan
ANTONIO PABIS,nan,nan
ANDREW ANG,nan,nan
CAMILO TE,nan,nan
MARIE BARRIENTOS-REGALA,nan,nan
IVY CATHERINE RIVERA GO,nan,nan
SHIELA MARIE IBANA,nan,nan
JOSEPH NERI,nan,nan
JOSEPHINE SORILLA,nan,nan
ISABELLA CATIBOG,nan,nan
WANDREW PO,nan,nan
RENATO RECIO,nan,nan
LOURDES DORION DIAZ,nan,nan
AMOR LAURO,nan,nan
SARMIENTO JOSIERINA,nan,nan
KATRINA ASUNCION,nan,nan
MONICA THERESE CABRAL,nan,nan
JIMMY ARAGON,nan,nan
JASMIN MELISA BERNARDO,nan,nan
CAYCO ANTONIO,nan,nan
CHRISTINE PASCUAL,nan,nan
ANDRE LAWRENCE TOJINO,nan,nan
RUBEN ORTEGA,nan,nan
CLAVEL MACALINTAL,nan,nan
HOLIDAY TAPPAN,nan,nan
ROLANDO MACALALAG,nan,nan
CESAR SY,nan,nan
SILVEROSE AGUSTIN,nan,nan
MARVIN ACE TINDOY,nan,nan
MARK GERARD MADARANG,nan,nan
MARC CHESTER CRISTOBAL,nan,nan
RICHIE REYES,nan,nan
CELESTINO DALISAY,nan,nan
MIA DACUMOS,nan,nan
CHRISTINE SALGADO,nan,nan
JOSE MARI ALLESSANDRO LIBO-ON,nan,nan
FROILAN DE LEON,nan,nan
PACHECO GENEVIEVE,nan,nan
EDUARD CESAR MARQUEZ,nan,nan
CRISTINA JARING,nan,nan
LAUREN KAYE EVANGELISTA,nan,nan
SUZETTE AMBAGAN,nan,nan
JONIL TORRELAVEGA,nan,nan
GERTRUDE REYES,nan,nan
JOEL CARLOS,nan,nan
MARLISA CALMA,nan,nan
RAYMUND MARCUS ORLINO,nan,nan
MAREON SANDOVAL,nan,nan
REI FABBIE SIERRA,nan,nan
JOHN VINCENT SALVANERA,nan,nan
JEROME IDEA,nan,nan
REGINA GREGORIO,nan,nan
CHRISTOPHER CABIDA,nan,nan
MICHAELLA NULUD-AMORA,nan,nan
ROWENA JAVONILLO,nan,nan
IMELDA ICASIANO,nan,nan
RICH JOHN MERCENE,nan,nan
ROCHELLE LINGAD SAYAS,nan,nan
ELSA PEREGRINO,nan,nan
REYES JASON,nan,nan
KEVIN ESGUERRA,nan,nan
RAYMUND FAIGAO,nan,nan
ESAGUNDE ROMULO,nan,nan
AURA LANABAN,nan,nan
PLACIBELLA SALEGON,nan,nan
TRISHA MANALAYSAY,nan,nan
CRISTINE MARIE CHIONG,nan,nan
JENNIFER LEAÑO,nan,nan
KERVIN CALLOS,nan,nan
POL BAULOS,nan,nan
RALPH JEFFERSON TAN,nan,nan
MARK ANTHONY TOM,nan,nan
RAMCIS PELEGRINO,nan,nan
KRIS KAREN AWIT,nan,nan
LIZA ROWENA GARCIA,nan,nan
SHERWIN LOUIS NINO GO,nan,nan
ROCHELLE ANN DOMINISAC,nan,nan
CASILDA UY,nan,nan
CHERRY MAGBANUA,nan,nan
AMOR GUINMAPANG,nan,nan
EXCEL ESTACION,nan,nan
BAI TARJATA MACADATU,nan,nan
SIRIKIT ABDULA,nan,nan
CARLO MARTIN COPIA,nan,nan
ELNA MARTINEZ,nan,nan
WILFREDO ARTES,nan,nan
MA.JOSEFA MOJICA,nan,nan
JEAN ALCOVER,nan,nan
KRISTINE UY,nan,nan
NAMPHRIL MALALUAN,nan,nan
DARYL JADE DAGANG,nan,nan
DARYLL ANNE VALDEHUEZA,nan,nan
CATHRINE ROSE ZARATE,nan,nan
DON AVILA DUERO,nan,nan
VALERIE MALINAB,nan,nan
RHODORA CABUNILAS,nan,nan
ANIZA PALA,nan,nan
JILL IREN CAPISTRANO SUN,nan,nan
JUDEE ANNE GO SEE,nan,nan
KATHLEEN GARINGARAO,nan,nan
CARLO GARINGARAO,nan,nan
ARNEL DEBALUCOS,nan,nan
KAREN DACUDAO,nan,nan
NUR HANNA MUA,nan,nan
KRISTINE SANDOVAL,nan,nan
ANA RICA MADERASO,nan,nan
MARIE SIGOURNEY WONG,nan,nan
MAR-LIZA BALIDO,nan,nan
NOREEN SINGKEE,nan,nan
DARWISA SINGKEE,nan,nan
JERNE KAZ PABER,nan,nan
EDGAR BISQUERA,nan,nan
ANA VICTORIA GO,nan,nan
JARNA HAMIN,nan,nan
MA. GABRIELLA GONZALES,nan,nan
HAROLD CAGANG,nan,nan
MARICRIS CAPARAS,nan,nan
FLORAVIL MABRAS,nan,nan
BUBY AYO,nan,nan
DEANNA RAE LIBARIOS,nan,nan
BETSY ACOS,nan,nan
PAUL RODRIGUEZ,nan,nan
ROMINA SAJULGA,nan,nan
DR. ODILIO YU,nan,nan
ROMAN SANTOS,nan,nan
IAN KONRAD LAZARO,nan,nan
MA SERRIE SUMINISTRADO,nan,nan
GRACE JOY ARCEO,nan,nan
RACHELLE COLOMA DAUS,nan,nan
SIMONETTE TAYAG GERMINO,nan,nan
ERIKSON GONZALES,nan,nan
RAYMOND ROSALES,nan,nan
RACHEL ENOJADA,nan,nan
MARIA MARGARET QUIBLAT,nan,nan
JOSEPH CLAVIO,nan,nan
MA ALMA CARANDANG,nan,nan
MARI FAY SAN DIEGO,nan,nan
MARITZIE ERIBAL,nan,nan
DENNIS ONA,nan,nan
ARCY JAMES ALEJANDRE,nan,nan
MELIZA DADUA ECAL,nan,nan
FELIPE GOZAR DUQUE,nan,nan
GREG DAYRIT,nan,nan
BELLY JAMAICA GARCIA,nan,nan
PATRICIA ARROYO,nan,nan
BERNICE GUTIERREZ,nan,nan
JOSE RUEL SERRANO,nan,nan
JIREH ALPARAS,nan,nan
MYRA JAZEL AUSTRIA,nan,nan
ANNAMARIE EUSEBIO,nan,nan
MA LOURDES NOCUM,nan,nan
SAMANTHA PAMINTUAN,nan,nan
ABEL LAXAMANA,nan,nan
ALVIN HARREN MAGTOTO,nan,nan
JACQUELINE LIMJOCO,nan,nan
JOHN KEVIN NICDAO,nan,nan
DANIEL MIRANDA,nan,nan
IVY CRUZ,nan,nan
SAMANTHA ROBLES,nan,nan
JAY JOSEPH NICOLAS,nan,nan
DEBBIE OLIVEROS,nan,nan
JONAS LIM,nan,nan
JEZREEL APAPE,nan,nan
APPLE GABBION,nan,nan
AILEN BLUE TUAZON,nan,nan
ARMIN PERPUSE,nan,nan
ALEX JOE SANTOS,nan,nan
CATHERINE CARIAGA,nan,nan
ADORA PUNZALAN,nan,nan
SUSAN ORBE,nan,nan
RODRIGO PICO,nan,nan
DERICK HO,nan,nan
ZENAIDA ADRIANO,nan,nan
JOYLYNN GONZALES,nan,nan
EVELYN RAGOS,nan,nan
ARLENE DE JESUS,nan,nan
ALDWYN PAMPLONA,nan,nan
IMELDA TAN,nan,nan
DIANA TAN,nan,nan
PAUL JOHN ABLAZA,nan,nan
ANTHONY TAN,nan,nan
SHARMAINE TAN,nan,nan
JEORGINA TAN,nan,nan
JUDE GULANG,nan,nan
AILEEN JASON ZAGALA,nan,nan
DIZON ARCHIE,nan,nan
HANNAH COBARRUBIA,nan,nan
CHRISTINA MAGLEO,nan,nan
JASMIN RUBIO,nan,nan
MARY ANN LULU,nan,nan
ANALUZ GALANG,nan,nan
EUGENE ANICETO TONGOL,nan,nan
JAMES VINCENT LEGASPI,nan,nan
PATRICIA ANN GATUS,nan,nan
ELEAZOR VERA,nan,nan
FREDELYN ANDRES,nan,nan
ORPHA PATAWARAN,nan,nan
LETICIA FUENTABELLA,nan,nan
CHARLIE CHAN,nan,nan
ROLAND ALLAN TAN,nan,nan
RICARDO SALVADOR,nan,nan
ANTONIO TUMBOCON,nan,nan
ELIZABETH TUMBOCON,nan,nan
JOCELYN GALIZA,nan,nan
JONATHAN SY,nan,nan
EDWARD LIM,nan,nan
MICHELLE TAN,nan,nan
PAOLO DEMAPELIS,nan,nan
ERICK MENDOZA,nan,nan
MARY ANN SAYO,nan,nan
FLORENCE GAN,nan,nan
LIZETTE KRISTINE LOPEZ,nan,nan
JEZREEL SAHAGUN,nan,nan
SWEET GIRLIE TAPPAN,nan,nan
JEFFREY DELOS SANTOS,nan,nan
APRIL DELOS SANTOS,nan,nan
EDISON SO,nan,nan
MARI DES SAN JUAN,nan,nan
CECILLE DELA PAZ,nan,nan
ROMULO CUNANAN,nan,nan
SOHAILI LAGUINDAB,nan,nan
JONATHAN PACQUING,nan,nan
EDDELYN SALOMON,nan,nan
HARVEY AGUILAR,nan,nan
LOU ERIKA RUBION,nan,nan
JUAN PAOLO ABOSOLO,nan,nan
ADELLE MALIXI,nan,nan
FAITH CARATAO,nan,nan
CLARENCE AARON SY,nan,nan
ABEGAIL SAMBRANA,nan,nan
KATRINA SANCHEZ OBALLO,nan,nan
ANTONIO PESCADOR,nan,nan
ANNIE MARIE SARMIENTO,nan,nan
CARISSA MIRANO,nan,nan
KURT BRYAN TOLENTINO,nan,nan
JULIA YOUNG,nan,nan
SHIELA CAYABYAB,nan,nan
MARICAR BAUTISTA,nan,nan
LOUIE ALFRED SHIU,nan,nan
REYNALDO LAZO,nan,nan
JOHN REYNOLD QUEROBIN,nan,nan
BRYAN CARLO JALBUENA,nan,nan
PHILIP LAYNESA,nan,nan
MICEL DIZON,nan,nan
SONNY CRUZ,nan,nan
KEVIN RAMOS,nan,nan
LORA GRACE DELES,nan,nan
ROXANE BONGCAWIL,nan,nan
JEROME SIOSON,nan,nan
GERALDINE PON,nan,nan
ROY SASIL,nan,nan
FLAVIANO CABALLERO,nan,nan
JOSE  AGUIRRE,nan,nan
CRYSTAL FAYE LAGURA,nan,nan
KRISTINE TUMABIENE,nan,nan
ARCHIE APOSTOL,nan,nan
JELL PEREZ,nan,nan
SHEILA FARISHA MANGELEN,nan,nan
JURINA MACAILING,nan,nan
SITTI AYSHA IBA,nan,nan
KEVIN ELISEO,nan,nan
ELEANOR YEO,nan,nan
AIZA TAHIL,nan,nan
JULIAN JOSE ALEJANDRO OLGADO,nan,nan
CHRISTINA CHUA,nan,nan
MICHELLE CO,nan,nan
RICHARDSON LORILLA,nan,nan
PORSHIA NATIVIDAD,nan,nan
MANUEL MIGUEL BARNES,nan,nan
WINDON REYES,nan,nan
SYAMASUNDAR BRISTOL,nan,nan
JOSE ERNESTO ADEA,nan,nan
VINA PALMERO,nan,nan
GRETHEL LARDIZABAL,nan,nan
GLEIN SAYAT,nan,nan
AEDEN TIMBOL,nan,nan
ARVIN YUMUL,nan,nan
CHERISSE ANN PANLILIO,nan,nan
JANINE RANGEL,nan,nan
RACHEL MANALO,nan,nan
LARISSA MANAPAT,nan,nan
OLIVIA PAYAWAL,nan,nan
CELINA LUCERO,nan,nan
JOSE LORENZO DELA CRUZ,nan,nan
ABEGAIL FARINAS,nan,nan
KATHRYN RAMIREZ-PERALTA,nan,nan
EARL WENCESLAO,nan,nan
KARL JOSEPH CHAVEZ,nan,nan
JAY VINCENT CRESENCIO,nan,nan
FRANCES CLARISA ALCANTARA,nan,nan
FANNY UY,nan,nan
MATIAS APISTAR,nan,nan
DARLENE SY,nan,nan
JAN PATRICK NG,nan,nan
ADRIAN CO,nan,nan
VALERIE RAMIRO,nan,nan
JHYLL PANGAN,nan,nan
EDUARDO LEE JR,nan,nan
CHRISTINE RODRIGUEZ,nan,nan
ABIGAIL CHUA,nan,nan
MICHAEL MATIAS,nan,nan
ARTHUR PITARGUE,nan,nan
ANGELYKA FRANCISCO,nan,nan
JOSE DONATO MAGNO,nan,nan
MARIETTA ROMA,nan,nan
RAFAEL JOSE PERALTA,nan,nan
JOEL CANAS,nan,nan
MICHAEL ANGELO BRINEZ,nan,nan
DANCY RAYOS,nan,nan
VICTOR JOHN TORAL,nan,nan
CHARITO BERMUDEZ,nan,nan
GILBERT CADIENTE,nan,nan
CHERYL GRACE ADRIANO,nan,nan
ROSELLE POSO,nan,nan
MELISSA UY,nan,nan
MELCO TAN PEREZ,nan,nan
ROLLAN ALLAN TAN,nan,nan
JANE JELLY CALUAG,nan,nan
NOEMI PESTANIO,nan,nan
CECILEEN ANNE TUAZON,nan,nan
DIVINA GRACIA FRANCISCO,nan,nan
AMIEL PUBLICO,nan,nan
FELIX DE JESUS,nan,nan
WILSON YAMBALLA,nan,nan
GERDIE OBMERGA,nan,nan
CRISELDA BACOLOR,nan,nan
SHIRLEY SANCHEZ TIA,nan,nan
CYNTHIA OBILLOS,nan,nan
CATHERYN ROSE RUDINAS,nan,nan
SERRIE SUMINISTRADO,nan,nan
GRACE ARCEO,nan,nan
JOSEPH AARON CLAVIO,nan,nan
MARIFAY SAN DIEGO,nan,nan
MARITIZIE ERIBAL,nan,nan
ARCY ALEJANDRE,nan,nan
NADIA PABER,nan,nan
EDGARDO TOLENTINO,nan,nan
PIA CAMARA CHUA,nan,nan
MILDRED DELGADO,nan,nan
DIGNA PENA,nan,nan
GINA TECSON,nan,nan
ABDEL LUCMAN,nan,nan
MIGUELITO LASALA,nan,nan
PETER SY,nan,nan
JONAS TIENZO,nan,nan
GARI RECODO,nan,nan
JOSE TAN,nan,nan
WILMYR HABABAG,nan,nan
RONALD MAGBANUA,nan,nan
ALVIN JIMENEZ,nan,nan
CLARISSA LUCERO,nan,nan
TERESITA GAMUTAN,nan,nan
ALISTAIR MARIE ALCAIN,nan,nan
AVEGAIL JUNSAY,nan,nan
MARITA FUENTES,nan,nan
RHEA MAE PACOLI,nan,nan
JOHANIYA DIMAPORO,nan,nan
DANIELLE LOUIS VILLANUEVA,nan,nan
JOHN DANIEL RAMOS,nan,nan
RAYMUND LIBERATO,nan,nan
BERNADETTE HALASAN,nan,nan
CARLO TRINIDAD,nan,nan
DENISE JOY LOPEZ,nan,nan
DEBBIE UDARBE,nan,nan
LILYBEL ESTEPA,nan,nan
JENNIFER VICERA,nan,nan
ANNA ABARQUEZ,nan,nan
SHALEY MARCOS,nan,nan
VICTOR PANGANIBAN,nan,nan
LENDRY QUIZON,nan,nan
RUBEN FLORES,nan,nan
EDGAR WILSON TIMBOL,nan,nan
CRISTINA ACUESTA,nan,nan
RAULDAN GALVEZ,nan,nan
JAY FONTE,nan,nan
IAN BAGAOISAN,nan,nan
CHARLENE BALILI,nan,nan
REAGAN TAN,nan,nan
AURELIO REYES,nan,nan
AIMEE VERIDIANO,nan,nan
MINDA SIASOCO,nan,nan
RENE FERNANDEZ,nan,nan
JEN RACHELLE SANTOS,nan,nan
AARON SOMBRETO,nan,nan
CUARESMA JOSEPH,nan,nan
RAMIREZ DANIVC,nan,nan
SERAFICO VERNON,nan,nan
DELOS REYES CHRISTIAN PAUL,nan,nan
CASIGURAN VIOLETA,nan,nan
GONZALES IRISH JUDY,nan,nan
YVETTE YENCO TAN,nan,nan
BERNARD CHIEW,nan,nan
KRISTIN L SANDOVAL,nan,nan
WARNER CAMARAO,nan,nan
CLARISSA ARSOLON,nan,nan
NESTOR ESTRADA,nan,nan
ELFRED BATALLA,nan,nan
EVELYN B RAVELO,nan,nan
ANGELICA TRINO,nan,nan
KAREN J LACIDA DACUDAO,nan,nan
JOSE AGUIRRE,nan,nan
ROSALIE OREJUDOS,nan,nan
MACRINE GRACE G AMATO,nan,nan
JOSEPH NOEL FERNANDO,nan,nan
JERRY PORZA,nan,nan
FLOHERNA FRANCO DICCION,nan,nan
KRISTINE CHIONG,nan,nan
KATHLEEN JOY GARINGARAO,nan,nan
DICKSON LAO,nan,nan
RUBY BEATRIZ ALCANTARA,nan,nan
JUDY ANNE YUZON,nan,nan
RYAN ANDREW ALFONSO,nan,nan
DON AVILA DUERO MD,nan,nan
ELIPE BALINGIT,nan,nan
MARLON LOQUIAS,nan,nan
AMILBAHAR KARIM,nan,nan
DARYL VALDEHUESA,nan,nan
ARIEL GREGORIOS,nan,nan
AMELYN ULANGHUTAN,nan,nan
CARLO JAN P GARINGARAO,nan,nan
IRENE DAMPIL,nan,nan
RONALD VELASQUEZ,nan,nan
JEROME REYMATIAS,nan,nan
ROSS ALLAN MENDOZA,nan,nan
ELIDORO TANTOO,nan,nan
MARIO PANLILIO,nan,nan
RASTY MEJIA,nan,nan
MARC ANGELO HIZON,nan,nan
ALFREDO FLORES,nan,nan
RACHEL GARCIA,nan,nan
DONALD RHEY PUNO,nan,nan
MARK JAY ROBLES,nan,nan
PAUL CLARENCE YAP,nan,nan
EVANGELINE SALVADOR,nan,nan
TESSIE AQUINO,nan,nan
CRISTINA SALAS PAYNOR,nan,nan
KATHLEEN RIVERA,nan,nan
ALFREDO PUNSALAN,nan,nan
ABEL BALUYUT,nan,nan
JOHN KIT,nan,nan
FLORINDA LANSANG,nan,nan
JANNICE LORIE TUASON,nan,nan
RODOLFO UY,nan,nan
ANGELITO RIOVEROS,nan,nan
SHERYL TUGNA,nan,nan
ALEXANDER BATOON,nan,nan
SHEILA MARIE RAMOS,nan,nan
ELAINE DELA VEGA,nan,nan
PATRICK RAYMOND RAMOS,nan,nan
MARIA NIKKI CRUZ,nan,nan
MELISSA CUNDANGAN,nan,nan
ERDULFO TANDOC,nan,nan
MARK JOSEPH LORENZO,nan,nan
MARIEL CRUZ BARCELON,nan,nan
EFIPANIA COLLANTES,nan,nan
MARY ANN BATONGBACAL,nan,nan
CORBELITA SINGSON,nan,nan
BLANCA DE GUZMAN,nan,nan
LEVY DE JESUS,nan,nan
GIZELLE GERALDINE LIM,nan,nan
FRANCO TORDESILLAS,nan,nan
ARACELI MALIWAT,nan,nan
DELIA NGO,nan,nan
FLORANTE TIMBREZA,nan,nan
CLARA MEA LOVELLA,nan,nan
RHODA MIGUEL,nan,nan
CARIDAD HIPOLITO,nan,nan
CATHERINE CARLOS,nan,nan
LUIS HABANA,nan,nan
DAISY JARCIA,nan,nan
JERRY CASTRO,nan,nan
DAVERIC PAGSISIHAN,nan,nan
REI SALANGSANG,nan,nan
GERARD MERCADAL,nan,nan
REYNALDO FLORES,nan,nan
JENNYLYND TORRIJOS,nan,nan
THELMA CRISOSTOMO,nan,nan
OLIVER SANSANO,nan,nan
NERISSA ANG GOLANCO,nan,nan
DEXTER SCHROTH,nan,nan
DANIEL JACOB BAUTISTA,nan,nan
GENEVIEVE PACHECO,nan,nan
LYNN BILAR,nan,nan
JOSE ARMAND GURANGO,nan,nan
ANGELITO REYES,nan,nan
MARITONI CONCEPCION RAPADAS ILAO,nan,nan
CESAR ZULUETA,nan,nan
MA. CECILE CRUZ,nan,nan
RIZZA UMALI,nan,nan
NOEL ALIDIO,nan,nan
CLIFFORD CURAMENG,nan,nan
EFREN CRESENCIO,nan,nan
FLORANIE PAREDES,nan,nan
CHARLES MICHAEL TABORA,nan,nan
CINDY TAN,nan,nan
DIAMOND ARCO,nan,nan
ALEX JUNIA,nan,nan
MARIA. DELFA ZANORIA,nan,nan
JACKY OMANDAM,nan,nan
LERMA NOVAL,nan,nan
JOHN VIOLA,nan,nan
MA. LIZ BANDOY,nan,nan
SUSAN DENURA,nan,nan
ARVIN DELA VEGA,nan,nan
MALBAR FERRER,nan,nan
DEBBIE LYN UDARBE,nan,nan
ANNA FRANCESKA ABARQUEZ,nan,nan
RAYMUND DARIUS LIBERATO,nan,nan
RINA PORCIUNCULA CONCEPCION,nan,nan
MARY THERESE FELISA SAYO,nan,nan
AMANDA MAE RAMOS,nan,nan
ASUNCION TURGANO,nan,nan
ABEL BALUYOT,nan,nan
EDWIN FORTUNO,nan,nan
ELIZA VALENZULA,nan,nan
ARLIN MANGASER,nan,nan
GERARDO NALLAS,nan,nan
ENRIQUE JAN PUENTESPINA,nan,nan
DAN PHILIP HERNANDEZ,nan,nan
ALEXANDER UY,nan,nan
MARIA CONCEPCION  PRINCESA,nan,nan
ANTHONY PAMA,nan,nan
DANIEL JUDE LIPAYON,nan,nan
IRISH JUDY GONZALES,nan,nan
AIRA CRISSELE JOSON,nan,nan
GAVIOLA MARIA ROWENA,nan,nan
MA. ESTHER ESTRELLADO,nan,nan
JAYVEE GUTIERREZ,nan,nan
FROILAN DE CASTRO,nan,nan
RAYMOND DELA CRUZ,nan,nan
MARCELO LIM,nan,nan
ERWIN DEL ROSARIO,nan,nan
JOSE RUFINO PADILLA,nan,nan
MARK EVANGELISTA,nan,nan
MARIEL BARCELON CRUZ,nan,nan
EZRA SEVILLA,nan,nan
ROBERT MICHAEL GAN,nan,nan
LOURDES RHODA PADILLA,nan,nan
LEILANI BALDEVISO,nan,nan
MARIELLE MALIG,nan,nan
MICHAEL MARTIN LAGMAN,nan,nan
ELLEN MAY BIBOSO,nan,nan
IVY CATHERINE RIVERA -  GO,nan,nan
MELANIE LLGAS,nan,nan
MARITONI ILAO,nan,nan
LAARNIE MORENO,nan,nan
MARIANNE SY,nan,nan
MICHEAL  DE GUZMAN,nan,nan
LESLIE DAPHNE KAWAJI,nan,nan
AIMEE SILVA,nan,nan
GERTIE MAY PLAMERAS,nan,nan
ANTONIO HERRADURA,nan,nan
DAN DENNIS DE LEON,nan,nan
ALVIN VERGARA,nan,nan
RACHEL MARCELLANO,nan,nan
ERLINDA RAYOS DEL SOL,nan,nan
CRISLEEN QUILICOT,nan,nan
ALEXIS LUSTRE,nan,nan
STEPHEN ROBERTS,nan,nan
WILFREDO DE GUZMAN,nan,nan
ROSS MANZANO,nan,nan
PHILIP CASINO,nan,nan
IAN HEDRICK CABADING,nan,nan
MAGIE MEMBREBE,nan,nan
PATRICK JAMES CO,nan,nan
NEIL GOMEZ,nan,nan
YSIS JACOBA,nan,nan
RICHARD ARELLANO,nan,nan
ROY RESURRECION,nan,nan
ANDREW ESPIRITU,nan,nan
SIMON MALIJAN,nan,nan
MICHEAL OLIVAREZ,nan,nan
CAROL TUSI,nan,nan
GUTIERREZ JERICHO,nan,nan
ROBERTO RANGEL,nan,nan
NATHANIEL CORTEZ,nan,nan
MELODY BARROGA,nan,nan
CLARITO REYES,nan,nan
CAMILO JOVITO RIVERA,nan,nan
GENOVEVA SIBAYAN,nan,nan
MELANIE VALDEZ,nan,nan
ELLEN PALOMARES,nan,nan
EVANGELINE PIPO,nan,nan
JANSEN MANCERA,nan,nan
ROWENA EUSEBIO DELORINO,nan,nan
MYLEEN ESCALONA LUCERO,nan,nan
CINDY JOSOL BLANCAVER,nan,nan
CLAIRE JANDUG,nan,nan
ANNA REBUROSA,nan,nan
LAILA BOSTON,nan,nan
RODOLFO YU,nan,nan
MARCI CRUZ,nan,nan
MELQUIDES PUA,nan,nan
MACARIO NAPULAN,nan,nan
JOY JAVIER,nan,nan
DAISY TABUENA,nan,nan
ROLLIN TABUENA,nan,nan
KENNETH IDIO,nan,nan
ALISTAIR DELA CRUZ,nan,nan
GREGORY ARDENIA,nan,nan
CARINA FRAYCO,nan,nan
ARNEE PACETE,nan,nan
HYGEIA TIBON,nan,nan
MYLA VARON,nan,nan
FEL ABEJAR,nan,nan
ANGEL ARANETA,nan,nan
GRACE ATIS,nan,nan
Kathleen Panabang,nan,nan
Malbert Cardino,nan,nan
LEAH NITA VERDILLO,nan,nan
LALAINE DELOS SANTOS,nan,nan
NENITA CABACES,nan,nan
Andrew Wong,nan,nan
VINCENT BRAVO,nan,nan
MAE RHEA PACOLI,nan,nan
MARYANN SAMSON,nan,nan
KRISTINE ASTRID CUIZON,nan,nan
FLORDELIS LEGASPI,nan,nan
WAYNILA MAE LIM,nan,nan
MERLINDA ORTIZ,nan,nan
ANGELIQUE LIMQUIACO,nan,nan
WILFREDO YPIL,nan,nan
CHERRIE GAIL GONZALES,nan,nan
WINROSE BITOON,nan,nan
JONATHAN MERCADO,nan,nan
CAROL BALIGOD,nan,nan
ROMUALDO MODESTO,nan,nan
HARIETT PORSUELO TORRES,nan,nan
MARLON MANABAT,nan,nan
CRISTINA DOMINGO,nan,nan
THEA MISADOR,nan,nan
JOSEPH SO,nan,nan
PAULA ERIKA REYES,nan,nan
ROMEL ALBERTO,nan,nan
MICHAEL JAMES DELA CRUZ,nan,nan
FERDINAND RUBIO,nan,nan
DOLORES MANESE,nan,nan
RHONDA BRINGAS,nan,nan
MAJA KATHERINE LINGAD,nan,nan
JOY MALLARI,nan,nan
JEAM ALOJIPAN,nan,nan
RHODORA PESEBRE,nan,nan
BAUTISTA EDITHA,nan,nan
EMILY PAULINO,nan,nan
MYRNA CRUZ,nan,nan
JOLLIBEE SARMIENTO,nan,nan
THERESITA BONILLA,nan,nan
MIGUEL MANICAD,nan,nan
CAROLINO LOPEZ,nan,nan
NARCISO GUEVARRA,nan,nan
LAARNI GARCIA,nan,nan
BENJAMIN QUITO,nan,nan
MANOLITO MARCIANO,nan,nan
ROY LOPEZ,nan,nan
DIEGO MANGABAT,nan,nan
JASON DELA CRUZ,nan,nan
VIRGINIA NAZAL TOLENTINO,nan,nan
JASON RUIZ,nan,nan
VIUDEZ EMILY,nan,nan
DONDI LIM,nan,nan
KENT ANTHONY TAN,nan,nan
WILSON TAN DE GUZMAN,nan,nan
RUSSEL UNTALAN,nan,nan
ROMINA LAGUESMA,nan,nan
BALDEVISO LEILANI,nan,nan
MICHELLE CHUA,nan,nan
CHARINA ABELLERA,nan,nan
JOY UBALDO,nan,nan
REDEN AUSA,nan,nan
EDGAR LIM,nan,nan
ANTHONY TIU,nan,nan
AILEEN BULATAO,nan,nan
DIANA BERNAL,nan,nan
MICHAEL FERNANDEZ,nan,nan
RANDOLF ABALOS,nan,nan
MILDEANA DE GUZMAN,nan,nan
JUBILIA DE GUZMAN,nan,nan
MARILYN KATRINA CARO,nan,nan
LIZA MARIE PAZ TAN,nan,nan
MARIE CRISTE CIRIACO,nan,nan
PAHINAG MARIE CRIS,nan,nan
RICHARD BALLO,nan,nan
SACHI YUMUL,nan,nan
FRANCES OBRERO ARTAJOS,nan,nan
MARSHA MICHELLE CABUENA,nan,nan
ROMEO MOLANO,nan,nan
MIKHAIL PARADO,nan,nan
LALA BAMBICO,nan,nan
RAYMOND ORIBIO,nan,nan
SHERWIN DELA CRUZ,nan,nan
EVA MARIE MADAYAG,nan,nan
JACOBA YSIS,nan,nan
MANDER CAMBONGA,nan,nan
CONRADO MARBELLA,nan,nan
SONNY ABSALON,nan,nan
JESUS ANCHETA,nan,nan
EDWARD TOM LO,nan,nan
IVAN LODRONO,nan,nan
ALLAN ARGAMOSA,nan,nan
LYNN MICHELLE SOLDIVILLO,nan,nan
JOSEPHINE JIMENEZ,nan,nan
JOSE ABINOJA,nan,nan
RODERICK RAMOS,nan,nan
ENRICO VALDEZ,nan,nan
NICKSON AUSTRIA,nan,nan
EZEKIEL JOHN ALICANDO,nan,nan
CARREON MARIA ISABEL,nan,nan
EMELROSE TINOCO,nan,nan
DARREN JANSEN MANALO,nan,nan
AARON BULANHAGUI,nan,nan
BASIL ERIC TENORIO,nan,nan
FRANCISCA PAGLINAWAN,nan,nan
EMILIA GRACIA BERON,nan,nan
JOE VINCENT VALDEZ,nan,nan
MA CHERYL VALDEZ,nan,nan
JEFFREY HUMARANG,nan,nan
MA LAURA BIELLE REYES,nan,nan
RACHEL ANN NAPA,nan,nan
MA ASUNCION AZCARTE,nan,nan
DENNIS LUMABI,nan,nan
GIGI VILLAMAYOR,nan,nan
JEAN NOBLEJAS,nan,nan
MARTIN JAMIAS,nan,nan
RODELIO BALDOVINO,nan,nan
LIZEL CASTILLO,nan,nan
MARIBEL NOSCE,nan,nan
CYNTHIA SANCHEZ,nan,nan
CARLITO BELTRAN,nan,nan
CATHERINE SERRANO,nan,nan
LEORINO SOBREPENA,nan,nan
VINKIE REYES,nan,nan
ARNEL GABRIEL,nan,nan
HENRY SANCHA,nan,nan
LORD IVAN MANANGBAO,nan,nan
MONINA CHUA,nan,nan
ROMMEL IRABAGON,nan,nan
ELIODORO TANTOO,nan,nan
KATHERINE TOLENTINO,nan,nan
MARITES RONQUILLO,nan,nan
IRMINA BELTRAN,nan,nan
CHRISTY MAE LUGTU,nan,nan
ROBERT JOHN MAGCALAS,nan,nan
JALILAH ANGAD,nan,nan
WILNER DE GUZMAN,nan,nan
BOB PANGAN,nan,nan
CROMWELL MEDINA,nan,nan
RENEAH GOINGCO,nan,nan
AMIEL VALERIO,nan,nan
LEI ANN CAROLINO,nan,nan
ALICA HIZON,nan,nan
MARY GRACE GOMEZ,nan,nan
GIL ALFONSO,nan,nan
MA CECILIA ARKONCEL,nan,nan
NATHANIEL MERCADO,nan,nan
MARIE ANTONETTE LUMBOY,nan,nan
MARY JANE BENAVIDEZ,nan,nan
PIA SALVADOR,nan,nan
NYMPHA PARALEJAS,nan,nan
LEONORA MENDOZA,nan,nan
NIKKI CRUZ,nan,nan
ROBERTO BOLINAS,nan,nan
JOSEPH RAYO,nan,nan
GUIA DACUMOS,nan,nan
ALMIRA MAGLAQUI LIM,nan,nan
BENEDICTO CHUA,nan,nan
MARICHELLE PILE,nan,nan
PHILIP CRUZ,nan,nan
MA VERONICA BULAONG,nan,nan
JOHN MALUNDO,nan,nan
JUAN GREGO TORDESILLAS,nan,nan
JUAN FRANCO TORDESILLAS,nan,nan
JULIAN OLGADO,nan,nan
NESTOR ERIC LAPLANO,nan,nan
CLARISSA ROBERTO LUCERO,nan,nan
RONAN MENDOZA,nan,nan
ROY CONCEPCION,nan,nan
MARIA BLANCA DE GUZMAN,nan,nan
JOLO DELA CRUZ,nan,nan
CHRISTOPHER NITAFAN,nan,nan
JASMIN FALGUI SAN GABRIEL,nan,nan
ALEXANDER TUAZON,nan,nan
JOYCE SERRANO,nan,nan
ROLANDO DEDUYO,nan,nan
JOYCE TAN CO,nan,nan
LENY JUSAYAN,nan,nan
MIA REGINALD,nan,nan
RENE BORBE,nan,nan
MARY ANN DACAYAN,nan,nan
VICENTE ORTIZ,nan,nan
ROEL SANTIAGO,nan,nan
ROMAN GUMAYAGAY,nan,nan
CATHERINE MONTE,nan,nan
HANSEL SANTOS,nan,nan
KELVIN BARTOLOME,nan,nan
EMERITO CRUZ,nan,nan
ERVIN SANTOS,nan,nan
PATRICK ONA,nan,nan
HONOLINA GOMEZ,nan,nan
ALEXANDER REYES,nan,nan
ERIC JOHN MARAYAG,nan,nan
RACHELLE CHUA,nan,nan
TIMOTHY DY,nan,nan
NICA KRISTINE LEE,nan,nan
TRACY JILL NG,nan,nan
LOUIE TAN,nan,nan
ALLEN ANDREW SY,nan,nan
PORSHIA COMES NATIVIDAD,nan,nan
PHILIP TAN,nan,nan
ABASOLO DAISY MAY,Chinese General Hospital,nan
ABLAZA PAUL JOHN,University Of Santo Tomas Hospital,nan
ALBA WILLY,Chinese General Hospital,nan
ALBA REBECCA,Chinese General Hospital,nan
ANG EVELYN,Chinese General Hospital,nan
ASIS LEILANI,University Of Santo Tomas Hospital,nan
BALILI CHARLENE,University Of Santo Tomas Hospital,nan
BANTOLO ALENA,University Of Santo Tomas Hospital,nan
BAUTISTA JESELLE,University Of Santo Tomas Hospital,nan
BAWAL DIONISE,University Of Santo Tomas Hospital,nan
CABUS CHARLES,Chinese General Hospital,nan
CAJUCOM RICHILDA AMOR,Chinese General Hospital,nan
CAYCO AGNES MAY,Chinese General Hospital,nan
CHAN  HENRY,Chinese General Hospital,nan
CHU JUDY,Chinese General Hospital,nan
CHUA CRISTINA,Chinese General Hospital,nan
CHUA RACHELLE,Chinese General Hospital,nan
CHUA ERIC,Chinese General Hospital,nan
CO MICHELLE,Chinese General Hospital,nan
CORONADO YLA,Chinese General Hospital,nan
CUNANAN ELAINE,University Of Santo Tomas Hospital,nan
DACAYAN MARY ANN,University Of Santo Tomas Hospital,nan
DE GUZMAN WILSON,University Of Santo Tomas Hospital,nan
DE LARA AILEEN CYNTHIA,University Of Santo Tomas Hospital,82531.0
DE LEON FROILAN,University Of Santo Tomas Hospital,nan
DE LEON JAN GIL,University Of Santo Tomas Hospital,nan
DELA CRUZ ALVIN,Chinese General Hospital,nan
DELA CRUZ BERNICE,Chinese General Hospital,nan
DEMAPELIS PAOLO,University Of Santo Tomas Hospital,nan
DICO-GO JOYCE,Chinese General Hospital,nan
DY TIMOTHY,Chinese General Hospital,nan
EBBA EDGARDO,University Of Santo Tomas Hospital,nan
FABROS CRIS LORENZO,Chinese General Hospital,nan
FAMORCAN MARIA STELLA,University Of Santo Tomas Hospital,nan
FONTE JAY,University Of Santo Tomas Hospital,nan
GAN FLORENCE,University Of Santo Tomas Hospital,nan
GASCON BUEN CARMEN,University Of Santo Tomas Hospital,nan
GENERIC GENERIC,GENERIC,nan
GOMEZ HONOLINA,University Of Santo Tomas Hospital,nan
GOMEZ FAYE,University Of Santo Tomas Hospital,nan
GUIANG JUDE,University Of Santo Tomas Hospital,nan
JAIME CIARA FATIMA,Chinese General Hospital,nan
KHO SJOBERG,University Of Santo Tomas Hospital,nan
KOH ABNER,Chinese General Hospital,nan
LACSON JO ROCEL,University Of Santo Tomas Hospital,nan
LAGUESMA ROMINA,University Of Santo Tomas Hospital,nan
LEE NICA KRISTINE,Chinese General Hospital,nan
LIM DONDI,University Of Santo Tomas Hospital,nan
LIM ALVIN,University Of Santo Tomas Hospital,nan
LIM GOLDEE,Chinese General Hospital,nan
LIM ROSIE,Chinese General Hospital,nan
LIM EDWARD,Chinese General Hospital,nan
LIM-BAGAY MELISSA,Chinese General Hospital,nan
LOPEZ LIZETTE,University Of Santo Tomas Hospital,nan
LORILLA RICHARDSON,University Of Santo Tomas Hospital,nan
LUCAS PAUL,Mary Chiles,nan
MALONG CHARITO,University Of Santo Tomas Hospital,nan
MANIPOL RYEL KATHERINE,Chinese General Hospital,nan
MAPA HERALD,University Of Santo Tomas Hospital,nan
MARAYAG ERIC,University Of Santo Tomas Hospital,nan
MATAWARAN BIEN,University Of Santo Tomas Hospital,87816.0
MATEO MARILYN,University Of Santo Tomas Hospital,nan
MEMORACION CAERALYNE,University Of Santo Tomas Hospital,nan
MENDOZA ERICK,University Of Santo Tomas Hospital,nan
MONZON ERICKA LYN,Chinese General Hospital,nan
NARANJILLA RAYMUND,University Of Santo Tomas Hospital,71457.0
NATIVIDAD PORSHIA,University Of Santo Tomas Hospital,nan
NAVARRO MARIE STELLA,University Of Santo Tomas Hospital,nan
NG TRACY,Chinese General Hospital,nan
ONA PATRICK,University Of Santo Tomas Hospital,nan
ONG GO MARY,Chinese General Hospital,nan
ORTIZ JUAN MIGUEL,University Of Santo Tomas Hospital,79847.0
OSIAS JERNY,Chinese General Hospital,nan
PEREZ MELCO,Chinese General Hospital,nan
PINEDA ALEJANDRO,University Of Santo Tomas Hospital,nan
RAMIREZ MARCELLUS,University Of Santo Tomas Hospital,87815.0
REYES ALEXANDER,University Of Santo Tomas Hospital,nan
REYES DON,University Of Santo Tomas Hospital,nan
RICAFRENTE JEORGINA,Tans clinic,nan
ROMERO JONVI,Chinese General Hospital,nan
SEBASTIAN REYNALDO,Chinese General Hospital,nan
SEE JOHNSON,Chinese General Hospital,nan
SEVILLA ALMALYN,Chinese General Hospital,nan
SIA JESSIELYN,Chinese General Hospital,nan
SIA TAN JOSEPH,Chinese General Hospital,nan
SY JONATHAN,Chinese General Hospital,nan
SY ALLEN ANDREW,Chinese General Hospital,nan
SY MARIANNE,Chinese General Hospital,nan
TAN KENT ANTHONY,Chinese General Hospital,nan
TAN PHILIP,Tans clinic,nan
TAN IMELDA,Tans clinic,nan
TAN ANTHONY,Tans clinic,nan
TAN SHARMAINE,Tans clinic,nan
TAN DIANA,Tans clinic,nan
TAN MICHELLE,Tans clinic,nan
TAN LOUIE,Chinese General Hospital,nan
TANCHEE-NGO MAY JANE,Chinese General Hospital,nan
TEH LEAH CORINNA,Chinese General Hospital,nan
TINHAY LORA MAY,Chinese General Hospital,nan
TINHAY EDUARDO,Chinese General Hospital,nan
UNTALAN RUSSEL,University Of Santo Tomas Hospital,nan
UY MELISSA,Chinese General Hospital,nan
UY LEVI DEAN,Chinese General Hospital,nan
UY HO JEAN,University Of Santo Tomas Hospital,nan
VICERA JENNIFER,University Of Santo Tomas Hospital,nan
VILLESPIN IVAN,University Of Santo Tomas Hospital,nan
VIUDEZ EMILY,Chinese General Hospital,nan
YAP FRANCES ANN,University Of Santo Tomas Hospital,nan
YU KATE NICOLE,Chinese General Hospital,nan
ZACARIAS MANUEL,University Of Santo Tomas Hospital,nan
ABAD DUREZA,ILOILO MISSION HOSPITAL,nan
ABONADO GERALD JOEL,JANIUAY ILOILO,nan
ADELANTAR GEOFFREY,ILOILO DOCTORS HOSPITAL,nan
ADVINCULA JOEL,ST PAULS HOSPITAL ILOILO,nan
AGUIRRE PEDRO GIL,ILOILO DOCTORS HOSPITAL,nan
AGURO MARVIE,ROXAS CITY,nan
ALAVA RYNDELL,ILOILO MISSION HOSPITAL,nan
ALAYON TRINA,WESTERN VISAYAS MEDICAL CENTER,nan
ALDON ALMA,ILOILO DOCTORS HOSPITAL,nan
ALERTA FLORENTINO,ILOILO MISSION HOSPITAL,nan
AMANTILLO VICTOR,ST PAULS HOSPITAL ILOILO,nan
AMARGO DIOSDADO,ST PAULS HOSPITAL ILOILO,nan
ANAYAN SEGUNDO,ILOILO DOCTORS HOSPITAL,nan
ANDORA  HEENA VALERIE,WESTERN VISAYAS MEDICAL CENTER,nan
ANDRADA PETER BRYAN,ROXAS CITY,nan
ARCE SIMEON,KALIBO,nan
BAGUIO BRUCE,ROXAS CITY,nan
BALBASTRO RAMEL RAMON,ST PAULS HOSPITAL ILOILO,nan
BASCO ARRIANE,ST PAULS HOSPITAL ILOILO,nan
BAYSON RICHELLE JOY,ILOILO DOCTORS HOSPITAL,nan
BELTRAN JANET,ST PAULS HOSPITAL ILOILO,nan
BELUSO  KATHRYN,ROXAS CITY,nan
BESARES FLORENCE,MOLO ILOILO CITY,nan
BISNAR JOANNE,ROXAS CITY,nan
BLANCAVER RENE,ROXAS CITY,nan
BRIONES MABINI,WESTERN VISAYAS MEDICAL CENTER,nan
BUCAYAN AMIEL,WESTERN VISAYAS MEDICAL CENTER,nan
BUCAYAN AMIEL,WESTERN VISAYAS STATE UNIVERSITY MEDICAL CENTER,nan
BULACLAC JOHN,ROXAS CITY,nan
BULLO JIMMY JAY,ILOILO MISSION HOSPITAL,nan
CHUA AIME,ST PAULS HOSPITAL ILOILO,nan
CHUA AUDREY MARIE,ILOILO DOCTORS HOSPITAL,nan
COMUELO JERUSHA,ST PAULS HOSPITAL ILOILO,nan
CORDERO ETHEL,ST PAULS HOSPITAL ILOILO,nan
COSCA  ROWENA,ST PAULS HOSPITAL ILOILO,nan
DABAO LUIS,ST PAULS HOSPITAL ILOILO,nan
DAQUILANEA DAISY,HEALTHWAY QUALIMED HOSPITAL ILOILO,nan
DE JOSE JOHNNA,KALIBO,nan
DE LEON JAPHET,ILOILO DOCTORS HOSPITAL,nan
DE PILI MA. SYLVIA THERESA,ST PAULS HOSPITAL ILOILO,nan
DEBUQUE EILEEN MAY,KALIBO,nan
DELA CRUZ PETER BRYAN,HEALTHSCREEN ILOILO,nan
DELA CRUZ ALISTAIR KASHMIR,KALIBO,nan
DIAZ DELMA,ST PAULS HOSPITAL ILOILO,nan
DIAZ JESUS,ROXAS CITY,nan
DIMZON LESTER,HEALTHSCREEN ILOILO,nan
DIVINAGRACIA MELBERT,ST PAULS HOSPITAL ILOILO,nan
DIVINAGRACIA ELLAMAE,ST PAULS HOSPITAL ILOILO,nan
DOMINGGO MICHAEL,WESTERN VISAYAS MEDICAL CENTER,nan
ENCARNACION DANILO,ST PAULS HOSPITAL ILOILO,nan
ENGADA ROGELIO,ST PAULS HOSPITAL ILOILO,nan
ERALDO CATHERINE,WESTERN VISAYAS MEDICAL CENTER,nan
ERUM MA. CHRISTINA,ILOILO DOCTORS HOSPITAL,nan
ESCANLAR IRENE,TIGBAUAN ILOILO,nan
ESPANOLA HENRIETTA,ST PAULS HOSPITAL ILOILO,nan
ESTEPAR ROBERTO,ILOILO DOCTORS HOSPITAL,nan
FABILA AIME,ILOILO DOCTORS HOSPITAL,nan
FEDERICO ARCENAS,MEDICUS HEALTH PARTNERS CONDO CLINIC,nan
FERNANDEZ GRACE,ILOILO DOCTORS HOSPITAL,nan
FERNANDEZ EDMUNDO,KALIBO,nan
FLORETE CECILIA,ST PAULS HOSPITAL ILOILO,nan
FOLLOSO MELMAR,KALIBO,nan
FRANCO DELMA,ST PAULS HOSPITAL ILOILO,nan
GALURA LYZA CAMILLE,ST PAULS HOSPITAL ILOILO,nan
GANZON KEVIN NOMER,WESTERN VISAYAS STATE UNIVERSITY MEDICAL CENTER,nan
GAW TE JOHN,ST PAULS HOSPITAL ILOILO,nan
GENERIC 1,GENERIC,nan
GENERIC MD 1,GENERIC INSTITUTION,nan
GENERIC MD 2,GENERIC INSTITUTION,nan
GENERIC MD 3,GENERIC INSTITUTION,nan
GENERIC MD 4,GENERIC INSTITUTION,nan
GENERIC MD 5,GENERIC INSTITUTION,nan
GENERIC MD 6,GENERIC INSTITUTION,nan
GENERIC MD 7,GENERIC INSTITUTION,nan
GENERIC MD 8,GENERIC INSTITUTION,nan
GENERIC MD 9,GENERIC INSTITUTION,nan
GENERIC MD 10,GENERIC INSTITUTION,nan
GENERIC MD 11,GENERIC INSTITUTION,nan
GENERIC MD 12,GENERIC INSTITUTION,nan
GENERIC MD 13,GENERIC INSTITUTION,nan
GENERIC MD 14,GENERIC INSTITUTION,nan
GENERIC MD 15,GENERIC INSTITUTION,nan
GENERIC MD 16,GENERIC INSTITUTION,nan
GENERIC MD 17,GENERIC INSTITUTION,nan
GENERIC MD 18,GENERIC INSTITUTION,nan
GENERIC MD 19,GENERIC INSTITUTION,nan
GENERIC MD 20,GENERIC INSTITUTION,nan
GILO REINA PAZ,GUIMBAL ILOILO,nan
GUIOMALA RASHEED ALADDIN,WESTERN VISAYAS MEDICAL CENTER,nan
HALILI RYAN,MEDICUS HEALTH PARTNERS CONDO CLINIC,nan
HORMILLOSA MARY PAULINE,ILOILO DOCTORS HOSPITAL,nan
IGNACIO MAY,KALIBO,nan
INOSANTO MA. FELMA,OTON ILOILO,nan
JALANDRA SHEILA MAY,ST PAULS HOSPITAL ILOILO,nan
JARDIOLIN CHESTER,ILOILO DOCTORS HOSPITAL,nan
JARINA PINKY,TIGBAUAN ILOILO,nan
JAVA LEONARDO,OTON ILOILO,nan
JAVIER JOY,MIAGAO ILOILO,nan
JINON EPIFAINIA,LEGANES ILOILO,nan
JORDAN RHODELYN,ROXAS CITY,nan
JOVER KARL,ILOILO MISSION HOSPITAL,nan
LADRIDO IV DARLETTE,KALIBO,nan
LASALETA CHARISSE CHRISTINE,WESTERN VISAYAS MEDICAL CENTER,nan
LOQUIANO MA. ZENNY,ST PAULS HOSPITAL ILOILO,nan
MACLANG .GLENN,ST PAULS HOSPITAL ILOILO,nan
MAGAYANES RAMONA,KALIBO,nan
MAJEWSKI GENEVIEVE,ST PAULS HOSPITAL ILOILO,nan
MALAKI LENNY,ST PAULS HOSPITAL ILOILO,nan
MALATA RUEL,ST PAULS HOSPITAL ILOILO,nan
MANAAY GLENN,ILOILO DOCTORS HOSPITAL,nan
MARANON ELMA,MEDICUS HEALTH PARTNERS CONDO CLINIC,nan
MEJIA OMAR JOHN,ROXAS CITY,nan
MOLLENIDO REY,ILOILO MEDICAL CENTER,nan
MOSQUETE ROMMEL,ROXAS CITY,nan
NADALA THERESA RUBI,ILOILO DOCTORS HOSPITAL,nan
NADALA FRANCIS,ILOILO DOCTORS HOSPITAL,nan
OBLIGAR PHILOMINE DAPHNE,ROXAS CITY,nan
ORCAJADA ROMEO,MAXICARE,nan
ORTEGA JEANETTE,KALIBO,nan
PADILLA ROLANDO,ILOILO DOCTORS HOSPITAL,nan
PANTON GLYSDI,WESTERN VISAYAS MEDICAL CENTER,nan
PEDROLA LESLIE,LEGANES ILOILO,nan
PERALTA MARIANI ANGEL,WESTERN VISAYAS STATE UNIVERSITY MEDICAL CENTER,nan
PESQUERA RYZAMEIL,ILOILO MEDICAL CENTER,nan
RABANES ARIEL,ILOILO MISSION HOSPITAL,nan
RAMOS HANNAH THEA,WESTERN VISAYAS STATE UNIVERSITY MEDICAL CENTER,nan
RAMOS KENNETH,WESTERN VISAYAS MEDICAL CENTER,nan
RAVENA JOVIE ROSE,ILOILO DOCTORS HOSPITAL,nan
REYES ANTONIO III,MEDICUS HEALTH PARTNERS CONDO CLINIC,nan
REYES ANTONIO JR,MEDICUS HEALTH PARTNERS CONDO CLINIC,nan
REYES MARY CAMILLE,WESTERN VISAYAS MEDICAL CENTER,nan
RIVERA ALEJANDRO EMMANUEL,ILOILO DOCTORS HOSPITAL,nan
RODRIGUEZ BILLY JOE,WESTERN VISAYAS MEDICAL CENTER,nan
SAJO JENNIE LOU,WESTERN VISAYAS MEDICAL CENTER,nan
SALANATIN ANNABELLE,YMCA BLDG IZNART ILOILO CITY,nan
SALAZAR MECHELLE,ILOILO MISSION HOSPITAL,nan
SANCHO RAUL,ST PAULS HOSPITAL ILOILO,nan
SERMONIA EUNICE,HEALTHLINK ILOILO,nan
SEROFIA MITZ,WESTERN VISAYAS STATE UNIVERSITY MEDICAL CENTER,nan
SICAD LEAH,ROXAS CITY,nan
SOBREVEGA EUFEMIO,ILOILO DOCTORS HOSPITAL,nan
SOBREVEGA LEONOR,ILOILO DOCTORS HOSPITAL,nan
SOBREVEGA PAUL CHRISTIAN,ILOILO DOCTORS HOSPITAL,nan
SONZA SHEILA MAY,ST PAULS HOSPITAL ILOILO,nan
SOTOMIL MIGUEL,ST PAULS HOSPITAL ILOILO,nan
SULATRA JOSHUA NEIL,WESTERN VISAYAS STATE UNIVERSITY MEDICAL CENTER,nan
SY MICHELLE ANN,ROXAS CITY,nan
TABUENA DAISY,ASCLEPIUS CLINIC,nan
TABUENA ROLLIN,ASCLEPIUS CLINIC,nan
TALAMERA TY ALEKZANDER,ST PAULS HOSPITAL ILOILO,nan
TALEON JANICE,WESTERN VISAYAS MEDICAL CENTER,nan
TALLADOR REY,JANIUAY ILOILO,nan
TAMPOS ALTHEA,MOLO HEALTH CENTER,nan
TAYO NINA ANNA NATALIA,ILOILO MISSION HOSPITAL,nan
TE MARY CHRISTINE,WESTERN VISAYAS MEDICAL CENTER,nan
TECSON  ELNA,JANIUAY ILOILO,nan
TEODOSIO HESSELYN,KALIBO,nan
TINGSON PEDRO,ST PAULS HOSPITAL ILOILO,nan
TIROL MANUEL,ST PAULS HOSPITAL ILOILO,nan
TORRES MAZEL,KALIBO,nan
TRAYA HECTOR,ILOILO MISSION HOSPITAL,nan
TUGBANG DONALDO,ILOILO MEDICAL CENTER,nan
VALENCIA EMMYLOU,ILOILO MISSION HOSPITAL,nan
VALENCIA DANILO,SEBA,nan
VALENCIA KAREY LOIS,WESTERN VISAYAS MEDICAL CENTER,nan
VALENZUELA IRA,ILOILO PROVINCIAL HOSPITAL POTOTAN,nan
VILLA PATRICIA,GCJ DIAGNOSTIC CENTER ILOILO,nan
VILLANUEVA GIL,ILOILO DOCTORS HOSPITAL,nan
VILLAREAL HAZYL,ST PAULS HOSPITAL ILOILO,nan
YAP JESSICA,ILOILO MISSION HOSPITAL,nan
ADUL DEN,Metro North Medical Center and Hospital,nan
ANGELES LEO PAULO,The Medical Avenue,nan
ANTOLIN JACKLYN,Prestige Birth and Beyond Medical Clinic,nan
ARBIZO CLARISA,Veterans Memorial and Medical Center,nan
ARCENO THEA ALISSA,Novadeci Cooperative,nan
ARCILLA ALPHA MAE,Dona Aurora Obgyn and Birthing Center,nan
BACOLOR LYNMAN,Bacolor Family Clinic,nan
BADILLO JAIME,Metro North Medical Center and Hospital,nan
BALCE IVY JEAN,Femm Health Womens Ultrasound,nan
BALUYUT EVITA SHANE,Veterans Memorial and Medical Center,nan
BARADI DIWATA,Diliman Ob-Gyne Ultrasound,nan
BARTOLABAC JOVIC,Ob-Gyn Plus,nan
BASUEL OLIVIA,University Health Science,nan
BECINA GENER,Marian Medical Arts,nan
BELTRAN ALYSSA,Veterans Memorial and Medical Center,nan
BERCES ELY JRA,Tansor Medical Clinic,nan
BUHAY ROSANNA,Metro North Medical Center and Hospital,nan
BULOSAN MARIESOL,Sto. Nino De Caloocan Lying In,nan
CABREDO FRANCES,Novamed Lying In and Medical Clinic,nan
CABRERA CARMELA,Family Care Lagro,nan
CALIGAGAN JET,Prestige Birth and Beyond Medical Clinic,nan
CALMA ANDREA GAIL,Veterans Memorial and Medical Center,nan
CAYABYAB GRACE,Veterans Memorial and Medical Center,nan
CHICO MARIE NATALIE,Metro North Medical Center and Hospital,nan
CHONGCO MA. SONIA,Prestige Birth and Beyond Medical Clinic,nan
CLARITO ALMIRA,MED 101 Zabarte,nan
COSTALES MA. ZENAIDA,Coscor Family Clinic,nan
CRUZ MARY JOAN,Dr. Joan Cruz Pediatric Clinic,nan
DALIDA ROSARIO,Cruz Dalida Hospital,nan
DE LUNA DESIRE,De Luna Birthing Home,nan
DE LUNA FLORDELIZA,De Luna Birthing Home,nan
DELA CRUZ MICHELLE,Lagro Ob Gyn Ultrasound Clinic,nan
DELLOSA ARIDIN,Tansor Medical Clinic,nan
DELOS SANTOS JOAN DAVIS,Dr.Joan Davis Delos Santos Pediatric Clinic,nan
DELOS SANTOS MA. ANGELA,North Caloocan Doctors,nan
DIONISIO HECTOR,University Health Science,nan
DIOSDADO VICERAL,San Lorenzo Hospital,nan
DOLLETE EDNA,Dollete Pediatric Clinic,nan
ESMINO NOREEN,Esmino Pediatric Clinic,nan
FABIC JOY VIRGINIA,Veterans Memorial and Medical Center,nan
FELIX VICTORIA,Ann Francis Mother and Child Hospital,nan
FERNANDEZ ANNA LIZA,Tansor Medical Clinic,nan
FRIAZ PINKY,PDF Medical Clinic,nan
GABIONZA DANILO,Veterans Memorial and Medical Center,nan
GALLARDO JENNY,Novamed Lying In and Medical Clinic,nan
GARCIA SHARON,University Health Science,nan
GARCIA VIRGINIA,Markvim Hospital,nan
GENERIC MD 1,GENERIC,nan
GENERIC MD 2,GENERIC,nan
GENERIC MD 3,GENERIC,nan
GENERIC MD 4,GENERIC,nan
GENERIC MD 5,GENERIC,nan
GENERIC MD 6,GENERIC,nan
GENERIC MD 7,GENERIC,nan
GENERIC MD 8,GENERIC,nan
GENERIC MD 9,GENERIC,nan
GENERIC MD 10,GENERIC,nan
GREGORIO JUDY,Prestige Birth and Beyond Medical Clinic,nan
GUAB DIVINE,Divine Maternity Lying In Clinic,nan
GUALBERTO GENEVIEVE,Novamed Lying In and Medical Clinic,nan
HEMBRADOR EIREEN,Marian Medical Arts,nan
HIPOLITO APRIL LORRAINE,Baby Bump Birthing Center,nan
IGNACIO JOSEROM,Joserom Family Clinic,nan
ISORENA ANEROSI,Veterans Memorial and Medical Center,nan
JADJULI KHRISTINE VINE DUBE,Ob-Gyn Plus,nan
JAMPIL ROSE,Metro North Medical Center and Hospital,nan
LAYUG-TAN MA. THERESA,Metro North Medical Center and Hospital,nan
LAZARTE ALESSANDRA,Sto. Nino De Caloocan Lying In,nan
LIM JOSE,Dr Jose Lim Pediatric Clinic,nan
LIM-YAP YVONNE,Metro North Medical Center and Hospital,nan
MADLANGSAKAY MARILYN,Madlangsakay Medical and Lying In Clinic,nan
MAGALLONES-TAN  MILADY,University Health Science,nan
MAGPALE SHIELA,Prestige Birth and Beyond Medical Clinic,nan
MALLARI KCLYN,Madlangsakay Medical and Lying In Clinic,nan
MAMAUAG CARMELA,Metro North Medical Center and Hospital,nan
MANANTAN HENNIE,Doc Hennie Family Clinic,nan
MANEJA LILIA,Dr. Montano G. Ramos General Hospital,nan
MARIANO-VELASQUEZ CHERYLL,Dr. Cheryll Mariano Pediatric Clinic,nan
MARTILLO PAULA BIANCA,Dr. Martillo Pediatric Clinic,nan
MARTILLO VIRGINIA,Dr. Martillo Pediatric Clinic,nan
MEDEL IDA,SR Medical,nan
MEDEL SHARMAINE,SR Medical,nan
NAVARRA GERALDINE,LGC Care Maternity Clinic,nan
NG-BALOLOY VIENNA BLESSIE,Prestige Birth and Beyond Medical Clinic,nan
NONIFARA JESTYN,University Health Science,nan
OLMIDO ROSE,LGC Care Maternity Clinic,nan
ONG MARIA PAZ,Marian Medical Arts,nan
ORDINARIO MARIA CECILIA,Metro North Medical Center and Hospital,nan
OSMILLO JOAN,Metro North Medical Center and Hospital,nan
PAAT DESIRE,OB Station Plus,nan
PACHECO MA. JOSEFA,Veterans Memorial and Medical Center,nan
PANG ROSE MARIE,Visayas Pediatric Clinic,nan
PANGAIBAT ALIZA,University Health Science,nan
PANGANIBAN ARIANNE,The Queens Clinic,nan
PRINCIPE AIZZA ANGELA,Prestige Birth and Beyond Medical Clinic,nan
PUNZALAN ASTER,Punzalan Clinic,nan
PURUGGANAN MA. RHONA,Visayas Pediatric Clinic,nan
PUTULIN ANNA MARIE,Veterans Memorial and Medical Center,nan
QUINSAY LARA LORRICE,Metro North Medical Center and Hospital,nan
RAMIREZ ANA KARINA,Baby Bump Birthing Center,nan
RAMOS CHRISTINE,The Birth MD,nan
RAMOS CARIDAD,Dr. Montano G. Ramos General Hospital,nan
REYES GILBERT,Veterans Memorial and Medical Center,nan
REYES LETY,Medinet Lying In,nan
REYES KATHERINE,Baby Bump Birthing Center,nan
ROSALES JAZZTINE,The Birth MD,nan
ROSEL JAIME MARIE,Rosel Pediatric Clinic,nan
ROSELLER MIGUEL,The Queens Clinic,nan
SADAYA GENEVIEVE,University Health Science,nan
SADAYA MARIANNE,University Health Science,nan
SANCHEZ JEANNE LOU,Tansor Medical Clinic,nan
SANTILLANA MA. MILA,Metro North Medical Center and Hospital,nan
SANTOS JENNY,Femm Health Womens Ultrasound,nan
SANTOS PATRICIA,The Birth MD,nan
SANTOS MARIANO,Dr. Noel M. Santos Medical Clinic,nan
SARMIENTO CHARISSA,Sarmiento Clinic,nan
SEE HANNALAE GRACE,Veterans Memorial and Medical Center,nan
SENERIS AUBREY,Veterans Memorial and Medical Center,nan
SIA KHO PHO DENNISE ANNE,Metro North Medical Center and Hospital,nan
SIBAYAN CHASTE ANNE,Veterans Memorial and Medical Center,nan
SINLAO LEA RIZA,Veterans Memorial and Medical Center,nan
SISON MA. LIZA,Veterans Memorial and Medical Center,nan
SUAREZ FERDINAND LUIS,Womens Care Obgyn Clinic,nan
SUGANOB MARY LIE,Mecca Lying In,nan
SUMILANG ROWENA,Veterans Memorial and Medical Center,nan
SUNSHINE  MAURICIO,OB Station Plus,nan
TAGLE FELIZ MARIE,University Health Science,nan
TANTENGCO VENERANDO,Novadeci Cooperative,nan
TECSON HELEN,Dona Aurora Obgyn and Birthing Center,nan
TOLENTINO ALYSSA,Novamed Lying In and Medical Clinic,nan
TORRES MARIA TERESA,Lifeway Medical Clinic,nan
TUAZON TRILLAH,Veterans Memorial and Medical Center,nan
TUBERA SHIELA,Sarmiento Clinic,nan
UMALI MA. REGINA,University Health Science,nan
VALERIO AMANDA NICOLE,Veterans Memorial and Medical Center,nan
VENDIVIL JELENE,The Medical Avenue,nan
VIDAL JEANNETTE,Veterans Memorial and Medical Center,nan
VILLACRUEL CECILIA,Mother and Child Clinic,nan
VILLASERAN DEN,The Queens Clinic,nan
ZOLETA KARLA,Womens Care Obgyn Clinic,nan
ABALOS ALVIN,Abalos Clinic,nan
ADRIANO MARIO,Cristorey Medical Clinic,nan
ADRIANO ZENAIDA,Cristorey Medical Clinic,nan
ADRIANO GRACE,ALLIED CARE EXPERT MEDICAL CENTER,nan
AGNO EVELYN,MANILA CENTRAL UNIVERSITY,nan
AGUIHAP JENNY,CALALANG MEDICAL HOSPITAL,nan
AJERO OSCAR,PERLAS POLYCLINIC,nan
ALDWYN PAMPLONA,OUR LADY OF FATIMA HOSPITAL,nan
ANG ANGELIE,MANILA CENTRAL UNIVERSITY,nan
ANSORGE CANDICE,MANILA CENTRAL UNIVERSITY,nan
AQUINO REY ANGELO,MANILA CENTRAL UNIVERSITY,nan
AQUINO MA. CECILIA,VALENZUELA HEALTH CENTER,nan
ARENAS OLIVER CHRISTIAN,OUR LADY OF FATIMA HOSPITAL,nan
ARONG NENITA,BESTCARE CLINIC,nan
AUSTRIA AREM GEM,VALENZUELA ER,nan
BABALO RHODA,ALLIED CARE EXPERT MEDICAL CENTER,nan
BABALO RUTH,ALLIED CARE EXPERT MEDICAL CENTER,nan
BANZON AILEEN,MANILA CENTRAL UNIVERSITY,nan
BARTOLOME NORIZCELLE PEARL,MANILA CENTRAL UNIVERSITY,nan
BARTOLOME KEVIN,MANILA CENTRAL UNIVERSITY,nan
BASUIL ERIC SHERWIN,MANILA CENTRAL UNIVERSITY,nan
BAUTISTA CARLOS,CALOOCAN CITY MEDICAL CENTER,nan
BORBE RENE,CENTRALLE DIAGNOSTIC,nan
BUENO KEVIN,Health Guard Clonic,nan
CALALANG MARY,CALALANG MEDICAL HOSPITAL,nan
CALALANG FERDINAND,CALALANG MEDICAL HOSPITAL,nan
CALUAG JIM,OUR LADY OF FATIMA HOSPITAL,nan
CANLAS RUTH,CENTRALLE DIAGNOSTIC,nan
CARREON AILEEN,Vian Family Hospital,nan
CASINTAHAN ERNESTO,CASINATAHAN SPECIALTY CLINIC CALOOCAN,nan
CAYABYAB ELSA,CALALANG MEDICAL HOSPITAL,nan
CENETA RAYMOND,Ceneta Clinic,nan
CHUA MARTHONY,OUR LADY OF FATIMA HOSPITAL,nan
CORTEZ ROSE,OUR LADY OF FATIMA HOSPITAL,nan
CRUZ EMERITO,CENTRALLE DIAGNOSTIC,nan
CRUZ EMMANUEL,MANILA CENTRAL UNIVERSITY,nan
CRUZ PLACIDO,CALOOCAN CITY MEDICAL CENTER,nan
DACAYAN MARY ANN,CENTRALLE DIAGNOSTIC,nan
DAVID ABIGAIL,PERLAS POLYCLINIC,nan
DE ASIS RIA,DE ASIS MEDICAL CLINIC,nan
DE GUZMAN BORIS,MANILA CENTRAL UNIVERSITY,nan
DE GUZMAN CRISANTE,OUR LADY OF FATIMA HOSPITAL,nan
DE JESUS ARLENE,OUR LADY OF FATIMA HOSPITAL,nan
DE LEON ROLANDO,MANILA CENTRAL UNIVERSITY,nan
DE RUEDA RONDINO CARLO,ALLIED CARE EXPERT MEDICAL CENTER,nan
DE VERA EDNA,VALENZUELA ER,nan
DEDUYO ROLANDO,OUR LADY OF FATIMA HOSPITAL,nan
DEDUYO REBECCA,OUR LADY OF FATIMA HOSPITAL,nan
DEDUYO ORLANDO,OUR LADY OF FATIMA HOSPITAL,nan
DEL RIO RODNEY,MANILA CENTRAL UNIVERSITY,nan
DELA CRUZ JASON,CALOOCAN CITY MEDICAL CENTER,nan
DELA CRUZ RUBEN,OUR LADY OF FATIMA HOSPITAL,nan
DELA CRUZ JEFFERSON,ALLIED CARE EXPERT MEDICAL CENTER,nan
DIAMANTE DIANNE,MANILA CENTRAL UNIVERSITY,nan
DIANZON JOHN CARLO,MANILA CENTRAL UNIVERSITY,nan
DICO-GO JOYCE,CENTRALLE DIAGNOSTIC,nan
DIMAANO EFREN,Dimaano Medical Clinic,nan
DUENAS JOHNNY,OUR LADY OF FATIMA HOSPITAL,nan
ENRIQUEZ GERIANNE,VALENZUELA ER,nan
EXCONDE JAIME,CALALANG MEDICAL HOSPITAL,nan
FABIAN EVANGELINE,MANILA CENTRAL UNIVERSITY,nan
FAIGAO GHENA,Malabon Polyclinic,nan
FIESTA LEMUELLE,CITICARE MEDICAL CENTER,nan
FLORES BERWYN,MEDCARE CALOOCAN,nan
FORTUNA PRESILA,VALENZUELA ER,nan
FORTUNO EDWIN,OUR LADY OF FATIMA HOSPITAL,nan
FUNDAMERA DIVINA,OUR LADY OF FATIMA HOSPITAL,nan
GABRIEL MERCADO,MANILA CENTRAL UNIVERSITY,nan
GALIZA JOCELYN,CALOOCAN CITY MEDICAL CENTER,nan
GARCIA ISAURO,Garcia Medical Clinic,nan
GARDUNO DOMINADOR,MANILA CENTRAL UNIVERSITY,nan
GENELSA RANIEL,MARINEZ HOSPITAL,nan
GENERIC 1 MD,GENERIC,nan
GENERIC 10 MD,GENERIC,nan
GENERIC 2 MD,GENERIC,nan
GENERIC 3 MD,GENERIC,nan
GENERIC 4 MD,GENERIC,nan
GENERIC 5 MD,GENERIC,nan
GENERIC 6 MD,GENERIC,nan
GENERIC 7 MD,GENERIC,nan
GENERIC 8 MD,GENERIC,nan
GENERIC 9 MD,GENERIC,nan
GO ELEONOR,CALOOCAN CITY MEDICAL CENTER,nan
GONZALES JOYLYNN,Pascual Clinic,nan
GOZON CECILIA,PAGAMUTAN BAYAN MALABON,nan
GUMAYQGAY ROMAN,CALOOCAN CITY MEDICAL CENTER,nan
HILARIO MARVINED,CENTRALLE DIAGNOSTIC,nan
HO DEREK,MJM MEDICAL CLINIC,nan
INKEE MICHAEL,INKEE MEDICAL CLINIC,nan
INKEE JAYDEE,INKEE MEDICAL CLINIC,nan
ISIDRO CESAR,MANILA CENTRAL UNIVERSITY,nan
JACINTO JERRY,JACINTO MEDICAL CLINIC,nan
JAMPIL MARY ROSE,CENTRALLE DIAGNOSTIC,nan
JAQUILINE SOLORIA,Solaria Medical Clinic,nan
JOVES JAQUILINE,CALALANG MEDICAL HOSPITAL,nan
JUSAYAN MA. LENY,OUR LADY OF FATIMA HOSPITAL,nan
LALIC ALMA,navotas health center,nan
LAZARO EDGARDO,MANILA CENTRAL UNIVERSITY,nan
LEE SUSAN,OUR LADY OF FATIMA HOSPITAL,nan
LEE JOSEPH,OUR LADY OF FATIMA HOSPITAL,nan
LEONARDO JENNIFER,MANILA CENTRAL UNIVERSITY,nan
LUCAS PAUL,CALOOCAN CITY MEDICAL CENTER,nan
LUCES EDUARDO,LUCES MEDICAL CLINIC,nan
MACALINAO OLIVER,CALALANG MEDICAL HOSPITAL,nan
MAGBOO ARTHUR,MANILA CENTRAL UNIVERSITY,nan
MANANTAN HENNIE,CALALANG MEDICAL HOSPITAL,nan
MANGASER AILEEN,MANILA CENTRAL UNIVERSITY,nan
MANGUBAT DIEGO,CALOOCAN CITY MEDICAL CENTER,nan
MARCIANO MANOLITO,CALOOCAN CITY MEDICAL CENTER,nan
MARIUS RICO,MEDCARE CALOOCAN,nan
MARQUEZ WILFREDO,PAGAMUTAN BAYAN MALABON,nan
MATA  CECILLE,MANILA CENTRAL UNIVERSITY,nan
MIRALLO ALFRED,Sulit MedLab,nan
MIRANDA EMMA,OUR LADY OF FATIMA HOSPITAL,nan
MONTE CATHERINE,ROQUERO CLINIC,nan
MONTEVIRGEN RICHHULTZ,MANILA CENTRAL UNIVERSITY,nan
MUNOZ ROWENA,MANILA CENTRAL UNIVERSITY,nan
NATCON2020 SIMULATION GENERIC MD 2,NATCON2020 SIMULATION,nan
NATCON2020 SIMULATION GENERIC MD 10,NATCON2020 SIMULATION,nan
NATCON2020 SIMULATION GENERIC MD 3,NATCON2020 SIMULATION,nan
NATCON2020 SIMULATION GENERIC MD 4,NATCON2020 SIMULATION,nan
NATCON2020 SIMULATION GENERIC MD 5,NATCON2020 SIMULATION,nan
NATCON2020 SIMULATION GENERIC MD 6,NATCON2020 SIMULATION,nan
NATCON2020 SIMULATION GENERIC MD 7,NATCON2020 SIMULATION,nan
NATCON2020 SIMULATION GENERIC MD 8,NATCON2020 SIMULATION,nan
NATCON2020 SIMULATION GENERIC MD 9,NATCON2020 SIMULATION,nan
NATCON2020 SIMULATION GENERIC MD 1,NATCON2020 SIMULATION,nan
NATIVIDAD .,MANILA CENTRAL UNIVERSITY,nan
NGO MYRNA,OUR LADY OF FATIMA HOSPITAL,nan
NOCOM PAOLO,CALOOCAN CITY MEDICAL CENTER,nan
NOLI MICLAT,MICLAT MEDICAL CLINIC,nan
OABEL GLENDA,Vian Family Hospital,nan
ONG-DELA CRUZ BERNICE,PERLAS POLYCLINIC,nan
ORTIZ VICENTE,PERLAS POLYCLINIC,nan
PANOGA NICOLE,PLDT 9TH AVE CALOOCAN,nan
PAULINO ARISTOTLE,OUR LADY OF FATIMA HOSPITAL,nan
PAZON RUBY,MORNING BREEZE,nan
PERET GLORIA,GILEAD CLINIC,nan
PEREZ RACHELLE,PEREZ EENT CLINIC,nan
PEREZ KEITHLY BRYAN,MANILA CENTRAL UNIVERSITY,nan
PEREZ ROLANDO,MANILA CENTRAL UNIVERSITY,nan
PERLAS PAMELA,PERLAS POLYCLINIC,nan
PERLAS GERARD,PERLAS POLYCLINIC,nan
PERLAS TONY JEAN,PERLAS POLYCLINIC,nan
PONSARAN  NINA,MANILA CENTRAL UNIVERSITY,nan
PRINCES MARISTELA,MANILA CENTRAL UNIVERSITY,nan
QUIMBA NEIL,VALENZUELA ER,nan
QUINTO ROSALIND,QUINTO POLYCLINIC,nan
QUITO BENJAMIN,MANILA CENTRAL UNIVERSITY,nan
RAGOS EVELYN,CENTRALLE DIAGNOSTIC,nan
RAMIREZ ROSALIE,MANILA CENTRAL UNIVERSITY,nan
RAYMUNDO MICHAEL,Raymundo Medical Clinic,nan
RAYMUNDO MARIEL,SAN MIGUEL POLO BRANCH,nan
RENTOY LURLEEN,SAN MIGUEL POLO BRANCH,nan
RODRIGUEZ ARNEL,Arnel Rodriguez Medical Clinic,nan
ROEL PEREZ,PEREZ EENT CLINIC,nan
ROMERO ALLAN,Romero Medical Clinic,nan
ROQEURO KAT LEI,ROQUERO CLINIC,nan
ROQUERO ALMA,ROQUERO CLINIC,nan
SABANGAN  JOEL,ALLIED CARE EXPERT MEDICAL CENTER,nan
SALAZAR LEANGELO,MANILA CENTRAL UNIVERSITY,nan
SAMSON EMMANUEL,MANILA CENTRAL UNIVERSITY,nan
SAN DIEGO ANGELA,CARITAS CALOOCAN,nan
SANCHEZ CHRISTIE,SANCHEZ MEDICAL CLINIC,nan
SANTIAGO ROEL,SANTIAGO Clinic,nan
SANTOS MARY ANNE,OUR LADY OF FATIMA HOSPITAL,nan
SAYO AILEEN,Sayo cllinic,nan
SEE NIXON,OUR LADY OF FATIMA HOSPITAL,nan
SERANO JOYCE,Serrano Clinic,nan
SIAPNO MEARILLE,SIAPNO CLINIC,nan
STA. ANA JARDINE,MORNING BREEZE,nan
STA. ANA HERMINIA,MORNING BREEZE,nan
SUNER ALEX,MANILA CENTRAL UNIVERSITY,nan
SY GERALD,OUR LADY OF FATIMA HOSPITAL,nan
SY CELIA,OUR LADY OF FATIMA HOSPITAL,nan
TAJAN IVAN WILLIAM,OUR LADY OF FATIMA HOSPITAL,nan
TAN IRENE,CENTRALLE DIAGNOSTIC,nan
TAN FILIPINA,MANILA CENTRAL UNIVERSITY,nan
TAN - PASCUAL MYRA,Pascual Clinic,nan
TECSON MARISSA,TECSON MEDICAL CLINIC,nan
TERENCIO JARY,TERENCIO CLINIC,nan
TING DONATO,OUR LADY OF FATIMA HOSPITAL,nan
TORIO ARTHUR,MARTINEZ HOSPITAL,nan
TUMBOCON ELIZABETH,TUMBOCON MEDICAL CLINIC,nan
TUMBOCON ANTONIO,TUMBOCON MEDICAL CLINIC,nan
UNAY EMMANUEL,MANILA CENTRAL UNIVERSITY,nan
USON GARY,MANILA CENTRAL UNIVERSITY,nan
UY SYDNEY,OUR LADY OF FATIMA HOSPITAL,nan
UY PETER PAUL,CALOOCAN CITY MEDICAL CENTER,nan
VILLEGAS JOEL,MARTINEZ HOSPITAL,nan
ABERIN MA. CHARINA,National Center for Mental Health,nan
ADDATU DOMINGO,Cardinal Santos Medical Center,nan
AFABLE ALEXANDER,Clinica Manila,nan
AGUILAR  JOSE,Cardinal Santos Medical Center,nan
AGUNOD-CHENG  PATRICIA,Cardinal Santos Medical Center,nan
AGUSTIN CYNTHIA,National Center for Mental Health,nan
ALABA EVAN ANGELI,Cardinal Santos Medical Center,nan
ALOLOD MARIA KRISTINA,Our Lady of Lourdes Hospital,nan
ALORA PIERRE ALBERT,Cardinal Santos Medical Center,nan
ANATOLIN  JAVEL,National Center for Mental Health,nan
ANLACAN  VEEDA MICHELLE,Cardinal Santos Medical Center,nan
ANLACAN  JOSEPH,Cardinal Santos Medical Center,nan
ARBOLEDA EFRAIM,San Miguel Corporation,nan
ASTUDILLO RYAN PAUL,Cardinal Santos Medical Center,nan
AZORES -COBANKIAT MARY CAROLINE,UERM Medical Center,nan
AZUCENA BEVERLY,National Center for Mental Health,nan
BADANGAYON JORDAN,National Center for Mental Health,nan
BADILLO STEPHANIE PATRICIA,UERM Medical Center,nan
BADILLO NICOLO ANDRE,Our Lady of Lourdes Hospital,nan
BAGO - AZARES MARIEL JOY,UERM Medical Center,nan
BAGUNAS BIANCA,San Miguel Corporation,nan
BARCELON-CRUZ MARIEL,VRP Medical Center,nan
BARRERA JOVEN,National Center for Mental Health,nan
BARZAGA ROBERTO,Our Lady of Lourdes Hospital,nan
BATILARAN REMUS SULPICIUS,VRP Medical Center,nan
BAUTISTA  ANTONIO,Cardinal Santos Medical Center,nan
BERINGUEL AIRA,My Health Shangri-la,nan
BERNARDO JONATHAN,San Miguel Corporation,nan
BLANCO  LYRA,National Center for Mental Health,nan
BOCALBOS ELHAM MAE,UERM Medical Center,nan
BONCAJES RODNEY,National Center for Mental Health,nan
BONTO-SANTO 11 EDGAR,VRP Medical Center,nan
BUENAVENTURA ROBERT ROY,UERM Medical Center,nan
BUENSUCESO JILL,Our Lady of Lourdes Hospital,nan
CALUSCUSIN IAN RAY,Cardinal Santos Medical Center,nan
CAMARA-CHUA PIA TERESA,UERM Medical Center,nan
CANONIGO  EMILIANO,Cardinal Santos Medical Center,nan
CARAOS RICO,National Center for Mental Health,nan
CARDINEZ-TAN MARIA MONICA,Cardinal Santos Medical Center,nan
CARLOS MARIE AILEEN FRANCES,Healthway Shangri-la,nan
CARREON ANDREW ANGELO,Cardinal Santos Medical Center,nan
CASTELO-CORPUS  MA. ZAIRAH JANE,Cardinal Santos Medical Center,nan
CASTILLO LENNIE,Cardinal Santos Medical Center,nan
CASTILLO MICHELLE,National Center for Mental Health,nan
CASTRO  EDEN,National Center for Mental Health,nan
CATALAN FRANCIS,My Health Shangri-la,nan
CHAVEZ TERESA,National Center for Mental Health,nan
CHENG  FEDERICK,Cardinal Santos Medical Center,nan
CHENG  CHERRYRICH,UERM Medical Center,nan
CHOA RICKY,Cardinal Santos Medical Center,nan
CHU  CHRISTOPHER,National Center for Mental Health,nan
CHUA JOYCEL,National Center for Mental Health,nan
CHUA WILMA ANTHEA,UERM Medical Center,nan
CHUA PHILIP,Cardinal Santos Medical Center,nan
CHUA JEFFREY,Cardinal Santos Medical Center,nan
CHUA SHARAE,San Miguel Corporation,nan
CHUA KEN,San Miguel Corporation,nan
CHUA - LEY  EVELYN,Cardinal Santos Medical Center,nan
CHUA-CHAN POLLY,San Miguel Corporation,nan
CO  CHRISTIAN OLIVER,VRP Medical Center,nan
CO-SIA MELISSA,Cardinal Santos Medical Center,nan
COMMANDANTE CHRISTIAN ALLAN,Cardinal Santos Medical Center,nan
CORTEZ MARIA GRETA,Cardinal Santos Medical Center,nan
CRUEL ANTONIO,National Center for Mental Health,nan
CRUZ HECIL,UERM Medical Center,nan
CRUZ RITCHIE,VRP Medical Center,nan
CRUZ ROCHELLE REGINA,Cardinal Santos Medical Center,nan
CRUZ-ANACLETO MARIA ANGELA,Cardinal Santos Medical Center,nan
CUENCA LUCKY,Cardinal Santos Medical Center,nan
CURIANO  RALPH,Clinica Manila,nan
CUYOS  ALDEN,National Center for Mental Health,nan
DADUFALZA JEAN PIERRE,Cardinal Santos Medical Center,nan
DAVID  GLADYS RUTH,Cardinal Santos Medical Center,nan
DE CASTILLO  LENNIE LYNN,Cardinal Santos Medical Center,nan
DE CASTRO ANNA MA. GABRIELLE,Our Lady of Lourdes Hospital,nan
DE LOS SANTOS  MARIBETH,UERM Medical Center,nan
DE ROXAS - BERNARDINO RANHEL,National Center for Mental Health,nan
DELA CRUZ TIFANNY KIM,National Center for Mental Health,nan
DELA CRUZ MICHAEL ANTHONY,Cardinal Santos Medical Center,nan
DEMETERIO JERCYL LEILANI,Cardinal Santos Medical Center,nan
DINGAL  MAIKA,National Center for Mental Health,nan
DIONISIO JOSEPHINE,Cardinal Santos Medical Center,nan
DIPASUPIL LORNA,National Center for Mental Health,nan
DIZON ERWIN,Cardinal Santos Medical Center,nan
DOMINGO CHRISTINE,National Center for Mental Health,nan
DON MARIA ROWENA,Cardinal Santos Medical Center,nan
DONATO EVA,National Center for Mental Health,nan
DU  DOMINIQUE,National Center for Mental Health,nan
DY  TIMOTHY,Cardinal Santos Medical Center,nan
DYTAN  ANNABELLE,Cardinal Santos Medical Center,nan
ENCABO REGIDOR,Cardinal Santos Medical Center,nan
ESTRADA VALMARIE,Cardinal Santos Medical Center,nan
FAA CHARRISE,National Center for Mental Health,nan
FANDIALAN  ERMAN,UERM Medical Center,nan
FANG MARK DAVID,Cardinal Santos Medical Center,nan
FERNANDEZ FRANCIS CHARLES,UERM Medical Center,nan
FERNANDEZ MICHELLE JOYCE,Cardinal Santos Medical Center,nan
FERNANDEZ BRIDGET,UERM Medical Center,nan
GABRIEL EDEN,Cardinal Santos Medical Center,nan
GALAN  JOSE LORENZO,Cardinal Santos Medical Center,nan
GALINDEZ EDISON,National Center for Mental Health,nan
GALVEZ LORIELLE,Cardinal Santos Medical Center,nan
GARCIA PHIL ASTLEY,VRP Medical Center,nan
GARDAYA  RAUL,National Center for Mental Health,nan
GARIDO ROY,Healthway Shangri-la,nan
GATBONTON MARIA LUISA PATRICIA,Our Lady of Lourdes Hospital,nan
GIMENEZ MICHAEL LOUIS,Cardinal Santos Medical Center,nan
GO LOEWE,Cardinal Santos Medical Center,nan
GO MARY,Cardinal Santos Medical Center,nan
GOCHIOCO  DIANE CHARLEEN,UERM Medical Center,nan
GOMEZ NEIL,My Health Shangri-la,nan
GUECO VICTORIA,National Center for Mental Health,nan
GUILLERMO JOSE GIL,UERM Medical Center,nan
HERNANDEZ APRIL FATIMA,UERM Medical Center,nan
IBANA SHEILA,Our Lady of Lourdes Hospital,nan
IGNACIO LOURDES,Cardinal Santos Medical Center,nan
JACER EDITHA,Cardinal Santos Medical Center,nan
JAMORA  ROLAND DOMINIC,Cardinal Santos Medical Center,nan
JAVIER-UY ZENAIDA,Cardinal Santos Medical Center,nan
JUEN JULIUS PAUL,National Center for Mental Health,nan
KASILAG  ALDRIN,San Miguel Corporation,nan
KHOO WINNIE SHARON,Cardinal Santos Medical Center,nan
KING  KATHLEEN,Cardinal Santos Medical Center,nan
LABAJO - PAGADUAN HANNA RUTH,UERM Medical Center,nan
LACERNA  CLARITA,National Center for Mental Health,nan
LACSAMANA ROSELLA,Our Lady of Lourdes Hospital,nan
LAZATIN RYAN,National Center for Mental Health,nan
LEE LEIZYL,National Center for Mental Health,nan
LEONZON NATHANIEL,UERM Medical Center,nan
LESACA REYNALDO,Lesaca Clinic,nan
LIABRES GUILLERMO,Cardinal Santos Medical Center,nan
LIBARNES ROGELIO,Cardinal Santos Medical Center,nan
LIM VANESSA ROSETTE,Cardinal Santos Medical Center,nan
LINTAG MARILOU,Healthway Shangri-la,nan
LISUI  JENNY,National Center for Mental Health,nan
LIWAG-ATIENZA MA. FLYNDA MARGARITA,Our Lady of Lourdes Hospital,nan
LIZAN ABIGAIL,Cardinal Santos Medical Center,nan
LLADOC-NATIVIDAD THERESE EILEEN,UERM Medical Center,nan
LOKIN JOHNNY,Cardinal Santos Medical Center,nan
LONTOC ANTHONY,Cardinal Santos Medical Center,nan
LOPEZ MARIANO,VRP Medical Center,nan
LOPEZ MARIAN JOY,VRP Medical Center,nan
LUCAS CHARLENE,Our Lady of Lourdes Hospital,nan
LUNA KATRINA,VRP Medical Center,nan
LUSPO MARIAN PORTIA,Cardinal Santos Medical Center,nan
MACABEO RENELENE,Our Lady of Lourdes Hospital,nan
MALEFICIO APRILLE ANNE,National Center for Mental Health,nan
MALIWAT LEVI,Cardinal Santos Medical Center,nan
MANINGAS  RICHARD,National Center for Mental Health,nan
MANZANILLA SHARON,Our Lady of Lourdes Hospital,nan
MAPA ROBERT ROY,National Center for Mental Health,nan
MARANAN EPHRAIM,VRP Medical Center,nan
MARIANO  REYNALDO,San Miguel Corporation,nan
MENDOZA JERUSALEM,National Center for Mental Health,nan
MENDOZA MARLOU,Our Lady of Lourdes Hospital,nan
MENDOZA JEFFREY,Cardinal Santos Medical Center,nan
MENDOZA MARIA LEONORA,Cardinal Santos Medical Center,nan
MENDOZA ROMEL,National Center for Mental Health,nan
MESINA-NEPOMUCENO BELINDA,UERM Medical Center,nan
METRA JON ERVYN,Cardinal Santos Medical Center,nan
MIRANDA ARIEL,Cardinal Santos Medical Center,nan
MORANDARTE  DELFIN,National Center for Mental Health,nan
MUNOZ RAIMOND,VRP Medical Center,nan
NEPOMUCENO MARIA ELENA,Cardinal Santos Medical Center,nan
NIETO JONALYN,San Miguel Corporation,nan
OCAMPO  CONSTANTINA,National Center for Mental Health,nan
OLAIVAR  MARIETTA,UERM Medical Center,nan
ONGOCO SHARLENE,National Center for Mental Health,nan
OR  ROSEMARILYN,UERM Medical Center,nan
OYEK JENNILYN,Cardinal Santos Medical Center,nan
PACHECO WILFREDO,Our Lady of Lourdes Hospital,nan
PAGADUAN CHRISTOPHER RYAN,UERM Medical Center,nan
PALAFOX  PERFECTO,Cardinal Santos Medical Center,nan
PALAFOX-PORQUEZ CHARMAINE MARTHA,Cardinal Santos Medical Center,nan
PANELO ARACELI,UERM Medical Center,nan
PANGANIBAN SILVINO,Clinica Manila,nan
PASCUAL MARK ANTHONY,National Center for Mental Health,nan
PATROCINO MIGUEL,San Miguel Corporation,nan
PEREZ DANTE,Clinica Manila,nan
PEREZ JUMELYN,National Center for Mental Health,nan
PEREZ DOMINIC,Our Lady of Lourdes Hospital,nan
PERMEJO CHITO,VRP Medical Center,nan
PUJALTE BENIGNO RAMOS,Our Lady of Lourdes Hospital,nan
PUNDAVELA VICTOR,National Center for Mental Health,nan
PUNSALAN  RENE,UERM Medical Center,nan
PUNSALAN  MONIQUE,Cardinal Santos Medical Center,nan
QUETUA PAUL,VRP Medical Center,nan
QUIAMBAO ANTONIO LORENZO,UERM Medical Center,nan
QUIMBO WESLEY PETER,National Center for Mental Health,nan
RANOA GILBERT,Cardinal Santos Medical Center,nan
RECIO ALMA,My Health Shangri-la,nan
REGALADO JOSEPH JUSTIN,Cardinal Santos Medical Center,nan
REJUSO JR. LEVI,VRP Medical Center,nan
RELATO-CO NEIL,My Health Shangri-la,nan
REYES RICHMOND,Cardinal Santos Medical Center,nan
REYES ROMAN VICTOR,Cardinal Santos Medical Center,nan
REYES-SUDIO MARIA OLIVIA,National Center for Mental Health,nan
RIMBARGOSO NYMPHA,UERM Medical Center,nan
RIVERA KARLA MARIZ,National Center for Mental Health,nan
RIVERA IGNACIO,Cardinal Santos Medical Center,nan
ROBENIOL  GODFREY,Cardinal Santos Medical Center,nan
ROGELIO GREGORIO,Cardinal Santos Medical Center,nan
ROMANO ARNEL,Mega Clinic,nan
ROQUE ROSE ANNE,Cardinal Santos Medical Center,nan
SACDALAN MICHELLE,San Miguel Corporation,nan
SADAVA TERESITA,Our Lady of Lourdes Hospital,nan
SAN DIEGO  KATHERINE,VRP Medical Center,nan
SANCHEZ LEMUELL KARLA,Cardinal Santos Medical Center,nan
SANDOVAL VINCENT,VRP Medical Center,nan
SANOSA MAURICE,National Center for Mental Health,nan
SANTOS ROMEO,Our Lady of Lourdes Hospital,nan
SANTOS LOURDES ELLA,Cardinal Santos Medical Center,nan
SANTOS  ROMEO,Our Lady of Lourdes Hospital,nan
SANTOS NEIL,National Center for Mental Health,nan
SAVILLO MA. ISABEL,Our Lady of Lourdes Hospital,nan
SEMILLA NABLE,Our Lady of Lourdes Hospital,nan
SESE ROSS,Our Lady of Lourdes Hospital,nan
SIA JESSIELYN,Cardinal Santos Medical Center,nan
SINGCO SHERA EFRAIM,National Center for Mental Health,nan
SISON IRRISE ALBINE,Cardinal Santos Medical Center,nan
SO  MARC JOSEF,My Health Shangri-la,nan
SOLLANO MA. HANNA MONICA,Cardinal Santos Medical Center,nan
SOTO MA. FELICIDAD,UERM Medical Center,nan
STA. MARIA  MARK ANTHONY,Cardinal Santos Medical Center,nan
SUGUITAN DANILO,VRP Medical Center,nan
SULIT  DENNIS JOSE,Cardinal Santos Medical Center,nan
SUYOM ROGELIO JR.,Our Lady of Lourdes Hospital,nan
SY  JONATHAN BENNETT,Cardinal Santos Medical Center,nan
SY  RODY,Cardinal Santos Medical Center,nan
SY-MONSALUD ARLENE DIANA,Healthway Shangri-la,nan
TADY KATHLEEN,My Health Shangri-la,nan
TALATE  CHARLES MATHEW,UERM Medical Center,nan
TAN CHERRY,National Center for Mental Health,nan
TAN  AARON JAMES,Cardinal Santos Medical Center,nan
TAN JAMES KEK HUI,Cardinal Santos Medical Center,nan
TAN KENT ANTHONY,Cardinal Santos Medical Center,nan
TAN MARY ANN,National Center for Mental Health,nan
TAN-ONG  MILLICENT,Cardinal Santos Medical Center,nan
TANKEH-TORRES SANDRA,Cardinal Santos Medical Center,nan
TANSECO KRISTOFFER,Cardinal Santos Medical Center,nan
TAPAT EMMA,My Health Shangri-la,nan
TE-ROSANO ABIGAIL LOUISE,Cardinal Santos Medical Center,nan
TING CHARISSE ANNE REVIL,Our Lady of Lourdes Hospital,nan
TIU  JOHN STEVEN,UERM Medical Center,nan
UY ERNESTO,Cardinal Santos Medical Center,nan
UY JR ERNESTO,Cardinal Santos Medical Center,nan
VELASCO MANUEL,VRP Medical Center,nan
VILLANUEVA JAKE LESTER,National Center for Mental Health,nan
VILLAROSA ELLAINE,San Miguel Corporation,nan
YAPE IRMA MARIE,Cardinal Santos Medical Center,nan
YU JERYL RITZI,Cardinal Santos Medical Center,nan
ZIALCITA MA. KATRINA MARGARITA,UERM Medical Center,nan
ABAN MARK  PHILIP,PAGCOR,nan
ABE DEOGRACIAS,MANILA MEDICAL CENTER,nan
ACANTO JESSICA,PHILIPPINE GENERAL HOSPITAL,nan
ACOSTA JENNEN,MANILA ADVENTIST MEDICAL CENTER,nan
ACOSTA JOY,VILLAMOR AIRBASE,nan
ACOSTA ALAN DANIEL,PASAY TERRITORIALS,nan
AFAGA ARLENE,MANILA DOCTORS HOSPITAL,nan
AGUATIS CHRISTINE JOY,MANILA DOCTORS HOSPITAL,nan
AGUILAR MARIPAZ,"WEST ZAMORA, PANDACAN MANILA HC",nan
ALBA GRACE,PASAY TERRITORIALS,nan
ALBAY ALBERT,MANILA DOCTORS HOSPITAL,nan
ALMAZAR JOHANN PAOLO,MANILA MEDICAL CENTER,nan
ALMEDA-CIRILOS SHEILA,MANILA DOCTORS HOSPITAL,nan
AMBROCIO GENE PHILIP,PHILIPPINE GENERAL HOSPITAL,nan
ANCHETA MAXIMO,MANILA ADVENTIST MEDICAL CENTER,nan
ANCHETA MYRNA,MANILA ADVENTIST MEDICAL CENTER,nan
ANG ANDREW,UN LAB,nan
APOSAGA LYZETTE,MANILA MEDICAL CENTER,nan
ARANDIA GIAN CARLO,MANILA MEDICAL CENTER,nan
ARCENO ALYSSA MARIE,MANILA DOCTORS HOSPITAL,nan
AREVALO SIDNEY,"PACO, MANILA",nan
AYRO AARON,PHILIPPINE GENERAL HOSPITAL,nan
BACOLCOL SILVEROSE,MANILA DOCTORS HOSPITAL,nan
BANGATE ESTELITA,MANILA CITY HALL,nan
BARCELON MARIEL,MANILA MEDICAL CENTER,nan
BARRIENTOS MARY ANN,SUPREME COURT,nan
BASA ELVIE JOY,MANILA MEDICAL CENTER,nan
BAUTISTA DANIEL,"FB HARRISON, PASAY",nan
BENEDICTO CHARINNA,"MENDOZA, PANDACAN MANILA HC",nan
BERBA MA. REGINA,PHILIPPINE GENERAL HOSPITAL,nan
BERNAL MA. CONSUELO,SUPREME COURT,nan
BUAN ANTON ROBERTO,MANILA DOCTORS HOSPITAL,nan
BUENAVENTURA CARLOS,"PACO, MANILA",nan
CABRERA DIANNE SHARI,MANILA MEDICAL CENTER,nan
CADIZ RONALD IAN,SUPREME COURT,nan
CALDERON ALBERTO,MANILA ADVENTIST MEDICAL CENTER,nan
CAMMAYO JUSTO MARINO,MANILA DOCTORS HOSPITAL,nan
CANLAS JILLIAN,PHILIPPINE GENERAL HOSPITAL,nan
CARILLO RYNER,PHILIPPINE GENERAL HOSPITAL,nan
CAROLINO MAUREEN,PHILIPPINE GENERAL HOSPITAL,nan
CHAN ABNER,MANILA MEDICAL CENTER,nan
CHAN RENE,PHILIPPINE AIRLINES HOSPITAL,nan
CHAN GENARO,MANILA DOCTORS HOSPITAL,nan
CHAVEZ FLORENCIO,MANILA DOCTORS HOSPITAL,nan
CHUA MARIE,PHILIPPINE GENERAL HOSPITAL,nan
CLEDERA DARLENE MAE,PHILIPPINE GENERAL HOSPITAL,nan
CORNEJO CHERRY,PASAY TERRITORIALS,nan
CREUS SONIA,VILLAMOR AIRBASE,nan
CRUZ KAISER,PHILIPPINE GENERAL HOSPITAL,nan
CU EUGENE,MANILA DOCTORS HOSPITAL,nan
DAPAT JO ELSON,MANILA ADVENTIST MEDICAL CENTER,nan
DARVIN JOSEPH,MANILA DOCTORS HOSPITAL,nan
DE GRACIA VIRGILIO,MANILA DOCTORS HOSPITAL,nan
DE GUZMAN LESLIE MAR,PHILIPPINE GENERAL HOSPITAL,nan
DE LEON VINCENT,PHILIPPINE GENERAL HOSPITAL,nan
DE LEON FRANCESKA,MANILA DOCTORS HOSPITAL,nan
DELA CRUZ ELMER,MANILA DOCTORS HOSPITAL,nan
DELGADO PATRICIA,MANILA DOCTORS HOSPITAL,nan
DIMAGUILA GERARDO ANIANO,MANILA MEDICAL CENTER,nan
DUMLAO KAREN,MANILA MEDICAL CENTER,nan
DUNGO EDWIN,PHILIPPINE AIRLINES HOSPITAL,nan
ENRIQUEZ DANILO,MANILA MEDICAL CENTER,nan
ENRIQUEZ HOWARD,MANILA ADVENTIST MEDICAL CENTER,nan
ESCORPION CHRISTINA,VILLAMOR AIRBASE,nan
ESEQUE EDUARDO,MANILA MEDICAL CENTER,nan
ESGUERRA MARLOW,MANILA DOCTORS HOSPITAL,nan
ESTANISLAO IAN HERBERT,MANILA MEDICAL CENTER,nan
ESTOLLANO RAYMUNDO,MANILA ADVENTIST MEDICAL CENTER,nan
FERNANDEZ LENORA,PHILIPPINE GENERAL HOSPITAL,nan
FOSCABLO JAN HENRICK,PHILIPPINE GENERAL HOSPITAL,nan
FRANCISCO CHRISTIAN,MANILA MEDICAL CENTER,nan
FUELLANTE PHILIP,"MIRASOL BUILDING , UN MANILA",nan
GALANG JHAKELINN,MANILA DOCTORS HOSPITAL,nan
GALANG VIRGILIO,PASAY TERRITORIALS,nan
GARCIA-SANTOS AILEEN,MANILA DOCTORS HOSPITAL,nan
GENERIC MD,GENERIC,nan
GORRO AGNES,MANILA MEDICAL CENTER,nan
GUEVARRA DANIEL,PHILIPPINE GENERAL HOSPITAL,nan
GUMATAY WILBERT ALLAN,MANILA DOCTORS HOSPITAL,nan
HABAWEL EILEEN,"FB HARRISON, PASAY",nan
HERNANDEZ JOSEFINO,PHILIPPINE GENERAL HOSPITAL,nan
HERNANDEZ RALPH,PHILIPPINE GENERAL HOSPITAL,nan
JIMENEZ JOCELYN,MANILA ADVENTIST MEDICAL CENTER,nan
JORGE MANUEL,PHILIPPINE GENERAL HOSPITAL,nan
JUCO MARIO JOSELITO,MANILA DOCTORS HOSPITAL,nan
LAM LAI LEE,MANILA MEDICAL CENTER,nan
LAUNO MICHELLE,A.H LARSON HEALTH CENTER,nan
LAUNO-CONCEPCION CHRISTINE REMAR,MANILA ADVENTIST MEDICAL CENTER,nan
LAZARO JAZREEL,MANILA MEDICAL CENTER,nan
LEGASPI QERRY,MANILA DOCTORS HOSPITAL,nan
LLORIN TRICIA,MANILA DOCTORS HOSPITAL,nan
MAGALLANES KEENA,MANILA ADVENTIST MEDICAL CENTER,nan
MANAN ALMERA,PHILIPPINE GENERAL HOSPITAL,nan
MANGUBAT ROYCE,MANILA MEDICAL CENTER,nan
MARCELINO NANCY,MANILA CITY HALL,nan
MARTIN  ALFREDO,MANILA ADVENTIST MEDICAL CENTER,nan
MATEO MELANIE,MANILA CITY HALL,nan
MENDOZA CESAR,MANILA MEDICAL CENTER,nan
MONFERO MIRACLE,"WEST ZAMORA, PANDACAN MANILA HC",nan
MONTEMAYOR ELIZABETH,MANILA DOCTORS HOSPITAL,nan
MONTEMAYOR JAN ANDRE,MANILA DOCTORS HOSPITAL,nan
MONTEMAYOR JEN ADRIAN,PHILIPPINE GENERAL HOSPITAL,nan
MURILLO KARL JEFFREY,PHILIPPINE GENERAL HOSPITAL,nan
NARVAS NICY,MANILA MEDICAL CENTER,nan
NAVALTA CHRISTOPHER,MANILA DOCTORS HOSPITAL,nan
NEPOMUCENO MARISSE,MANILA MEDICAL CENTER,nan
NERI JOSEPH,"PACO, MANILA",nan
NG LARA MONICA,PHILIPPINE GENERAL HOSPITAL,nan
OBRADO MARJORIE GAY,MANILA DOCTORS HOSPITAL,nan
ONG EDMUND,MANILA DOCTORS HOSPITAL,nan
ORDONA MICHAEL GINO,PHILIPPINE GENERAL HOSPITAL,nan
PABAYO VICTORIA,PASAY TERRITORIALS,nan
PAGCATIPUNAN RODOLFO,MANILA ADVENTIST MEDICAL CENTER,nan
PALMA DONALD,VILLAMOR AIRBASE,nan
PANCHO GRACE ANNE,MANILA DOCTORS HOSPITAL,nan
PANER MAIDEN LOVE,MANILA MEDICAL CENTER,nan
PASCUAL ARSENIO,MANILA DOCTORS HOSPITAL,nan
PATIGAS SHARLYN,MANILA MEDICAL CENTER,nan
PATINO EVA,COURT OF APPEALS,nan
PENARANDA LEAH GRACE,MANILA DOCTORS HOSPITAL,nan
PETATE MARY CHRISTINE,MANILA MEDICAL CENTER,nan
POBLETE JONNEL,PHILIPPINE GENERAL HOSPITAL,nan
PULANCO WILMAR,PHILIPPINE GENERAL HOSPITAL,nan
QUIZON BRYAN,PHILIPPINE GENERAL HOSPITAL,nan
RAMOLETE JACQUELINE,VILLAMOR AIRBASE,nan
RAMOS CHRISTINE,PHILIPPINE GENERAL HOSPITAL,nan
RAMOS-PRECILLA JOHANNA,MANILA MEDICAL CENTER,nan
RETRETA DINDO,MANILA DOCTORS HOSPITAL,nan
REYES EUGENE,MANILA DOCTORS HOSPITAL,nan
REYES ROTHESSA,PHILIPPINE GENERAL HOSPITAL,nan
RICAFRENTE RAMON,MANILA DOCTORS HOSPITAL,nan
RICAFRENTE STEPHANIE,MANILA ADVENTIST MEDICAL CENTER,nan
ROA CAMILO,MANILA MEDICAL CENTER,nan
ROMAN ARTHUR DESSI,MANILA DOCTORS HOSPITAL,nan
ROSARIO YNA MARIE,SUPREME COURT,nan
ROXAS EVALYN,MANILA MEDICAL CENTER,nan
RUNEZ ELMER,SUPREME COURT,nan
SAHAGUN ANGELITO,PAGCOR,nan
SALAMAT SONIA,PHILIPPINE GENERAL HOSPITAL,nan
SALCEDO DOREEN,COURT OF APPEALS,nan
SALVADOR ROEHL,MANILA DOCTORS HOSPITAL,nan
SALVANA EDSEL,MANILA MEDICAL CENTER,nan
SAN LUIS JENIFFER,MANILA MEDICAL CENTER,nan
SANDIGAN HAZEL,MANILA DOCTORS HOSPITAL,nan
SANTELICES CHRISTINE,MANILA MEDICAL CENTER,nan
SANTIAGUEL JOEL,MANILA MEDICAL CENTER,nan
SARENAS JOSE,MANILA MEDICAL CENTER,nan
SISON JORGE,MANILA MEDICAL CENTER,nan
SOLANTE RONTGENE,MANILA MEDICAL CENTER,nan
SOLIS MA. ALYANNA KYSTAL,PASAY TERRITORIALS,nan
SOLIS ROBERTO,PASAY TERRITORIALS,nan
SORILLA JOSEPHINE,MANILA MEDICAL CENTER,nan
SUACO JANE,MANILA DOCTORS HOSPITAL,nan
SY RYAN,MANILA DOCTORS HOSPITAL,nan
TAGORDA ESTHER,COURT OF APPEALS,nan
TAN KRISELDA,PHILIPPINE GENERAL HOSPITAL,nan
TAN NEIL ALDEN,PHILIPPINE GENERAL HOSPITAL,nan
TAPPAN HOLIDAY,MANILA ADVENTIST MEDICAL CENTER,nan
TE BOB,MANILA MEDICAL CENTER,nan
TEO DENNIS,MANILA DOCTORS HOSPITAL,nan
TEVES JONNI,PHILIPPINE GENERAL HOSPITAL,nan
TIBAYAN CHRISTOPHER JOHN,MANILA DOCTORS HOSPITAL,nan
TING STEPHEN,"WEST ZAMORA, PANDACAN MANILA HC",nan
TOJINO KATRINA,MANILA ADVENTIST MEDICAL CENTER,nan
URETA RAIZA,MANILA MEDICAL CENTER,nan
UY JIM,PHILIPPINE GENERAL HOSPITAL,nan
VAJE CLARISSE,MANILA DOCTORS HOSPITAL,nan
VALERIO JOSEFINA EUGENE,VILLAMOR AIRBASE,nan
VARONA ANGELICA,MANILA DOCTORS HOSPITAL,nan
VARONA LINDA,MANILA ADVENTIST MEDICAL CENTER,nan
VICTORIA FRANCISCO,MANILA MEDICAL CENTER,nan
VILLALOBOS RALPH,PHILIPPINE GENERAL HOSPITAL,nan
VILLAMAR LAZARITO,SEAMENS HOSPITAL,nan
VILLANUEVA RUSSEL,MANILA DOCTORS HOSPITAL,nan
VISTA CELESTE ALDA,SUPREME COURT,nan
YU BEVERLY,MANILA MEDICAL CENTER,nan
YUGA ANN CAMILLE,MANILA MEDICAL CENTER,nan
ZAMORA MITHI KALAYAAN,MANILA MEDICAL CENTER,nan
ABDON ERIC,SAN JUAN MEDICAL CENTER,nan
ADRANEDA ADRIAN,CARDINAL SANTOS MEDICAL CENTER,nan
AFABLE ALEXANDER,CLINICA MANILA,nan
AFABLE MA LUISA,CLINICA MANILA,nan
AGCAOILI GERALD,THE MEDICAL CITY,nan
AGNO MAY,THE MEDICAL CITY,nan
AGUAS BIANCA,CARDINAL SANTOS MEDICAL CENTER,nan
AGUILING PATRICK ROSS,CLINICA MANILA,nan
ALCARAZ ELEEN,SAN JUAN MEDICAL CENTER,nan
ALFARAZ LIEZEL,TRI CITY HOSPITAL,nan
ALFONSO CONCEPCION,TRI CITY HOSPITAL,nan
ALMAZAR ROMEN,TRI CITY HOSPITAL,nan
ALONZO DANIEL,THE MEDICAL CITY,nan
ALORA PIERRE ALBERT,CARDINAL SANTOS MEDICAL CENTER,nan
ALVAREZ ARNOLD,S A ALVAREZ CLINIC,nan
ALVAREZ SALOME,S A ALVAREZ CLINIC,nan
ANDRANEDA ANGELO,CARDINAL SANTOS MEDICAL CENTER,nan
ANG MYRA,CITY HEALTH OFFICE MANDALUYONG,nan
ANG EVELYN,CARDINAL SANTOS MEDICAL CENTER,nan
ANTONIO JOSE RICO,HEALTHWAY SHANGRILA,nan
AQUINO EDUARDO THOMAS,VICTOR P POTENCIANO HOSPITAL,nan
AQUINO JUDE PAUL,SAN JUAN MEDICAL CENTER,nan
ARAGON RODNEY OLIVER,MEGA CLINIC,nan
ARBOLEDA EPRHAIM,CHSI,nan
ARIOLA MARY SHEILA,CARDINAL SANTOS MEDICAL CENTER,nan
ARMADA CASSANDRA,SAN JUAN MEDICAL CENTER,nan
ASTUDILLO RYAN PAUL,CARDINAL SANTOS MEDICAL CENTER,nan
BACAYANA ALLAN,THE MEDICAL CITY,nan
BAGADIONG ARTHUR,HEALTHCUBE EDSA SHAW,nan
BALAGTAS DOREEN,THE MEDICAL CITY,nan
BALAJADIA  RONAN,BALAJADIA CLINIC,nan
BALIGOD GENILOU LIV,VICTOR P POTENCIANO HOSPITAL,nan
BARICAN REGIELYN,GLOBALHEALTH,nan
BARLIN ANN KATLEEN,THE MEDICAL CITY,nan
BARROCAMO JANET,LIFE'SHOPE MEDICAL CLINIC,nan
BASA MARIA RONILLA,TRI CITY HOSPITAL,nan
BAUTISTA AGUSTIN,BAUTISTA CLINIC,nan
BERINGUEL AIRA,CARDINAL SANTOS MEDICAL CENTER,nan
BONTO EDGAR,TRI CITY HOSPITAL,nan
CABANGON MYL,TRI CITY HOSPITAL,nan
CALLE RONALD,TRI CITY HOSPITAL,nan
CAPUZ MARIA KAREN,THE MEDICAL CITY,nan
CARLOS MARIE AILEEN FRANCES,HEALTHWAY SHANGRILA,nan
CARPIO CARPIO,MEGA CLINIC,nan
CARTAGENA KAREL,MEGA CLINIC,nan
CASINO PHILIP,CASINO CLINIC,nan
CASTANEDA SAMANTHA,THE MEDICAL CITY,nan
CHAVEZ MARGARITA YSABEL,VICTOR P POTENCIANO HOSPITAL,nan
CHAVEZ CHRISTINE,THE MEDICAL CITY,nan
CHUA RACHEAL LEE,LEE MEDICAL CLINIC,nan
CHUA SHARAE,CHSI,nan
CHUA DENTON,HEALTHCUBE EDSA SHAW,nan
CHUA JENNIFER,CARDINAL SANTOS MEDICAL CENTER,nan
CHUA RYAN,CARDINAL SANTOS MEDICAL CENTER,nan
CHUA KRISTEL KARA,CARDINAL SANTOS MEDICAL CENTER,nan
CHUA LESTER BENJAMIN,CARDINAL SANTOS MEDICAL CENTER,nan
CHUI HAROLD,CARDINAL SANTOS MEDICAL CENTER,nan
CO JAMIE LYNN,CARDINAL SANTOS MEDICAL CENTER,nan
CO MARIA ELENA,PEDIACO CLINIC,nan
CO-CHANG STEPHANIE,CARDINAL SANTOS MEDICAL CENTER,nan
CO-DY LIM JOHANNA,CARDINAL SANTOS MEDICAL CENTER,nan
COBANKIAT JOCELYN,CARDINAL SANTOS MEDICAL CENTER,nan
COBARRUBIAS ARNOLD,ALFONSO HOPITAL,nan
COCJIN GERALD,COCJIN POLYCLINIC,nan
COMBATE JEANETTE,TRI CITY HOSPITAL,nan
COTAOCO CARMEL NICOLE,THE MEDICAL CITY,nan
CRUZ SHEIGEMI CARMELA,CROSSLIGHT CLINIC,nan
CRUZ NOEL,SAA HEALTH CARE,nan
CU HAZEL ANN GIANELLI,CARDINAL SANTOS MEDICAL CENTER,nan
CUENZA LUCKY,CARDINAL SANTOS MEDICAL CENTER,nan
CUEZON GAYLIL LU,LU CUEZON CLINIC,nan
DAYLO MICHELLE ANGELICA,VICTOR P POTENCIANO HOSPITAL,nan
DAZO MICHEAL EDMOND,THE MEDICAL CITY,nan
DE CHAVEZ MARICHU,CARDINAL SANTOS MEDICAL CENTER,nan
DE GUZMAN RONNEL,ST HANNAH CLINIC,nan
DE GUZMAN ROLANDO,THE MEDICAL CITY,nan
DE LEON RODERICO,ST HANNAH CLINIC,nan
DE LEON DONNAH,TRI CITY HOSPITAL,nan
DE LEON CESAR,THE MEDICAL CITY,nan
DE LEON JULIA,CARDINAL SANTOS MEDICAL CENTER,nan
DE QUIROS SYRINE,BAUTISTA CLINIC,nan
DE SAHAGUN ARDENELL,TRI CITY HOSPITAL,nan
DE VERA RONALDO,TRI CITY HOSPITAL,nan
DE VERA FREDERICK,MEGA CLINIC,nan
DEL ROSARIO AGNES,CARDINAL SANTOS MEDICAL CENTER,nan
DELA CRUZ WILFREDO,DELA CRUZ CLINIC,nan
DELA CRUZ LALAINE,SAN JUAN MEDICAL CENTER,nan
DELA CRUZ  MICHEAL ANTHONY,CARDINAL SANTOS MEDICAL CENTER,nan
DELA CRUZ CHRISTIAN,MYHEALTH CLINIC,nan
DELA FUENTE MARIA ISABEL,DELA FUENTE CLINIC,nan
DIAMPUAN JOHARA,HEALTHCUBE EDSA SHAW,nan
DIAZ CHRISTIAN JORDAN,SAN JUAN MEDICAL CENTER,nan
DIZON PATRICK,MEGA CLINIC,nan
DOMINGO NORBERT,TRI CITY HOSPITAL,nan
DUMAGPI RUSSEL,CHSI,nan
DWIGHT ALEJO,MEGA CLINIC,nan
DYCOCO LEAH ROSARIO,VICTOR P POTENCIANO HOSPITAL,nan
ENRIQUEZ PATRICK HENRY,THE MEDICAL CITY,nan
ESTANISLAO ERNEST SOLOMON,MEGA CLINIC,nan
ESTEBAN PRINCESS JOYCE,THE MEDICAL CITY,nan
ESTRELLA ANNE,CARDINAL SANTOS MEDICAL CENTER,nan
ESTRELLA PATRICIA,THE MEDICAL CITY,nan
FAUSTINO NOEL,SRDL MEDICAL CLINIC,nan
FAUSTINO GINA,SRDL MEDICAL CLINIC,nan
FERNANDEZ SERGIE PAUL CHRISTOFFER,CARDINAL SANTOS MEDICAL CENTER,nan
FLAVIER FELIMON,MARTELLINO CLINIC,nan
FLOR JAMIE,CARDINAL SANTOS MEDICAL CENTER,nan
FLORES SHARON,FLORES CLINIC,nan
FONTE JAY,ARDI MALINAO CLINIC,nan
FORTUNA MA. CLARISSA,THE MEDICAL CITY,nan
FRANCISCO MARIAN,CARDINAL SANTOS MEDICAL CENTER,nan
FRANCO JOSE JONATHAN,MEGA CLINIC,nan
GALANG CECILIA ANGELA,MEGA CLINIC,nan
GARCIA PHIL ASTLEY,VICTOR P POTENCIANO HOSPITAL,nan
GERMAR ARNOLD,THE MEDICAL CITY,nan
GOMEZ NEIL,MEGA CLINIC,nan
GUERRERO ADRIEL,ARDI MALINAO CLINIC,nan
GUITIERREZ HEATHER ABIGAIL,THE MEDICAL CITY,nan
HERNANDEZ JOSEFINO,MEGA CLINIC,nan
HERRADURA RENATO,ARDI MERCEDES CLINIC,63129.0
HUANG IVAN,ACE MANDALUYONG HOSPITAL,nan
INKEE MICHEAL,CARDINAL SANTOS MEDICAL CENTER,nan
ISADA PATRICIA,TRI CITY HOSPITAL,nan
JABSON JUSTIN IAN,TRI CITY HOSPITAL,nan
JALLORINA SHEREEN,SAN JUAN MEDICAL CENTER,nan
JARIN PETER SIMON,THE MEDICAL CITY,nan
LAGROSA RODIRECK,COUNTRYSIDE CLINIC,nan
LAM MICHAEL ANDEERSON,CARDINAL SANTOS MEDICAL CENTER,nan
LAZARO MARIA AURORA,THE MEDICAL CITY,nan
LEANO ANGELO,MEGA CLINIC,nan
LEDRES GRIZZELL,TRI CITY HOSPITAL,nan
LEE ARCHEMIDES,CLINICA MANILA,nan
LEE WILFREDO,LEE MEDICAL CLINIC,nan
LEH FREDERICK,CARDINAL SANTOS MEDICAL CENTER,nan
LEVERIZA ROSANNA MARIE,MEGA CLINIC,nan
LEYBAG BRIAN ALFRED,TRI CITY HOSPITAL,nan
LIPAYON DANIEL,HEALTHCUBE EDSA SHAW,nan
LIPAYON JULIE,HEALTHCUBE EDSA SHAW,nan
LLANES GARCIA LIZA,THE MEDICAL CITY,nan
LLORIN RYAN,OPAT PH,nan
LOPEZ JOSEPH AUGUSTUS,THE MEDICAL CITY,nan
MACABEO MINERVA,TRI CITY HOSPITAL,nan
MACALLA JOSEPH,TRI CITY HOSPITAL,nan
MALABAG LERMA,VICTOR P POTENCIANO HOSPITAL,nan
MALAHITO ROWALD REY,CARDINAL SANTOS MEDICAL CENTER,nan
MALTEZO ROMELINE,MEGA CLINIC,nan
MANALASTAS BAYANI,ZULAYBAR CLINIC,nan
MANGAHAS CLAUDETTE,CARDINAL SANTOS MEDICAL CENTER,nan
MANGIUAT MIGUEL,ALFONSO HOPITAL,nan
MANIBOG EMMA,MANIBOG CLINIC,nan
MAPUE MARIANITO,HEALTHCUBE EDSA SHAW,nan
MARIANO REYNALDO,CHSI,nan
MASANGKAY HERMOGENES,THE MEDICAL CITY,nan
MAYA EN MARK ANTHONY,ALFONSO HOPITAL,nan
MENDOZA MYRNA,CARDINAL SANTOS MEDICAL CENTER,nan
MENDOZA NORMAN,THE MEDICAL CITY,nan
MERCADO MARI CRIS,TRI CITY HOSPITAL,nan
MIRALLES BUN PAUL,SAN JUAN MEDICAL CENTER,nan
NAPI ANGELO,SAN JUAN MEDICAL CENTER,nan
NAVALTA MICHEAL EDWARD,VICTOR P POTENCIANO HOSPITAL,nan
NAVARRO PAMELA,TRI CITY HOSPITAL,nan
NG BERNARD,CARDINAL SANTOS MEDICAL CENTER,nan
NONIFARA JUSTIN,MEGA CLINIC,nan
OCONER NINO GIL,CARDINAL SANTOS MEDICAL CENTER,nan
OIGA  LEA STEPHANIE,TRI CITY HOSPITAL,nan
OLMO BERNADETTE,TRI CITY HOSPITAL,nan
ONG JOHNNY,MEGA CLINIC,nan
ORDONEZ NEPTHALIE,VICTOR P POTENCIANO HOSPITAL,nan
PACIO AMADO,CARDINAL SANTOS MEDICAL CENTER,nan
PAJARILLO CARLITO,STO ROSARIO CLINIC,nan
PANGILINAN PERCIVAL,CARDINAL SANTOS MEDICAL CENTER,nan
PASAMANTE JANE ANGELIE,TRI CITY HOSPITAL,nan
PASAY MELVIN,TRI CITY HOSPITAL,nan
PASCUAL VICTORIA,THE MEDICAL CITY,nan
PE GERARDO,PULMO MED,nan
PERALTA MARK,ACE MANDALUYONG HOSPITAL,nan
PIOQUINTO KHLAIRE,PIOQUINTO CLINIC,nan
PONUC ROBERT,CLINICA MANILA,nan
PORQUEZ JOHN MICHEAL,CARDINAL SANTOS MEDICAL CENTER,nan
PUJALTE BENIGNO,CLINICA MANILA,nan
PUNSALAN RENE,CARDINAL SANTOS MEDICAL CENTER,nan
QUE FLORENTINO MARY HARMONY,THE MEDICAL CITY,nan
RAMIREZ MARK AUSTIN,TRI CITY HOSPITAL,nan
RAMOS RUSSEL,TRI CITY HOSPITAL,nan
RAMOS JUSTIANO,ALFONSO HOPITAL,nan
RAMOS RODNEY MARC,CARDINAL SANTOS MEDICAL CENTER,nan
RAMOS HANZ,THE MEDICAL CITY,nan
RECIO CESAR,TRI CITY HOSPITAL,nan
REGALADO JOSEPH JUSTIN,CARDINAL SANTOS MEDICAL CENTER,nan
REJANO TEODERICO,SAN JUAN MEDICAL CENTER,nan
RELOJ NEVA JEAN,TRI CITY HOSPITAL,nan
REYES RICHMOND,CARDINAL SANTOS MEDICAL CENTER,nan
RIGOR ZENAIDA,RIGOR CLINIC,nan
ROAQUIN LILIAN,ROAQUIN CLINIC,nan
ROBLES RUBY,THE MEDICAL CITY,nan
RODRIGUEZ MARIA ELENA,SAN JUAN MEDICAL CENTER,nan
RUEDA RIZA,RUEDA CLINIC,nan
RUIZ ROSENEE,PULMO MED,nan
SALANDANAN PAUL,CARDINAL SANTOS MEDICAL CENTER,nan
SALES ALFREDO,MEGA CLINIC,nan
SAMSON AURELIO,TRI CITY HOSPITAL,nan
SANCHEZ IRENE,SANCHEZ CLINC,nan
SANCHEZ RAPHEAL,CHSI,nan
SANCHEZ LEMUELL KARLA,CARDINAL SANTOS MEDICAL CENTER,nan
SANTIAGO TERESITA CELESTINA,CARDINAL SANTOS MEDICAL CENTER,nan
SANTOS RONALD,TRI CITY HOSPITAL,nan
SARTE MICHEAL EDMOND,THE MEDICAL CITY,nan
SERENCIO GLENDA,MY HEALTH,nan
SIAPNO MELANIE,MEGA CLINIC,nan
SILOS MANUEL HECTOR,THE MEDICAL CITY,nan
SIY PATRICK,CARDINAL SANTOS MEDICAL CENTER,nan
SO MARK JOSEPH,HEALTHCUBE EDSA SHAW,nan
SOLANO MADELLE,MYHEALTH CLINIC,nan
SONGCO ESPERANZA MARIE,THE MEDICAL CITY,nan
STA MARIA  MARK ANTHONY,CARDINAL SANTOS MEDICAL CENTER,nan
SUGUITAN DANILO,PASIG CLINIC,nan
SY SHERWIN,CARDINAL SANTOS MEDICAL CENTER,nan
SY-MONSALUD ARLENE DIANA,HEALTHWAY SHANGRILA,nan
TABANDA SUZETTE,CASINO CLINIC,nan
TADY CECIL,CARDINAL SANTOS MEDICAL CENTER,nan
TADY BENEDICT MARIO,CARDINAL SANTOS MEDICAL CENTER,nan
TAMON VICENTE,CASINO CLINIC,nan
TAMONDONG HILARIO,ARDI MALINAO CLINIC,nan
TAN KATRINA,TRI CITY HOSPITAL,nan
TAN FREDERICK,TRI CITY HOSPITAL,nan
TAN VIRGINA ANTHEA,TRI CITY HOSPITAL,nan
TAN-RAMOS KRISTINE CATHERINE,HEALTHWAY SHANGRILA,nan
TAPAT EMMA JOEY,MYHEALTH CLINIC,nan
TEANO REYMUNDO,MEGA CLINIC,nan
TEANO ARCELIE,MEGA CLINIC,nan
TECSON GINA,CARDINAL SANTOS MEDICAL CENTER,nan
TOMAS ESTHER FREDELYN,THE MEDICAL CITY,nan
TUANO MARIA CHRISTINA,HEALTHWAY SHANGRILA,nan
TUBIG CATHERINE JOY,CARDINAL SANTOS MEDICAL CENTER,nan
UY ERNESTO,CARDINAL SANTOS MEDICAL CENTER,nan
UY ALMERA,CARDINAL SANTOS MEDICAL CENTER,nan
UY ANN MA. RICA,THE MEDICAL CITY,nan
UY ERNESTO JR,CARDINAL SANTOS MEDICAL CENTER,nan
VALDEZ CRISTELLE,THE MEDICAL CITY,nan
VALDEZ SHERRIELYN,CARDINAL SANTOS MEDICAL CENTER,nan
VELORO LYRA,THE MEDICAL CITY,nan
VICENTE FREDERICK,HEALTHWAY SHANGRILA,nan
VILLAGONZAGO CANDELARIA,SAN JUAN MEDICAL CENTER,nan
VILLANUEVA JOSE CARLO MIGUEL,CARDINAL SANTOS MEDICAL CENTER,nan
YAP THERESE PAULINE,CARDINAL SANTOS MEDICAL CENTER,nan
YU FRANKLIN,CARDINAL SANTOS MEDICAL CENTER,nan
ZAFRA MARIO ADRIAN,VICTOR P POTENCIANO HOSPITAL,nan
ZULAYBAR JEREMY,ZULAYBAR CLINIC,nan
AGUILAR  EMMA,Aguilar Medical clinic,nan
AGUINALDO ROSELLIE,Dasmarinas City Medical Ctr.,nan
ALONSAGAY MARYAN,Fabella-Narciso Maternity and Medical Clinic,nan
AMAGUIN AMY GRACE,Farmacia Nonato and Gen. Merchandise,nan
AMAN ERICKA,Pamposa Lying In,nan
ANDAYA SHEENA,Gen. Trias Doctor's,nan
ANGELES MAY JOAN,Gen. Trias Doctor's,nan
AQUINO CATHERINE,Nenita Lying In,nan
AQUINO CARMEN,Bernardo Lying In,nan
ARCINO MARILOU,Good Pharma Diagnostic and Pharmacy,nan
ARZADON SARAH JANE,Xenia's women Health OB Gyne,nan
AUSTRIA ALICE,Potente lying In,nan
BALALTA ANA MARIE,Balalta Clinic,nan
BALALTA KAREN,Balalta Clinic,nan
BALALTA KATRINA,Balalta Clinic,nan
BALLADO ROBERTSON,Black Nazarene Medical clinic,nan
BANTOLINAO FELICIDA,Rosal Medical Clinic,nan
BARCELON ARNOLD,Silverio- Batoc Lying In,nan
BARCELON MARY JANE,Silverio- Batoc Lying In,nan
BAROSO SARA JANE,BAROSO CLINIC,nan
BARROGA GEZZEL,Cavite East Asia Medical Ctr.,nan
BATOC MARION,Silverio- Batoc Lying In,nan
BONTO JEAN,HEALTHFORT CLINIC,nan
CABERIC FRANCES,Affordacare Clinic,nan
CADIS ROYCE,Potente lying In,nan
CASTRO TEOTIMO,Doc Mac Pediatric Clinic,nan
CHAVEZ GOPI KRISHNA,Virata Clinic,nan
CIANO CHEENA,HealthFort Adult And Pedia Clinic,nan
CONDE CHARLENE,Affordacare Clinic,nan
CORPUZ JOAN,Kalinisan De Taza Medical Clinic,nan
DE TAZA ANGELITA,Kalinisan De Taza Medical Clinic,nan
DE TAZA EMILIO,Kalinisan De Taza Medical Clinic,nan
DE TAZA MARLON,Silverio- Batoc Lying In,nan
DEL ROSARIO KC,Bagong Buhay Lying In,nan
DEOPIDO MYRNA,Bagong Buhay Lying In,nan
DEOPIDO  SHARIS,Bagong Buhay Lying In,nan
DIZON JANICE,Cavite East Asia Medical Ctr.,nan
ESGUERRA ZAIRA,HealthFort Adult And Pedia Clinic,nan
ESTABILLO AILEEN,Sto.Nino de Molino Adult and Pedia Clinic,nan
EVANGELISTA NELIA,Dasmarinas City Medical Ctr.,nan
FABELLA-NARCISO CHARLENE,Fabella-Narciso Medical and Maternity Clinic,nan
FALLE MARLYN,LTP Lying In,nan
FILIPINO LESLY,MV santiago Hospital,nan
GABILO LANI,Cavite East Asia Medical Ctr.,nan
GALIDO KAY,La Nina Medical Clinic,nan
GAMEZ LEI MARK,MV santiago Hospital,nan
GLIOCAM WILMA,First Option Medical Clinic,nan
GONZAGA GRACE,Doc Mac Pediatric Clinic,nan
GUEVARA DESIREE,Potente lying In,nan
GUTAY LAWRENCE,LBG Medical clinic,nan
HAO JAN PERCIVAL,Affordacare Clinic,nan
IDEA JENNY LYN,Gen. Trias Doctor's,nan
IDOR CARRISMA,Cavite East Asia Medical Ctr.,nan
IRAL ANJANETTE,South Imus Specialist Hospital,nan
LANDAZABAL ROLDAN,Kalinisan Medical Clinic,nan
LINGA JERICK,Kalinga Medical Clinic,nan
LUMUBOS LIZZA,South Imus Specialist Hospital,nan
MABAGA JOAN,South Imus Specialist Hospital,nan
MAZON THEA GWEN,SAIL Clinic Trece,nan
MEDINA MARTIN ANTONIO,MV santiago Hospital,nan
MENDOZA RENATO,Bubbles Medical And Lying In Clinic,nan
MONTECALVO VICTOR GALIDO,La Nina Medical Clinic,nan
NEIMANN DIANA LORRAINE,Xenia's women Health OB Gyne,111314.0
ORTEL KRISTEL,LTP Lying In,nan
OWAY RADITO,TUATIS Medical Clinic,nan
PALIT DELA CRUS DARWIN JAY,A. Dela Cruz Hospital,nan
PAMPOSA AMY,A.R Pamposa,nan
PAMPOSA PEARL,Pamposa Lying In,nan
PANGHULAN ALDEE,Potente lying In,nan
PASTRANA FRITZ,HealthFort Adult And Pedia Clinic,nan
PATRICIO-VALLE MARIA ESTELLA,Cavite East Asia Medical Ctr.,nan
POTENTE JENICA,Potente lying In,nan
QUIMBOY ROSEL,Dasmarinas City Medical Ctr.,nan
RAJAC HANNAH MAE,LTP Lying In,nan
RAMOS NENITA,Nenita Lying In,nan
REBANCOS LIGAYA,Dasmarinas City Medical Ctr.,nan
REPIL FRANCIS,MV santiago Hospital,nan
ROGACION MARCELA,Gen. Trias Doctor's,nan
ROQUE LOVELY PRINCESS,Potente lying In,nan
SALVIO-REBANCOS JOYCE,South Imus Specialist Hospital,nan
SASUCA GAIL,Sasuca Medical Clinic,nan
SAYAMAN MARIEL,A. Dela Cruz Hospital,nan
SELODIO ERWIN,Fabella-Narciso Medical and Maternity Clinic,nan
SERANILL0 JESUSA,Gen. Trias Doctor's,nan
SERANILLO JESUSA,Cavite East Asia Medical Ctr.,nan
SOLOMON JOYCE,Potente lying In,nan
SULIAN LUCITA,Dasmarinas City Medical Ctr.,nan
TALADRO DALISAY,LTP Lying In,nan
TANAY MAICEL,HealthFort Adult And Pedia Clinic,nan
TIANZON MARIVIC,LTP Lying In,nan
TORREPALMA ANNABELLE,LTP Lying In,nan
VEDAN-BAYOT MAREGINE,Dasmarinas City Medical Ctr.,nan
VILLANUEVA ZARAH,Dasmarinas City Medical Ctr.,nan
VILLANUEVA  MELANIE,Cavite East Asia Medical Ctr.,nan
VILLENA JOSEPHINE,Sto.Nino de Molino Adult and Pedia Clinic,nan
VILLENA JANE,Sto.Nino de Molino Adult and Pedia Clinic,237218006.0
ABDON CARL ERIK,San Juan Medical Clinic,nan
ABERGAS HONEY,Mandaluyong City Medical Center,nan
ADAP MERRY DAY,Cardinal Santos Medical Clinic,nan
ADDATU DOMINGO,Cardinal Santos Medical Clinic,nan
AFABLE MA. LUISA,Clinica Manila,nan
ALABA-COMANDANTE EVAN ANGELI,Cardinal Santos Medical Clinic,nan
ALCARAZ ELEEN,San Juan Medical Clinic,nan
ALORA PIERRE ALBERT,Cardinal Santos Medical Clinic,nan
AMBA NEIL FRANCIS,Clinica Manila,nan
ANG MYRA,Mandaluyong City Health Office,nan
ANG   EVELYN,Cardinal Santos Medical Clinic,nan
ANG ERNESTO,Cardinal Santos Medical Clinic,nan
APELIN VINCENT NINO,Clinica Manila,nan
AQUINO PAUL JUDE,San Juan Medical Clinic,nan
AQUINO EDUARDO THOMAS,VRP Medical Center,nan
ARBOLEDA EPHRAIM,"CHSI (Center of Health Services, Inc.)",nan
AREVALO SIDNEY,San Miguel Corporation,nan
ARMADA CASANDRA,San Juan Medical Clinic,nan
ASTUDILLO RYAN PAUL,Cardinal Santos Medical Clinic,nan
AUGUIS JOEL,Cardinal Santos Medical Clinic,nan
BAGADIONG ARTURO,Health Cube Medical Clinic - Shaw,nan
BALANSAG JOANNE,The Medical City - Sm Light,nan
BALTEJAR LISA MARIE,The Medical City - Santolan Town Plaza,nan
BARCELON-CRUZ MARIE,VRP Medical Center,nan
BARICAN REGIELYN,"Global Health Diagnostic, Inc.",nan
BAUTISTA J. ANTONIO,Cardinal Santos Medical Clinic,nan
BERINGUEL AIRA,MyHealth Clinic,nan
BONTO-SANTOS EDGAR II,VRP Medical Center,nan
BUENAVENTURA RUTH,Mandaluyong City Medical Center,nan
CARLOS MARIE AILEEN FRANCES,Healthway Shangrila,nan
CARPIO CARLO,MegaClinic,nan
CARREON ANDREW ANGELO,Cardinal Santos Medical Clinic,nan
CASINO PHILIP,Casiño Medical Clinic,nan
CASTILLO LENNIE,Cardinal Santos Medical Clinic,nan
CASTILLO MICHELLE,NCMH (National Center of Mental Health),nan
CATAGENA KAREL,MegaClinic,nan
CATALAN FRANCIS,MyHealth Clinic,nan
CHAVEZ ISRAEL,VRP Medical Center,nan
CHENG FREDERICK,Cardinal Santos Medical Clinic,nan
CHOA RICKY,Cardinal Santos Medical Clinic,nan
CHU SHIH,"Global Health Diagnostic, Inc.",nan
CHUA DENTON,Health Cube Medical Clinic - Shaw,nan
CHUA JEFFREY,Cardinal Santos Medical Clinic,nan
CHUA JEZREEL,Cardinal Santos Medical Clinic,nan
CHUI HAROLD HENRISON,Cardinal Santos Medical Clinic,nan
CLARITO LOVELLE EUNICE,NCMH (National Center of Mental Health),nan
COBANKIAT RADCLIFF LLOYD,Cardinal Santos Medical Clinic,nan
COBANKIAT JOCELYN,Cardinal Santos Medical Clinic,nan
CONCEPCION CRISTINA,Mandaluyong City Medical Center,nan
CORPUS ELIJAH JUNIEL,Maxicare - San Juan,nan
CRUEL GEORGE LUCIO,Casiño Medical Clinic,nan
CRUZ ROCHELLE REGINA,Cardinal Santos Medical Clinic,nan
CRUZ RITCHE,VRP Medical Center,nan
CRUZ-ANACLETO MARIA ANGELA,Cardinal Santos Medical Clinic,nan
CU HAZEL ANN GIANELLI,Cardinal Santos Medical Clinic,nan
CUENZA LUCKY,Cardinal Santos Medical Clinic,nan
CURIANO RALPH,Clinica Manila,nan
DAYO ALFRED MATTHEW,VRP Medical Center,nan
DE GUZMAN AMALIA,De Guzman Medical Clinic,nan
DELA CRUZ CHRISTIAN,MyHealth Clinic,nan
DELA CRUZ LALAINE,San Juan Medical Clinic,nan
DELA CRUZ MICHAEL ANTHONY,Cardinal Santos Medical Clinic,nan
DELA FUENTE MA. ISABEL,Dela Fuente Medical Clinic,nan
DELA PAZ CECILLE,VRP Medical Center,nan
DELA RAMA SUSAN,Cardinal Santos Medical Clinic,nan
DELIZO HENNANDO,Clinica Manila,nan
DIAMPUAN JOHARAH,Health Cube Medical Clinic - Shaw,nan
DIAZ JOAN KRISTINA,The Medical City - Sm Light,nan
DIAZ CHRISTIAN JORDAN,San Juan Medical Clinic,nan
DIPASUPIL LORNA,NCMH (National Center of Mental Health),nan
DIZON ALFRED,St. Francis Square Clinic,117542.0
DIZON ERWIN,Cardinal Santos Medical Clinic,nan
DON MARIA ROWENA,Cardinal Santos Medical Clinic,nan
DUMAGPI RUSSEL,San Miguel Corporation,71992.0
ENCABO REGIDOR,Cardinal Santos Medical Clinic,nan
FANG MARK DAVID,Cardinal Santos Medical Clinic,nan
FERNANDEZ MARGARET,Health Cube Medical Clinic - Shaw,nan
FERNANDEZ MICHELLE JOYCE,Cardinal Santos Medical Clinic,nan
FERRER GERARD,MegaClinic,nan
FLORES GIAN PAULO,VRP Medical Center,nan
FOJAS MIA,San Miguel Corporation,nan
FONTE JAY,San Miguel Corporation,nan
GALANG CECILIA ANGELA,Cardinal Santos Medical Clinic,nan
GALVEZ LORIELLE MARIE,Cardinal Santos Medical Clinic,nan
GARCIA ALEYA,Cardinal Santos Medical Clinic,nan
GARRIDO ROY,Healthway Shangrila,nan
GATMALTAN ALFREDO,VRP Medical Center,nan
GERONIMO MARK LEO,San Miguel Corporation,nan
GO RUBY,Cardinal Santos Medical Clinic,nan
GO MARY,Cardinal Santos Medical Clinic,nan
GOMEZ NEIL,MegaClinic,nan
ILAGAN-VEGA KAREN CELINE,VRP Medical Center,nan
ISHIWATA GRISELDA,Highway Hills Health Center,nan
JACER EDITHA,Cardinal Santos Medical Clinic,nan
JALLORINA SHEREEN,San Juan Medical Clinic,nan
JAVELLANA OFELIA,Cardinal Santos Medical Clinic,nan
JULIAN ROY,Mandaluyong City Health Office,nan
KASILAG ALDRIN,San Miguel Corporation,nan
LEE ARCHIMEDES,Clinica Manila,nan
LEE WILFREDO,Lee Medical Clinic,nan
LEE-CHUA RACHEL,Lee Medical Clinic,nan
LEVERIZA ROSANNA MARIA,MegaClinic,nan
LEYVA MARGARITA,Leyva Medical Clinic,nan
LINTAG MARILOU,Healthway Shangrila,nan
LIO RIZZA ANN,VRP Medical Center,nan
LIPAYON DANIEL JUDE,Health Cube Medical Clinic - Shaw,nan
LIPAYON JULIE ANNE,Health Cube Medical Clinic - Shaw,nan
LONTOC ANTHONY,Cardinal Santos Medical Clinic,nan
LOPEZ ELEANOR,Cardinal Santos Medical Clinic,nan
LUZANO RIVA,Maxicare - San Juan,nan
MACASPAC JANINE BEA0,Cardinal Santos Medical Clinic,nan
MALIXI JERNELL,Cardinal Santos Medical Clinic,nan
MALLILLIN JOHANNA LOURDES,Maxicare - San Juan,nan
MALTEZO ROMELAINE,MegaClinic,nan
MANGAY MA. REGINA,VRP Medical Center,nan
MAPUE MARIANITO,Health Cube Medical Clinic - Shaw,nan
MARCELO MA. CONCEPCION,Cardinal Santos Medical Clinic,nan
MARCELO JOSEPHINE,The Medical City - Shaw,nan
MARIANO REYNALDO,"CHSI (Center of Health Services, Inc.)",nan
MARIANO RAMON,VRP Medical Center,nan
MARZAN GEORLENE KIARA,MegaClinic,nan
METRA JON ERVYN,Cardinal Santos Medical Clinic,nan
MIRALLES BUN PAUL,San Juan Medical Clinic,nan
MIRANDA MARK,Health Cube Medical Clinic - Shaw,nan
MIRANDA ARIEL,Cardinal Santos Medical Clinic,nan
MUNOZ RALMOND,VRP Medical Center,nan
NBAPI ANGELO,San Juan Medical Clinic,nan
NOCHE ROSELLA,VRP Medical Center,nan
NONIFARA JESTYN LEIGH,MegaClinic,nan
NOOR JALELLAH,The Medical City - Santolan Town Plaza,nan
ONG JOHNNY,MegaClinic,nan
ONG ERIC,Casiño Medical Clinic,nan
ONG LOPEZ ALBERT MACAIRE,Cardinal Santos Medical Clinic,nan
ORTICIO JAMILA,Cardinal Santos Medical Clinic,nan
OYEK JENNILYN,Cardinal Santos Medical Clinic,nan
PALAFOX-PORQUEZ CHARMAINE MARTHA,Cardinal Santos Medical Clinic,nan
PARAAN EVELYN,MegaClinic,nan
PASCUAL VENNETH,Heart of Jesus Mary,nan
PATROCINIO MIGUEL,San Miguel Corporation,nan
PAWHAY CHRISTIAN MICHAEL,VRP Medical Center,nan
PAYAWAL OSCAR,Cardinal Santos Medical Clinic,nan
PE GERARDO,PulmoMed Xray and Diagnostic Clinic,nan
PEIG ARLENE,MegaClinic,nan
PONOC ROBERT,Clinica Manila,nan
PRINCIPE  CELEDINIO JR.,Cardinal Santos Medical Clinic,nan
QUIZON LENDRY,Cardinal Santos Medical Clinic,nan
RAMIREZ DANIVIC,MyHealth Clinic,nan
RAMIREZ MARIA JOSEFINA,The Medical City - Santolan Town Plaza,nan
RAMOS ROMULO,Cardinal Santos Medical Clinic,nan
RECIO ALMA GATCHALIAN,VRP Medical Center,nan
REGALADO JOSEPH JUSTIN,Cardinal Santos Medical Clinic,nan
REJANO TEORITO,San Juan Medical Clinic,nan
RELATO CO-NEIL,VRP Medical Center,nan
REYES MARTIN LUIS,Maxicare - San Juan,nan
REYES RICHMOND,Cardinal Santos Medical Clinic,nan
RODRIGUEZ MA. ELENA,San Juan Medical Clinic,nan
ROMANO ARNEL,MegaClinic,nan
ROXAS BYRON CLAUDE,The Medical City - Santolan Town Plaza,nan
RUIZ ROALD JASON,PulmoMed Xray and Diagnostic Clinic,nan
RUIZ ROSENEE,Mandaluyong City Medical Center,nan
SALAZAR-SUPE MYLA,MegaClinic,nan
SANCHEZ RAFAEL,"CHSI (Center of Health Services, Inc.)",nan
SANDOVAL VINHCENT,VRP Medical Center,nan
SANTOS ANNE GRETCHEN,Health Cube Medical Clinic - Shaw,nan
SANTOS LOURDES ELLA,Cardinal Santos Medical Clinic,nan
SAPANG BUENA,Cardinal Santos Medical Clinic,nan
SEE PRECIOUS,Cardinal Santos Medical Clinic,nan
SERENCIO GLENDA,Healthway Shangrila,nan
SIAO RIA MARI,Cardinal Santos Medical Clinic,nan
SIAPNO MELANIE,MegaClinic,nan
SIY PATRICK,Cardinal Santos Medical Clinic,nan
SO   MARC JOSEF,Health Cube Medical Clinic - Shaw,nan
SOLANO MADELLE,MyHealth Clinic,nan
SULIT DENNIS JOSE,Cardinal Santos Medical Clinic,nan
SY   ROSA ALLYN,Cardinal Santos Medical Clinic,nan
SY   SHERWIN,Cardinal Santos Medical Clinic,nan
SY RODY,Cardinal Santos Medical Clinic,nan
SY JONATHAN BENNETT,Cardinal Santos Medical Clinic,nan
SY-MONSALUD ARLENE DIANA,Healthway Shangrila,nan
TABORA JOEBETH,Cardinal Santos Medical Clinic,nan
TADY KATHLLEEN,MyHealth Clinic,nan
TAMON VINCENT,Casiño Medical Clinic,nan
TAN   REAGAN,The Medical City - Sm Light,nan
TAN JAMES,Cardinal Santos Medical Clinic,nan
TAN JAMES AARON,Cardinal Santos Medical Clinic,nan
TAN CHERRY,NCMH (National Center of Mental Health),nan
TAN-LIM DIANNE DANIELLE,Cardinal Santos Medical Clinic,nan
TAN-RAMOS KRISTINE CATHERINE,Healthway Shangrila,nan
TAPAT EMMA JOEY,MyHealth Clinic,nan
TEANO RAYMUNDO,MegaClinic,nan
TERMULO MA. THERESA,Mandaluyong City Medical Center,nan
TUANO NOBERTO,MegaClinic,nan
UY ERNESTO JR.,Cardinal Santos Medical Clinic,nan
UY ERNESTO SR.,Cardinal Santos Medical Clinic,nan
VALDEZ SHERIELYN,Cardinal Santos Medical Clinic,nan
VICENTE FREDERICK,Healthway Shangrila,nan
VILLAGONZALO ANGELICA,San Juan Medical Clinic,nan
VILLAMIEL KATRINA,The Medical City - Sm Light,nan
VINASOY NICO,Maxicare - San Juan,nan
WONG JAMES BERNARD,Mandaluyong City Medical Center,nan
YPIL RAUL,Heart of Jesus Mary,nan
YU VENUS,San Miguel Corporation,nan
ZULAYBAR JEREMY,Heart of Jesus Mary,nan
ACALA REBETHIA,LTO DOCTORS,nan
ACHARON LEOVINO,ADVENTIST HOSPITAL PALAWAN,111446.0
ACOSTA KAREN,JOMARI BUILDING,nan
AGNI RUEL,ADVENTIST HOSPITAL PALAWAN,108336.0
ALCUIZAR RIENA AIZA,SAGRADO HOSPITAL,nan
ALDABA  RAYMUND DAN,CITY HEALTH OFFICE,nan
ALFARO RIGIDOR,MMG-MEDICAL PLAZA,nan
ANDAL APRILRHIEBOY,MMG-MEDICAL PLAZA,nan
ARALAR EDMUNDO,PUERTO PRINCESA CITY TERRITORIALS,nan
ATENCIO MICHEAL JOHN,ADVENTIST HOSPITAL PALAWAN,nan
AYON MARITES,OSPITAL NG PALAWAN,116127.0
BANIQUIED ARZEEH JOY,ADVENTIST HOSPITAL PALAWAN,nan
BATONGBAKAL MICHEAL,OSPITAL NG PALAWAN,nan
BAUTISTA JOSE MARIE,PUERTO PRINCESA CITY TERRITORIALS,68082.0
BELLOSILLO FEMAE LOVE,ADVENTIST HOSPITAL PALAWAN,nan
BERBA EIMEE JOY,OSPITAL NG PALAWAN,nan
BERNABE JOHN MARVIN,MMG-MEDICAL PLAZA,nan
BUENA HAZEL,ADVENTIST HOSPITAL PALAWAN,95095.0
CAABAY ROSEANNE AMARIS,ADVENTIST HOSPITAL PALAWAN,nan
CANDUG JENINA SANDRA,CITY HEALTH OFFICE,nan
CASTANEDA JOHANN,MMG-MEDICAL PLAZA,105147.0
CASTILLO PAUL,MMG-MEDICAL PLAZA,93743.0
CATACUTAN GERARD,"PALAWAN MEDICAL CITY, INC.",nan
CATHERINE HERNANDEZ,ADVENTIST HOSPITAL PALAWAN,nan
CHUA LORAINE,"PALAWAN MEDICAL CITY, INC.",nan
CHUA-YAP ARCHIE,"PALAWAN MEDICAL CITY, INC.",9011.0
CLEOFAS ARMIE,OSPITAL NG PALAWAN,96998.0
CORRO ANN,CITY HEALTH OFFICE,nan
CUECAHO JANETH,OSPITAL NG PALAWAN,nan
CUIZON JEANNETTE,MMG-MEDICAL PLAZA,nan
CURA JONAS,RIO TUBA NICKEL FOUNDATION INC HOSPITAL,78135.0
DAKILA VINE VILLAN,ADVENTIST HOSPITAL PALAWAN,nan
DALINGDING KAREN ANN,ADVENTIST HOSPITAL PALAWAN,nan
DE LARA JESSELITO,MMG-PPC COOPERATIVE HOSPITAL,68918.0
DE LEON ROMMEL,RIO TUBA NICKEL FOUNDATION INC HOSPITAL,nan
DEL RIO JR. JUAN,ADVENTIST HOSPITAL PALAWAN,111755.0
DELA BAJAN CARL VINZON,MMG-MEDICAL PLAZA,12561.0
DELA BAJAN RIZA CORNEL,MMG-MEDICAL PLAZA,nan
DELA PASION RENAN,RIO TUBA NICKEL FOUNDATION INC HOSPITAL,nan
DELA TORRE DEN,RIO TUBA NICKEL FOUNDATION INC HOSPITAL,nan
DELEON DANIEL,CITY HEALTH OFFICE,65516.0
DELOS SANTOS LAARNI,MMG-MEDICAL PLAZA,nan
DEMEGILLO EMERY,"PALAWAN MEDICAL CITY, INC.",8774.0
DEMEGILLO FE JOAN,MMG-MEDICAL PLAZA,92305.0
DIONELA ANN JELIKA,CITY HEALTH OFFICE,nan
DOLORSO TONI MAR,SAGRADO HOSPITAL,nan
EMPENO EUNICE,ADVENTIST HOSPITAL PALAWAN,nan
ESTIMAR RUTH,ADVENTIST HOSPITAL PALAWAN,105955.0
FAVILA JR.  ARNALDO,ADVENTIST HOSPITAL PALAWAN,111331.0
FLORES JOANNA,"PALAWAN MEDICAL CITY, INC.",88037.0
FRANCHIA JOSE EMMANUEL,MMG-MEDICAL PLAZA,nan
FUERTES JOEL,PUERTO PRINCESA CITY TERRITORIALS,51623.0
GAAN-CASTIGADOR ARLYN,MMG-MEDICAL PLAZA,85661.0
GACITA-LLAGAN SUZANE MARIE,ADVENTIST HOSPITAL PALAWAN,0.0
GEMARINO RUTH ANNE,ADVENTIST HOSPITAL PALAWAN,nan
GEMARINO JEREMIAH BUTCH,ADVENTIST HOSPITAL PALAWAN,85661.0
GENERIC 10,GENERIC,nan
GENERIC 2,GENERIC,nan
GENERIC 3,GENERIC,nan
GENERIC 4,GENERIC,nan
GENERIC 5,GENERIC,nan
GENERIC 6,GENERIC,nan
GENERIC 7,GENERIC,nan
GENERIC 8,GENERIC,nan
GENERIC 9,GENERIC,nan
GEPAYA CYNIE,ADVENTIST HOSPITAL PALAWAN,78023.0
GOH CRUZ JOSEFINA,"PALAWAN MEDICAL CITY, INC.",69030.0
HERMOSO EARL KEVIN,ADVENTIST HOSPITAL PALAWAN,nan
HERRERA EUNICE,CITY HEALTH OFFICE,nan
HILAO MARIA ANGELI,OSPITAL NG PALAWAN,nan
LADICA VICK ROLAND,MMG-MEDICAL PLAZA,nan
LAGAN MARY SHAYREL,ADVENTIST HOSPITAL PALAWAN,nan
LAPENA GRACE,ADVENTIST HOSPITAL PALAWAN,nan
LAZO METODIO,MMG-MEDICAL PLAZA,nan
LAZO HUMBELINA,MMG-MEDICAL PLAZA,nan
LIM KENNETH WILSON,ADVENTIST HOSPITAL PALAWAN,nan
LIM LUWALHATI SARAH,ADVENTIST HOSPITAL PALAWAN,nan
MABALOT ALDO REY,RIO TUBA NICKEL FOUNDATION INC HOSPITAL,84160.0
MACALINTAL ALAN DENNIS,"PALAWAN MEDICAL CITY, INC.",75780.0
MACARANAS MILDY,LEONCIO GENERAL HOSPITAL,nan
MANGASEP KRISTINE MAY,LTO DOCTORS,nan
MARCIAL MARISSA,"PALAWAN MEDICAL CITY, INC.",nan
MARINAS MANABAT LOVE GRACE,"PALAWAN MEDICAL CITY, INC.",nan
MENDOZA RODNER,MMG-PPC COOPERATIVE HOSPITAL,nan
MERYL CUITO,LTO DOCTORS,nan
MIGUEL EDITHA,ACE HOSPITAL,49831.0
MIRAFLORES RUTH,"PALAWAN MEDICAL CITY, INC.",50761.0
MORALES RAMIL,ACE HOSPITAL,105802.0
NG CAMILLE,MMG-MEDICAL PLAZA,nan
NIGOS JESUS,MMG-MEDICAL PLAZA,nan
ONG ANGELI NICOLE,ADVENTIST HOSPITAL PALAWAN,nan
PAA GILBERT LANCE,PALAWAN DOCTORS,nan
PAA KATHERINE,PALAWAN DOCTORS,nan
PAA GEMMALYN,"PALAWAN MEDICAL CITY, INC.",nan
PABLICO SHERIEL,PUERTO PRINCESA CITY TERRITORIALS,107055.0
PACURIBOT MICHELLE,ADVENTIST HOSPITAL PALAWAN,100472.0
PADUA MYRL MARILOU,CITY HEALTH OFFICE,nan
PALACOL ILLOZA JOY,ADVENTIST HOSPITAL PALAWAN,nan
PALANCA LUMEN,JOMARI BUILDING,58333.0
PALAO PERLA,PUERTO PRINCESA CITY TERRITORIALS,68886.0
PALAO BELINDA,PUERTO PRINCESA CITY TERRITORIALS,51183.0
PANEIRO KAREEN LOU,SAGRADO HOSPITAL,nan
PANGGAT JAKES CATHERINE,MMG-PPC COOPERATIVE HOSPITAL,nan
PARE RONAN,RIO TUBA NICKEL FOUNDATION INC HOSPITAL,0.0
PEREGRINO JOYCE,JOMARI BUILDING,nan
PIALAGO LENI AMOR,ADVENTIST HOSPITAL PALAWAN,nan
PORTALES JANICE DALE,PUERTO PRINCESA CITY TERRITORIALS,102436.0
POSAS GEMMA,POSAS CLINIC,75068.0
QUIRAY VICTORINO,PUERTO PRINCESA CITY TERRITORIALS,nan
RAMA FAITH KRISTINE,CITY HEALTH OFFICE,nan
RAMA ARDIE,CITY HEALTH OFFICE,nan
RAPACON RHAFFY,ADVENTIST HOSPITAL PALAWAN,nan
REBLANDO JONATHAN,"PALAWAN MEDICAL CITY, INC.",103826.0
RENGEL KEVIN,ADVENTIST HOSPITAL PALAWAN,nan
REYES KEVIN MATHEW,"PALAWAN MEDICAL CITY, INC.",nan
REYES NICOLE,"PALAWAN MEDICAL CITY, INC.",115853.0
ROJO MARIA CRISTINA,"PALAWAN MEDICAL CITY, INC.",110596.0
SABANDO REYNALDO,"PALAWAN MEDICAL CITY, INC.",nan
SAGRADO  ELSA,SAGRADO HOSPITAL,81805.0
SAGRADO  RAUL,SAGRADO HOSPITAL,nan
SAHIDDIN JAAPAL,LEONCIO GENERAL HOSPITAL,102387.0
SALAZAR ELAINE,ADVENTIST HOSPITAL PALAWAN,nan
SALAZAR RONNIE,ADVENTIST HOSPITAL PALAWAN,99676.0
SALUDEZ PAUL WARREN,MMG-MEDICAL PLAZA,100987.0
SANTOS ELENITA,"PALAWAN MEDICAL CITY, INC.",66155.0
SARMIENTO APOLONIA,MUNICIPALITY OF NARRA TERRITORIALS,67627.0
SIBAL MA. CHONA,MMG-MEDICAL PLAZA,91620.0
SILAN  KRISTINE,CITY HEALTH OFFICE,nan
SOLER CHARLIE,ACE HOSPITAL,nan
SORIANO ELVIE,BERACHAH HOSPITAL,66320.0
TAMBAL PAMELA NOREEN,MMG-MEDICAL PLAZA,nan
TOVERA JOSEPH,"PALAWAN MEDICAL CITY, INC.",99195.0
VALDERRAMA LEO EMILLIO,"PALAWAN MEDICAL CITY, INC.",nan
VALDEZ IVAN PAUL,ADVENTIST HOSPITAL PALAWAN,nan
VICENTE IVAN MICHAEL,ADVENTIST HOSPITAL PALAWAN,114099.0
VILLANUEVA JAVIER,SAGRADO HOSPITAL,117122.0
WYCOCO MA TERESA,CITY HEALTH OFFICE,97749.0
YAP ANGELICA,LEONCIO GENERAL HOSPITAL,nan
ZAMBRANO SUSAN,CITY HEALTH OFFICE,nan
ABUY MARKUS,TONDO MEDICAL CENTER,nan
ACUESTA ED VINCENT,TONDO MEDICAL CENTER,nan
AFINIDAD CLARICE GRACE,METROPOLITAN MEDICAL CENTER,nan
ANDRADA RJ,TONDO MEDICAL CENTER,nan
ANG GINA,METROPOLITAN MEDICAL CENTER,nan
ANTONIO SONNY,METROPOLITAN MEDICAL CENTER,nan
AQUINO CAMILO OLIVER,MARY JOHNSTON HOSPITAL,nan
ARENAS ARNEL BIEN,MARY JOHNSTON HOSPITAL,nan
BERNALDO ALYKA JOY,TONDO MEDICAL CENTER,nan
BOLANOS MARTHA,METROPOLITAN MEDICAL CENTER,nan
BUBAN ROLLIE,MARY JOHNSTON HOSPITAL,nan
BUSTAMANTE MARK JORDAN,TONDO MEDICAL CENTER,nan
CANAYON RAY,METROPOLITAN MEDICAL CENTER,nan
CAYETANO JAIME,METROPOLITAN MEDICAL CENTER,nan
CELI CRISTINA,PALOMAR HC,nan
CENON RANDOLF,TONDO MEDICAL CENTER,nan
CHAN HENRY,METROPOLITAN MEDICAL CENTER,nan
CHU  DONNABELLE,METROPOLITAN MEDICAL CENTER,nan
CHUA-TAN PAMELA,METROPOLITAN MEDICAL CENTER,nan
CO ALDWIN,METROPOLITAN MEDICAL CENTER,nan
CORONEL NOEL,ALZOL MEDICAL CLINIC,nan
CORTES IRENE,CORTES MEDICAL CLINIC,nan
COTAOCO CELINA ROXANNE,METROPOLITAN MEDICAL CENTER,nan
DACUTAN MARK,DR. MARK DACUTAN MEDICAL CLINIC,nan
DE GUZMAN MICHAEL,DE GUZMAN MEDICAL CLINIC,nan
DE GUZMAN BORIS,DE GUZMAN MEDICAL CLINIC,nan
DEL ROSARIO ERWIN,METROPOLITAN MEDICAL CENTER,nan
DELA CRUZ RAYMOND,METROPOLITAN MEDICAL CENTER,nan
DELA ROSA MERCEDES,OSPITAL NG TONDO,nan
DELOS SANTOS FAYE,METROPOLITAN MEDICAL CENTER,nan
DELOS SANTOS MILDRED,METROPOLITAN MEDICAL CENTER,nan
DY ANDERSON,METROPOLITAN MEDICAL CENTER,nan
DY DARWIN,METROPOLITAN MEDICAL CENTER,nan
DY GEOFFREY,METROPOLITAN MEDICAL CENTER,nan
DY JAYCE,TONDO MEDICAL CENTER,nan
EVANGELISTA CAMILLE JEAN,TONDO MEDICAL CENTER,nan
FERNANDEZ ROSARIO,FERNANDEZ MEDICAL CLINIC,nan
FIGURACION MAYNARD,TONDO MEDICAL CENTER,nan
GAN ROBERT MICHAEL,METROPOLITAN MEDICAL CENTER,nan
GAN GIL,METROPOLITAN MEDICAL CENTER,nan
GO ARLINKING,METROPOLITAN MEDICAL CENTER,nan
GO IVY CATHERINE,MARY JOHNSTON HOSPITAL,nan
GO ENGTE,METROPOLITAN MEDICAL CENTER,nan
GO ESTANISLAO,METROPOLITAN MEDICAL CENTER,nan
GO JAMES NGA KOK,METROPOLITAN MEDICAL CENTER,nan
GUTIERREZ JAYVEE,METROPOLITAN MEDICAL CENTER,nan
HEREDIA LEUCELLE,HEREDIA MEDICAL CLINIC,nan
HEREDIA JENNIFER,HEREDIA MEDICAL CLINIC,nan
HUET ALLYSSA MAE,TONDO MEDICAL CENTER,nan
JESSIELYN  SIA,METROPOLITAN MEDICAL CENTER,nan
KABIGTING MYLENE,TONDO MEDICAL CENTER,nan
KALAW REGINALD PAUL JOAQUIN,MARY JOHNSTON HOSPITAL,nan
KAW-NAVARRO JULIET,METROPOLITAN MEDICAL CENTER,nan
KHOW JO-ANN,METROPOLITAN MEDICAL CENTER,nan
KOA KRISTINE,METROPOLITAN MEDICAL CENTER,nan
LANGATO JOEY,RICARDO B. SANTOS JR. MEDICAL CLINIC AND DIAGNOSTIC CENTER,nan
LEE SUSAN,METROPOLITAN MEDICAL CENTER,nan
LIM MARCELO,MARY JOHNSTON HOSPITAL,nan
LIM RUBY,METROPOLITAN MEDICAL CENTER,nan
LIM CAROLINE,METROPOLITAN MEDICAL CENTER,nan
LIM EDGAR,EMERSON MEDICAL CLINIC,nan
LIONGCHENG WARREN,METROPOLITAN MEDICAL CENTER,nan
LLAGAS MELANIE,MARY JOHNSTON HOSPITAL,nan
LOPEZ PAMELA,METROPOLITAN MEDICAL CENTER,nan
LU ALBERT,METROPOLITAN MEDICAL CENTER,nan
LUCERO LORETTA,MEDHAUS MULTI-SPECIALTY AND DIAGNOSTIC CLINIC,nan
MAGKASI KAREN,TONDO MEDICAL CENTER,nan
MANICAD LILIAN,MANICAD MEDICAL CLINIC,nan
MARCELINO DENNIS ANDREW,METROPOLITAN MEDICAL CENTER,nan
MASANGKAY ANNALYN,TONDO MEDICAL CENTER,nan
MENORCA DANILO,MARY JOHNSTON HOSPITAL,nan
MIRABEL MARIA  DINA,TONDO MEDICAL CENTER,nan
NALLAS GERARDO,NALLAS MEDICAL CLINIC,nan
NG SALOME,MARY JOHNSTON HOSPITAL,nan
NGO JOENAVIN,METROPOLITAN MEDICAL CENTER,nan
OLIVAR FRANCISCO,MARY JOHNSTON HOSPITAL,nan
PALPAL-LATOC ALBERT,DR. LUCERO M. ANDAYA JR. MEDICAL CENTER,nan
PAYUMO RONALD ALLAN,MARY JOHNSTON HOSPITAL,nan
PIRA ANGELLI CLARISSE,MARY JOHNSTON HOSPITAL,nan
PONFERRADO MARK ANGELO,MARY JOHNSTON HOSPITAL,nan
PRECIOUS SAMONTE,METROPOLITAN MEDICAL CENTER,nan
QUE DEAN HARRIS,METROPOLITAN MEDICAL CENTER,nan
QUE WILLY,METROPOLITAN MEDICAL CENTER,nan
QUE JESSICA,METROPOLITAN MEDICAL CENTER,nan
REQUILME II VICENTE,METROPOLITAN MEDICAL CENTER,nan
REY BO JEAN,METROPOLITAN MEDICAL CENTER,nan
REYES TERESITA,REYES MEDICAL CLINIC,nan
ROSALES RAYMOND,METROPOLITAN MEDICAL CENTER,nan
SAHAGUN JEREEL ARON,MARY JOHNSTON HOSPITAL,nan
SATRAIN JOSE,TONDO MEDICAL CENTER,nan
SEVILLA EZRA,MARY JOHNSTON HOSPITAL,nan
SIA TAN JOSEPH,METROPOLITAN MEDICAL CENTER,nan
SIA-ATANACIO  AILEEN,METROPOLITAN MEDICAL CENTER,nan
SIAO EVELYN,SIAO-BRIGINIO FAMILY CLINIC,nan
SU MICHAEL ANGELO,METROPOLITAN MEDICAL CENTER,nan
SY MARIANNE,METROPOLITAN MEDICAL CENTER,nan
TAN MARY VERONICA,METROPOLITAN MEDICAL CENTER,nan
TAN SAMSON,METROPOLITAN MEDICAL CENTER,nan
TAN MYRA,METROPOLITAN MEDICAL CENTER,nan
TAN ALEX,MARY JOHNSTON HOSPITAL,nan
TANCHEE MARY JANE,METROPOLITAN MEDICAL CENTER,nan
TANQUIENG EDGARDO,METROPOLITAN MEDICAL CENTER,nan
TE ESTRELITA,ATANG DELA RAMA HC,nan
THAKUR MANESH,METROPOLITAN MEDICAL CENTER,nan
TING DONATO,METROPOLITAN MEDICAL CENTER,nan
TOLENTINO ELAINE,TOLENTINO MEDICAL CLINIC,nan
TOREJA TERESA,TOREJA MEDICAL CLINIC,nan
TORRES CATHERINE,TORRES MEDICAL CLINIC,nan
TURGANO MARIA ASUNCION,MARY JOHNSTON HOSPITAL,nan
TY-TAN CAROLINE,"ASIATIC MEDICAL LABORATORIES, INC.",nan
TY-WILLING TOMMY,METROPOLITAN MEDICAL CENTER,nan
UY ALEXANDER,METROPOLITAN MEDICAL CENTER,nan
VARGAS AGNES,OSPITAL NG TONDO,nan
VILLANUEVA JAMES,METROPOLITAN MEDICAL CENTER,nan
WAINE EDUARDO,METROPOLITAN MEDICAL CENTER,nan
WONG KENNETH,"ASIATIC MEDICAL LABORATORIES, INC.",nan
YAMBALA WILSON,MARY JOHNSTON HOSPITAL,nan
YAP MARIA THERESA,NEW WORLD DIAGNOSTIC,nan
YUHON JAYSON,METROPOLITAN MEDICAL CENTER,nan
ZOLETA MISHAEL,TONDO MEDICAL CENTER,nan
ABANTAO MARILYN,COTABATO,nan
ABDULA SIRIKIT,NOT SPECIFIED,nan
ALCOVER JEAN,MEDICAL SPECIALIST,102886.0
AMOROSO GAUDIOSO,KORONADAL DIAGNOSTIC,nan
ANDRES MARK DONN,ISULAN,nan
ANG  JOANNE,GENSAN DOCTORS CLINICS,nan
ANGDAGCO CLAIRE,NDH,nan
APOSTOL ARCHIE,NOT SPECIFIED,nan
AQUINO JOVINO,MEDICAL SPECIALIST,nan
ARIAS  MELANNIE MARIE,GENSAN DOCTORS CLINICS,44716.0
ARTES WENG,KIDAPAWAN,nan
BEDOL LINTANG,COTABATO,nan
BENDITA JESSON,MARBEL,nan
BILLENA SALVACION,ST. LOUIE HOSPITAL,nan
BOLOICO BOMBISHAZZAR,GENSAN,nan
BUENAFLOR FASL,GENSAN DOCTORS CLINICS,nan
BUENAFLOR KAY,MARBEL,nan
CABRILES EMMANUEL,KIDAPAWAN,nan
CABRILES MYLENA,KIDAPAWAN,nan
CAMBRONERO RODOLFO,MIDSAYAP,nan
CANDA ANTHONY,ST. LOUIE HOSPITAL,nan
CAOAGDAN EMILIO,"AGUILAR CLINIC, NORALLAH",72789.0
CASTILLO LUZVIMINDA,GUINMAPANG CLINIC,nan
CATHEDRAL LANCE,MARBEL,nan
CEREZO CYRILLE,NOT SPECIFIED,nan
CHEN CHUA,KIDAPAWAN,nan
COPIA CARLO MARTIN,GENSAN,nan
CORNELIO LEX THADDEUS,SOCSARGEN HOSPITAL,103107.0
CORNELIO ELY,COTABATO DOCTORS CLINIC,nan
DABALUS JUDE,DR LAUBAN CLINIC,nan
DAGANG DARYL JADE,DR. AMOROSO CLINIC,48060.0
DAGANG VERNIE,MARBEL,nan
DAING MONTAWAR,DR. MAMALUBA CLINIC,nan
DALAPO GEMMA,KIDAPAWAN,nan
DATUKON RON,COTABATO,nan
DE CASTRO FROILAN,GENSAN,nan
DECOLONGON REX,GENSAN DOCTORS CLINICS,nan
DELA CRUZ WETZEL,COTABATO,nan
DELA CRUZ GENEVIEVE,COTABATO,nan
DELA CRUZ KETH,GENSAN,nan
DERECHO DYMPHNA,NOT SPECIFIED,nan
DICCION  FLOHERNA,MEDICAL PLAZA,109273.0
DIDELES ALLAN,NOT SPECIFIED,nan
DIMAANO EXEKIEL,KIDAPAWAN,nan
DIPANTAR NAJMAH,COTABATO,nan
DIZOR EMILY,MEDICAL PLAZA,93147.0
DONASCO DANIEL,LARIOSA HOSPITAL,68873.0
DUMAMA SHANA RIZZA,GENSAN DOCTORS CLINICS,111478.0
EMBALSADO CHRISTOPHER,KIDAPAWAN,nan
ENRIQUEZ MIKE,GENSAN,nan
ESCOTE LAILA,CRMC HOSPITAL,nan
FLORES BRYAN,GENSAN DOCTORS CLINICS,67835.0
FORNAN GLECY,NOT SPECIFIED,nan
GALAEZ RONALD,COTABATO,nan
GALANG DANIEL,ISULAN,nan
GALIA ANALYZA,HERAMIL HOSPITAL,nan
GUAZO AILEEN,GENSAN,nan
GUERERRO RUBY JANE,NOT SPECIFIED,nan
GUINMAPANG AMOR,MIDSAYAP,nan
HERAMIL HILARION,CRMC HOSPITAL,nan
HUDIERES CHERYL,CAOAGDAN CLINIC,nan
IBA SITTIE AYSHA,COTABATO,nan
IBRAHIM BAI SHALIMAR,COTABATO,nan
IBRAHIM PRINCE,COTABATO,nan
INAMAC JOHNOR,COTABATO,nan
JACOBO FLORA MAE,JOSHUA CLINIC,nan
JACOBO CELBERT,MIDSAYAP,nan
JUELE EMILIA,GENSAN,nan
LAGAMON ARIEL,NOT SPECIFIED,nan
LAGUDA LANY FE,ISULAN,nan
LAGUMEN TENCH,COTABATO,nan
LAO DICKLSON,CEREZO MEDICAL CLINIC,78249.0
LAY EDUARDO,MOTHER AND CHILD,nan
LAY MICHAEL EDWARD,MARBEL,nan
LIZARDO ROSAMINDA,COTABATO,nan
LU REGINA,KORONADAL DIAGNOSTIC,99483.0
LU MARY ANNE,GENSAN DOCTORS CLINICS,nan
LUCERO MYLEEN,GENSAN DOCTORS CLINICS,nan
MACADATO BAI TARJATA,MEDICAL SPECIALIST,80715.0
MACAILING JURINA,GENSAN,nan
MAGAN REUEL,NOT SPECIFIED,nan
MAGBANUA CHERRY,NOT SPECIFIED,nan
MAGBANUA RONALD,COTABATO,nan
MALALUAN NAMPHRIL,KIDAPAWAN,nan
MALIGA JOHNSON,NOT SPECIFIED,nan
MAMADRA LOIQUI JANE,DAGANG CLINIC,nan
MAMALUBA PAMELA,MEDICAL SPECIALIST,104760.0
MANCERA JANSEN,NOT SPECIFIED,nan
MANGELEN FARISHA,MEDICAL PLAZA,59020.0
MANLANGIT THERESA,COTABATO,nan
MARTINEZ ELNA,REGINA LU CLINIC,74955.0
MARUNDAN JOY,COTABATO,nan
MASENDO ARNELIA,GENSAN,nan
MAZO JOLYLE,EMMANUEL CLINICS,57349.0
MENGUITA MARK,MARBEL,nan
MILLENDEZ ELEAZAR,MOUNT OF BLESSING HOSPITAL,nan
MOJICA MA JOSEFA,KIDAPAWAN,nan
MOKAMMAD JEHAN,DR. PASCUAL CLINIC,nan
MONTANO GRACE,ISULAN,nan
MONTECILLO MAX JOSEPH,MOTHER AND CHILD,nan
MONTECILLO ACHILLES,COTABATO,nan
MONTECILLO REX,MIDSAYAP,nan
MONTEMAYOR MA ANTONIETTA,GENSAN,nan
MUDANZA HENRY,KIDAPAWAN,nan
NON CARLO,MARBEL,nan
ODI ANTONIETTA,GENSAN,nan
PACALDA STEPHANIE,COTABATO,nan
PADILLA JORGE,MOUNT OF BLESSING HOSPITAL,nan
PADUA ALFREDO,DR. PADUA CLINIC,nan
PALMA ROSIE VERN,NOT SPECIFIED,nan
PALMA RONALD,GENSAN,nan
PARAS KATHERINE,MARBEL,nan
PASCUAL MA. THERESA,KORONADAL DIAGNOSTIC,nan
PEDRES MICK PAUL,GENSAN,nan
PELERE DAVE MAR,MARBEL,nan
PERALTA RAUL,SURALLAH COM. HOSPITAL,75205.0
PEREZ ANTHONY,GENSAN,nan
PILLORA VIMA,"MD SQUARE BLDG, KORONADAL",94799.0
PONCE NIMROD,GENSAN,nan
RANGGAN KIM,MARBEL,nan
RETIRADO MELGAR,NOT SPECIFIED,nan
REYES JENNIFER LEE,GENSAN DOCTORS CLINICS,nan
ROBLEZA XELA PATRICIA,GENSAN,nan
SALAYOG RAQUEL,NOT SPECIFIED,nan
SALCEDO HIMAYA,COTABATO,nan
SANCHEZ ARIANNE,MARBEL,nan
SATO DINAH,KIDAPAWAN,nan
SEGOCIO GLEN,KIDAPAWAN,nan
SINSUAT BAI NAIDA,DR. DIZOR CLINIC,nan
SOLAIMAN RAMLYN,COTABATO,nan
SUAREZ RACHELLE,DONASCO CLINIC,57656.0
SULIT VIRGINIA,DR MALIGA CLINIC,nan
TANUDTANUD LEILA,MIDSAYAP,nan
TARONGOY ELY,COTABATO SPECIALIST,nan
TEJADA JOSEPH,COTABATO,nan
TORRE NATIVIDAD,COTABATO,nan
UNDANGAN ROCKY,GENSAN,nan
USON CONRAD,NOT SPECIFIED,nan
UY KHRISTINE,DR. KHRISTINE UY CLINIC,84518.0
UY CASILDA,MARBEL,nan
VARGAS PAULINE JEA,KIDAPAWAN,nan
WEE JOHNSON,ESOTE CLINIC,109024.0
YABUT ANNIE,GENSAN,nan
YAP LUCY ANN,ST. LOUIE HOSPITAL,nan
YAP JOANNE,COTABATO,nan
YOUNG JAMES,KIDAPAWAN,nan
ZARRA VON,MARBEL,nan
ABAN FATIMA,ABAN CLINIC,nan
ABE CHERYLYN,ABE CLINIC,nan
ABUCAY CAROL,ABUCAY CLINIC,nan
ACUNA JEGHELL,ACUNA CLINIC,nan
AGAPAY PERLA,THE MEDICAL CITY Sta. Lucia Cainta Rizal,nan
ALBARICO MELANIE,PADRE PIO HOSPITAL,nan
ANDRES MARILETTE,NOT SPECIFIED,nan
ANGAT MARY FAITH,ORTIGAS HOSPITAL & HEALTHCARE CENTER,nan
ARCIGAL ARGYLL,ARCIGAL CLINIC,nan
AVILA CASHMIR,VT MATERNITY HOSPITAL,nan
AZORES  VERONICA,MARIKINA VALLEY MEDICAL CENTER,nan
BARRETO JR. RICARDO,ANTIPOLO HOSPITAL,nan
BARROGA FLORENCE,TANAY GENERAL HOSPITAL,nan
BASAT  MARISILVANA,H-VILLE HOSPITAL,nan
BASILLO MA.LOURDES,SANTANA BASILIO CLINIC,nan
BAUTISTA EVELYN,BAUTISTA OB AND PEDIA CLINIC,nan
BAUTISTA ARNOLD,BAUTISTA OB AND PEDIA CLINIC,nan
BELARMINO RICCI,BILLARMINO MATERNITY CLINIC,nan
BERNARDO RONALIE,RIZAL PROVINCIAL HOSPITAL SYSTEM ANTIPOLO ANNEX,nan
BIE ALMA,BIE CLINIC,nan
BOBILES MARIA JANET,ORTIGAS HOSPITAL & HEALTHCARE CENTER,nan
BRIONES CYRENE GRACE,TAYTAY DOCTORS HOSPITAL,nan
BUENCONSEJO MARY JANE,VT MATERNITY HOSPITAL,nan
CABALLA CECILE,MARIKINA VALLEY MEDICAL CENTER,nan
CABANILLA  CATHERINE,CHANCO CLINIC,nan
CABUNGCAL CRISELDA,MARIKINA OB-GYNE AND ULTRA SOUND,nan
CALDERON JOSEPHINE,MARIKINA VALLEY MEDICAL CENTER,nan
CAMARA THERESE BARBARA,MARIKINA VALLEY MEDICAL CENTER,nan
CANTERA MA. ADORA,MARIKINA VALLEY MEDICAL CENTER,nan
CARINO ESTRELLA,CLINICA ANTIPOLO,nan
CARLOS RUBELINO,CARLOS MEDICAL CLINIC,nan
CARLOS JULIE,RUBELINO CALOS MEDICAL CLINIC MONTALBAN,nan
CARUNGAY JOSEPHINE,MARIKINA ALLIED & VT MATERNITY HOSPITAL,nan
CASTOR VEGA,VCD Clinic,nan
CATINDOY DAISY,SIMEON CLINIC,nan
CELINO CARLA ELISE,RIZAL PROVINCIAL HOSPITAL SYSTEM ANTIPOLO ANNEX,nan
CHANCO GLENN,CHANCO CLINIC,nan
CHIOMBON JULITA,CHIOMBON OBGYNE CLINIC,nan
COFREROS TIFFANY,SANTANA BASILIO CLINIC,nan
CRUZ MELISSA,TAYTAY DOCTORS HOSPITAL,nan
CRUZ MA.VIRGINIA,MARIKINA OB-GYNE AND ULTRA SOUND,nan
CRUZ ROSELA MAE,PLANET DRUG STORE PROVINCIAL HOSPITAL ANTIPOLO,nan
CUSTODIO ALAN,ST. JUDE CLINIC,nan
DANGANAN CHRISTINE,MATEO CLINIC MORONG RIZAL,nan
DANGANAN MARIE DOMINIQUE,MATEO CLINIC MORONG RIZAL,nan
DANGANAN MARIE DOMINIQUE,MATEO CLINIC,nan
DANGANAN CHRISTINE,MATEO CLINIC,nan
DE JESUS CHARISMA,ORTIGAS HOSPITAL & HEALTHCARE CENTER,nan
DE LEON CYNTHIA,TAYTAY DOCTORS HOSPITAL,nan
DE VILLA HELEN,VT MATERNITY HOSPITAL,nan
DEL PRADO AIDA RUTH,ANGONO MEDICS,nan
DELA CRUZ  DITAS,Mikko Medics Medical Maternity,nan
DELA CRUZ CYNTHIA,THE MEDICAL CITY Sta. Lucia Cainta Rizal,nan
DIGMA MARIA JANNE,DIGMA CLINIC,nan
DIGMAN MEJINE,CLINICA ANTIPOLO,nan
DIMATULAC MELODY,MARIKINA VALLEY MEDICAL CENTER,nan
DURAN  ANGELITO,DURAN CLINIC PEDIATRIC CAINTA RIZAL,nan
ELVAMBUENA SHEILA,H-VILLE HOSPITAL,nan
EMING ARLYN,EMING LYING INN COGEO,nan
ENCARNACION  ARLENE,ENCARNACION PEDIATRIC CLINIC TANAY RIZAL,nan
ENRIQUEZ ARNEL,MEDICARD CLINIC,nan
ENRIQUEZ  MA. RHAPSODY,MARIKINA VALLEY MEDICAL CENTER,nan
ESPIRITU LILIBETH,TAYTAY DOCTORS HOSPITAL,nan
FERIA SYLVIA,THE MEDICAL CITY Sta. Lucia Cainta Rizal,nan
FLORES TRICIA,MARIKINA VALLEY MEDICAL CENTER,nan
FRANCO ROSENIE,FRANCO MEDICAL CLINIC,nan
FRANCO KATHERINE,ANGONO MEDICS,nan
FUENTES ANDREA,ORTIGAS HOSPITAL & HEALTHCARE CENTER,nan
GABICA-MENDOZA FLIDA,MANILA EAST MEDICAL CENTER,nan
GALANG  ROBERT,St. Blase Maternity Clinic,nan
GARCIA MARIAN,GARCIA CLINIC,nan
GARCIA ALFREDO,RIZAL PROVINCIAL HOSPITAL SYSTEM ANTIPOLO ANNEX,nan
GASPAR ELLA MARIE,VT MATERNITY HOSPITAL,nan
GATAPIA RAQUEL,TAYTAY MATERNITY AND CHILD CARE CENTER,nan
GENERIC DOCTOR 1,GENERIC,nan
GENERIC DOCTOR 2,GENERIC,nan
GENERIC DOCTOR 3,GENERIC,nan
GENERIC DOCTOR 4,GENERIC,nan
GENERIC DOCTOR 5,GENERIC,nan
GENERIC DOCTOR 6,GENERIC,nan
GENERIC DOCTOR 7,GENERIC,nan
GENERIC DOCTOR 8,GENERIC,nan
GENERIC DOCTOR 9,GENERIC,nan
GENERIC DOCTOR 10,GENERIC,nan
GENERIC DOCTOR 11,GENERIC,nan
GENERIC DOCTOR 12,GENERIC,nan
GENERIC DOCTOR 13,GENERIC,nan
GENERIC DOCTOR 14,GENERIC,nan
GENERIC DOCTOR 15,GENERIC,nan
GENERIC DOCTOR 16,GENERIC,nan
GENERIC DOCTOR 17,GENERIC,nan
GENERIC DOCTOR 18,GENERIC,nan
GENERIC DOCTOR 19,GENERIC,nan
GENERIC DOCTOR 20,GENERIC,nan
HABACON  CRISTINA,MANILA EAST MEDICAL CENTER,nan
HERNANDEZ MARIA TERESA,H-VILLE HOSPITAL,nan
HILARIO TRISTAN,TAYTAY DOCTORS HOSPITAL,nan
JANAPIN HARVIE,TAYTAY DOCTORS HOSPITAL,nan
JAVIER MARIA JANE ELLISE,ORTIGAS HOSPITAL & HEALTHCARE CENTER,nan
JAVIER LAENNA,TAYTAY MATERNITY AND CHILD CARE CENTER,nan
JOHN ROBERT GARCIA,TAYTAY DOCTORS HOSPITAL,nan
JOHNSON ROWENA,RIZAL PROVINCIAL HOSPITAL SYSTEM ANTIPOLO ANNEX II REGALADO,nan
JUNIO SHAILA,SANTANA BASILIO CLINIC,nan
LABUGUEN MA.CECILIA,THE MEDICAL CITY Sta. Lucia Cainta Rizal,nan
LAFIGUERA ANNA MARIE,TAYTAY DOCTORS HOSPITAL,nan
LAGAYA  FEDELIZA,LAGAYA CLINIC,nan
LAZATIN ERLANA,PADRE PIO HOSPITAL,nan
LEYBLE ARNOLD VINCENT,SORIANO-LEYBLE MEDICAL AND MATERNITY HOSPITAL,nan
LEYBLE DIVINA,SORIANO-LEYBLE MEDICAL AND MATERNITY HOSPITAL,nan
LINCO GONOFREDO,MARIKINA VALLEY MEDICAL CENTER,nan
LINSANGAN CARMEL GRACE,Our Lady of Grace Maternity Lying Inn,nan
LOGATOC JOELYN,PILAR  MEDICAL CLINIC,nan
LUCENA FELITA,THE MEDICAL CITY Sta. Lucia Cainta Rizal,nan
LUZOD MA. ROSE,MEDICARD CLINIC,nan
MACARULAY JULIET,HEALTH OPTIONS,nan
MACASPAC CATHERINE,MULTI - SPECIALTY CLINIC NANGKA MARIKINA,nan
MAGALI KAREN JEAN,MEDICARD CLINIC,nan
MAGAT  SUSAN,SAN ANTONIO LAB. CLINIC SAN MATEO RIZAL,nan
MAGAT MAE THERESE,MAGAT MEDICAL CLINIC,nan
MAGO MA. CHRISTINA,MAGO CLINIC,nan
MALONG JUDITH,PADRE PIO HOSPITAL,nan
MANINGO WARLYN,Our Lady of Grace Maternity Lying Inn,nan
MARIANO MARY CHRISTIAN GRACE,ST. JOHN LAB. SAN MATEO RIZAL,nan
MARISCOTES GERALDINE,SANTANA BASILIO CLINIC,nan
MARTIN HELEN,MARTIN MEDICAL CLINIC,nan
MEJIA PATRICIA,ORTIGAS HOSPITAL & HEALTHCARE CENTER,nan
MELENDRES RALPH ERVIN,H-VILLE HOSPITAL,nan
MENDIOLA BELMAR,CLINICA ANTIPOLO,nan
METIAM BEVERLY ROSE,MANILA EAST MEDICAL CENTER,nan
NALANGAN MENCHU,ORTIGAS HOSPITAL & HEALTHCARE CENTER,nan
NARCISO RODOLFO JR.,RURAL HEALTH CENTER ANGONO,nan
NATIVIDAD AUREA,NATIVIDAD CLINIC,nan
NIOG TIMI MARIE,CLINICA ANTIPOLO,nan
OBLENA JOCELYN,RIZAL PROVINCIAL HOSP.BINANGONAN,nan
ONG MILA,ONG CLINIC,nan
PACIS THERESE,RIZAL PROVINCIAL HOSPITAL SYSTEM ANTIPOLO ANNEX,nan
PALUAY JOHANNA MAY,PLANET DRUG STORE PROVINCIAL HOSPITAL ANTIPOLO,nan
PANGANIBAN  ISABEL,PADRE PIO HOSPITAL,nan
PARAGAS ANGELICA,RIZAL PROVINCIAL HOSPITAL SYSTEM ANTIPOLO ANNEX II REGALADO,nan
PASCUAL CLAIRE,KLINIKA PAMBATA,nan
PEDRAJA MYRNA,MARIKINA VALLEY MEDICAL CENTER,nan
PEDROSA NORBERTA,REAL CARE LAB AND DIAGNOSTICS,nan
PELINGO PATRICIA,"ST. VERONICA & MEDICAL CLINIC, NATIONAL ROAD, BRGY. PAG-ASA BINANGONAN, RIZAL",nan
PEREZ CATHERINE,H-VILLE HOSPITAL,nan
PIGTAIN MA. TRINIDAD,RIZAL PROVINCIAL HOSP.BINANGONAN,nan
PILAR JONATHAN,PILAR  MEDICAL CLINIC,nan
PILAR-MATIBAG EVANGELINE,MANILA EAST MEDICAL CENTER,nan
PULLIDO JANINE,RIZAL PROVINCIAL HOSPITAL SYSTEM ANTIPOLO ANNEX II REGALADO,nan
QUIANZON-ESCANO MARLIZ,ORTIGAS HOSPITAL & HEALTHCARE CENTER,nan
QUIBAR KRISTINE,RIZAL PROVINCIAL HOSP.BINANGONAN,nan
QUION ELENITA,MARIKINA VALLEY MEDICAL CENTER,nan
QUISMUNDO LILIAN,MARIKINA VALLEY MEDICAL CENTER,nan
REGIS REYNALDO,ST. TIMOTHY MEDICAL CLINIC,nan
REGIS REGINALDO,ST. TIMOTHY MEDICAL CLINIC,nan
RELATO MARY GRACE,TAYTAY DOCTORS HOSPITAL,nan
REMIGIO RENANTE,TAYTAY DOCTORS HOSPITAL,nan
REYES KATHERINE,RIZAL PROVINCIAL HOSPITAL SYSTEM ANTIPOLO ANNEX,nan
RIVERA JOCELYN,RIVERA CLINIC,nan
RODRIGO LILIAN,TAYTAY DOCTORS HOSPITAL,nan
ROXAS ARLENE,AMANG RODRIGUEZ MEMORIAL MEDICAL CENTER,nan
RUIZ RAZEL,SAN ISIDRO HOSPITAL,nan
SABADO GRACE,MARIKINA VALLEY MEDICAL CENTER,nan
SALAS JULIE ANNE,RIZAL PROVINCIAL HOSP.BINANGONAN,nan
SALVADOR  RHEA STEPHANY,VT MATERNITY HOSPITAL,nan
SAN JUAN  MESALINE,TAYTAY DOCTORS HOSPITAL,nan
SAN JUAN LYNN,CLINICA ANTIPOLO,nan
SAN LUIS MARY GRACE,SIMEON CLINIC,nan
SANTIAGO MA. JUVY,PADRE PIO HOSPITAL,nan
SANTOS ROWENA,MANILA EAST MEDICAL CENTER,nan
SAQUING CRISTINA,MARIKINA VALLEY MEDICAL CENTER,nan
SERQUINA GRACE,MARIKINA VALLEY MEDICAL CENTER,nan
SIMEON MA.LOURDES,SIMEON CLINIC,nan
SIMON VIVIAN,ABUCAY CLINIC,nan
SIOSON MA. CECILIA,HEALTH OPTIONS,nan
SOLVANG MD03,GENERIC,nan
SOLVANG MD04,GENERIC,nan
SOLVANG MD05,GENERIC,nan
SOLVANG MD01,GENERIC,nan
SOLVANG MD02,GENERIC,nan
SORIANO JESSE,TAYTAY DOCTORS HOSPITAL,nan
SUAREZ LUTHER,SORIANO-LEYBLE MEDICAL AND MATERNITY HOSPITAL,nan
TAN  GRACE,VT MATERNITY HOSPITAL,nan
TAN EVANGELINE,RIZAL PROVINCIAL HOSP.MORONG,nan
TANAEL JESSETTE,TANAY GENERAL HOSPITAL,nan
TANSINSIN JUSTIN,VT MATERNITY HOSPITAL,nan
TANSINSIN VIVIAN,VT MATERNITY HOSPITAL,nan
TICA MARY DOROTHY,CLINICARE Laboratory,nan
UY REUBEN,CLINICA UY,5556.0
UY MARIA LOLITA,CLINICA UY,nan
UY LEOLUIS NATHANIEL,CLINICA UY,nan
UY DANICA,SORIANO-LEYBLE MEDICAL AND MATERNITY HOSPITAL,nan
UY JOSEPHINE,CLINICA UY,nan
VALLAR ELEONOR,TAYTAY DOCTORS HOSPITAL,nan
VILLANUEVA ARLENE,H-VILLE HOSPITAL,nan
VILLEGAS IVY ROSE,MARIKINA VALLEY MEDICAL CENTER,nan
VILLON JENNIFER,VT MATERNITY HOSPITAL,nan
VITRIOLO MA.ROSARIO REGINA,MARIKINA VALLEY MEDICAL CENTER,nan
YAP CHRISTINE,SANTANA BASILIO CLINIC,nan
YEE ROBERT BRYAN,SORIANO-LEYBLE MEDICAL AND MATERNITY HOSPITAL,nan
YAP JOEY,COMMONWEALTH HOSPITAL AND MEDICAL CENTER,nan
ACEBUQUE GERAMIE,DR. JOSE N. RODRIGUEZ MEMORIAL HOSPITAL,nan
ADRIANO HEHERSON,CAMARIN DOCTORS HOSPITAL,nan
AGATEP JUVIDO,GENERAL MALVAR HOSPITAL,nan
AGUINALDO HAZEL ANNE,DR. JOSE N. RODRIGUEZ MEMORIAL HOSPITAL,nan
ALAN PICHY,BENARDINO GENERAL HOSPITAL,nan
ALCANTARA RIA DIANE,DR. JOSE N. RODRIGUEZ MEMORIAL HOSPITAL,nan
AMORES MERCIVINIA,M.G. AMORES CLINIC,nan
AMURAO BRENDA,BAGONG SILANG,nan
ANEL RICO,MARIAN MEDICAL ARTS BUILDING/FEUNRMF,nan
ANGELES EMMANUEL,BAGONG SILANG,nan
ANGELES EMMANUEL,COMMONWEALTH HOSPITAL AND MEDICAL CENTER,nan
AQUINO ANGELO,BAGONG SILANG,nan
ARELLANO RICHARD,COMMONWEALTH HOSPITAL AND MEDICAL CENTER,nan
ARENAS LEDA,MARIAN MEDICAL ARTS BUILDING/FEUNRMF,nan
AYUYAO FERNANDO,MARIAN MEDICAL ARTS BUILDING/FEUNRMF,nan
BABIERA TITO,CAMARIN DOCTORS HOSPITAL,nan
BACOLOR LYNMAN,BAGONG SILANG,nan
BACOLOR JENNIFER,BAGONG SILANG,nan
BAGO STEPHANIE,BENARDINO GENERAL HOSPITAL,nan
BAGOS JOHN PAUL,CAMARIN DOCTORS HOSPITAL,nan
BAUTISTA RONALYN,CAMARIN DOCTORS HOSPITAL,nan
BAUTISTA MICHAEL,HOR/CONGRESS,nan
BAUTISTA BERNADETTE,BERNADETTE BAUTISTA CLINIC,nan
BAYAN ABRAHAM,CAMARIN DOCTORS HOSPITAL,nan
BAYAN LEAH JEANETTE,CAMARIN DOCTORS HOSPITAL,nan
BAYAN LEAH,CAMARIN DOCTORS HOSPITAL,nan
BAYUG MIGUEL,BAGONG SILANG,nan
BERMUDEZ GHERALD,MARIAN MEDICAL ARTS BUILDING/FEUNRMF,nan
BISNAR CARLO,BENARDINO GENERAL HOSPITAL,nan
BOGNOT CIRILLO,BENARDINO GENERAL HOSPITAL,nan
BRABANTE AMBROSIO,COMMONWEALTH HOSPITAL AND MEDICAL CENTER,nan
BRAGAIS FRANCES MONETTE,COMMONWEALTH HOSPITAL AND MEDICAL CENTER,nan
BRINEZ MICHAEL ANGELO,CAMARIN DOCTORS HOSPITAL,nan
BUENO DOMINADOR,DILIMAN DOCTORS HOSPITAL,nan
BUMATAY VALERIE,CAMARIN DOCTORS HOSPITAL,nan
CABADING IAN,BENARDINO GENERAL HOSPITAL,nan
CABALLERO ROY,MARIAN MEDICAL ARTS BUILDING/FEUNRMF,nan
CABALONA ANGELO,COMMONWEALTH HOSPITAL AND MEDICAL CENTER,nan
CABAS LOUIE MACALINO,CAMARIN DOCTORS HOSPITAL,nan
CABASAN GINGER,BENARDINO GENERAL HOSPITAL,nan
CABRILLOS ARVIN,COMMONWEALTH HOSPITAL AND MEDICAL CENTER,nan
CARANDANG RALPH LAURENCE,CAMARIN DOCTORS HOSPITAL,nan
CARANDANG RALPH LAURENCE,MARIAN MEDICAL ARTS BUILDING/FEUNRMF,nan
CARINGAL JOSE,NOVALICHES DISTRICT HOSPITAL,nan
CAYETANO ETHEL,DR. JOSE N. RODRIGUEZ MEMORIAL HOSPITAL,nan
CESAR FIDEL,COMMONWEALTH HOSPITAL AND MEDICAL CENTER,nan
CHING CHERYL MAE,NOVALICHES GENERAL HOSPITAL,nan
CIMACIO MARIA DERLYN,BERNADETTE BAUTISTA CLINIC,nan
CLAVERIA GLAISA,DR. JOSE N. RODRIGUEZ MEMORIAL HOSPITAL,nan
CONSUL JARET CHESSRENCE,CAMARIN DOCTORS HOSPITAL,nan
CRISOSTOMO LUISA,CAMARIN DOCTORS HOSPITAL,nan
CRUZ MA. KATRINA,DR. JOSE N. RODRIGUEZ MEMORIAL HOSPITAL,nan
CUA RODRIGO,COMMONWEALTH HOSPITAL AND MEDICAL CENTER,nan
CUARESMA RONAN,BENARDINO GENERAL HOSPITAL,nan
DALUMPINES ARVIN,BENARDINO GENERAL HOSPITAL,nan
DAVID ARWIN,CAMARIN DOCTORS HOSPITAL,nan
DE LEON JERICHO,MARIAN MEDICAL ARTS BUILDING/FEUNRMF,nan
DE LEON CLARENCE,COMMONWEALTH HOSPITAL AND MEDICAL CENTER,nan
DE LOSREYES MARCELLANO RACHELL MARIE,CAMARIN DOCTORS HOSPITAL,nan
DEL MUNDO SANDRA,BENARDINO GENERAL HOSPITAL,nan
DELA CRUZ KATHERINE,THE MEDICAL CITY,nan
DELOS SANTOS CHRISTOPHER,CAMARIN DOCTORS HOSPITAL,nan
DESCARGAR IRENE,THE MEDICAL CITY,nan
DIAZ REI PAOLO,COMMONWEALTH HOSPITAL AND MEDICAL CENTER,nan
DOMINGO MARIO,DR. JOSE N. RODRIGUEZ MEMORIAL HOSPITAL,nan
DULAY MONET ESTELITA,CAMARIN DOCTORS HOSPITAL,nan
DULAY KING,BENARDINO GENERAL HOSPITAL,nan
DURAN SAMUEL,MARIAN MEDICAL ARTS BUILDING/FEUNRMF,nan
EINANLOO MILAGROS,COMMONWEALTH HOSPITAL AND MEDICAL CENTER,nan
ESPINA PAUL,COMMONWEALTH HOSPITAL AND MEDICAL CENTER,nan
ESTEPA LILLYBELL,MARIAN MEDICAL ARTS BUILDING/FEUNRMF,nan
EVANGELISTA NEMMA,MARIAN MEDICAL ARTS BUILDING/FEUNRMF,nan
EVANGELISTA  RYAN,BENARDINO GENERAL HOSPITAL,nan
FABUL MERMA,CAMARIN DOCTORS HOSPITAL,nan
FAJARITO ISULA,DR. JOSE N. RODRIGUEZ MEMORIAL HOSPITAL,nan
FLORES  ANN MARGARETTE,THE MEDICAL CITY,nan
FLORES HAYDEE,DILIMAN DOCTORS HOSPITAL,nan
FUGUIAO ROGELIO,NPRE CLINIC,nan
GAGALAC MARIA FAMELA,CAMARIN DOCTORS HOSPITAL,nan
GALDONES MARIAN ESTHER,MARIAN MEDICAL ARTS BUILDING/FEUNRMF,nan
GALLINERA MARIA CRISTINA,COMMONWEALTH HOSPITAL AND MEDICAL CENTER,nan
GARCIA GERALDINE,COMMONWEALTH HOSPITAL AND MEDICAL CENTER,nan
GARCIA VIRGILIO,COMMONWEALTH HOSPITAL AND MEDICAL CENTER,nan
GARCIA MA. ANA,COMMONWEALTH HOSPITAL AND MEDICAL CENTER,nan
ISIDRO WIVINA,BENARDINO GENERAL HOSPITAL,nan
JASARENO RHODORA,WESTVIEW CLINIC,nan
JAVISON RICARDO,CAMARIN DOCTORS HOSPITAL,nan
LABAJO HANNAH,BENARDINO GENERAL HOSPITAL,nan
LAPUZ ISMAEL,NOVALICHES GENERAL HOSPITAL,nan
LATONIO JONATHAN,CAMARIN DOCTORS HOSPITAL,nan
LICOP DEANA,BERNADETTE BAUTISTA CLINIC,nan
LIM ARNEL,CAMARIN DOCTORS HOSPITAL,nan
LIM JOSE,BAGONG SILANG,nan
LIMBO MAICHAEL GERALD,COMMONWEALTH HOSPITAL AND MEDICAL CENTER,nan
LOPEZ JONATHAN,MARIAN MEDICAL ARTS BUILDING/FEUNRMF,nan
LORJI RAYMUNDO,ST. RUPERT CLINIC,nan
LUANSING CHARLENE,BENARDINO GENERAL HOSPITAL,nan
MADRID JOHN ROSELLO,COMMONWEALTH HOSPITAL AND MEDICAL CENTER,nan
MAGBOJOS ADRIANE LEVI,BERNADETTE BAUTISTA CLINIC,nan
MAGBUHAT ROBELITO,COMMONWEALTH HOSPITAL AND MEDICAL CENTER,nan
MAGPANTAY FATIMA,COMMONWEALTH HOSPITAL AND MEDICAL CENTER,nan
MALILAY  ARLENE,THE MEDICAL CITY,nan
MALLILLIN MARYJANE,MARIAN MEDICAL ARTS BUILDING/FEUNRMF,nan
MANALO JOYCE,MARIAN MEDICAL ARTS BUILDING/FEUNRMF,nan
MANICAD MARLON,THE MEDICAL CITY,nan
MANINANG NOEL,COMMONWEALTH HOSPITAL AND MEDICAL CENTER,nan
MARASIGAN ELFINA,MARIAN MEDICAL ARTS BUILDING/FEUNRMF,nan
MATIAS PATRICK JOSEPH,DILIMAN DOCTORS HOSPITAL,nan
MEDEL IDA,BAGONG SILANG,nan
MEDEL SHARMAINE,BAGONG SILANG,nan
MEDINA NIMFA,THE MEDICAL CITY,nan
MILAGROS NERI,THE MEDICAL CITY,nan
MORENTE DELLE MARC,DR. JOSE N. RODRIGUEZ MEMORIAL HOSPITAL,nan
MUNOZ FLORANTE,COMMONWEALTH HOSPITAL AND MEDICAL CENTER,nan
NEPOMUCENO ARNEL,THE MEDICAL CITY,nan
NERI REYNALDO,COMMONWEALTH HOSPITAL AND MEDICAL CENTER,nan
NG TRACY,BENARDINO GENERAL HOSPITAL,nan
ONG MARISSA,CAMARIN DOCTORS HOSPITAL,nan
PACARIEM KRISTOFFER,CAMARIN DOCTORS HOSPITAL,nan
PADUA MARIA LOUELLA,COMMONWEALTH HOSPITAL AND MEDICAL CENTER,nan
PAJIMNA JESSICA,DILIMAN DOCTORS HOSPITAL,nan
PALILEO NYSSA ELLINE,CAMARIN DOCTORS HOSPITAL,nan
PANAGA IRMA,MARIAN MEDICAL ARTS BUILDING/FEUNRMF,nan
PANAY MAYDEN,COMMONWEALTH HOSPITAL AND MEDICAL CENTER,nan
PEIG ARLENE,MARIAN MEDICAL ARTS BUILDING/FEUNRMF,nan
PERALTA RAFAEL JOSE,COMMONWEALTH HOSPITAL AND MEDICAL CENTER,nan
PRIETO RJ,GENERAL MALVAR HOSPITAL,nan
PRINCIPE CELEDONIO,BENARDINO GENERAL HOSPITAL,nan
QUIWA LESLIE,DR. JOSE N. RODRIGUEZ MEMORIAL HOSPITAL,nan
QUIZON LENDRY,THE MEDICAL CITY,nan
RAMOS MARK JEREMY,MARIAN MEDICAL ARTS BUILDING/FEUNRMF,nan
RAMOS MARJORIE,MARIAN MEDICAL ARTS BUILDING/FEUNRMF,nan
RAMOS MARK ERVING,CAMARIN DOCTORS HOSPITAL,nan
REALCE TRISTAN,NPRE CLINIC,nan
RECODO GARI,COMMONWEALTH HOSPITAL AND MEDICAL CENTER,nan
RETA SIRIUS,CAMARIN DOCTORS HOSPITAL,nan
REYES CHRISTIE,COMMONWEALTH HOSPITAL AND MEDICAL CENTER,nan
REYES ALETA HOPE,DILIMAN DOCTORS HOSPITAL,nan
ROBERTS STEPHEN,BENARDINO GENERAL HOSPITAL,nan
ROMA MARIETTA,CAMARIN DOCTORS HOSPITAL,nan
SABTULA AL-NAZAR,DILIMAN DOCTORS HOSPITAL,nan
SALINAS BHENELYN,CAMARIN DOCTORS HOSPITAL,nan
SALUDEZ HERMOGENES,DR. JOSE N. RODRIGUEZ MEMORIAL HOSPITAL,nan
SANCHEZ JENNELYN,MARIAN MEDICAL ARTS BUILDING/FEUNRMF,nan
SANCHEZ KATRINA,CAMARIN DOCTORS HOSPITAL,nan
SANCHEZ RAUL,BENARDINO GENERAL HOSPITAL,nan
SANTOS MARICEL,COMMONWEALTH HOSPITAL AND MEDICAL CENTER,nan
SANTOS ERVIN LEE,CAMARIN DOCTORS HOSPITAL,nan
SANTOS ARNEL,NOVALICHES DISTRICT HOSPITAL,nan
SATUNA ARLYN,CAMARIN DOCTORS HOSPITAL,nan
SERMONIA  ANTHONY,HOR/CONGRESS,nan
SINAY VINCENT,THE MEDICAL CITY,nan
SIQUIAN HAROLD,BENARDINO GENERAL HOSPITAL,nan
SO  EDISON,CAMARIN DOCTORS HOSPITAL,nan
SOLLANO JOSE,GENERAL MALVAR HOSPITAL,nan
SOMBRETO AARON,WESTVIEW CLINIC,nan
STA. MARIA FERNANDO,MARIAN MEDICAL ARTS BUILDING/FEUNRMF,nan
SULLER PETER,MARIAN MEDICAL ARTS BUILDING/FEUNRMF,nan
SUNGA YORADYL,COMMONWEALTH HOSPITAL AND MEDICAL CENTER,nan
TAGUBA CHRISTOPHER,COMMONWEALTH HOSPITAL AND MEDICAL CENTER,nan
TAMAYO-GARCIA MARYGRACE,COMMONWEALTH HOSPITAL AND MEDICAL CENTER,nan
TAN CATHERINE,COMMONWEALTH HOSPITAL AND MEDICAL CENTER,nan
TAN ASUNCION,MARIAN MEDICAL ARTS BUILDING/FEUNRMF,nan
TAN CONSUELO,THE MEDICAL CITY,nan
TANTENGCO VENERANDO,NOVADECI,nan
TEJADA JAYSON,BENARDINO GENERAL HOSPITAL,nan
TEVES IAN TIMOTHY,CAMARIN DOCTORS HOSPITAL,nan
TEVES IAN,CAMARIN DOCTORS HOSPITAL,nan
TIANGCO MARY AIDEL,CAMARIN DOCTORS HOSPITAL,nan
TUANO NORBERTO,COMMONWEALTH HOSPITAL AND MEDICAL CENTER,nan
TULIAO PATRICK,DILIMAN DOCTORS HOSPITAL,nan
UMLAS CHERYL ANNE,COMMONWEALTH HOSPITAL AND MEDICAL CENTER,nan
UY SAMUEL,MARIAN MEDICAL ARTS BUILDING/FEUNRMF,nan
UY DARWIN,DILIMAN DOCTORS HOSPITAL,nan
VELASQUEZ JONALYN,NOVALICHES DISTRICT HOSPITAL,nan
YABUT JOSHUA,DILIMAN DOCTORS HOSPITAL,nan
YAP JOEY,DILIMAN DOCTORS HOSPITAL,nan
YORO OFELYN,BENARDINO GENERAL HOSPITAL,nan
YRASTORZA SAMUEL,THE MEDICAL CITY,nan
YU IRA,DILIMAN DOCTORS HOSPITAL,nan
YU KATE NICOLE,NOVALICHES GENERAL HOSPITAL,nan
YULO JUDY ANNE,BERNADETTE BAUTISTA CLINIC,nan
ZALES JEOFFRY,CAMARIN DOCTORS HOSPITAL,nan
2NCLTR7MD0143 ANTHONY,JECSON MEDICAL CENTER,nan
ADAZER ARMINDA,NUEVA ECIJA DOCTORS HOSPITAL,nan
AMANSEC RICHARD,NUEVA ECIJA DOCTORS HOSPITAL,nan
ANG FERNANDO,GOODSAM MEDICAL HOSPITAL,nan
ANGELES CARIZZA,PALAYAN CLINIC,nan
ANGELES CRISTINA,FLORES CLINIC STA ROSA,nan
ANTONIO NOREEN,NUEVA ECIJA DOCTORS HOSPITAL,nan
APSAY JERAMIE CHUA,JECSON MEDICAL CENTER,nan
ARAFAG ANGELICA JOY,JECSON MEDICAL CENTER,nan
ARAGON MIGUEL,NUEVA ECIJA DOCTORS HOSPITAL,nan
ARCINUE JASON LOUIE,GOODSAM MEDICAL HOSPITAL,nan
AROCENA RAMBO,DR. PAULINO J GARCIA HOSPITAL,nan
ASUNCION JELLICOE MAINE,CENTRAL LUZON DOCTORS HOSPITAL,nan
BAGA LESTER ANTHONY,NUEVA ECIJA DOCTORS HOSPITAL,nan
BALDEMOR DANILO,HEART OF JESUS SAN JOSE,nan
BALDILLO JENNIFER,JECSON MEDICAL CENTER,nan
BALDILLO MARIA JENNIFER,CENTRAL LUZON DOCTORS HOSPITAL,nan
BARAYUGA CES,NUEVA ECIJA DOCTORS HOSPITAL,nan
BAUTISTA MARIA ANETTE,NUEVA ECIJA DOCTORS HOSPITAL,nan
BAUTISTA JEREMIAS,NUEVA ECIJA DOCTORS HOSPITAL,nan
BAUTISTA RAINVILLE,RAINVILLE BAUTISTA CLINIC,nan
BELTRAN CARLITO,GOODSAM MEDICAL HOSPITAL,nan
BELTRAN IRMINA,DR. PAULINO J GARCIA HOSPITAL,nan
BERGONIO ELLEN,NUEVA ECIJA DOCTORS HOSPITAL,nan
BERGONIO DANNY,NUEVA ECIJA DOCTORS HOSPITAL,nan
BESA MARK,DR. PAULINO J GARCIA HOSPITAL,nan
BOADO CARLO ANTONIO,PREMIER MEDICAL CENTER,nan
BULACAN AMIEL,BULACAN CLINIC,nan
BUNSAN JAMES,PREMIER MEDICAL CENTER,nan
CACHERO CHARO,JECSON MEDICAL CENTER,nan
CAIBIRAN  JERICHO,RAMOS GENERAL HOSPITAL,nan
CASALLO LIA,NUEVA ECIJA DOCTORS HOSPITAL,nan
CASALLO ALLAN VON,NUEVA ECIJA DOCTORS HOSPITAL,nan
CERIO SID,DR. PAULINO J GARCIA HOSPITAL,nan
COMBE ROSELL,GOODSAM MEDICAL HOSPITAL,nan
CONCEPCION ANECITO,GOODSAM MEDICAL HOSPITAL,nan
CONRADO III GENILO,CENTRAL LUZON DOCTORS HOSPITAL,nan
CORPUZ WILFREDO,WLC CLINIC,nan
CORTES  SANCHO,PREMIER MEDICAL CENTER,nan
CORTES  AURAN ROSANNE,PREMIER MEDICAL CENTER,nan
CRUDA YUMI CZARINA ONG,PREMIER MEDICAL CENTER,nan
CUARESMA MAGDALENA,GOODSAM MEDICAL HOSPITAL,nan
CUARESMA MADELINE,GOODSAM MEDICAL HOSPITAL,nan
CUARESMA CHRISTIAN,NUEVA ECIJA DOCTORS HOSPITAL,nan
DACIO RAUL,DACIO CLINIC BONGABONG,nan
DACIO TERESA,DACIO CLINIC BONGABONG,nan
DAQUIOAG HAZEL,THE CHILDRENS CLINIC,nan
DAUS  RACHEL COLOMA,HEART OF JESUS SAN JOSE,nan
DE GUZMAN THAN VU,PREMIER MEDICAL CENTER,nan
DE GUZMAN BOBBY,PREMIER MEDICAL CENTER,nan
DE GUZMAN CHRISTOPHER,JECSON MEDICAL CENTER,nan
DELA CRUZ ERNEST ABIGAIL,GOODSAM MEDICAL HOSPITAL,nan
DELA CRUZ LAARNI,BALER HOSPITAL,nan
DELA TORRE FREDIZMINDA,DR. FREDIZMINDA DELA TORRE CLINIC,nan
DIANSUY NINA,GOODSAM MEDICAL HOSPITAL,nan
DIANSUY NOREEN,GOODSAM MEDICAL HOSPITAL,nan
DIPACULANG GILBERT,DR. PAULINO J GARCIA HOSPITAL,nan
DIZON LEONOR,PREMIER MEDICAL CENTER,nan
DIZON EDUARDO,NUEVA ECIJA DOCTORS HOSPITAL,nan
DOMINGO ARNEL,DR. ARNEL DOMINGO CLINIC,nan
DU SIMEON,DR. PAULINO J GARCIA HOSPITAL,nan
DUQUE RUBY,GOODSAM MEDICAL HOSPITAL,nan
ENRIQUEZ GINESSELLE,BALER HOSPITAL,nan
ESTACIO KEVIN,PALAYAN CLINIC,nan
FAUSTINO KRISELLE,DR. PAULINO J GARCIA HOSPITAL,nan
FAUSTINO EVA HAZEL,JECSON MEDICAL CENTER,nan
FAUSTO ADRIAN MANUEL,PREMIER MEDICAL CENTER,nan
FELIPE JUAN FRANCO,NUEVA ECIJA DOCTORS HOSPITAL,nan
FLORES ERLANY,FLORES CLINIC STA ROSA,nan
FLORES ALFREDO,FLORES CLINIC STA ROSA,nan
FRANCISCO  LIRIO,NUEVA ECIJA DOCTORS HOSPITAL,nan
FUENTES GRACIELLA,PREMIER MEDICAL CENTER,nan
GABRIELL JULIA,NUEVA ECIJA DOCTORS HOSPITAL,nan
GABRIELL ARNEL,NUEVA ECIJA DOCTORS HOSPITAL,nan
GALENG COLEEN,NUEVA ECIJA DOCTORS HOSPITAL,nan
GARCIA ALEJANDRO,GOODSAM MEDICAL HOSPITAL,nan
GARCIA DOLORES SUSAN,SUSAN GARCIA CLINIC,nan
GAVINO RICARDO,GOODSAM MEDICAL HOSPITAL,nan
GREY GABRIEL NICHOLAS,DR. PAULINO J GARCIA HOSPITAL,nan
GRIVALDE RACHEL,NUEVA ECIJA DOCTORS HOSPITAL,nan
GUERERO RAYMUND,NUEVA ECIJA DOCTORS HOSPITAL,nan
GUSTILLO LAILANIE,PREMIER MEDICAL CENTER,nan
GUSTILLO ARIES,GOODSAM MEDICAL HOSPITAL,nan
GUTIERREZ CHARISSE,GOODSAM MEDICAL HOSPITAL,nan
IGNACIO RELITO,HEART OF JESUS SAN JOSE,nan
ISIDRO ROSALIE,BALER HOSPITAL,nan
JACINTO EMILY,PREMIER MEDICAL CENTER,nan
LABITAN DION,NUEVA ECIJA DOCTORS HOSPITAL,nan
LABUTONG FERDINAND BUGARIN,CENTRAL LUZON DOCTORS HOSPITAL,nan
LACSON ROWENA,PREMIER MEDICAL CENTER,nan
LAURENTE EMILLIO,WESLEYAN HOSPITAL CABANATUAN,nan
LIM LLOYD,JECSON MEDICAL CENTER,nan
LIMJOCO ANTOINETTE,PREMIER MEDICAL CENTER,nan
LINSANGAN LEAH,LEAH LINSANGAN CLINIC,nan
LO MARITES,JECSON MEDICAL CENTER,nan
LOPEZ BENNY,NUEVA ECIJA DOCTORS HOSPITAL,nan
LUGTU CHRISTIE MAE,VINCENT MARCELO CLINIC,nan
LUMANG REBECCA,GUIMBA GENERAL HOSPITAL,nan
MADUCDOC NOEL,GOODSAM MEDICAL HOSPITAL,nan
MAGLEO MA. CRISTINA,VINCENT MARCELO CLINIC,nan
MANALO HERNAL,NUEVA ECIJA DOCTORS HOSPITAL,nan
MANANGBAO IVAN,HI- PRECISION CABANATUAN,nan
MANZANO JEROME,GOODSAM MEDICAL HOSPITAL,132306.0
MARCELO VINCENT,VINCENT MARCELO CLINIC,nan
MATA EMMANUEL,PREMIER MEDICAL CENTER,nan
MATIAS MICHAEL,HI- PRECISION CABANATUAN,nan
MEJIA RASTY,DR. PAULINO J GARCIA HOSPITAL,nan
MENDOZA ROSS ALLAN,GOODSAM MEDICAL HOSPITAL,100694.0
MENDOZA EDGAR ALLAN,MENDOZA CLINIC,nan
MORA JEFFREY,"DR, JEFFREY MORA CLINIC",nan
MUPAS JULIETA,PREMIER MEDICAL CENTER,nan
NOCUM LOURDES,NUEVA ECIJA DOCTORS HOSPITAL,nan
OAMPO MA. CECILIA,NOT SPECIFIED,nan
OCAMPO MELMONT,NUEVA ECIJA DOCTORS HOSPITAL,nan
ORETA BENEDICTO,NUEVA ECIJA DOCTORS HOSPITAL,nan
PAATAN IAN,NUEVA ECIJA DOCTORS HOSPITAL,nan
PAATAN LAN FRANC,NUEVA ECIJA DOCTORS HOSPITAL,nan
PASCUAL MARVY,NUEVA ECIJA DOCTORS HOSPITAL,nan
PESORO VINCENT,DR. PAULINO J GARCIA HOSPITAL,nan
PETILLO LAISA LAPITAN,JECSON MEDICAL CENTER,nan
PORNESO MARIKIT,NUEVA ECIJA DOCTORS HOSPITAL,nan
PORNESO JEFFERSON,DR. JEFFERSON PORNESO CLINIC ALIAGA,nan
PUNO RHEY,WESLEYAN HOSPITAL CABANATUAN,nan
QUILANTANG JESSICA,NUEVA ECIJA DOCTORS HOSPITAL,nan
RAMOS CRISTINA,NUEVA ECIJA DOCTORS HOSPITAL,nan
REYES CARMINCITA,NUEVA ECIJA DOCTORS HOSPITAL,nan
REYES JOHN ROBINSON,GOODSAM MEDICAL HOSPITAL,nan
REYMATIAS REY,GOODSAM MEDICAL HOSPITAL,nan
RINOSA NOEL,GOODSAM MEDICAL HOSPITAL,nan
RIVERA JANICE,JECSON MEDICAL CENTER,nan
ROQUE JESSE JANE,BALER HOSPITAL,nan
ROSALES EDISON,GOODSAM MEDICAL HOSPITAL,nan
SALAC CELIA,GOODSAM MEDICAL HOSPITAL,nan
SALAC-GRANTOZA CARMINA NINA,GOODSAM MEDICAL HOSPITAL,nan
SALAS CRISTINA PAYNOR,NUEVA ECIJA DOCTORS HOSPITAL,nan
SALVADOR EVANGELINE,GOODSAM MEDICAL HOSPITAL,nan
SAMPANA ALBERT,PREMIER MEDICAL CENTER,nan
SAN PEDRO JOSEPH,PREMIER MEDICAL CENTER,nan
SANTIAGO DONNY,DR. PAULINO J GARCIA HOSPITAL,nan
SEBIAL MA.CUARESMA,PREMIER MEDICAL CENTER,nan
SERRANO RUEL,GOODSAM MEDICAL HOSPITAL,nan
SERRANO KATHERINE,GOODSAM MEDICAL HOSPITAL,nan
SOBREPENA RINO,HEART OF JESUS SAN JOSE,nan
SOLIMAN MARK,DR. PAULINO J GARCIA HOSPITAL,nan
SUPAPO ALEX,NUEVA ECIJA DOCTORS HOSPITAL,nan
SURRATOS MA. RODALLA,GOODSAM MEDICAL HOSPITAL,nan
TADEO PEACHY,DR. PEACHY TADEO CLINIC,nan
TAN GEORGE,NUEVA ECIJA DOCTORS HOSPITAL,nan
TANWANI ALBERT,GOODSAM MEDICAL HOSPITAL,nan
TELLO LORELIE,BALER HOSPITAL,nan
TIENZO JONAS,PREMIER MEDICAL CENTER,nan
TOLENTINO KATHRYN HAZEL,GOODSAM MEDICAL HOSPITAL,112623.0
TOLENTINO MARY ROSELLE,NUEVA ECIJA DOCTORS HOSPITAL,nan
TONGOL MARY ROSE,JECSON MEDICAL CENTER,nan
TOQUERO MA. THERESA,JECSON MEDICAL CENTER,nan
VALDEZ ROLAND,GOODSAM MEDICAL HOSPITAL,nan
VALDEZ THELMA,GOODSAM MEDICAL HOSPITAL,nan
VALENCIA ROLANDO,HEART OF JESUS SAN JOSE,nan
VALENTINO APPLE,NUEVA ECIJA DOCTORS HOSPITAL,nan
VILORIA JORINA KRISTA,DR. PAULINO J GARCIA HOSPITAL,nan
WY MARY ANN,PREMIER MEDICAL CENTER,nan
WY CECELIO,PREMIER MEDICAL CENTER,nan
YACAT ANDREW,PREMIER MEDICAL CENTER,nan
YANG RAYCHELL,CLINICA YANG,nan
YANG SYLVIA,CLINICA YANG,nan
YANG SHERYL,CLINICA YANG,nan
YUMENA RYAN,JECSON MEDICAL CENTER,128707.0
ZAGALA AILEEN,PREMIER MEDICAL CENTER,113764.0
ALCATARA ROGIE MARIE,MAKATI MEDICAL CENTER,nan
ALEMANY RAMON CARLOS MIGUEL,MAKATI MEDICAL CENTER,nan
ALIBIN JOVITO,MAKATI MEDICAL CENTER,nan
ALVAREZ   RAQUEL,MAKATI MEDICAL CENTER,nan
ALVAREZ VIDA,MAKATI MEDICAL CENTER,nan
ALVAREZ VICTOR,MAKATI MEDICAL CENTER,nan
ANTONIO ANGELA,OSPITAL NG MAKATI,nan
ARAGON JIMMY,MAKATI MEDICAL CENTER,nan
BALANGUIT LOUIE,MAKATI MEDICAL CENTER,nan
BANICO   MA. PIA REGINA,MAKATI MEDICAL CENTER,nan
BATALLA KRISHA NICOLE,MAKATI MEDICAL CENTER,nan
BATARA JULETTE,ST. LUKE'S MEDICAL CENTER - GLOBAL CITY,nan
BERNARDO CARMINA,MAKATI MEDICAL CENTER,nan
BERROYA REMY MARGARET,ST. LUKE'S MEDICAL CENTER - GLOBAL CITY,nan
BITON MYRA ROSE,MAXICARE PRIMARY CARE CENTER,nan
BLANCO DAISY,MEDICARD,nan
CABALU MARIA FRANCHESCA,MAKATI MEDICAL CENTER,nan
CABALU ARCALUCY,MAKATI MEDICAL CENTER,nan
CAINGHUG VANESSA,ST. LUKE'S MEDICAL CENTER - GLOBAL CITY,nan
CAMPOS RAMON,MAKATI HEALTH CENTER,nan
CANLAS    KRISTINA,MAKATI MEDICAL CENTER,nan
CANLAS  REGINA,MAKATI MEDICAL CENTER,nan
CARANDANG-CHACON   CHRISTINE,MAKATI MEDICAL CENTER,nan
CASTILLO GIA,ACE HOSPITAL PATEROS,nan
CHIA- TAN STELLA,MAKATI MEDICAL CENTER,nan
CHU   DONABELLE,MAKATI MEDICAL CENTER,nan
COMPETENTE JESSEMINE,OSPITAL NG MAKATI,nan
CORRALES ALETA,MEDICARD,nan
DANTES ROBIN,MAKATI MEDICAL CENTER,nan
DASIG DARWIN,MAKATI MEDICAL CENTER,nan
DE GUZMAN MA. LOURDES ROSANNA,MEDICAL TOWERS,nan
DE MESA JOHN PAUL,OSPITAL NG MAKATI,nan
DOMINGO FRANKLIN,MAKATI MEDICAL CENTER,nan
DURAN KATHLEEN,AVENTUS CLINIC,nan
DY PRUDENCIO,MAKATI MEDICAL CENTER,nan
ECAL  MELIZA,ST.CLARES MEDICAL CENTER,nan
ELEAZAR MARK LORENZO,MAKATI MEDICAL CENTER,nan
ESPIRITU TRICIA,OSPITAL NG MAKATI,nan
ESPIRITU NAOMI,MAKATI MEDICAL CENTER,nan
FAROL JANET,MAKATI MEDICAL CENTER,nan
FELIPE GEOFFREY,MAKATI HEALTH CENTER,nan
FRAGO FREDERICK,GREPALIFE CLINIC,nan
GALANG CHARLES,MAKATI MEDICAL CENTER,nan
GAN ROBERT MICHAEL,MAKATI MEDICAL CENTER,nan
GARCIA JOSEFITA,MAKATI MEDICAL CENTER,nan
GENERIC DRUGSTORE 1,GENERIC,nan
GO- CHU LOVIE HOPE,MAKATI MEDICAL CENTER,nan
GONZALES DENISE,MAKATI MEDICAL CENTER,nan
GOSIENGFIAO   TANYA,MAKATI MEDICAL CENTER,nan
GUBALLA PIA,MEDICAL PLAZA,nan
GUIEB-PREYSLER    MARIVIC,MAKATI MEDICAL CENTER,nan
HIZON MARIA POMPEAI,ST. LUKE'S MEDICAL CENTER - GLOBAL CITY,nan
ILAGAN MAIKKA,OSPITAL NG MAKATI,nan
ISABELLA LEOVIGILDO,MAKATI MEDICAL CENTER,nan
JURILLA JUAQUIM,MAKATI MEDICAL CENTER,nan
JURILLA JOHN EDWARDS,MAKATI MEDICAL CENTER,nan
KANAPI PRINCESS,MAKATI MEDICAL CENTER,nan
KATIGBAK LUZVIMINDA,MAKATI MEDICAL CENTER,nan
KIAT ALEXA,MAKATI MEDICAL CENTER,nan
LANTANO ANNA MARIE,MAKATI MEDICAL CENTER,nan
LAPITAN RAUL,MAKATI MEDICAL CENTER,nan
LAXAMANA LINA,ST. LUKE'S MEDICAL CENTER - GLOBAL CITY,nan
LEAL JOHN BENEDICT,GREPALIFE CLINIC,nan
LEONORA CAPELLAN,MAKATI MEDICAL CENTER,nan
LIABRES VICTORINO,MAKATI MEDICAL CENTER,nan
LOPEZ WILLY,MAKATI MEDICAL CENTER,nan
LOPEZ GARY,MAKATI MEDICAL CENTER,nan
LUDWIG DAMIAN,ST. LUKE'S MEDICAL CENTER - GLOBAL CITY,nan
LUNA JOSEPH DANIEL,OSPITAL NG MAKATI,nan
MACALINTAL    VINCENT,MAKATI MEDICAL CENTER,nan
MACROHON MARIA CHRISTINA,ST. LUKE'S MEDICAL CENTER - GLOBAL CITY,nan
MAGSOMBOL MARIE,MAKATI MEDICAL CENTER,nan
MANLEGRO NADIA,MAKATI MEDICAL CENTER,nan
MANUEL  VICTORIA,ST. LUKE'S MEDICAL CENTER - GLOBAL CITY,nan
MARIANO MANUEL,ST. LUKE'S MEDICAL CENTER - GLOBAL CITY,nan
MARIANO GERALDINE,ST. LUKE'S MEDICAL CENTER - GLOBAL CITY,nan
MARZAN ROBERT,MEDICAL PLAZA,nan
MEDINA KATRINA,MAKATI MEDICAL CENTER,nan
MENDOZA ANGILIQUE,MAKATI MEDICAL CENTER,nan
MENENDEZ BEVERLY,MAXICARE PRIMARY CARE CENTER,nan
MORTEL ANNA DANIELLE,MAKATI MEDICAL CENTER,nan
NOBLE   PERRY,MAKATI MEDICAL CENTER,nan
OBRA-PUNO RENEE,MAKATI MEDICAL CENTER,nan
OLAYAN GERALD,MAKATI MEDICAL CENTER,nan
ONG JED NOEL,MAKATI MEDICAL CENTER,nan
PALERMO NICO,MAKATI HEALTH CENTER,nan
PANTANCO JOSE,MAKATI MEDICAL CENTER,nan
PASTORES ELOISA,MAKATI MEDICAL CENTER,nan
PENAMENTE FAITH,MAKATI MEDICAL CENTER,nan
PEREZ-SANTIAGO   CYMBELINE,MAKATI MEDICAL CENTER,nan
PICAR ROSALINA,MAKATI MEDICAL CENTER,nan
PUZON KEVIN,MAKATI MEDICAL CENTER,nan
RABAGO RYAN,MAKATI MEDICAL CENTER,nan
RANOY GENUINA,ST. LUKE'S MEDICAL CENTER - GLOBAL CITY,nan
RELOZA VICENTE,MAKATI MEDICAL CENTER,nan
REYES MARIA IVY,MAKATI HEALTH CENTER,nan
ROMANO MARIANNE,MAKATI MEDICAL CENTER,nan
RONDAIN ELIZABETH,MAKATI MEDICAL CENTER,nan
ROQUE ROSE ANNE,MAKATI MEDICAL CENTER,nan
SABALZA   MICHAEL,MAKATI MEDICAL CENTER,nan
SAGE-NOLIDO    ANNA MARIE,MAKATI MEDICAL CENTER,nan
SAMANIEGO RENE,MAKATI MEDICAL CENTER,nan
SANSANO OLIVER,MAKATI MEDICAL CENTER,nan
SANTIAGO CARLOS FRANCIS,MAKATI MEDICAL CENTER,nan
SERAD JANNA,MAKATI MEDICAL CENTER,nan
SESE BERNARD,MAKATI HEALTH CENTER,nan
SEXON ANTHONY,OSPITAL NG MAKATI,nan
SIBUYAN EUNICE,MAXICARE PRIMARY CARE CENTER,nan
SISON MARK,MAKATI MEDICAL CENTER,nan
TAJONERA KATHERINE,MAXICARE PRIMARY CARE CENTER,nan
TAN MARIE CECILLIA,ST. LUKE'S MEDICAL CENTER - GLOBAL CITY,nan
TIANGCO LEILA,GREPALIFE CLINIC,nan
TOLENTINO EDGARDO,MAKATI MEDICAL CENTER,nan
URBIZTONDO KEANNE CLARENCE,MAKATI MEDICAL CENTER,nan
VALDERAMA DAVE,MEDICAL PLAZA,nan
VELASCO MARY KATHLEEN,MAKATI MEDICAL CENTER,nan
VIDAMO ROMEO,AVENTUS CLINIC,nan
VILLARUBIN AUGUSTO,MAKATI MEDICAL CENTER,nan
VILLAVICENCIO MARIA VICTORIA ARMAS,MAKATI MEDICAL CENTER,nan
VINOYA TINA,MEDICARD,nan
ZAPANTA JOHN JOSEPH,OSPITAL NG MAKATI,nan
ANDRESS MARK,Vitalhealth,nan
ARIAS  PHILIP,St. Elizabeth,nan
CANIESO MA. ZENY,Gedorio-Canieso Clinic,nan
CARPIO JONEO,St. Elizabeth,nan
DE CASTRO NIKKA PAULA,St. Elizabeth,nan
DIMALEN MOHAMMAD SADIK,Cotabato Doctors,nan
DOMINISAC ANN,Gensan Doctors,nan
DR. ABANTAO MARILYN,Koronadal Diagnostic Center,nan
DR. ABRASIA LUCYLE,Gensan Doctors,nan
DR. AGUIRRE  JERECHO HENRY,Aguirre Clinic,nan
DR. ALCOVER JEAN,Socsargen County Hospital,nan
DR. AMOROSO GAUDIOSO,Amoroso Clinic,nan
DR. ANG  JO-ANNE,Gensan Doctors,nan
DR. ANGDAGCO CLAIRE,Gensan Doctors,nan
DR. APONESTO  MICHEAL,Heramil Hospital,nan
DR. APOSTOL MILDRED,Cotabato Regional Medical Center,nan
DR. AQUINO JOVINO,St. Elizabeth,nan
DR. ARIAS MELLANIE MARIE,St. Elizabeth,nan
DR. ARMADA BERNADETH,Specialist Diagnostic Center,nan
DR. BALAN RALPH ADRIEL,Gensan Doctors,nan
DR. BALAY ANGELITO,Gensan Doctors,nan
DR. BILLENA SALVACION,Gensan Doctors,nan
DR. BOLOICO BOMBISHAZZAR,AJM Building 2,nan
DR. BUENAFLOR FASL GOLDANNE,Cotabato Regional Medical Center,nan
DR. BUENAFLOR KASHMIRA,Buenaflor Clinic,nan
DR. BUXANI NARESH,Cotabato Regional Medical Center,nan
DR. CAGAMPANG BRYAN,Socsargen County Hospital,nan
DR. CASTILLO LUZVIMINDA,Castillo Clinic,nan
DR. COPIA CARLO MARTIN,Socsargen County Hospital,nan
DR. CORNELIO LEX,Specialist Diagnostic Center,nan
DR. CORNELIO ELEANOR,Gensan Doctors,nan
DR. DE CASTRO GIANNE CAMILLE,St. Elizabeth,nan
DR. DE CASTRO FROILAN,St. Elizabeth,nan
DR. DE LEON ARNEL,Pinelab,nan
DR. DECOLONGON REX,St. Elizabeth,57078.0
DR. DELA CRUZ KIETH IVORY,Gensan Doctors,nan
DR. DIDELIS ALLAN,Dediles Clinic,nan
DR. DONASCO DANIEL,Donasco Clinic,nan
DR. ENRIQUEZ MICHEAL,St. Elizabeth,nan
DR. ESCOTE LAILA,Bontuyan Hospital,nan
DR. ESCOVIDAL ANTHONY LAURENCE,Gensan Doctors,nan
DR. FLORIDA CARL HILL,Gensan Doctors,nan
DR. GAGWIS RAYMUND,Gensan Doctors,nan
DR. GALAEZ RONALD,Galaez Clinic,nan
DR. GALANG DANILLE,South Cotabato Provincial Hospital,nan
DR. GARCIA HERMENEGILDO,Demontano Clinic,nan
DR. GUAZO AILEENETTE,Specialist Diagnostic Center,nan
DR. GUNDAYA ANGELA KATE,St. Elizabeth,nan
DR. HERAMIL HELARION,Heramil Hospital,nan
DR. KANSI NOR-AINE,Cotabato Regional Medical Center,nan
DR. LAGUMEN TENCH,Lagumen Clinic,nan
DR. LUCERO  ANNA LORAINNE,St. Elizabeth,nan
DR. LUCERO  MYLEEN,Gensan Doctors,nan
DR. MACAILING JURINA JOY,Heramil Hospital,nan
DR. MAGAN JOHN REUEL,Magan Clinic,120103.0
DR. MAGBANUA RONALD,St. Elizabeth,nan
DR. MAGBANUA CHERRY,Vitalab,nan
DR. MANCHING JAMES,Gensan Doctors,nan
DR. MESA FELISE,St. Elizabeth,nan
DR. MIRABUENO NARCISO,St. Elizabeth,nan
DR. MOKAMAD-CAMPIAO JEHAN KASHMIRA,United Doctors Hospital,nan
DR. MONDERO MANUEL,GENMEDEX,nan
DR. MONTANO GRACE,Montaño Clinic,nan
DR. MONTECILLO ACHELLIS,AJM Building 2,nan
DR. MONTECILLO MAX JOSEPH,AJM Building 2,nan
DR. MONTEMAYOR MA. ANTONIETA,Gensan Doctors,nan
DR. NOLASCO VINALYN,St. Elizabeth,nan
DR. PACALDA STEPHANIE,Koronadal Diagnostic Center,nan
DR. PADILLA JORGE,Cotabato Regional Medical Center,nan
DR. PAEZ JONATHAN VINCENT,Gensan Doctors,nan
DR. PAEZ VIVIEN,Dadiangas Medical Center,nan
DR. PALMA ROSIE VERN,St. Elizabeth,nan
DR. PELERE DAVE MAR,Pelere Clinic,nan
DR. PEREZ MARK ANDREW,Specialist Diagnostic Center,nan
DR. PILLORA VIMAJOY,St. Elizabeth,nan
DR. PONCE NIMROD,GENMEDEX,nan
DR. QUIAMBAO JENNIFER LEE,Pingoy Medical Hospital,nan
DR. QUIRAPAS ROSEMINA,Gensan Doctors,nan
DR. RAMOS ROBERT,St. Elizabeth,nan
DR. RANGGAN  KIM MERCK,Koronadal Diagnostic Center,nan
DR. RETIRADO MELGAR,Retirado Clinic,nan
DR. REYES DYMPHNA,Vitalhealth,nan
DR. ROJAS  MA. ESTRELLA,St. Elizabeth,nan
DR. SALCEDO MA. HIMAYA,South Cotabato Provincial Hospital,nan
DR. SANCHEZ-TUGAS APRIL ARIANE,Pingoy Medical Hospital,nan
DR. SEGOCIO STEPHEN,St. Elizabeth,nan
DR. SUAREZ-UY RACHEL,Suarez-uy Clinic,nan
DR. SULIT VIRGINIA,Pingoy Medical Hospital,nan
DR. TAMBULI MARIA ZAIDES,GENMEDEX,nan
DR. TRIPOLE KATHY JANE,Gensan Doctors,nan
DR. UNDANGAN ROCKY,AJM Building 1,nan
DR. UY KHRISTINE,HQlab ni Dok,nan
DR. VENERACION KEVIN PATRICK,St. Elizabeth,nan
DR. YABON ANTONIO JR.,Gensan Doctors,nan
DR.RIVERA  EMILY,Rivera Clinic,nan
GAGWIS RANNIE,Gensan Doctors,nan
GARCIA JANE FABRIENNE,Cotabato Regional Medical Center,nan
HUDIERES CHERRYL ROSE,Socsargen County Hospital,nan
JALIPA RICARDO,St. Elizabeth,nan
JANE MARICE PASCUAL,PASCUAL CLINIC,nan
JARIOL  RONALD JOHN,Jariol Clinic,nan
LACSAMANA MICHEAL,Howard Hubbard,nan
LAY EDUARDO,Lay Clinic,nan
LUMATA OLIVE GRACE,Howard Hubbard,nan
OCO MARIUOS ORLAND,Oco Clinic,nan
ODI MA. ANTONIETA,Odi Clinic,nan
PARAS BARBARA,Koronadal Diagnostic Center,nan
PENALES REYANGELI,Gensan Doctors,nan
PENAMANTE FIDEL,St. Elizabeth,nan
REGALADO REYNALDO,Howard Hubbard,nan
ROSEJANNE LAGMAO,Howard Hubbard,nan
SOLAMO JUANITO,Demontano Clinic,nan
TAMAYO MICHEAL DOROTHY FRENCES,St. Elizabeth,nan
VALDEZ ANDREW,MDSquare,nan
VENERACION RONALDO,St. Elizabeth,nan
VILLA SONI,Howard Hubbard,nan
VILLANUEVA JOHN MARK,Villanueva Hospital,nan
ZAMBRANO JHOANA MARIE,Cotabato Regional Medical Center,nan
ADRIANO ZENAIDA,CALOOCAN TERRITORIALS,nan
AUSTRIA MINNIE,VALENZUELA TERRITORIALS,nan
BARCEBAL JENNIFER,CALOOCAN TERRITORIALS,nan
BISQUERA RUBY ROSE,VALENZUELA TERRITORIALS,nan
BONAGUA MA. ROSARIO,MCU HOSPITAL,nan
BONGOSIA LEANDRO,MCU HOSPITAL,nan
BORBE RENE,CENTRALLE MEDICAL,nan
BORNALES DANTE,MCU HOSPITAL,nan
CABULING IAN,CCMC,nan
CANLAS RUTH,CENTRALLE MEDICAL,nan
CAPULI-MANAPAT NORMITA,MALABON TERRITORIALS,nan
CARREON AILEEN,VALENZUELA TERRITORIALS,nan
CASINTAHAN ERNESTO,SUNRISE HEALTH CHECK DIAGNOSTIC CENTER,nan
CRUZ EMERITO,CENTRALLE MEDICAL,nan
DACAYAN MARY ANN,CENTRALLE MEDICAL,nan
DALISAY AIME,FATIMA UNIVERSITY MEDICAL CENTER,nan
DALLARTE CHA,VALENZUELA EMERGENCY HOSPITAL,nan
DE GUZMAN EDWIN,MALABON TERRITORIALS,nan
DE GUZMAN BORIS,MCU HOSPITAL,nan
DE JESUS ARLENE,FATIMA UNIVERSITY MEDICAL CENTER,nan
DEDUYO ORLANDO,FATIMA UNIVERSITY MEDICAL CENTER,nan
DEDUYO ROLANDO,FATIMA UNIVERSITY MEDICAL CENTER,nan
DEL MUNDO SARAH,MCU HOSPITAL,nan
DEL RIO RODNEY,MCU HOSPITAL,nan
DELA CRUZ JASON,CCMC,nan
DICO-GO JOYCE,CENTRALLE MEDICAL,nan
DOMINGO DWIGHT,CCMC,nan
EDUARTE MELBA,CCMC,nan
ESCARO KIM,MALABON TERRITORIALS,nan
FAIGAO GIENAH,MALABON TERRITORIALS,nan
FERRER KRISHA,CCMC,nan
FLORES BERWYN,MEDCARE DIAGNOSTIC CENTER,nan
FORTUNO EDWIN,FATIMA UNIVERSITY MEDICAL CENTER,nan
FUNDIMERA DIVINA,CALOOCAN TERRITORIALS,nan
GALIZA JOCELYN,CCMC,nan
GALVEZ ROMMEL,MCU HOSPITAL,nan
GARCIA ISAURO,MALABON TERRITORIALS,nan
GATCHAIAN  RAFAEL,CALOOCAN TERRITORIALS,nan
GERONA-JUSAYAN MA. LENYALDA,FATIMA UNIVERSITY MEDICAL CENTER,nan
GO ELEONOR,CCMC,nan
GONZALES JOYLYN,CALOOCAN TERRITORIALS,nan
GUMAYAGAY ROMAN,CCMC,nan
GUNIGUNDO MARIE SYLVESTRE EASTER,FATIMA UNIVERSITY MEDICAL CENTER,nan
HERNANDEZ KAREN LIM,MCU HOSPITAL,nan
HERNANDEZ-ALCORIZA KAREN,VALENZUELA TERRITORIALS,nan
IGNACIO VICENTE,MALABON TERRITORIALS,nan
LICOP DIANA,CALOOCAN TERRITORIALS,nan
LIM DELIA,MCU HOSPITAL,nan
LOPEZ ROY,CCMC,nan
LOZANO JESUS,THREE KINGS DIAGNOSTICS CLINIC,nan
LU ALBERT,FATIMA UNIVERSITY MEDICAL CENTER,nan
LUCAS PAUL,CCMC,nan
LUCES EDUARDO,CALOOCAN TERRITORIALS,nan
MANALO JOHN EMMANUEL,CCMC,nan
MANAPAT RUBEN,MALABON TERRITORIALS,nan
MANAPAT LARISSA CAMILLE,MALABON TERRITORIALS,nan
MANAYON SOSITA,MALABON TERRITORIALS,nan
MANGABAT DIEGO,CCMC,nan
MANGASER ARLIN,VALENZUELA TERRITORIALS,nan
MARCIANO MANOLITO,CCMC,nan
MATA CECIL,CCMC,nan
MIA REGINALD,CALOOCAN TERRITORIALS,nan
MICLAT NOLI,VALENZUELA TERRITORIALS,nan
MIRALLO ALFRED,THREE KINGS DIAGNOSTICS CLINIC,nan
MIRANDA EMMA,FATIMA UNIVERSITY MEDICAL CENTER,nan
MONTE CATHERINE,VALENZUELA TERRITORIALS,nan
MONTIVIRGEN RICHULTZ,MCU HOSPITAL,nan
NARIO RONALD WINDLY,MALABON TERRITORIALS,nan
NOCOM PAUL,MCU HOSPITAL,nan
OABEL GLENDA,VALENZUELA TERRITORIALS,nan
PAMPLONA ALDWYN,FATIMA UNIVERSITY MEDICAL CENTER,nan
PAYAWAL OSCAR,VALENZUELA TERRITORIALS,nan
PAYAWAL LIIA DOMINIQUE,FATIMA UNIVERSITY MEDICAL CENTER,nan
PAZON RUBY,CALOOCAN TERRITORIALS,nan
PERLAS GERALD,PERLAS POLYCLINIC,nan
PERLAS TJ,PERLAS POLYCLINIC,nan
PIPO MICHELLE,FATIMA UNIVERSITY MEDICAL CENTER,nan
PUNZALAN DON REYAN,MALABON TERRITORIALS,nan
QUITO BENJAMIN,MCU HOSPITAL,nan
RAGOS EVELYN,CENTRALLE MEDICAL,nan
RAYMUNDO FEL,VALENZUELA TERRITORIALS,nan
REBOLLIDO MARK,CCMC,nan
REYES AURELIO,VALENZUELA TERRITORIALS,nan
RIOS MYRA,CCMC,nan
ROMERO ALLAN,MALABON TERRITORIALS,nan
ROQUERO-GILLESANIA KATRINA LEI,VALENZUELA TERRITORIALS,nan
RUIZ JASON,MALABON TERRITORIALS,nan
SABANGAN JOEL,MCU HOSPITAL,nan
SANCHEZ CHRISTIE,MALABON TERRITORIALS,nan
SANTIAGO ROEL,VALENZUELA TERRITORIALS,nan
SANTOS ERVIN,MCU HOSPITAL,nan
SANTOS HANSEL,MCU HOSPITAL,nan
SAYO AILEEN,CCMC,nan
SEE JOHNSON,PERLAS POLYCLINIC,nan
SISON CHRISTIAN,CCMC,nan
STA ANA  JARDINE,STA ANA CLINIC,nan
STA ANA  HERMINIA,STA ANA CLINIC,nan
TAN RAPONCEL,PERLAS POLYCLINIC,nan
TAN FILIPINA,MCU HOSPITAL,nan
TERENCIO JARY,MALABON TERRITORIALS,nan
TOLENTINO ROMMEL,MCU HOSPITAL,nan
TOREJA  TERESA,MALABON TERRITORIALS,nan
TORRES RC,MCU HOSPITAL,nan
TU MARK ANDREW,CENTRALLE MEDICAL,nan
TUMBOCON ANTONIO,MALABON TERRITORIALS,nan
TUMBOCON ELIZABETH,MALABON TERRITORIALS,nan
USON GARY,FATIMA UNIVERSITY MEDICAL CENTER,nan
UY PETER,MCU HOSPITAL,nan
VICENCIO ROBERT ALLAN,VALENZUELA TERRITORIALS,nan
ABAD AGUSTO,Tricity medical center,nan
AGCAOILI MA. THERESA,The medical city,nan
ALEMANY GINA,The medical city,nan
ALFARAZ LIEZEL,Tmc market,nan
ALIANGAN EDGAR,Medical center taguig,nan
ALIMOOT DEXTER,Healthway market,nan
ALVAREZ ROMEO,Pembo doctors,nan
ANTONIO ANGELA,Ospital ng makati,nan
ARRELANO FLORENCE,Meralco,nan
ARSENIO RODOLFO,Army general hospital,nan
BADILLES FIDELA,St. Lukes bgc,nan
BALAJADIA RONAN,Balajadia clinic,nan
BANAL KATHERINE,The medical city,nan
BONGON CRISTINE JOY,Medical center taguig,nan
BONIFACIO TANIA,Ospital ng makati,nan
BONOAN ZENAIDA,Healthway market,nan
BORROMEO ANNE,Meralco,nan
BUNDALIAN IRWIN,TMC Sm east ortigas,nan
BUNDALIAN KATHERINE,The medical city,nan
CABALERO TRIFON,St. Camilus,nan
CABALLES ADRIENNE ALEXIS,Meralco,nan
CABALLES CYRUS,Meralco,nan
CALINGO MARIA LYNDIA,City health office,nan
CARLOS CATHERINE,Roque polyclinic,nan
CARRIDO RICKY,Ospital ng makati,nan
CASSANDRA MARIE,Ospital ng makati,nan
CERVO MARILYN,Cervo clinic,nan
CLAVERIA STEFAN,Ospital ng makati,nan
COBARUBIAS ARNOLD,Alfonso hospital,nan
CONSOLACION VALERIE,Smc c5,nan
CRISTOBAL DONALD,Medical center taguig,nan
DATU BEATRIZ,Meralco,nan
DE JESUS ALVIN,Pembo doctors,nan
DE SAHAGUN ARNEL,Tricity medical center,nan
DEL ROSARIO VIMS,Pasig city General Hospital,nan
DIAZ JOANNE,The medical city,nan
DORADO JEAN,Ospital ng makati,nan
ENRIQUEZ KAMILLE,The medical city,nan
ESGUERRA CARLOS,The medical city,nan
FAMADOR GENALDO,Army general hospital,nan
FLORENCIO MARY QUEEN,The medical city,nan
FLORENTINO ABIGAIL,Meralco,nan
FLORES SHARON,Roque polyclinic,nan
FONTE JAY,Ardi malinao,nan
FORMALEJO DIDI,The medical city,nan
GARCIA NATHANIEL,Ace pateros,nan
GENERAL CRISTOPHER,Ospital ng makati,nan
GONZALES MARSHA,Healthway market,nan
GUERRERO ADRIEL,Ardi malinao,nan
HERRADURA ANTONIO,Ardi mercedes,nan
HEYRES JOSELITO,Heyres clinic,nan
IBANEZ ELLA,Healthway market,nan
ISIP JOIE,Ace pateros,nan
JURADO NORMAN,The medical city,nan
KASALA RUBEN,The medical city,nan
KIE JASON,Galo clinic,nan
LAYOSO DARLA,Smc c5,nan
LAZARO VICTOR,The medical city,nan
LEYBAG BRYAN,The medical city,nan
LIM DIANE,Smc c5,nan
LOPEZ LIZETTE,The medical city,nan
LU CUEZON GAYLIL,Lu cuezon clinic,nan
MACABEO RENELENE,Medical center taguig,nan
MAGTIBAY DANICA,Ospital ng makati,nan
MALANAW RYAN,Ospital ng makati,nan
MALINAO CRISTINA BIROG,Recuenco clinic,nan
MANALO JOANNAH,Healthway market,nan
MAOLEM LAVADIA,Ospital ng makati,nan
MERCADAL GERARD,The medical city,nan
MINOZA NICEFORA,Minoza clinic,nan
MINOZA JUDE,Minoza clinic,nan
MONTEVIRGEN RICHULTZ,The medical city,nan
MORENO SHARON,The medical city,nan
MURILLO CRISSA-LYN,Meralco,nan
NATIVIDAD RUDY,Medical center taguig,nan
NICOLAS ANA,Healthway market,nan
NIOHG BEN,City health office,nan
OGBAC FREDERICK,Medical center taguig,nan
OPENA GREGORY,Ospital ng makati,nan
OSANO NORENA,City health office,nan
PAMA WILFRED,Cruz rabe hospital,nan
PASCUAL ERIC,The medical city,nan
PENA CHERRY,Medical center taguig,nan
PEREZ DANTE,Tricity medical center,nan
RAMOS PATRICIA PUNO,The medical city,nan
RAPADA JOSEPHINE,Avila polyclinic,nan
RAYOS DEL SOL ERLINDA,City health office,nan
REYES JR ALEXANDER,Meralco,nan
RODRIGUEZ JENNIFER,Medical center taguig,nan
SALALIMA AILEEN,The medical city,nan
SALAZAR RICEL,Medical center taguig,nan
SANDOVAL VINCENT,Medical center taguig,nan
SANTOS ALWYN,The medical city,nan
SANTOS RODRIGO,The medical city,nan
SANTOS RONALD,Mission hsopital,nan
SAQUITAN TERESITA,Saquitan clinic,nan
SEXON GERALD,Ospital ng makati,nan
SOCRATES MANUEL,City health office,nan
SOYANGCO RENZ,Ospital ng makati,nan
SUGUITAN DANILO,Pasig doctors polyclinic,nan
TAMONDONG HILARIO,Ardi malinao,nan
TAN VINCE,Meralco,nan
TENSUAN ALFREDO,Tensuan clinic,nan
TESTON RAYMUND,Avila polyclinic,nan
THERESA AGUSTIN,Healthway market,nan
TOLENTINO ARTURO,TMC Sm east ortigas,nan
TUAZON MYLAH,Smc c5,nan
VERGARA ALVIN,Universal Maternity Medical Clinic,nan
VIADO GREG,The medical city,nan
VIERNES CARMEN,Healthway market,nan
VILLA MICHAEL,The medical city,nan
VILLON BREN,Ospital ng makati,nan
VISTA HESUSA,Ospital ng makati,nan
WAGAN PERIE,The medical city,nan
YAO CHRISTY,The medical city,nan
ZENAIDA RIGOR,Rigor clinic,nan
ABAD CELESTE,Abad Clinica Medica,nan
ACOSTA MA.CORAZON,Callang General Hospital,nan
AGTARAP FREDERICK,Flores Memorial Medical Center,nan
AGUSTIN ATHINA,Santiago Medical Center,nan
ALAMBRA ALMA,Cagayan Valley Adventist Hospital,nan
AMBATALI CHARMAINE,Ilagan District General Hospital,nan
AMOROSO IMELDA,Isabela United Doctors Medical Center,nan
ANG JOEFREY,De Vera Medical Center,nan
ANGELES AREANGELA,De Vera Medical Center,nan
AZMAN GAY LADYLYN,Cagayan Valley Adventist Hospital,nan
BABARAN NIVARD,Babaran Clinic,nan
BABARAN LUZ EULALIA,Clinica Babaran,nan
BABARAN MA. CHRISTY,Divine Mercy Wellness Center,nan
BABARAN ROMIRO,Divine Mercy Wellness Center,nan
BACENA ADRIAN,Veterans Regional Hospital,nan
BAGAUISAN KATHLEEN,Bagauisan Clinic,nan
BAGTILAY PIO JR.,Bagtilay clinic and Hospital,nan
BARIUAD GARCIA IRENE KEI,Isabela United Doctors Medical Center,nan
BAUTISTA EDMUND,St. Paul Hospital,nan
BAYSA JULIUS CEASAR,Isabela United Doctors Medical Center,nan
BIELGO MARY ANN,Isabela United Doctors Medical Center,nan
BISCARO EARL CAROL,Cagayan Valley Adventist Hospital,nan
BUTUYAN  GLENN,GLENN R. BUTUYAN MEDICAL CLINIC,nan
CALIMAG VANESSA,Divine Mercy Wellness Center,nan
CARAG CECIL,Carag Medical & Diagnostic Clinic,nan
CARAG MILAGROS,Carag Medical Clinic,nan
CAYETANO ANGEL,Immaculate Heart and Lung Clinic,nan
CINCO MARLENE,Immaculate Heart and Lung Clinic,nan
COMBATE MA. RAUL,St. Paul Hospital,nan
COMBATE VALERIANO,St. Paul Hospital,nan
CORRAL LORD BYRON,Divine Mercy Wellness Center,nan
CRISTOBAL ALEX,Callang General Hospital,nan
CUREG ABIGAIL,Divine Mercy Wellness Center,nan
DANNUG ARJAY,Santiago Medical Center,nan
DARAUAY EIKEEM,Cagayan Valley Medical Center,nan
DAYAG ALEANO,Veterans Regional Hospital,nan
DAYAG MICHELLE,Salubris Hospital,nan
DE LEON KRISTOFFERSON,Cagayan Valley Medical Center,nan
DELA PENA MARIVIC,Cortez-Dela Pena Clinic,nan
DIRECTO SHEHERAZADE,Isabela Doctors General Hospital,nan
DOMALANTA-GIPIT ANINA THERESA,Cagayan Valley Adventist Hospital,nan
DOMINGO CHERRIE,De Vera Medical Center,nan
DOMINGO DIOSDADO JOVIAN,Divine Mercy Wellness Center,nan
DOMINGO FELICIO,De Vera Medical Center,nan
DOMINGO KARINA,Divine Mercy Wellness Center,nan
DULAY JANET,St. Anthony De Padova,nan
EDUARTE WINSTON,Isabela Doctors General Hospital,nan
ESPANOL NANETTE,Immaculate Heart and Lung Clinic,nan
FERMANTEZ RODEL,Flores Memorial Medical Center,nan
FONACIER NOEL ELLEN,De Vera Medical Center,nan
FUERTE DOMINIC,Callang General Hospital,nan
GASPAR REYFLOR,De Vera Medical Center,nan
GENERIC MD 12,GENERIC,nan
GENERIC MD 13,GENERIC,nan
GENERIC MD 14,GENERIC,nan
GENERIC MD 15,GENERIC,nan
GENERIC MD 16,GENERIC,nan
GENERIC MD 17,GENERIC,nan
GENERIC MD 18,GENERIC,nan
GENERIC MD 19,GENERIC,nan
GENERIC MD 20,GENERIC,nan
GENOVEZA MARIO,Cagayan Valley Medical Clinic,nan
GIPIT ERIC,Cagayan Valley Adventist Hospital,nan
GUILLERMO AIZA,Cagayan Valley Medical Center-Psychiatry Dept.,133272.0
GUZMAN CHARLES RONALD,Holy Infant Hospital,nan
GUZMAN JOSEPH RICHARD,Lutheran Clinic,nan
HIPOLITO HILDA FE,Divine Mercy,nan
HIPOLITO MANUEL,HIPOLITO CLINIC,nan
HORTELANO YVONNE,Cagayan Valley Medical Center,nan
JACINTO  MICHELLE,St. Paul Hospital,nan
JULIANA LEONOR,Cagayan Valley Medical Center-Psychiatry Dept.,nan
KISHI GENERAO  EMILIO JR.,Cagayan Valley Adventist Hospital,nan
LARA KATHREEN JANE,St. Paul Hospital,nan
LASAM MARCO PAOLO,Divine Mercy Wellness Center,nan
LLANES JOEGY,Llanes Medical Clinic,nan
LOPEZ RICHARD,Lopez Clinic,nan
LORENZO SYLVAN,Dr. Domingo S. De Leon Gen. Hospital,nan
MACARAEG JOSE,Cauayan Medical Specialist Hospital,nan
MALANA JUNE,Ilagan District General Hospital,nan
MALLILLIN EDA,Mallillin Clinic,nan
MALLILLIN FRANCISCO,Mallillin Clinic,nan
MALLILLIN III FRANCISCO,Mallillin Clinic,89838.0
MALLILLIN-BALBANIDA ALPHA,Cagayan Valley Adventist Hospital,nan
MAMBA LUCY ANNE,Divine Mercy Wellness Center,nan
MAMBA NICCOLO,Divine Mercy Wellness Center,nan
MAMURIC MARLON,Adventis hospital,nan
MANUELA WILZON,Immaculate Heart and Lung Clinic,nan
MANZANO RUSELLE ANNE,Cagayan Valley Medical Center-Psychiatry Dept.,nan
MARIANO MICHELLE,Isabela United Doctors Medical Center,nan
MATILA ROWEL,Divine Mercy Wellness Center,nan
MAYLEM GENERALDO,De Vera Medical Center,nan
NAUI MARY ANN,Naui Medical Clinic,nan
NIÑA ALIBUTUD,Ilagan District General Hospital,nan
PAGADDU ETHEL MAUREEN,Cagayan Valley Medical Center,nan
PAGADDU JR. GERARDO,Cagayan Doctors Specialty Clinic,nan
PARALLAG FEDERICK,Divine Mercy Wellness Center,nan
PATTAGUAN GLORIA GISELLE,Divine Mercy Wellness Center,nan
PELOVELLO GEMIMAH,Cagayan Valley Medical Clinic,nan
PILLAR IRMA,De Vera Medical Center,nan
PINOY RUBYLAINE,Par-Pinoy Medical Clinic,nan
PLETE KAREN,ST MATHIAS MEDICAL CENTER,nan
RAMOS GEORGE,Immaculate Heart and Lung Clinic,nan
RAMOS HALLERT,Divine Mercy Wellness Center,nan
RAMOS ALEXANDER,Nuestro-Venturina Clinic,nan
REMEGIO KATRINA,Salubris Medical Center,nan
REYES FLOROSITA,Southern Isabela General Hospital,nan
REYES ALVIN,Cagayan Valley Adventist Hospital,nan
SAJONAS LORNA,Ilagan District General Hospital,nan
SANIDAD SHERWIN,De Vera Medical Center,nan
SANTOS VIVIAN,De Vera Medical Center,nan
SIA CHRISTINE,Flores Memorial Medical Center,nan
SIBBALUCA MARITES,Divine Mercy Wellness Center,nan
TABIL NIKKI RILLON,Tabil Medical Clinic,nan
TAMBUYAT RODERICK,Prime Care,nan
TIONGSON FERDINAND,Solano Plaza Medica,nan
TORRIO JOHN CHRISTOPHER,Cagayan United Doctors Medical Center,nan
TRINIDAD NOREEN JHOANA,Trinidad Clinic,nan
UDARBE IRENE,Cagayan Valley Medical Center,nan
UY ANGELIQUE BEA,Uy Clinic Bayombong,nan
UY ALEXANDER,Uy Medical Clinic,nan
UY JULIETA,Cariaga,nan
UY THOMAS,Tug. City Peoples General Hospital,nan
VIERNES LUBELLE,MMG Clinic,nan
VILLAFLOR JOANNE,Tug. City Peoples General Hospital,nan
VILLAROMAN VICTOR JESUS,Isabela United Doctors Medical Center,nan
VILLAZOR SHIRLEY,Dr. Esther Garcia General Hospital,nan
VIRAY MARIA LOURDES,Ilagan District General Hospital,nan
WONG SHEILA,De Vera Medical Center,nan
YUMENA ANTONIO,A.M. Yumena General Hospital Inc.,nan
ABINOJA JOSE,MEDICAL CENTER MUNTINLUPA,nan
ADEA ERNESTO,Myhealth festivall mall,nan
ALVIAR TED,ALVIAR MEDICAL CLINIC,nan
AMARGA YVONNE,MEDICAL CENTER MUNTINLUPA,nan
AMBROSIO DOREEN,PARANAQUE DOCTORS HOSPITAL,nan
AMPER HENRY,LAS PINAS DOCTORS HOSPITAL,nan
ANCHETA  EDUARDO,OLIVAREZ GENERAL HOSPITAL,nan
ANG TOMAS,Alabang Medical Clinic Montillano,nan
ANICOCHE  MELMAR,PARANAQUE DOCTORS HOSPITAL,nan
ARGANA MARIVIC,OLIVAREZ GENERAL HOSPITAL,nan
BAGASINO JILL,MEDICAL CENTER MUNTINLUPA,nan
BALCITA  MA. ROWENA,MEDICAL CENTER PARANAQUE,nan
BALINGIT APRIL KEITH,Asian Hospital,nan
BALMORES KATRINA ANNE,University of Perpetual help Dalta Medical Center,nan
BERNARDO ALBERTO,OLIVAREZ GENERAL HOSPITAL,nan
BETONIO MA. CHRISTINA,LAS PINAS DOCTORS HOSPITAL,nan
BIBOSO ELLEN MAY,BIBOSO MEDICAL CLINIC,nan
BILAR LYNN,Asian Hospital,nan
BINUYA-CRUZ AILEEN,OLIVAREZ GENERAL HOSPITAL,nan
BRINGAS VEYDA CHRISTINE,Asian Hospital,nan
BUENSALIDO ADRIAN,Asian Hospital,nan
CALAQUIAN CHRISTOPHER MALORRE,Asian Hospital,nan
CALIMON PAOLO,MEDICAL CENTER MUNTINLUPA,nan
CARLOS CORAZON,OLIVAREZ GENERAL HOSPITAL,nan
CASTRO JERRY,MEDICAL CENTER MUNTINLUPA,nan
CHINGCUANGCO MA. CHRISTINA,Healthway Festival mall,0.0
CHUA EARL,Asian Hospital,nan
CRUZ TERESA LUISA,Asian Hospital,0.0
DALISAY CELESTINO,OLIVAREZ GENERAL HOSPITAL,nan
DAYANGHIRANG AILEEN,University of Perpetual help Dalta Medical Center,nan
DE JESUS NOEL,PARANAQUE DOCTORS HOSPITAL,nan
DEL CASTILLO PAUL,OLIVAREZ GENERAL HOSPITAL,nan
DELA CRUZ VERLENE,MEDICAL CENTER PARANAQUE,nan
DELOS REYES CHRISTOPHER,Asian Hospital,nan
DELOS REYES CIPRIANO,LAS PINAS DOCTORS HOSPITAL,nan
DIAZ GLADYS,Asian Hospital,nan
DIZON RODOLFO,University of Perpetual help Dalta Medical Center,nan
ESQUIVEL JENNIFER,OLIVAREZ GENERAL HOSPITAL,nan
ESTRELLA NOEL,University of Perpetual help Dalta Medical Center,nan
EVANGELISTA MARK,Ospital ng Muntinlupa,nan
FERRER IMELDA,UNIHEALTH PARANAQUE,nan
FERRER ALEX,LAS PINAS DOCTORS HOSPITAL,nan
FLORENTINO GILBERT,UNIHEALTH PARANAQUE,nan
FORTES KAREN,University of Perpetual help Dalta Medical Center,nan
FRANCISCO PETER JULIAN,OLIVAREZ GENERAL HOSPITAL,nan
GARCIA JEMELYN,PARANAQUE DOCTORS HOSPITAL,nan
GARCIA SHANE,University of Perpetual help Dalta Medical Center,nan
GLORIOSO MA CARINA,OLIVAREZ GENERAL HOSPITAL,nan
GONZALES MADELAINE,Asian Hospital,nan
GRAGEDA JEROME,OLIVAREZ GENERAL HOSPITAL,nan
GUCE GLENN,UNIHEALTH PARANAQUE,nan
HERNANDEZ JOSEFINO,Asian Hospital,nan
IDOR GENER,University of Perpetual help Dalta Medical Center,nan
ILAO MARITONI,OLIVAREZ GENERAL HOSPITAL,nan
JARCIA DAISY,Alabang Medical Clinic Montillano,nan
JIMENEZ ALVIN,OLIVAREZ GENERAL HOSPITAL,nan
JUANGCO JOSE,University of Perpetual help Dalta Medical Center,nan
JUMARANG JULIETA,UNIHEALTH PARANAQUE,nan
KWEK MARION,Asian Hospital,nan
LAYNESA EDGAR,MEDICAL CENTER MUNTINLUPA,nan
LAZARO HEIDE,PARANAQUE DOCTORS HOSPITAL,nan
LAZARTE  RENAN,OLIVAREZ GENERAL HOSPITAL,nan
LEE LEMUEL WILLIAM,OLIVAREZ GENERAL HOSPITAL,nan
LERIOS JEANNICA,LAS PINAS DOCTORS HOSPITAL,nan
LIBO-ON ALESSANDRO,LAS PINAS DOCTORS HOSPITAL,nan
LIMSON CHEERISH,Healthway Festival mall,nan
LOPEZ ADELINE,University of Perpetual help Dalta Medical Center,nan
LOTILLA WILMER,MEDICAL CENTER PARANAQUE,nan
LUBATON CYNTHIA,LAS PINAS DOCTORS HOSPITAL,nan
LUNA  ANGEL,Asian Hospital,nan
MACALINTAL CORINA,PARANAQUE DOCTORS HOSPITAL,nan
MACALINTAL NAZARIO,Asian Hospital,nan
MADARANG MARK,ALVIAR MEDICAL CLINIC,nan
MAGNO HARRY AUSTINE,LAS PINAS DOCTORS HOSPITAL,nan
MAGSINO LEILA,University of Perpetual help Dalta Medical Center,0.0
MAJAM  TRINA,University of Perpetual help Dalta Medical Center,nan
MALVAR ALAN,Healthway Festival mall,nan
MANALIGOD MICHELLE,Asian Hospital,nan
MANGROBANG MARICEL,OSPITAL NG PARANAQUE,nan
MANGROBANG  ROSS,UNIHEALTH PARANAQUE,nan
MORENO LAARNI,LS MORENO MEDICAL CLINIC,nan
MORTEL SHARON,MEDICAL CENTER MUNTINLUPA,nan
MUTUC JAYSON,UNIHEALTH PARANAQUE,nan
NATIVIDAD DANIEL,OLIVAREZ GENERAL HOSPITAL,nan
NIDUAZA VICTORINO,OLIVAREZ GENERAL HOSPITAL,nan
NOVENARIO JOSE CELSO,Asian Hospital,nan
OGBAC MARTIN,University of Perpetual help Dalta Medical Center,nan
ONG NATALIE,UNIHEALTH PARANAQUE,nan
ORTEZA IMELDA,OLIVAREZ GENERAL HOSPITAL,nan
PACHECO GENEVIEVE,UNIHEALTH PARANAQUE,nan
PALOGAN CHRISTOPHER,OLIVAREZ GENERAL HOSPITAL,nan
PALOGAN LORNA,OLIVAREZ GENERAL HOSPITAL,nan
PINEDA ANNE MARIE,OLIVAREZ GENERAL HOSPITAL,nan
RAMOS SHERWIN,PARANAQUE DOCTORS HOSPITAL,nan
RAMOS LOTIS,PARANAQUE DOCTORS HOSPITAL,nan
RAMOS DIANA,University of Perpetual help Dalta Medical Center,nan
REY MARK ARCHINAR,MEDICAL CENTER MUNTINLUPA,nan
REYES NERISSA,OLIVAREZ GENERAL HOSPITAL,nan
RIVERA GINA,Alabang Medical Clinic Montillano,nan
ROME  MICHAEL,MEDICAL CENTER PARANAQUE,nan
ROMERO JASON,University of Perpetual help Dalta Medical Center,nan
ROMERO SHELLEY,Asian Hospital,nan
ROTOR AILEEN,LS MORENO MEDICAL CLINIC,nan
ROURA FRANCISCO,OLIVAREZ GENERAL HOSPITAL,nan
ROZUL PILAR MADELYN,University of Perpetual help Dalta Medical Center,0.0
RUZ OLGA,LAS PINAS DOCTORS HOSPITAL,nan
SALVANERA JOHN VINCENT,Myhealth festivall mall,nan
SANDAGON MARY JANE,LAS PINAS DOCTORS HOSPITAL,nan
SANDOVAL MAREON,UNIHEALTH PARANAQUE,nan
SANTOS EDUARDO,UNIHEALTH PARANAQUE,nan
STA. ANA JOAN CAMILLE,OLIVAREZ GENERAL HOSPITAL,nan
SUYOM ROGELIO,OLIVAREZ GENERAL HOSPITAL,nan
SY CESAR,Alabang Medical Clinic Montillano,nan
SY JERRY,LAS PINAS DOCTORS HOSPITAL,79423.0
TAPIA ALVIN,Asian Hospital,nan
TAPPAN SWEET,UNIHEALTH PARANAQUE,nan
TEE JOYCE,OLIVAREZ GENERAL HOSPITAL,nan
TIME IN MONDAY,ATTENDANCE,nan
TIRANTE GLENDA,PARANAQUE DOCTORS HOSPITAL,nan
TIRANTE KARLO,UNIHEALTH PARANAQUE,nan
TOPACIO GRACITA,Asian Hospital,nan
TORRES IVAN,University of Perpetual help Dalta Medical Center,nan
TORRIJOS JENNYLYND,LAS PINAS DOCTORS HOSPITAL,nan
TURLA MARIA VICTORIA,University of Perpetual help Dalta Medical Center,nan
UGALDE JOSEPH,LAS PINAS DOCTORS HOSPITAL,nan
UMALI ARRIANE,MEDICAL CENTER MUNTINLUPA,nan
UNTALAN MARK,MEDICAL CENTER MUNTINLUPA,nan
YANGA VERONICA JANE,Alabang Medical Clinic Montillano,nan
YEBAN CHRISTINE,LAS PINAS DOCTORS HOSPITAL,nan
YEE ELJOHN,OLIVAREZ GENERAL HOSPITAL,nan
ZULUETA CESAR,LAS PINAS DOCTORS HOSPITAL,nan
ABAYA ROMEO,Mariveles Mental Wellness,nan
ABLANG MARIETA,Clinicia Ablang,nan
AGUILAR REDIGO,Ridon's st. Jude Medical Center,nan
AGUILAR DENISE,Ramon magsaysay Memorial Hospital,nan
ALCONGA ERLINDA,Allied Care Expert (ACE) Medical Center -  Baypoint,nan
ASSUNCION MARICRIS,Sta. Cecilla Medical Center,nan
BAES ROSARIO PAJARIN,Bataan Doctors Hospital,nan
BAGUWET JONATHAN,Mariveles Mental Wellness,nan
BALMACEDA RENE,Allied Care Expert (ACE) Medical Center -  Baypoint,nan
BALUYOT ANGHELITO,Orion St Michael Hospital,nan
BANSON DENNIS,Bataan St. Joseph Hospital,nan
BARGAS ANDREI JOSE,Mariveles Mental Wellness,142211.0
BAUTISTA FERDINAND,Fernando Medical Clinic,nan
BAUTISTA BHEN,Isaac and Catalina Medical Center,nan
BELTRAN KIMIKO,Mariveles Mental Wellness,nan
BENITEZ JAMES,Ridon's st. Jude Medical Center,nan
BERNAL GERALD,Jireh Medical Specialty Diabetes Clinic,nan
BRIONES ASEYA,Briones Family Clinic,nan
BUSTAMANTE MARICAR,Maricar Bustamante Medical Clinic,nan
BUSTAMANTE CARLOS,Bustamante family Medical Clinic,nan
CALAYCAY ADONIS,Sta. Cecilla Medical Center,nan
CAPILI JOHANNA LINDSAY,Mariveles Mental Wellness,nan
CASEJA RACHEL,Zmmg COOP Hospital,nan
CAUDILLA JENNIFER,Isaac and Catalina Medical Center,nan
CEPEDA MONETTE,Allied Care Expert (ACE) Medical Center -  Baypoint,nan
CESA ARLENE,Subic Dispensary,nan
CHAN ALFRED,Isaac and Catalina Medical Center,nan
DANTES ALVIN,Mariveles Mental Wellness,113993.0
DAVID MAE,Bataan Peninsula Medical center,nan
DE JESUS ROGEL,James L. Gordon Memorial Hospital,nan
DE LEON ARERRY,Mariveles Mental Wellness,nan
DEL ROSARIO HONESTO,Clinica Del Rosario,nan
DELA CRUZ ROWEL,Bataan St. Joseph Hospital,nan
DELA CRUZ ANTHONY,James L. Gordon Memorial Hospital,nan
DENSING ABIGAIL,Mariveles Mental Wellness,140490.0
DETABALI FRANCIS,Bataan Peninsula Medical center,nan
DIANA RELIEVE,Isaac and Catalina Medical Center,nan
DINGCO MARIEL,Bataan Doctors Hospital,nan
DIWA HAZEL,Bataan St. Joseph Hospital,nan
DIZON ADILANE,Mariveles Mental Wellness,nan
DOMINGUEZ ELEANOR,Isaac and Catalina Medical Center,nan
EDGARDO MIGUEL,Centro Medico De Santisimo Rosario Inc.,nan
EDISON GUERERO,Isaac and Catalina Medical Center,nan
FAGAR NORMAN,Sta. Cecilla Medical Center,nan
FAJUTAR SELINA,Mariveles Mental Wellness,nan
FAUSTINO LYZENO,Faustino medical Clinic,nan
FLORA ANGHELITO,Bataan Doctors Hospital,nan
GARCIA ROLAND,Isaac and Catalina Medical Center,nan
GUEVARRA RONNEL,Med Hub olongappo,nan
GUTIEREZ RODA,Bataan Peninsula Medical center,nan
HIPOLITO CHARINA,Bataan Peninsula Medical center,nan
IDIO OLIVIA,Isaac and Catalina Medical Center,nan
ILAGAN CHRISTIAN,Bataan St. Joseph Hospital,nan
IRMA CLAIRE,Bataan St. Joseph Hospital,nan
JACOB MAJAH,Isaac and Catalina Medical Center,nan
JEORGE JENINA JOY,Bataan Peninsula Medical center,nan
LACANIN MARY ROSE,Ridon's st. Jude Medical Center,nan
LINDAIN KRISTINA RUTH,Mariveles Mental Wellness,123023.0
LUCIO JENNICA,Ridon's st. Jude Medical Center,nan
MAGAT IRISH,Bataan St. Joseph Hospital,nan
MAMARIL RONNIE,Ramon magsaysay Memorial Hospital,nan
MANALILI SHERYLL,Bataan Peninsula Medical center,nan
MARCAIDA ALMA,Isaac and Catalina Medical Center,nan
MATAWARAN RENATO,Bataan Peninsula Medical center,nan
MEDINA ARNOLD,Bataan St. Joseph Hospital,nan
MEDINA AARON,James L. Gordon Memorial Hospital,nan
MEJIA RICO PHILIP,Bataan Doctors Hospital,nan
MENDEZ ELBERT,Bataan St. Joseph Hospital,nan
MENDOZA AVVIANE,Ridon's st. Jude Medical Center,nan
MENDOZA MANZO,Ridon's st. Jude Medical Center,nan
MIGUEL SHIELA,Mariveles Mental Wellness,nan
MONATO MITCHELLE,James L. Gordon Memorial Hospital,nan
NAVARRO RIZZA,Bataan St. Joseph Hospital,nan
OCAMPO ARMIDA,Ridon's st. Jude Medical Center,nan
ORGANO ANGHELITA,Organo Medical Clinic,nan
PAGAR RICHELLIE,Ramon magsaysay Memorial Hospital,nan
PAGOMPATUN MITOMADUNG,Bataan Doctors Hospital,nan
PALISOC ENCARNACION,Horizon Pharmacy And Medical Clinic,nan
PATRICIO JC,Allied Care Expert (ACE) Medical Center -  Baypoint,nan
PAYUMO RODA,Isaac and Catalina Medical Center,nan
PERALTA CHERYLL,Zmmg COOP Hospital,nan
PERALTA LEANDER,Zmmg COOP Hospital,nan
PINGUL PAULITA,Isaac and Catalina Medical Center,nan
PRECIARO IRAH CAMELLA,Mariveles Mental Wellness,163955.0
QUIZON SHARMIE,Centro Medico De Santisimo Rosario Inc.,nan
RAMOS MIGUEL,Bataan St. Joseph Hospital,nan
REYES FLOTILDA,Pr Reyes Pharmacy and Medical Clinic,nan
REYES RAYMUND,Pr Reyes Pharmacy and Medical Clinic,nan
REYES ROLAND BENEDICT,Bataan St. Joseph Hospital,nan
REYES PIO,Centro Medico De Santisimo Rosario Inc.,nan
REYES KAREN,Isaac and Catalina Medical Center,nan
ROLDAN  RUTH,Med Hub olongappo,nan
SAGUM BABYLYN,Horizon Pharmacy And Medical Clinic,nan
SALIH ALJUN,Ramon magsaysay Memorial Hospital,nan
SALMON JANINE,Ridon's st. Jude Medical Center,nan
SALVADOR ALFRED,Mariveles Mental Wellness,nan
SANTOS ESTRELLA,Isaac and Catalina Medical Center,nan
SANTOS SHALEE,Centro Medico De Santisimo Rosario Inc.,nan
SEMBLANTE CHITO,Bataan St. Joseph Hospital,nan
SINORO BENEDICT,Ramon magsaysay Memorial Hospital,nan
SOMO ROSS,Somo Medical Clinic,nan
SORIANO ROMMEL,Soriano Medical Clinic,nan
SORVICK JOANNE,Subic Dispensary,nan
TAMAYO BERT,Bataan St. Joseph Hospital,nan
TAN IRENE CAMILE,Mariveles Mental Wellness,nan
TANJUAN JASON,James L. Gordon Memorial Hospital,nan
TARREGA ROXANNE,Mariveles Mental Wellness,nan
TEVES MIGUEL,Mariveles Mental Wellness,nan
TOLENTINO MARVIN,Ridon's st. Jude Medical Center,nan
TONG LORELIE,Mt. Samat Medical Center,nan
VALDECANAS APRIL,Isaac and Catalina Medical Center,nan
VALENCIA  JOSEPH,Bataan Doctors Hospital,nan
VELCHES CARLOS,James L. Gordon Memorial Hospital,nan
VIAR JOHN RYAN,Isaac and Catalina Medical Center,nan
VICTORIA JUDE,Victoria Medical Clinic,nan
VILAREAL PAOLO,Ridon's st. Jude Medical Center,nan
VINLUAN VIRGELIO,VINLUAN MEDICAL CLINIC,nan
VINLUAN PATRICK,VINLUAN MEDICAL CLINIC,nan
YAP PAUL CLARENCE,St pio's Medical center,nan
ZERNA HENRY,zerna Medical Clinic,nan
ABALA ANTHONY,Dela Salle University Medical Center,nan
ABELLAR CHITO,Medical Center Imus,nan
ABSALON ANTONETTE,St. Dominic Hospital,nan
ABU CHERRY,Our Lady of Pillar Medical Center,nan
ACOSTA JANICE,Adventist Hospital/Palawan Medical City,nan
ADAJAR JANET,Molino Doctors Hospital,nan
ADAZA RAQUEL,St. Dominic Hospital,nan
AGCAOILI JENNIELYN,Dela Salle University Medical Center,nan
AGUDERA RUFINO,St. Dominic Hospital,nan
AGUILAR MA. LUZ,St. Dominic Hospital,nan
AGUIRRE-PEDRO DJHOANNA,Dela Salle University Medical Center,nan
ALABADO MA. NICOLETTE,Dela Salle University Medical Center,nan
ALANO ORLANDO,Molino Doctors Hospital,nan
ALCALA LEWEELYNNE,Our Lady of Pillar Medical Center,nan
ALCANTARA KRISTINE ROSE BRANIA,Dela Salle University Medical Center,nan
ALEJANDRO ARTHUR,Divine Grace Medical Center,nan
ALIPIO CHRISTOPHER,SILANG SPECIALIST MEDICAL CENTER,nan
AMBAGAN SUZETTE,Dela Salle University Medical Center,nan
AMBAT JESUS,Dela Salle University Medical Center,nan
AMORA JONAH,Dela Salle University Medical Center,nan
ANGELES ALDOUS,General Emilio Aguinaldo Medical Center,nan
ARADA RAPHAEL,Dela Salle University Medical Center,nan
ARADA ERNESTO III,Dela Salle University Medical Center,nan
ARROSAS MICHAEL,SILANG SPECIALIST MEDICAL CENTER,nan
BAGADIONG ADOLPH STEPHEN,Cavite East Asia Medical Center Inc.,nan
BALGOMERA  NUNE,Dela Salle University Medical Center,nan
BAQUIRAN JULIUS,Cavite East Asia Medical Center Inc.,nan
BAUTISTA JOSE MA.,Puerto General Hospital,nan
BAUTISTA JOSE MARIANITO,Dela Salle University Medical Center,nan
BELLO ALEX,Tagaytay Medical Center,nan
BERATIO LORENA,Tagaytay Medical Center,nan
BERATIO LAKAN FLORENIO,Tagaytay Medical Center,nan
BIENVENIDO TAMANO,Tagaytay Medical Center,nan
BILLONES WILLIAM,Dela Salle University Medical Center,nan
BOBADILLA JOENA,MAGNOLIA SAN MIGUEL,nan
BRIGUELA MARIA CAROLINA,Cavite Center for Mental Health,nan
BRIGUELA MARIVIC,Dela Salle University Medical Center,nan
BRUEL  CELEDONIO,Our Lady of Pillar Medical Center,nan
BURGOS RAQUEL,General Emilio Aguinaldo Medical Center,nan
BUSTAMANTE JOLLY MICHELLE,Our Lady of Pillar Medical Center,nan
CABIDA CHIRSTOPHER,Tagaytay Medical Center,nan
CABUHAT ROEL,Dela Salle University Medical Center,nan
CALLERA RONALDO,Medical Center Imus,nan
CAPULONG ERIC,Dela Salle University Medical Center,nan
CARLOS GARY,Dela Salle University Medical Center,nan
CARUNGCONG AGNES,Dela Salle University Medical Center,nan
CASTILLO EUGENE,Dela Salle University Medical Center,nan
CASTRO JASON,General Emilio Aguinaldo Medical Center,nan
CAVITE MENTAL PHARMACY TRECE,Cavite Mental Pharmacy,nan
CAYTON JOSE,St. Dominic Hospital,nan
CELERA ABUNDIO,Medical Center Imus,nan
CHINCUANGCO MA.CRISTINA,Cavite East Asia Medical Center Inc.,nan
CHUA WILMA ANTHEA,Cavite Center for Mental Health,nan
CONCEPCION DIOSDADO,Our Lady of Pillar Medical Center,nan
CONCEPCION MA. LUISA,Dela Salle University Medical Center,nan
CRUZ JAMIELYN,Cavite East Asia Medical Center Inc.,nan
CRUZ JOSEFINA,Adventist Hospital/Palawan Medical City,nan
CUEVAS GARY,St. Dominic Hospital,nan
CURA JONAS,Riotuba Nickel Foundation Inc. Hospital,nan
DALLUAY MELVIN,Medical Center Imus,nan
DE GUZMAN JENNIFER,General Emilio Aguinaldo Hospital,nan
DE JESUS ARVIN,Our Lady of Pillar Medical Center,nan
DE LEON ADRIAN PAUL,Dela Salle University Medical Center,nan
DELA PASION RENAN,Riotuba Nickel Foundation Inc. Hospital,nan
DELFINO DELFIN,Gentri Doctors Hospital,nan
DELO SANTOS LAARNI,MMG-PPC Cooperative Hospital Palawan,nan
DELOS REYES MA. CECILIA,Our Lady of Pillar Medical Center,nan
DEMEGILLO EMERY,Adventist Hospital/Palawan Medical City,nan
DEMEGILLO FE JOAN,Adventist Hospital/Palawan Medical City,nan
DIJAMCO DIANA,Cavite Center for Mental Health,nan
DLSUMC PHARMACY DASMARINAS,DLSUMC Pharmacy,nan
ESAGUNDE ROMULO,Dela Salle University Medical Center,nan
ESCANO FELIPE,Cavite Center for Mental Health,nan
ESCOBIN MA.AILSA,Dela Salle University Medical Center,nan
ESTABILLO ROSITA,Dela Salle University Medical Center,nan
ESTRADA MYRNA,St. Dominic Hospital,nan
EVANGELISTA CHARISMA,Our Lady of Pillar Medical Center,nan
EVARISTO SHERWIN,St. Dominic Hospital,nan
FABELLO-FLORES JOANNA,Adventist Hospital/Palawan Medical City,nan
FERNANDEZ MA.EIZELLE MULETA,Dela Salle University Medical Center,nan
FLOR JOAN MARIE,Our Lady of Pillar Medical Center,nan
FORONDA SHERWIN,Gentri Doctors Hospital,nan
FORTES KAREN,Our Lady of Pillar Medical Center,nan
GABRIELLE GABRIELE FRANCHESCA,Dela Salle University Medical Center,nan
GACITA SUZIE ILAGAN,ACE MEDICAL CENTER PALAWAN,nan
GALAN JOSE LORENZO,Wellpoint Sm Bacoor,nan
GAMBOA JULIE ANNE,CITY OF IMUS DOCTORS HOSPITAL,nan
GAMUTAN  MA. TERESITA,Our Lady of Pillar Medical Center,nan
GENERIC MD 11,GENERIC,nan
GENUINO ANNA JOSEFINA,Dela Salle University Medical Center,nan
GEPAY CYNIE,Adventist Hospital/Palawan Medical City,nan
GIMA ANICETO,Our Lady of Pillar Medical Center,nan
GO-LOPEZ EUNICE  BERNADETTE,Dela Salle University Medical Center,nan
GODINEZ VINCENT,Tagaytay Medical Center,nan
GONZAGA LEAH,Tagaytay Medical Center,nan
GONZALES ANADOL,New Sinai MDI Hospital,nan
GONZALES DINA,Dela Salle University Medical Center,nan
GUECO JEANETTE,Molino Doctors Hospital,nan
GUTIERREZ JOSEPHINE,Dela Salle University Medical Center,nan
HUFANA VLADIMIR,Our Lady of Pillar Medical Center,nan
HUSSIN JASPER,Dela Salle University Medical Center,nan
ICASIANO IMELDA,Divine Grace Medical Center,nan
IDOR GENER,Cavite East Asia Medical Center Inc.,nan
ILANO-AQUINO FIDELINDA,Our Lady of Pillar Medical Center,nan
JAUCULAN-ROJO MARIA CRISTINA,Adventist Hospital/Palawan Medical City,nan
KHAN RODOLFO,Tagaytay Medical Center,nan
LAMPA GARCIA  SARAH JANE,Dela Salle University Medical Center,nan
LANDAS LERWIN,Our Lady of Pillar Medical Center,nan
LAWENKO RONA MARIE ATA,Dela Salle University Medical Center,nan
LIM JENET,Dela Salle University Medical Center,nan
LIM RICHARD THOMAS,Dela Salle University Medical Center,nan
LIM-DY MARIE FE VERGARA,Dela Salle University Medical Center,nan
LIWAG  RICARDO,Dela Salle University Medical Center,nan
LOPEZ GLORIA,Imus Medical Center,nan
LU JEREMY WINSON,Our Lady of Pillar Medical Center,nan
LUA JR ROMULO,General Emilio Aguinaldo Medical Center,nan
"LUCERO, CHITO",Dela Salle University Medical Center,nan
MABALOT ALDO REY,Riotuba Nickel Foundation Inc. Hospital,nan
MACALALAD NOEL,Dela Salle University Medical Center,nan
MACALINTAL ALAN DENNIS,Adventist Hospital/Palawan Medical City,nan
MAJAM TRINA MARIE,Cavite East Asia Medical Center Inc.,nan
MALLILLIN NELSON,Our Lady of Pillar Medical Center,nan
MARQUEZ CHERRY,St. Dominic Hospital,nan
MATANGUIHAN CARLO MIGUEL,Dela Salle University Medical Center,nan
MEDINA CHARISSE,Cavite East Asia Medical Center Inc.,nan
MENDOZA VICTOR,Dela Salle University Medical Center,nan
MENDOZA KRISTINE,St. Dominic Hospital,nan
MIGUEL EDITHA,Puerto General Hospital,nan
MIRAFLORES RUTH,Adventist Hospital/Palawan Medical City,nan
MIRANDA JOSE CARLOS,Our Lady of Pillar Medical Center,nan
MIRANDA RONALDO,Medical Center Imus,nan
MOALONG KEVIN MICHAEL,SOUTH IMUS SPECIALIST HOSPITAL,nan
MORALES RAMIL,Adventist Hospital/Palawan Medical City,nan
NAVARROZA ANN MARGARET,Dela Salle University Medical Center,nan
NIGOS JESUS,PALAWAN MEDICAL PLAZA,nan
ONG OLIVER,Adventist Hospital/Palawan Medical City,nan
OUR LADY OF PILLAR PHARMACY IMUS,Our Lady of Pillar Pharmacy,nan
PABLO DON PEDRO,Dela Salle University Medical Center,nan
PACCIAL RODELEN,St. Dominic Hospital,nan
PAGKATIPUNAN JR NESTOR,Dela Salle University Medical Center,nan
PAGSISIHAN DAVERIC,Dela Salle University Medical Center,nan
PAGTAKHAN LUIS,Pagtakhan Clinic,nan
PAGTAKHAN LUIS MIGUEL,Pagtakhan Clinic,nan
PAGTAKHAN  DANISON,Our Lady of Pillar Medical Center,nan
PALMON ANN,Adventist Hospital/Palawan Medical City,nan
PALOMINO IMELDA,Dela Salle University Medical Center,nan
PANDANAN JOAQUIN,Our Lady of Pillar Medical Center,nan
PARCERO  ROMAN,Medical Center Imus,nan
PARE RONAN DRIAN,Riotuba Nickel Foundation Inc. Hospital,nan
PARTOSA MARIETTE,Dela Salle University Medical Center,nan
PASCUA MARC RYAN,Dela Salle University Medical Center,nan
PASCUA-FRANCISCO DANICA,Dela Salle University Medical Center,nan
PEREGRINO ELSA,Medical Center Imus,nan
POSAS ADELITO,Posas Medical Clinic,nan
POSAS GEMMA,Posas Medical Clinic,nan
RAMIREZ RENATO,Our Lady of Pillar Medical Center,nan
RAMOS RUBY,Our Lady of Pillar Medical Center,nan
RAMOS  BENJAMIN,Our Lady of Pillar Medical Center,nan
RAZO II ROBERTO,Dela Salle University Medical Center,nan
REBANCOS JOSEFINO,Dela Salle University Medical Center,nan
REBLANDO JONATHAN,Adventist Hospital/Palawan Medical City,nan
RESONTOC GERARDO,Cavite Center for Mental Health,nan
REYES MARIE PEARL LEI,Dela Salle University Medical Center,nan
REYES ANGEL,Dela Salle University Medical Center,nan
REYES JASON,St. Dominic Hospital,nan
RIVERA RENE,Dela Salle University Medical Center,nan
RODEROS OLIVIA,Dela Salle University Medical Center,nan
RODRIGUEZ ANDREI,Our Lady of Pillar Medical Center,nan
ROMERO RONALD,Dela Salle University Medical Center,nan
ROMERO  JASON,St. Dominic Hospital,nan
ROXAS JENNYLEEN,Dela Salle University Medical Center,nan
SALANGSANG REI,Dela Salle University Medical Center,nan
"SALIDO,  EVELYN",Dela Salle University Medical Center,nan
SALVADOR DAVID RAYMUND,Dela Salle University Medical Center,nan
SALVADOR ANNABELLE,Medical Center Imus,nan
SANCHEZ ANTONIO ELEONOR,ACE MEDICAL CENTER PALAWAN,nan
SANTI GRACE,Dela Salle University Medical Center,nan
SANTI RICARDO,Dela Salle University Medical Center,nan
SANTIAGO NESTOR,San Pablo Community General Hospital,nan
SANTOS HARIM,Dela Salle University Medical Center,nan
SANTOS ELIZABETH,Dela Salle University Medical Center,nan
SEBOLLENA DAVE RENNEL,Dela Salle University Medical Center,nan
SEE  JASON,Dela Salle University Medical Center,nan
SEMBRANO JOSE MARIA,General Emilio Aguinaldo Medical Center,nan
SIERRA FABBIE,Dela Salle University Medical Center,nan
SILVA AIMEE,Dela Salle University Medical Center,nan
SINGH JACOB,Dela Salle University Medical Center,nan
SOSA MADELEINE,Dela Salle University Medical Center,nan
SUELA JUNAFEL,MAGNOLIA SAN MIGUEL,nan
SUMISTRADO SERRIE,MOLINO POLYCLINIC,nan
SURATOS-GABRIEL FRANCHESCA,CITY OF IMUS DOCTORS HOSPITAL,nan
SY MARK LESTER,Our Lady of Pillar Medical Center,nan
TAN RANDALL ISAAC,Medical Center Imus,nan
TAN  FREDERICK,Divine Grace Medical Center,nan
TAN MICHAEL ALFRED,Our Lady of Pillar Medical Center,nan
TAN JULIE ANNE,Dela Salle University Medical Center,nan
TAN JR GABRIEL,Cavite East Asia Medical Center Inc.,nan
TANTOCO ARTURO,Riotuba Nickel Foundation Inc. Hospital,nan
TAYCO JOHN CARLO,Dela Salle University Medical Center,nan
TIRONA JOSE,Dela Salle University Medical Center,nan
TIU ALEXIS,MAGNOLIA SAN MIGUEL,nan
TIUESCO MICHAEL,Cavite East Asia Medical Center Inc.,nan
TOVERA JOSEPH,Adventist Hospital/Palawan Medical City,nan
TRIUNFO SHARON,Cavite Center for Mental Health,nan
TURALDE CHRISTIAN WILSON,SOUTH IMUS SPECIALIST HOSPITAL,nan
UGALDE JOSEPH,St. Dominic Hospital,nan
UY MA. ESPERANZA,Dela Salle University Medical Center,nan
VALDEZ RAYMOND JOSEPH,Dela Salle University Medical Center,nan
VALENZUELA ABIGAIL,SILANG SPECIALIST MEDICAL CENTER,nan
VALLANGCA JESSICA,NAVAL BASE,nan
VASQUEZ MARCELO,Cavite East Asia Medical Center Inc.,nan
VENTURA VOLTEIR,Medical Center Imus,nan
VICENTE IVAN MICHAEL,Adventist Hospital/Palawan Medical City,nan
VILOG ANGELINE,Our Lady of Pillar Medical Center,nan
YAP ARCHIE,Adventist Hospital/Palawan Medical City,nan
ZOLETA LORETA,Dela Salle University Medical Center,nan
ABBAS  HANIA,MINDALANO HOSPITAL,nan
ABDULLAH  NAJIB,DOCTOR ABDULLAH HOSPITAL,nan
ABEDIN  MOHAMAD,MINDALANO HOSPITAL,nan
ABEJUELA ZAYNAB,MARIA REYNA XAVIER UNIVERSITY HOSPITAL,nan
ABEJUELA NHICCO,CAGAYAN DE ORO MEDICAL CENTER,nan
ABRENA MARIFE THERESA,ABRENA MEDICAL AND HEART CLINIC,nan
ABUCAYON  JEANETTE,ADVENTIS MEDICAL CENTER ILIGAN,nan
ACENAS DONNA,MARIA REYNA XAVIER UNIVERSITY HOSPITAL,nan
ACENAS JEFFREY,"EL SALVADOR LYING-IN & MEDICAL CLINIC, EL SALVADOR CITY, MIS. OR",nan
ACUNA IVAN,SIMBULAN STO. NIÑO GENERAL HOSPITAL,nan
AGUIRRE JOSE,MALAYBALAY POLYMEDIC GENERAL HOSPITAL,nan
AKIAT-BOLANIO GINA,MADONNA AND CHILD HOSPITAL,nan
AKUT JANE CYRIL,CAPITOL UNIVERSITY MEDICAL CITY,nan
ALABA ANGELES,CAGAYAN DE ORO POLYMEDIC GENERAL HOSPITAL,nan
ALAGADAN  RENATO,CAPITOL UNIVERSITY MEDICAL CITY,nan
ALCANTARA RUBY BEATRIZ,CAPITOL UNIVERSITY MEDICAL CITY,nan
ALENTON RODRIGO,MARIA REYNA XAVIER UNIVERSITY HOSPITAL,nan
ALEXANDER  BANTILLES,BANTILLES MEDICAL CLINIC MARANDING,nan
AMATO MACRINE GRACE,MARIA REYNA XAVIER UNIVERSITY HOSPITAL,nan
AMBOR  RAISALAM,DOCTOR ABDULLAH HOSPITAL,nan
APAG RICHE,CAGAYAN DE ORO POLYMEDIC GENERAL HOSPITAL,nan
ARCADIO STELLA,ARCADIO MEDICAL CLINIC,nan
ATUN RUEL,PUERTO COMMUNITY HOSPITAL,nan
BACAL AQUELLO ROBERTO,POLYMEDIC MEDICAL PLAZA HOSPITAL,nan
BACALSO LILIAN,MARIA REYNA XAVIER UNIVERSITY HOSPITAL,nan
BALGOA LEAH,CLINICA YAP,nan
BARRETTO  ANGELIQUE,FK CLINICS,nan
BARRIGA RODAN RODWICK,MARIA REYNA XAVIER UNIVERSITY HOSPITAL,nan
BASANG JEROME,CAGAYAN DE ORO POLYMEDIC GENERAL HOSPITAL,nan
BASCUG  MELANIE,ADVENTIS MEDICAL CENTER ILIGAN,nan
BATARA  JASMINE,ILIGAN POLY CLINIC,nan
BAUTISTA MAGDALE CYNTHIA,CAPITOL UNIVERSITY MEDICAL CITY,nan
BEDAYO JORGE,SABAL DOCTORS HOSPITAL,nan
BELISARIO CLEVAN,CAGAYAN DE ORO POLYMEDIC GENERAL HOSPITAL,nan
BLANCAVER JANE,LAVIÑA GENERAL HOSPITAL INC,nan
BLANES  MARVIE,MERCY COMMUNITY HOSPITAL,nan
BROBO SARAEL,POLYMEDIC MEDICAL PLAZA HOSPITAL,nan
BRUNO  RAQUEL,INTERNST HUB MEDICAL CLINIC,nan
CABALLERO FLAVIANO,CAGAYAN DE ORO POLYMEDIC GENERAL HOSPITAL,nan
CABALUNA   EDCEL,ADVENTIS MEDICAL CENTER ILIGAN,nan
CABUNILAS RHODORA,LAVIÑA GENERAL HOSPITAL INC,nan
CANOY  EPSILON,ADVENTIS MEDICAL CENTER ILIGAN,nan
CAPISTRANO  JILL IRENE,ADVENTIS MEDICAL CENTER ILIGAN,nan
CAPITAN  AIREEN,CAPITAN MEDICAL CLINIC,nan
CARPIO ANTONIO,MARIA REYNA XAVIER UNIVERSITY HOSPITAL,nan
CARPIO CHONA,XAVIER UNIVERSITY CAMPUS CLINIC,nan
CASTILLA MA. TECELYN,VALENCIA POLYMEDIC GENERAL HOSPITAL,nan
CATHERINE ZARATE,POLYMEDIC MEDICAL PLAZA HOSPITAL,nan
CAYABYAB MYRON,CAGAYAN DE ORO MEDICAL CENTER,nan
CHANG  ALAN,CAGAYAN DE ORO MEDICAL CENTER,nan
CHIO RECAJOY,ST. IGNATUIS CLINIC,nan
CO KRISTINE ANN,ST. JUDE THADDEUS GENERAL HOSPITAL,nan
CONCEPTION  MARY JANE,ADVENTIS MEDICAL CENTER ILIGAN,nan
CUANO PATRICIA,LAVIÑA GENERAL HOSPITAL INC,nan
DACUDAO KAREN,CAGAYAN DE ORO POLYMEDIC GENERAL HOSPITAL,nan
DAGANDARA ANGELICA GEM,CAGAYAN DE ORO POLYMEDIC GENERAL HOSPITAL,nan
DAITIA MIGUEL,SABAL DOCTORS HOSPITAL,nan
DEBALUCOS  ARNEL,ADVENTIS MEDICAL CENTER ILIGAN,nan
DEBALUCOS  AUDIE,ADVENTIS MEDICAL CENTER ILIGAN,nan
DEL MUNDO MARY JANE,BETHEL MEDICAL HOSPITAL,nan
DELA CERNA KAYLA PAMELA,ST. JUDE THADDEUS GENERAL HOSPITAL,nan
DELA CRUZ  ABNER,ADVENTIS MEDICAL CENTER ILIGAN,nan
DELA CRUZ  BABY DARLENE,ADVENTIS MEDICAL CENTER ILIGAN,nan
DELA CRUZ  RIANNE,ADVENTIS MEDICAL CENTER ILIGAN,nan
DELORINO  ROWENA,ADVENTIS MEDICAL CENTER ILIGAN,nan
DEPAYSO MARBE,ST. JUDE THADDEUS GENERAL HOSPITAL,nan
DIMAPORO  JOHANIYA,DOCTOR ABDULLAH HOSPITAL,nan
DISPO DONNA BELLE,MALAYBALAY POLYMEDIC GENERAL HOSPITAL,nan
DUENAS GAUDENCIO,CAGAYAN DE ORO POLYMEDIC GENERAL HOSPITAL,nan
DUERO DON AVILA,CAGAYAN DE ORO MATERNITY HOSPITAL,nan
DUMAGUING  JOSEPHINE,CHO CLINIC,nan
EMBAY  LORRAINE,MICRON DIAGNOSTIC CLINIC,nan
ESPIGA-COMONSAD RENEE,POLYMEDIC MEDICAL PLAZA HOSPITAL,nan
ESTRADA  NESTOR,CABILI CLINICS,nan
EUGENE BAGAYO,CAGAYAN DE ORO MEDICAL CENTER,nan
FABIA MA. STELLA,MARIA REYNA XAVIER UNIVERSITY HOSPITAL,nan
FABIANA NATASHA,MARIA REYNA XAVIER UNIVERSITY HOSPITAL,nan
FERNANDEZ  SIME RAYMUND,ADVENTIS MEDICAL CENTER ILIGAN,nan
FLORES CHAMMIE,CAPITOL UNIVERSITY MEDICAL CITY,nan
FLORES  RUBEN,MATERNITY MEDICAL CLINIC,nan
GABULE  MARVIN,MERCY COMMUNITY HOSPITAL,nan
GAITE  AGRIPINA,CHO CLINIC,nan
GAMUTAN TANILLO,LAVIÑA GENERAL HOSPITAL INC,nan
GARCIA JOSEPH ALLAN,CAPITOL UNIVERSITY MEDICAL CITY,nan
GARINGARAO CARLO JAN,ILIGAN MEDICAL HOSPITAL,nan
GARINGARAO  KATHLEEN,ILIGAN MEDICAL HOSPITAL,nan
GO FRANZ ALBERT,MARIA REYNA XAVIER UNIVERSITY HOSPITAL,nan
GO RUBEN,POLYMEDIC MEDICAL PLAZA HOSPITAL,nan
GO KAREN,CAPITOL UNIVERSITY MEDICAL CITY,nan
GO-SEE JUDEE ANN,CAGAYAN DE ORO POLYMEDIC GENERAL HOSPITAL,nan
GOMEZ  HILARIO ABEL,COOP LABORATORY CLINIC,nan
GREGORIOS ARIEL,SIMBULAN STO. NIÑO GENERAL HOSPITAL,nan
GUDITO FRANCO,CAGAYAN DE ORO POLYMEDIC GENERAL HOSPITAL,nan
GUITARTE  GLENN,ADVENTIS MEDICAL CENTER ILIGAN,nan
GUZMAN MAE ARGAILYN,LAVIÑA GENERAL HOSPITAL INC,nan
GWEN BAGAYO,CAGAYAN DE ORO MEDICAL CENTER,nan
HIPONA ANNAH PATRICIA,CAPITOL UNIVERSITY MEDICAL CITY,nan
INTONG  JAIME,INTONG MEDICAL CLINIC,nan
INTONG  JIMSON REY,INTONG MEDICAL CLINIC,nan
JO CELINA,ILIGAN MEDICAL HOSPITAL,nan
JOSOL-BLANCAVER CINDY,ADVENTIST MEDICAL CENTER,nan
KAMLIAN  JANETH,MERCY COMMUNITY HOSPITAL,nan
KENTILITISCA ORLANDO,SIMBULAN STO. NIÑO GENERAL HOSPITAL,nan
KHO ANNE CHRISTINE,CAGAYAN DE ORO MEDICAL CENTER,nan
LAGUINDAB  SOHAILI,DOCTOR ABDULLAH HOSPITAL,nan
LAGURA CRYSTAL FAYE,SIMBULAN STO. NIÑO GENERAL HOSPITAL,nan
LAMPING  ASLAMA,MERCY COMMUNITY HOSPITAL,nan
LAROT HOPE,MALAYBALAY POLYMEDIC GENERAL HOSPITAL,nan
LATORRE MICHELLE,ST. IGNATUIS CLINIC,nan
LAZO PHILIP NERI,MARIA REYNA XAVIER UNIVERSITY HOSPITAL,nan
LIM ABBIE,CAGAYAN DE ORO MEDICAL CENTER,nan
LIM AVELINE SUE ANN,CAPITOL UNIVERSITY MEDICAL CITY,nan
LIM MERLIN MARTIN,LAVIÑA GENERAL HOSPITAL INC,nan
LIMPAHAN  EMERALD,MERCY COMMUNITY HOSPITAL,nan
LIMSIACO   DARYL,MERCY COMMUNITY HOSPITAL,nan
LINOG  JULIE,CAPITOL UNIVERSITY MEDICAL CITY,nan
LLAVORE CARMELITA,MARIA REYNA XAVIER UNIVERSITY HOSPITAL,nan
LOUIESE ANTONETTE LYNN YOUNG,MARIA REYNA XAVIER UNIVERSITY HOSPITAL,nan
LOVELLE  ESCUDERO,ILIGAN MEDICAL HOSPITAL,nan
LOZANO VICTOR ANGELO,CAGAYAN DE ORO POLYMEDIC GENERAL HOSPITAL,nan
MAGAHIN  KAREN,ADVENTIS MEDICAL CENTER ILIGAN,nan
MALENAB  JHONPAUL,DOCTOR UY HOSPITAL,nan
MALENAB  VALERIE ANN,DOCTOR UY HOSPITAL,nan
MAMAWAG ELVIE,MALAYBALAY POLYMEDIC GENERAL HOSPITAL,nan
MANTICAYAN  SHYDIN,ADVENTIS MEDICAL CENTER ILIGAN,nan
MARSHAL JOHANIA,CAPITOL UNIVERSITY MEDICAL CITY,nan
MATUS  JOSELITO,COOP LABORATORY CLINIC,nan
MEDIDAS SATURNINO,MEDIDAS MEDICAL CLINIC,nan
MEJIAS MARIFE,CAPITOL UNIVERSITY MEDICAL CITY,nan
MEJORADA  VICENTE,MEJORADA MEDICAL CLINIC KULAMBOGAN,nan
MIRA-ATO  ALINOR,MINDALANO HOSPITAL,nan
MOHAN PAMELA RUTH,BETHEL MEDICAL HOSPITAL,nan
MUA  NUR-HANNAH,ADVENTIS MEDICAL CENTER ILIGAN,nan
MURILLO REAH,ST. JUDE THADDEUS GENERAL HOSPITAL,nan
NAPIGKIT GLADDAYS,ADVENTIST MEDICAL CENTER,nan
OBRERO TRICIA MARIE,CAPITOL UNIVERSITY MEDICAL CITY,nan
OBSIOMA MA. ARLEEN,CAPITOL UNIVERSITY MEDICAL CITY,nan
OLIVEROS SANDRA,CAGAYAN DE ORO MEDICAL CENTER,nan
OLVIDO-VALMORES CHARLYNE,ADVENTIST MEDICAL CENTER,nan
OPORTO KENNETH,CAGAYAN DE ORO POLYMEDIC GENERAL HOSPITAL,nan
ORDESTA   MICHELLE,MERCY COMMUNITY HOSPITAL,nan
OREJUDOS  ROSALIE,ADVENTIS MEDICAL CENTER ILIGAN,nan
PABUA ELVIS,CAGAYAN DE ORO POLYMEDIC GENERAL HOSPITAL,nan
PADATE INTIZAR,MARIA REYNA XAVIER UNIVERSITY HOSPITAL,nan
PALA  ANIZA,MINDALANO HOSPITAL,nan
PALAMINE-EBARLE MA. TERESITA,POLYMEDIC MEDICAL PLAZA HOSPITAL,nan
PANOLONG MURSHIDA,POLYMEDIC MEDICAL PLAZA HOSPITAL,nan
PATRIANA EMILIA,MARIA REYNA XAVIER UNIVERSITY HOSPITAL,nan
PENA VICTOR JOSE,CAGAYAN DE ORO MEDICAL CENTER,nan
PEPINO CHERRY LOU,MARIA REYNA XAVIER UNIVERSITY HOSPITAL,nan
PERALTA ALOYSIUS,PUERTO COMMUNITY HOSPITAL,nan
PON GERALDINE,MARIA REYNA XAVIER UNIVERSITY HOSPITAL,nan
PULIDO  ERLINDA,CABILI CLINICS,nan
PUTING MOHAMMAD,IIT ILIGAN CLINIC,nan
PUTING  SITTIE AZISAH,IIT ILIGAN CLINIC,nan
RAMOS  JHON DANIEL,ALAB NG PUSO MEDICAL CLINIC,nan
RAVELO EVELYN,MEDHUB CLINIC,nan
REBOSURA ANITA,ST. IGNATUIS CLINIC,nan
REMERATA  MICHELLE,MERCY COMMUNITY HOSPITAL,nan
REYES  EDEL JOEY,MERCY COMMUNITY HOSPITAL,nan
ROA HELEN YVONNE,CAPITOL UNIVERSITY MEDICAL CITY,nan
ROCHA ROWENA,POLYMEDIC MEDICAL PLAZA HOSPITAL,nan
RODRIGUEZ MARIA NATHALIE YUKI,MARIA REYNA XAVIER UNIVERSITY HOSPITAL,nan
SAAVEDRA SUE CELLE,CAGAYAN DE ORO MEDICAL CENTER,nan
SABAL LUIS,SABAL DOCTORS HOSPITAL,nan
SACEDA VENUS,BETHEL MEDICAL HOSPITAL,nan
SAN JUAN ERICKSON,ST. IGNATUIS CLINIC,nan
SANDOVAL DAX,ST. JUDE THADDEUS GENERAL HOSPITAL,nan
SANDOVAL KRISTIN,CLINICA YAP,nan
SARMIENTO MARK,CAGAYAN DE ORO MEDICAL CENTER,nan
SASIL  ROY,MARIA REYNA XAVIER UNIVERSITY HOSPITAL,nan
SEVIDAL-SAQUILAYAN MALEN,MADONNA AND CHILD HOSPITAL,nan
SISON ANTONIETTA CORAZON,MARIA REYNA XAVIER UNIVERSITY HOSPITAL,nan
SOBREVEGA NOEL,CLINICA YAP,nan
SUPERABLE GERARDO,PUERTO COMMUNITY HOSPITAL,nan
SURDILLA ARTURO,CAGAYAN DE ORO MEDICAL CENTER,nan
TALABUCON LORETO,MADONNA AND CHILD HOSPITAL,nan
TAN ARTHUR,CAGAYAN DE ORO POLYMEDIC GENERAL HOSPITAL,nan
TAN JAIME,CAPITOL UNIVERSITY MEDICAL CITY,nan
TAN SHIELA,CAGAYAN DE ORO POLYMEDIC GENERAL HOSPITAL,nan
TARUC ABEGAIL CARMIE,CAPITOL UNIVERSITY MEDICAL CITY,nan
TAULI LESLIE,BETHEL MEDICAL HOSPITAL,nan
TE JOHNSTON,CAPITOL UNIVERSITY MEDICAL CITY,nan
TENORIO APOLLO RODERICK,MALAYBALAY POLYMEDIC GENERAL HOSPITAL,nan
TIMONERA  MIRIAM,MERCY COMMUNITY HOSPITAL,nan
TORCENDE NENET,MARIA REYNA XAVIER UNIVERSITY HOSPITAL,nan
TRINO ANGELICA,ILIGAN POLY CLINIC,nan
URBINA DEBRA,MARIA REYNA XAVIER UNIVERSITY HOSPITAL,nan
VALLDUEZA  DARYL ANN,MARIA REYNA XAVIER UNIVERSITY HOSPITAL,nan
VALLEJOS ROMMEL,MARIA REYNA XAVIER UNIVERSITY HOSPITAL,nan
VILLAHERMOSA MAYLYN,MEDHUB CLINIC,nan
WAMILDA   JEANNELIE,FK CLINICS,nan
YAP ANGELES,CLINICA YAP,nan
YAP RALPH,MARIA REYNA XAVIER UNIVERSITY HOSPITAL,nan
ZAMORANOS  FELIX,CABILI CLINICS,nan
AGBANLOG AILEEN,METROPOLITAN HOSPITAL,nan
AGSAOAY EDWIN,METROPOLITAN HOSPITAL,nan
AMPIL ENCARNITA,UNIVERSITY OF STO TOMAS,nan
ANTENOR MARK,UNIVERSITY OF STO TOMAS,nan
ARJONA ISOBELLE,UNIVERSITY OF STO TOMAS,nan
ASTEJADA MINA,CHINESE GENERAL HOSPITAL,nan
BAROÑA ERNISTINE,UNIVERSITY OF STO TOMAS,nan
BARROQUE ALEJANDRO,UNIVERSITY OF STO TOMAS,nan
BARROQUE GABRIEL,UNIVERSITY OF STO TOMAS,nan
BING DOROTHY,METROPOLITAN HOSPITAL,nan
BOLAÑOS MARTHA,METROPOLITAN HOSPITAL,nan
BORJA ATHENA,JOSE REYES MEMORIAL HOSPITAL,nan
BRAVO PAOLO,UNIVERSITY OF STO TOMAS,nan
CABUS CHARLES DARWIN,CHINESE GENERAL HOSPITAL,nan
CASTRO ANNA,JOSE REYES MEMORIAL HOSPITAL,nan
CATINDIG JOSEREE,UNIVERSITY OF STO TOMAS,nan
CHAN HENRY,CHINESE GENERAL HOSPITAL,nan
CHAN KELVIN RAY,CHINESE GENERAL HOSPITAL,nan
CHO CHIONG TAN,METROPOLITAN HOSPITAL,nan
CHU DONABELLE,METROPOLITAN HOSPITAL,nan
CHU JUDY,CHINESE GENERAL HOSPITAL,nan
CHUANSAN WILLIAM,METROPOLITAN HOSPITAL,nan
CO ALDWIN,METROPOLITAN HOSPITAL,nan
CO ANDREW,METROPOLITAN HOSPITAL,nan
CO MICHELLE,CHINESE GENERAL HOSPITAL,nan
CO-SIA MELISSA,METROPOLITAN HOSPITAL,nan
COSILET HEIDEE,UNIVERSITY OF STO TOMAS,nan
DATINGGINOO LORENZE,UNIVERSITY OF STO TOMAS,nan
DE GUZMAN WILSON TAN,CHINESE GENERAL HOSPITAL,nan
DE LEON OVIDO,UNIVERSITY OF STO TOMAS,nan
DE LEON MEL,UNIVERSITY OF STO TOMAS,nan
DE LEON  JASMINE,CHINESE GENERAL HOSPITAL,nan
DEL ROSARIO ERWIN,METROPOLITAN HOSPITAL,nan
DELA CRUZ RAYMOND,METROPOLITAN HOSPITAL,nan
DELA CRUZ ALVIN,CHINESE GENERAL HOSPITAL,nan
DELA FUENTE AILEEN,UNIVERSITY OF STO TOMAS,nan
DELOS SANTOS MILDRED,METROPOLITAN HOSPITAL,nan
DELOS SANTOS FAYE,METROPOLITAN HOSPITAL,nan
DELOS SANTOS GRACE,METROPOLITAN HOSPITAL,nan
DIAZ ALEJANDRO,UNIVERSITY OF STO TOMAS,nan
DIAZ JOSELITO,UNIVERSITY OF STO TOMAS,nan
DICO-GO JOYCE,CHINESE GENERAL HOSPITAL,nan
DY DARWIN,METROPOLITAN HOSPITAL,nan
DY SONIA,METROPOLITAN HOSPITAL,nan
FILARCA CHARO,CHINESE GENERAL HOSPITAL,nan
GAN RON MICHAEL,METROPOLITAN HOSPITAL,nan
GAN GIL,METROPOLITAN HOSPITAL,nan
GEROCHE HENNY,UNIVERSITY OF STO TOMAS,nan
GO JAMES,METROPOLITAN HOSPITAL,nan
GO ENGTE,METROPOLITAN HOSPITAL,nan
GO CRISELY,METROPOLITAN HOSPITAL,nan
GO JEROME,CHINESE GENERAL HOSPITAL,nan
HUDECIAL ISSA,JOSE REYES MEMORIAL HOSPITAL,nan
INONCILLO SAMANTHA,UNIVERSITY OF STO TOMAS,nan
JAVIER  RAMON,UNIVERSITY OF STO TOMAS,nan
JOSON MA LOURDES,UNIVERSITY OF STO TOMAS,nan
KHO SJOBERG,UNIVERSITY OF STO TOMAS,nan
KHOO WINNIE,CHINESE GENERAL HOSPITAL,nan
LEAÑO ALJOMON,JOSE REYES MEMORIAL HOSPITAL,nan
LEBII FRANCES,JOSE REYES MEMORIAL HOSPITAL,nan
LEONARDO EMMANUEL,UNIVERSITY OF STO TOMAS,nan
LIBIRAN MARIANNE,CHINESE GENERAL HOSPITAL,nan
LIM EUGENE,UNIVERSITY OF STO TOMAS,nan
LIM GOLDEE,CHINESE GENERAL HOSPITAL,nan
LIM ROSIE,CHINESE GENERAL HOSPITAL,nan
LOKIN JOHNNY,UNIVERSITY OF STO TOMAS,nan
LU HARVEY,METROPOLITAN HOSPITAL,nan
LU KOH ROSIE,CHINESE GENERAL HOSPITAL,nan
MEDINA CHRISTOPHER,JOSE REYES MEMORIAL HOSPITAL,nan
MORCILLA MA DAME,JOSE REYES MEMORIAL HOSPITAL,nan
NARANJILLA RAYMOND,UNIVERSITY OF STO TOMAS,nan
NG TRACY JILL,CHINESE GENERAL HOSPITAL,nan
NGO JONAVIN,METROPOLITAN HOSPITAL,nan
NOSCE JOHN,UNIVERSITY OF STO TOMAS,nan
OBIEN EMMANUEL,UNIVERSITY OF STO TOMAS,nan
ONG  JED,METROPOLITAN HOSPITAL,nan
ONG-GO MARY,CHINESE GENERAL HOSPITAL,nan
ORLINO AREL,UNIVERSITY OF STO TOMAS,nan
OSTREA MARCELINO,UNIVERSITY OF STO TOMAS,nan
PACHECO DEEJAY,UNIVERSITY OF STO TOMAS,nan
PACIA EDWIN,UNIVERSITY OF STO TOMAS,nan
PAMA EMMANUEL,UNIVERSITY OF STO TOMAS,nan
PASHA JERWIN,UNIVERSITY OF STO TOMAS,nan
PEDRAGOZA BONIFACIO,JOSE REYES MEMORIAL HOSPITAL,nan
POBLETE VITO,UNIVERSITY OF STO TOMAS,nan
RABO CARTER,CHINESE GENERAL HOSPITAL,nan
RAÑOA GABINO,UNIVERSITY OF STO TOMAS,nan
REGALADO RUBY ROSE,UNIVERSITY OF STO TOMAS,nan
REYES FRANCES,JOSE REYES MEMORIAL HOSPITAL,nan
RIVERA MARIONETTE,CHINESE GENERAL HOSPITAL,nan
ROSALES RAYMOND,METROPOLITAN HOSPITAL,nan
ROSALES VICENTE,UNIVERSITY OF STO TOMAS,nan
SALAS CHRISTIAN,JOSE REYES MEMORIAL HOSPITAL,nan
SANTIAGO JASON,METROPOLITAN HOSPITAL,nan
SANTIAGO NESTOR,METROPOLITAN HOSPITAL,nan
SEBASTIAN REYNALDO,CHINESE GENERAL HOSPITAL,nan
SERMENSE YVONNE,METROPOLITAN HOSPITAL,nan
SIA TAN JOSEPH,CHINESE GENERAL HOSPITAL,nan
SISON CLAIRE,JOSE REYES MEMORIAL HOSPITAL,nan
SO MARC JOSEF,CHINESE GENERAL HOSPITAL,nan
SO ANTHONY,METROPOLITAN HOSPITAL,nan
SY JONATHAN,CHINESE GENERAL HOSPITAL,nan
SY MARIANNE,METROPOLITAN HOSPITAL,nan
TAMAYO FRANCES,UNIVERSITY OF STO TOMAS,nan
TAN KENT ANTHONY,CHINESE GENERAL HOSPITAL,nan
TAN MARIZHKA,JOSE REYES MEMORIAL HOSPITAL,nan
TAN VERONICA,METROPOLITAN HOSPITAL,nan
TAN LOUIE,CHINESE GENERAL HOSPITAL,nan
TANCHEE NGO,METROPOLITAN HOSPITAL,nan
TAYAG ISABELLE,UNIVERSITY OF STO TOMAS,nan
TIN HAY EDUARDO,CHINESE GENERAL HOSPITAL,nan
TING DONATO,METROPOLITAN HOSPITAL,nan
TRIVILEGIO JENZEN,UNIVERSITY OF STO TOMAS,nan
UY MELISSA CLAIRE,CHINESE GENERAL HOSPITAL,nan
VALENCIA ANTONINA,UNIVERSITY OF STO TOMAS,nan
VILLANUEVA RUTH,UNIVERSITY OF STO TOMAS,nan
YATCO JOCELYN,UNIVERSITY OF STO TOMAS,nan
ZACARIAS MANUEL,UNIVERSITY OF STO TOMAS,nan
ABANO MARLON,Lords Hospital,nan
ABRAZALDO STEFFI JOYCE,Meycauayan Doctors Hospital,nan
ABUAN BIBIAN,Yanga (Territorials),0.0
ABUAN MICHAEL RYAN,Yanga (Territorials),nan
ACERO JUN ROSS,Lords Hospital,nan
ACOL JOLLIBEE,"Rogaciano Hospital Sta. Maria, Bulacan",nan
AGUILAR ARDIE,Meycauayan Doctors Hospital,nan
ALMAZAR JOHANN,"Grace Hospital, SJDM, Bulacan",nan
AMADOR ALVIN,"Nazarenus Hospital, Marilao Bulacan",nan
ANTONIO JOHN LIEF,Meycauayan Doctors Hospital,nan
ARMAS ANA VICTORIA,Meycauayan Doctors Hospital,0.0
ASI JOHN DAVY,Meycauayan Doctors Hospital,nan
ASUNCION  ROWEN,Meycauayan Doctors Hospital,97740.0
BABALO  RHODA,Meycauayan Doctors Hospital,nan
BABALO  RUTH,Meycauayan Doctors Hospital,nan
BALLESTEROS CEASAR,"Yanga Hospital,Bocaue Hospital",nan
BANANIA-SALAZAR MARY JOY,"Yanga Hospital,Bocaue Hospital",nan
BARRIENTOS FRANKLIN,"Grace Hospital, SJDM, Bulacan",nan
BARTOLO  DIOSDADO,Meycauayan Doctors Hospital,0.0
BATONGBACAL JAIME,Meycauayan Doctors Hospital,nan
BATONGBACAL MARY ANNE,"Nazarenus Hospital, Marilao Bulacan",nan
BERNARDO CAROLINE,"Rogaciano Hospital Sta. Maria, Bulacan",0.0
BISQUERA RUBY ROSE,Meycauayan Doctors Hospital,nan
BONILLA  TERESITA,"Tungko, SJDM, Bulacan",nan
BORDADOR LOURDES,Christ the King Hospital,nan
BORDADOR CHRISTIAN,Christ the King Hospital,nan
BUENAFLOR MARIA FLORABEL,"St. Michael Hospital, Marilao",nan
BUNYI MICHAEL,"St. Michael Hospital, Marilao",nan
BUNYI BENJAMIN,"Sta. Maria, Bulacan (Territorials)",79852.0
BUYCO JOSE REINERIO,Meycauayan Doctors Hospital,nan
CARIAGA CATHERINE,Meycauayan Doctors Hospital,0.0
CARIAGA ARNEL,Meycauayan Doctors Hospital,nan
CASTRO PAULO ANTONIO,"Our Lady Of Angels Clinic, Sta.Maria Bulacan",nan
CATINDIG PAULO ANGELO,Bulakan Bulacan,nan
CHAN CHARLIE,"Sta. Maria, Bulacan (Territorials)",47033.0
CHAN CARLOS,"Sta. Maria, Bulacan (Territorials)",nan
CHAN JR CHARLIE,Meycauayan Doctors Hospital,nan
CONCEPCION RINA,"Our Lady Of Angels Clinic, Sta.Maria Bulacan",0.0
CRUZ GILBERT,Meycauayan Doctors Hospital,nan
CRUZ MARCI,"Yanga Hospital,Bocaue Hospital",nan
CRUZCOZA JOSEPH,Gregorio Hospital,nan
CUNANAN AMELIA,Meycauayan Doctors Hospital,0.0
CUNDANGAN MELISSA,Balagtas Territorials,nan
CURABO ELROY,Meycauayan Doctors Hospital,nan
DAVID ARWIN,"Grace Hospital, SJDM, Bulacan",0.0
DE CASTRO ANNA MA. GABRIELLE,"St. Michael Hospital, Marilao",nan
DE GUIA-MARIN GINAFER,"St. Michael Hospital, Marilao",nan
DE GUZMAN MARIA BLANCA,"Yanga Hospital,Bocaue Hospital",nan
DE JESUS LEVY,Balagtas Doctors Hospital,90380.0
DE LEON ANTONIETTE,Meycauayan Doctors Hospital,0.0
DE VEGA BABY ROCHELLE,Meycauayan Doctors Hospital,92025.0
DE VERA JOCELYN,De Jesus Multy-Specialty Clinic,nan
DECANO ARTHUR,Meycauayan Doctors Hospital,nan
DECENA MAYSELINE,Meycauayan Doctors Hospital,nan
DECENA FERDINAND,Meycauayan Doctors Hospital,nan
DEDUYO ORLANDO,Meycauayan Doctors Hospital,nan
DELA CRUZ IAN,"St. Michael Hospital, Marilao",nan
DELA CRUZ LEA,Meycauayan Doctors Hospital,nan
DELA CRUZ IGNACIO,Meycauayan Doctors Hospital,0.0
DELA CRUZ TRINIDAD,Meycauayan Doctors Hospital,nan
DELA CRUZ JEFFERSON,Meycauayan Doctors Hospital,nan
DELA FUENTE EDUARDO,Meycauayan Doctors Hospital,nan
DEQUILLA JR AVELLINO,Balagtas Doctors Hospital,nan
DIZON ANNE,Meycauayan Doctors Hospital,nan
DOMATO TAHIR,Meycauayan Doctors Hospital,nan
EDAR MARY JOY,"Grace Hospital, SJDM, Bulacan",nan
ESLETA YMEL ANNE,"Yanga Hospital,Bocaue Hospital",nan
ESPIRITU WESSON PIOUS,"St. Michael Hospital, Marilao",nan
ESTORNINOS PRIMA DONNA,Lords Hospital,nan
FAJARDO JEAN,Meycauayan Doctors Hospital,100151.0
FAJARDO VINCENT,Meycauayan Doctors Hospital,102063.0
FERNANDEZ RUBY ROSE,Meycauayan Doctors Hospital,nan
FESTIN MARK JOHN,Meycauayan Doctors Hospital,nan
FIDER VIVEN LORENZ,Balagtas Territorials,nan
FLORES MA.THERESA,"Yanga Hospital,Bocaue Hospital",nan
FRANCISCO DAVID,"Yanga Hospital,Bocaue Hospital",nan
FUENTEBELLA LETICIA,"St. Marys Hospital, Sta. Maria Bulacan",0.0
GARCIA MARY GRACE,"Grace Hospital, SJDM, Bulacan",nan
GERONIMO ALBERT,Meycauayan Doctors Hospital,99404.0
GOMEZ CHERRY FATIMA,"Tungko, SJDM, Bulacan",nan
GONZALES MIKE,Meycauayan Doctors Hospital,nan
GONZALES LEONICO,Meycauayan Doctors Hospital,nan
GUCE EDGARDO,"Obando, Bulacan",0.0
GUTIERREZ - BENAVIDEZ MARY JANE,"Yanga Hospital,Bocaue Hospital",nan
ILAGAN GREG JEFFERSON,FAMILY CARE,nan
IRA CESAR,Meycauayan Doctors Hospital,0.0
JOSON MA. LOURDES,Meycauayan Doctors Hospital,nan
LAO RONNIE,"Yanga Hospital,Bocaue Hospital",nan
LEGASPI OSCAR,"Nazarenus Hospital, Marilao Bulacan",nan
LIM GERALDINE GIZELLE,Meycauayan Doctors Hospital,nan
LIM  DONDI,Meycauayan Doctors Hospital,0.0
LIMCAUCO LIMCAUCO,Meycauayan Doctors Hospital,nan
LUCAS PAUL,Meycauayan Doctors Hospital,nan
LUCERO CLARISSA,"Nazarenus Hospital, Marilao Bulacan",0.0
LUNARIA FERDINAND,Lords Hospital,nan
MADLANG-AWA CECILLE,Marilao (Territorials),nan
MAGNO NELSON,Bocaue near Shell / Prime Health Sm Marilao,0.0
MALIWAT ARACELI,Meycauayan Doctors Hospital,nan
MALLARI NAPOLEXANDER,"Yanga Hospital,Bocaue Hospital",nan
MALUNDO JOHN,"Tungko, SJDM, Bulacan",0.0
MANICAD ARLISE,"Tungko, SJDM, Bulacan",nan
MANICAD MARIA KATRINA,"Tungko, SJDM, Bulacan",nan
MANICAD MIGUEL,"Tungko, SJDM, Bulacan",0.0
MENDOZA FLORANTE,"Yanga Hospital,Bocaue Hospital",nan
MENDOZA RONAN,"Our Lady Of Angels Clinic, Sta.Maria Bulacan",0.0
MENDOZA JEROME,Yanga (Territorials),nan
MENDOZA LORETA,Meycauayan Doctors Hospital,0.0
MENDOZA JOSE TEODORO,Mendoza Hospital,nan
MIGUEL RHODA,FAMILY CARE,nan
NEPOMUCENO RAVIEL,Meycauayan Doctors Hospital,nan
NGO DELIA,De Jesus Multy-Specialty Clinic,nan
NITAFAN CHRISTOPHER,"Tungko, SJDM, Bulacan",nan
ORBE SUSAN,Meycauayan (Territorials),nan
ORIOLA RONNIE ALLEN,Meycauayan Doctors Hospital,nan
PALMA CHARLEMAGNE,Meycauayan Doctors Hospital,nan
PASION MARK,"St. Michael Hospital, Marilao",nan
PECACHE ELVIRA,"Sta. Maria, Bulacan (Territorials)",nan
PEROLINA CHRISTIAN,Meycauayan Doctors Hospital,nan
PERPUSE ARMIN,Meycauayan Doctors Hospital,nan
PICO RODRIGO,"Nazarenus Hospital, Marilao Bulacan",nan
PICO ARNELI,"Nazarenus Hospital, Marilao Bulacan",nan
PUENTESPINA ENRIQUE,Lords Hospital,nan
PUENTESPINA JAN,Lords Hospital,nan
PUNZALAN - ASI ADORA,Meycauayan Doctors Hospital,nan
QUANICO ULYSSES,"Nazarenus Hospital, Marilao Bulacan",nan
RABADON CLITON,Meycauayan Doctors Hospital,nan
RAMIREZ ANNA,Meycauayan Doctors Hospital,nan
RAYMUNDO RENATO,Meycauayan Doctors Hospital,nan
RECODO GARI,Meycauayan Doctors Hospital,nan
RETUERMA GRACE,Bulakan Bulacan,nan
RIVADILLO PAUL,"Our Lady Of Angels Clinic, Sta.Maria Bulacan",nan
RIVERA LILIA,"Sta. Maria, Bulacan (Territorials)",0.0
RIVERA LORELIE,"Grace Hospital, SJDM, Bulacan",nan
ROBERTO LINDA CHARMAINE,Meycauayan Doctors Hospital,nan
ROJALES ARRA MARIE,"St. Michael Hospital, Marilao",nan
ROQUE CHRISTIAN,Meycauayan (Territorials),nan
ROSETE PAUL DARYL,Meycauayan Doctors Hospital,nan
SALAZAR NENE,"Sta. Maria, Bulacan (Territorials)",0.0
SALAZAR OLIVER,Yanga (Territorials),nan
SALAZAR MARABELLA,Yanga (Territorials),nan
SAMANIEGO JULIO,Balagtas Territorials,nan
SAN GABRIEL JASMIN,Yanga (Territorials),0.0
SAN GABRIEL EDUARDO,"Yanga Hospital,Bocaue Hospital",nan
SANTIAGO JAIME,Marilao (Territorials),nan
SANTOS ALEX JOE,"Our Lady Of Angels Clinic, Sta.Maria Bulacan",nan
SARMIENTO EDEN,Meycauayan Doctors Hospital,nan
SEE JOHNSON,Meycauayan Doctors Hospital,nan
SENGSON CORBELITA,Balagtas Territorials,nan
SERAPIO JAY,"Our Lady Of Angels Clinic, Sta.Maria Bulacan",0.0
SEVILLA EZRA,"Grace Hospital, SJDM, Bulacan",nan
SIMON KATRINA,Yanga (Territorials),nan
SO EDISON,"Grace Hospital, SJDM, Bulacan",nan
TAN RONALD ALLAN,"St. Michael Hospital, Marilao",nan
TIMBREZA FLORANTE,Meycauayan Doctors Hospital,0.0
TIONGSON REYSAN,Meycauayan (Territorials),nan
TIRAO MARK,Meycauayan (Territorials),nan
TONGOL MICHAEL CONRAD,Meycauayan Doctors Hospital,nan
TOPICO LIMI,Bulakan Bulacan,nan
TORDESILLAS  JUAN GREGO,"Nazarenus Hospital, Marilao Bulacan",nan
TORDESILLAS  JUAN FRANCO,"Nazarenus Hospital, Marilao Bulacan",nan
TORRES-REYES MARY ANN,"Yanga Hospital,Bocaue Hospital",nan
TUAZON ADELFO,"St. Michael Hospital, Marilao",nan
TUAZON ALEXANDER,"Sta. Maria, Bulacan (Territorials)",nan
TUAZON ALAIN BLUE,FAMILY CARE,nan
TURGANO MA. ASUNCION,Meycauayan Doctors Hospital,0.0
VALENCIA ANNIE,Meycauayan (Territorials),nan
VALENZUELA HERMINIO,Meycauayan Doctors Hospital,nan
VICENTE AMALIA,"St. Marys Hospital, Sta. Maria Bulacan",nan
VILELA GILBERT,"St. Michael Hospital, Marilao",nan
VILLA REAL RENE,Meycauayan Doctors Hospital,0.0
VILLA REAL CRISELDA,Meycauayan Doctors Hospital,0.0
VILLANUEVA ELISA,Bulakan Bulacan,nan
VILLAROMAN LOURDES,"Yanga Hospital,Bocaue Hospital",0.0
VINO GENESERE,"Nazarenus Hospital, Marilao Bulacan",0.0
VIRAY CECILE,"Rogaciano Hospital Sta. Maria, Bulacan",0.0
VITUG MARCELYN,Bulakan Bulacan,nan
YAMBAO RAMONCITO,Meycauayan Doctors Hospital,nan
YANGA  LUCIA,"Yanga Hospital,Bocaue Hospital",nan
ABALOS ARLENE,LAGUNA HOLY FAMILY HOSPITAL INC.,nan
ABRAZALDO AMORDENEZ,LAGUNA HOLY FAMILY HOSPITAL INC.,nan
AGUDA REMBO,ST. JUDE FAMILY HOSPITAL,nan
AGUILA ARNOLD,ST. JUDE FAMILY HOSPITAL,nan
AJERO CYD FE,NAGCARLAN TERRITORIALS,nan
ALCALA CHRISTIAN,CALAMBA MEDICAL CENTER,nan
ALICANDO EZEKIEL JOHN,PAMANA MEDICAL CENTER,nan
ANG-SANTO LAFAYETTE,LAGUNA HOLY FAMILY HOSPITAL INC.,nan
ARGAMOSA ALLAN,CALAMBA TERRITORIALS,nan
ARSENAL JAQUELINE,LAGUNA HOLY FAMILY HOSPITAL INC.,nan
ASUNCION ALEXIS ALAN,LAGUNA HOLY FAMILY HOSPITAL INC.,nan
ATIENZA MARC ANGELO,CALAMBA DOCTORS HOSPITAL,nan
AUSTRIA NICKSON,CALAMBA MEDICAL CENTER,nan
AVELINO RONALDO,CALAMBA MEDICAL CENTER,nan
BADULIS RAY JOSEPH,LAGUNA HOLY FAMILY HOSPITAL INC.,nan
BAGOS LOUIE,PAMANA MEDICAL CENTER,nan
BALDOVINO RODELIO,LAGUNA HOLY FAMILY HOSPITAL INC.,nan
BANATIN  ANNA REGINA,CALAMBA MEDICAL CENTER,nan
BANATIN  JEROME,CALAMBA MEDICAL CENTER,nan
BANATLAO BRYAN,LAGUNA HOLY FAMILY HOSPITAL INC.,nan
BAUTISTA MARY CHERYL,ST. JUDE FAMILY HOSPITAL,nan
BELLO JESUSA,LAGUNA DOCTORS HOSPITAL,nan
BIAGTAN HANNAH,CALAMBA MEDICAL CENTER,nan
BILON ADONIS,POLYMEDIC INC. STA.CRUZ,nan
BONAGUA IRENE,AMSI DOCTORS MEDICAL CENTER,nan
BRUTO KAREN,NAGCARLAN MULTI-SPECIALTY CLINIC,nan
BUENASEDA MA. CLARISSA,NAGCARLAN TERRITORIALS,nan
CABANOS RONELL,LAGUNA HOLY FAMILY HOSPITAL INC.,nan
CALAYAG MIGUEL DELMER,CALAMBA MEDICAL CENTER,nan
CALAYAG AMOR,PAMANA MEDICAL CENTER,nan
CANLAS ALEJANDRO,POLYMEDIC INC. STA.CRUZ,nan
CARINGAL ABEGAIL,LAGUNA DOCTORS HOSPITAL,nan
CARRASCO  VERONICA,GLOBAL MEDICAL CENTER BAY,nan
CHUA ANTONIO,IMMANUEL BLDG.,nan
CHUA ABIGAIL,IMMANUEL BLDG.,nan
CHUMACERA JOVINO,LOS BANOS DOCTORS HOSPITAL,nan
CONCEPCION JEFFREY,LAGUNA HOLY FAMILY HOSPITAL INC.,nan
CORCUERA MARISTEL,LAGUNA DOCTORS HOSPITAL,nan
CRUZ ARNE SERAFIN HILARIO,GLOBAL MEDICAL CENTER BAY,nan
CUSTODIO JOHN EMMANUEL,CALAMBA MEDICAL CENTER,nan
DACANAY CLARENCE,NAGCARLAN DISTRICT HOSPITAL,nan
DE LEON KAREN,LAGUNA HOLY FAMILY HOSPITAL INC.,nan
DELOS SANTOS JOHN CHRISTOPHER,LAGUNA HOLY FAMILY HOSPITAL INC.,nan
DELOS SANTOS HAZEL,LAGUNA HOLY FAMILY HOSPITAL INC.,nan
DIAZ TERESITA,STA.CRUZ TRRITORIALS,nan
DIMAISIP  KISHA ANN,CALAMBA MEDICAL CENTER,nan
DOCENA MAYNARD,LAGUNA HOLY FAMILY HOSPITAL INC.,nan
DOMINGO RHEYA,NAGCARLAN MULTI-SPECIALTY CLINIC,nan
DORADO ARGININO ROMEO,LAGUNA HOLY FAMILY HOSPITAL INC.,nan
EDUARTE MA. CECILIA,CALAMBA DOCTORS HOSPITAL,nan
EMBRY ANGELICA,CALAMBA TERRITORIALS,nan
ESCALANTE VICENTE,CALAMBA MEDICAL CENTER,nan
ESTRADA EDGAR,CALAMBA MEDICAL CENTER,nan
EVANGELISTA REYMUND,LAGUNA DOCTORS HOSPITAL,nan
FERNANDEZ OSCAR,CALAMBA MEDICAL CENTER,nan
FERRAZ JULIE,GLOBAL MEDICAL CENTER BAY,nan
FLORENDO OLIVER,LAGUNA HOLY FAMILY HOSPITAL INC.,nan
FLORENDO RHOWENA,CALAMBA MEDICAL CENTER,nan
FLORES BONIFACIO,IMMANUEL BLDG.,nan
FORMELOZA HERMA,NAGCARLAN DISTRICT HOSPITAL,nan
GABRILLO CLAUDETTE,LAGUNA HOLY FAMILY HOSPITAL INC.,nan
GAERLAN SARAH,CALAMBA MEDICAL CENTER,nan
GALLARDO EDWARD,LAGUNA HOLY FAMILY HOSPITAL INC.,nan
GARCIA KORINA BLANCA,LAGUNA HOLY FAMILY HOSPITAL INC.,nan
GENDRANO PAMELA JASMIN,CALAMBA MEDICAL CENTER,nan
GUTIERREZ JERICHO,NAGCARLAN MULTI-SPECIALTY CLINIC,nan
HERNANDEZ JOY ABIGAIL,CALAMBA MEDICAL CENTER,nan
HICETA ALVIN LESTER,CALAMBA MEDICAL CENTER,nan
INDAB AMOR JHOANA,LAGUNA HOLY FAMILY HOSPITAL INC.,nan
INIEGO MARLENE,LAGUNA HOLY FAMILY HOSPITAL INC.,nan
JALOTLOT AILAH,LAGUNA DOCTORS HOSPITAL,nan
JIMENEZ JOSEPHINE,CALAMBA MEDICAL CENTER,nan
KAMPITAN  VINCI ANN,CALAMBA MEDICAL CENTER,nan
LAJARA BRYAN,CALAMBA MEDICAL CENTER,nan
LAUDE TERRIE MARIE,CALAMBA MEDICAL CENTER,nan
MADELAR RINA THERESE,LAGUNA HOLY FAMILY HOSPITAL INC.,nan
MADULID DENNIS,LOS BANOS TERRITORIALS,nan
MAGBOO-GAVIOLA MARIA LEISA,CALAMBA DOCTORS HOSPITAL,nan
MALABANAN JONATHAN,CALAMBA MEDICAL CENTER,nan
MALIXI  ADELLE LEA,LAGUNA DOCTORS HOSPITAL,nan
MANAIG PAUL,CALAUAN TERRITORIALS,nan
MANJARES BRENDA CAMILLE,LAGUNA HOLY FAMILY HOSPITAL INC.,nan
MANTALA JOSEPH,LAGUNA HOLY FAMILY HOSPITAL INC.,nan
MARANAN MA. LUISA,LAGUNA DOCTORS HOSPITAL,nan
MARINICA PALMA,LAGUNA DOCTORS HOSPITAL,nan
MEJIA WENDILYN,CALAUAN TERRITORIALS,nan
MERCA MICHELLE,LAGUNA HOLY FAMILY HOSPITAL INC.,nan
MOJICA MIKHAEL,CALAMBA MEDICAL CENTER,nan
MONTES ROMMEL,LOS BANOS DOCTORS HOSPITAL,nan
MONTES GERALDINE,LOS BANOS DOCTORS HOSPITAL,nan
MORAN MARIUS,LOS BANOS DOCTORS HOSPITAL,nan
MURILLO REY,CALAMBA MEDICAL CENTER,nan
NAVARROZA RODEO,GLOBAL MEDICAL CENTER BAY,nan
OCAMPO LUIS III,CALAMBA MEDICAL CENTER,nan
ONIA ALMIRA,GLOBAL MEDICAL CENTER BAY,nan
ORNALES VANNESA,CALAMBA MEDICAL CENTER,nan
PAJANEL MARGARETT ROSE,CALAMBA DOCTORS HOSPITAL,nan
PALANGINAN  MA. KATRINA,LAGUNA DOCTORS HOSPITAL,nan
PALANGINAN  MARK KRYSTER,CALAMBA MEDICAL CENTER,nan
PALISOC GERRYMIKE,LAGUNA HOLY FAMILY HOSPITAL INC.,nan
PAMATMAT ROSELYN,LAGUNA HOLY FAMILY HOSPITAL INC.,nan
PANINGBATAN JAMES,LAGUNA HOLY FAMILY HOSPITAL INC.,nan
PEREZ JUVENEIL EISSYD,NAGCARLAN MULTI-SPECIALTY CLINIC,nan
PINEDA SALVADOR,LAGUNA HOLY FAMILY HOSPITAL INC.,nan
PUA ERNESTO,LOS BANOS DOCTORS HOSPITAL,nan
PUA ROWENA,LOS BANOS DOCTORS HOSPITAL,nan
QUINONES JOAN,CALAMBA MEDICAL CENTER,nan
RAGOTERO MA. YVETTE,LAGUNA HOLY FAMILY HOSPITAL INC.,nan
RAMIL  MAHALIA,ST. JUDE FAMILY HOSPITAL,nan
RAMOS FLORY JANE,LAGUNA HOLY FAMILY HOSPITAL INC.,nan
RELLOSA-DE TORRES MARIA LUALHATI,STA. MARIA TERRITORIALS,nan
RESSURECCION ROY,CALAMBA MEDICAL CENTER,nan
RESUBAL JOSE RAFAEL,CALAMBA MEDICAL CENTER,nan
RETUSTO PATRICIO JR.,CALAMBA MEDICAL CENTER,nan
ROA MARK BRYAN,CALAMBA MEDICAL CENTER,nan
ROBEL CARYL,LAGUNA HOLY FAMILY HOSPITAL INC.,nan
RUANTO MARK ANTHONY,LAGUNA HOLY FAMILY HOSPITAL INC.,nan
SAHA PRATIV,CALAMBA MEDICAL CENTER,nan
SALES GERONIMO,CALAMBA MEDICAL CENTER,nan
SALOM PATRICK JEROME,LOS BANOS DOCTORS HOSPITAL,nan
SAMONTE FRANCIS GREGORY,LAGUNA HOLY FAMILY HOSPITAL INC.,nan
SAN PEDRO CENON,LAGUNA DOCTORS HOSPITAL,nan
SANTIAGO NESTOR,LAGUNA DOCTORS HOSPITAL,nan
SANTOS ROMAN,AMSI DOCTORS MEDICAL CENTER,nan
SANTOS MARIA JONNALYN,CALAMBA DOCTORS HOSPITAL,nan
SILVA TRISTAN,CALAMBA MEDICAL CENTER,nan
SIMON  JONATHAN,STA.CRUZ TRRITORIALS,90289.0
SORIANO MA. CRISTINA,ST. JUDE FAMILY HOSPITAL,nan
SOTALBO DENORSON,LAGUNA HOLY FAMILY HOSPITAL INC.,nan
STA.CRUZ ACHILLES,GLOBAL MEDICAL CENTER BAY,nan
SUMINISTRADO  MA. SERRIE,LAGUNA HOLY FAMILY HOSPITAL INC.,nan
TAN SAMUEL,LAGUNA HOLY FAMILY HOSPITAL INC.,nan
TARUN KATRINA,CALAMBA TERRITORIALS,nan
TENGCO ELVIC,LAGUNA HOLY FAMILY HOSPITAL INC.,nan
TORRES  JEROME,CALAMBA MEDICAL CENTER,nan
TORRES  TRISTAN,LOS BANOS DOCTORS HOSPITAL,nan
TUSI CAROLINE,LAGUNA HOLY FAMILY HOSPITAL INC.,nan
UMIL ROGELIO,CALAMBA DOCTORS HOSPITAL,nan
VALDERAMA FRANCES,LAGUNA HOLY FAMILY HOSPITAL INC.,nan
VELASCO EDELWEISE,GLOBAL MEDICAL CENTER BAY,nan
VENTURA GRACE JOY,LOS BANOS DOCTORS HOSPITAL,nan
VERGARA-ROMULA MARA RAISEL,LAGUNA HOLY FAMILY HOSPITAL INC.,nan
VILLA NIKKIE BERNADETTE,NAGCARLAN TERRITORIALS,nan
VILLALOBOS EUFROCINO,LAGUNA HOLY FAMILY HOSPITAL INC.,nan
ZABLAN ANDREA,CALAMBA DOCTORS HOSPITAL,nan
AGATEP JUVIDO,ST. LUKES MEDICAL CENTER - GLOBAL,nan
AGUILA ENRIC,ST. LUKES MEDICAL CENTER - GLOBAL,nan
AGUILAR SHANA,VALUCARE,nan
AGUSTIN MA. THERESA,HEALTHWAY MEDICAL - MARKET MARKET,nan
AGUSTIN JR FRANCISCO,MAKATI MEDICAL CENTER,nan
ALBAN AILEEN,MAKATI MEDICAL CENTER,nan
ALDEA CHARISSE,MAKATI MEDICAL CENTER,nan
ALIMOOT DEXTER,HEALTHWAY MEDICAL - MARKET MARKET,nan
ALIP SYLVIA,ST. LUKES MEDICAL CENTER - GLOBAL,nan
ALVIAR MELVIN,ALVIAR MEDICAL CLINIC,nan
AQUINO JR. MARCELIANO,ST. LUKES MEDICAL CENTER - GLOBAL,nan
BASCO MARWIN,ST. LUKES MEDICAL CENTER - GLOBAL,nan
BOCOBO JOSEPH,ST. LUKES MEDICAL CENTER - GLOBAL,nan
BONDOC EDGARDO,ST. LUKES MEDICAL CENTER - GLOBAL,nan
BONOAN ZENAIDA,HEALTHWAY MEDICAL - MARKET MARKET,nan
CABRAL BRIAN MICHAEL,MAKATI MEDICAL CENTER,nan
CABUNGCAL ANA MELISSA,MAKATI MEDICAL CENTER,nan
CABURNAY ARSENIO,ST. LUKES MEDICAL CENTER - GLOBAL,nan
CACAL FRANCES,AMS DIAGNOSTICS,nan
CANLAS OLIVER,ST. LUKES MEDICAL CENTER - GLOBAL,nan
CHAN REIZEN,PLDT CLINIC,nan
CHANG ANGELA MARIE,MAKATI MEDICAL CENTER,nan
CHAVEZ ANGELA,CHAVEZ MEDICAL CLINIC,nan
CHING MICHAEL,ST. LUKES MEDICAL CENTER - GLOBAL,nan
CLUTARIO DEREK,MAKATI MEDICAL CENTER,nan
CO JONARD,ST. LUKES MEDICAL CENTER - GLOBAL,nan
CONCEPCION GERDA,AVENTUS - FILOMENA,nan
CORNEJO CARLO,MAKATI MEDICAL CENTER,nan
CRUZ RACHEL MARIE,ST. LUKES MEDICAL CENTER - GLOBAL,nan
CRUZ ANGELO JONATHAN,MAKATI MEDICAL CENTER,nan
CUA IAN,ST. LUKES MEDICAL CENTER - GLOBAL,nan
CUARESMA JOSEPH,MAKATI MEDICAL CENTER,nan
CUTCHON MARY AIROL,PLDT CLINIC,nan
CUTCHON EZRA,PLDT CLINIC,nan
DANAO  NINA,MAXICARE,nan
DATOR DANTE,MAKATI MEDICAL CENTER,nan
DATOR MELISSA,MAKATI MEDICAL CENTER,nan
DE GUZMAN HAZEL,GREPA LIFE,nan
DE JESUS ALVIN,PEMBO DOCTORS MEDICAL CLINIC,nan
DELA ROSA JOEL,MAKATI MEDICAL CENTER,nan
DUMAGPI ERNEST,ST. LUKES MEDICAL CENTER - GLOBAL,nan
DURAN KATHLEEN,AVENTUS - FILOMENA,nan
DY JUN,ST. LUKES MEDICAL CENTER - GLOBAL,nan
DY JAY,MAKATI MEDICAL CENTER,nan
ESCOBAR PERRY,VALUCARE,nan
FLORENTINO ALFONSO,MAKATI MEDICAL CENTER,nan
FLORENTINO MAR JOSEPH,"RECUENCO HOSPITAL, TAGUIG",nan
FLORES VALERIE,MAXICARE,nan
FORES MIGUEL EDGARDO,MAKATI MEDICAL CENTER,nan
FRAGO ERIC,GREPA LIFE,nan
FRANCISCO CARLOS,ST. LUKES MEDICAL CENTER - GLOBAL,nan
GABASA JONATHAN,PLDT CLINIC,nan
GALANG ROEL LEONARDO,MAKATI MEDICAL CENTER,nan
GARCIA DORIS,MAXICARE,nan
GARCIA MAXENE,ST. LUKES MEDICAL CENTER - GLOBAL,nan
GONDAYAO JASMINE,ST. LUKES MEDICAL CENTER - GLOBAL,nan
GONZALES ROSARIO,HEALTHWAY MEDICAL - MARKET MARKET,nan
GRINO ANTHONY DEXTER,MAKATI MEDICAL CENTER,nan
GUILLERMO LOUIJI,VALUCARE,nan
HURTADO DANREL JASPER,MAKATI MEDICAL CENTER,nan
IBANEZ ELLA,HEALTHWAY MEDICAL - MARKET MARKET,nan
JISON WILFREDA,MAKATI MEDICAL CENTER,nan
KHO SUZETTE GRACE,MAKATI MEDICAL CENTER,nan
LABIO MADALINEE ETERNITY,MAKATI MEDICAL CENTER,nan
LAO JONATHAN GIL,ST. LUKES MEDICAL CENTER - GLOBAL,nan
LAUREL LAURENCE,ST. LUKES MEDICAL CENTER - GLOBAL,nan
LAZARO BERNADETTE,AVENTUS - FILOMENA,nan
LEELIN FREDERICK ANDRE,MAKATI MEDICAL CENTER,nan
LIMJOCO RAFAEL,PLDT CLINIC,nan
LONTOK MARIA ANTOINETTE,ST. LUKES MEDICAL CENTER - GLOBAL,nan
LOZADA ANGELO,MAKATI MEDICAL CENTER,nan
LUZANO RIVA,MAXICARE,nan
MACALALAG MICHAEL EUFEMIO,ST. LUKES MEDICAL CENTER - GLOBAL,nan
MAGSANOC NIKKO,MAKATI MEDICAL CENTER,nan
MALIWAT MICHELLE,MAKATI MEDICAL CENTER,nan
MANALO JOANA,HEALTHWAY MEDICAL - MARKET MARKET,nan
MAPA NATASHA,MAKATI MEDICAL CENTER,nan
MENDIOLA FREDERICK,MAKATI MEDICAL CENTER,nan
MENDOZA GERARDO,ST. LUKES MEDICAL CENTER - GLOBAL,nan
MENDOZA RAFAEL,ST. LUKES MEDICAL CENTER - GLOBAL,nan
MONTES  MARK,PLDT CLINIC,nan
NAVARRO MARC JULIUS,MAKATI MEDICAL CENTER,nan
NAZARETH STEPHEN,MAKATI MEDICAL CENTER,nan
NG MELISSA,HEALTHWAY MEDICAL - MARKET MARKET,nan
NICOLAS ANA MARIE,HEALTHWAY MEDICAL - MARKET MARKET,nan
OLIVA OLIVER,HEALTHWAY MEDICAL - MARKET MARKET,nan
OLYMPIA ERNESTO,MAKATI MEDICAL CENTER,nan
ORVEN BERNARDO,PLDT CLINIC,nan
PEDREGOSA GERARDO,MAKATI MEDICAL CENTER,nan
PERALTA FREDERICO,ST. LUKES MEDICAL CENTER - GLOBAL,nan
PILAR AILEEN,PLDT CLINIC,nan
POLANES JOMER KIRBY,PULSE CLINIC MANILA,nan
POLIDO WILFREDO,ST. LUKES MEDICAL CENTER - GLOBAL,nan
PRODIGALIDAD PATRICIA ANNE,ST. LUKES MEDICAL CENTER - GLOBAL,nan
PRODIGALIDAD JOSE VICENTE,MAKATI MEDICAL CENTER,nan
RAMOS JED NOLAN,PULSE CLINIC MANILA,nan
RANCHES LOUILLE,THE MEDICAL CITY - MARKET MARKET,nan
RAYMUNDO NIKKO,ST. LUKES MEDICAL CENTER - GLOBAL,nan
RENORA  ALYSSA,PLDT CLINIC,nan
SAMAR ZYRAH,MAKATI MEDICAL CENTER,nan
SANDEJAS BRYAN,HEALTHWAY MEDICAL - MARKET MARKET,nan
SANTOS INIGO,AVENTUS - FILOMENA,nan
SAULOG ROLANDO,MAKATI MEDICAL CENTER,nan
SEE MANUEL,ST. LUKES MEDICAL CENTER - GLOBAL,nan
SIBUYAN EUNICE,MEDICARD,nan
SIRAY INAH,ST. LUKES MEDICAL CENTER - GLOBAL,nan
SONGCO JAIME,MAKATI MEDICAL CENTER,nan
TIANGCO ANNABELLE,GREPA LIFE,nan
VALENZUELA HERSEY,PULSE CLINIC MANILA,nan
VEGA ROSE LYN,AMS DIAGNOSTICS,nan
VELASQUEZ CHRISTINE,MAKATI MEDICAL CENTER,nan
VIDAMO ROMEO,AVENTUS - FILOMENA,nan
VIERNES CARMEN,HEALTHWAY MEDICAL - MARKET MARKET,nan
VILLA MICHAEL LIM,ST. LUKES MEDICAL CENTER - GLOBAL,nan
VILLACORTA RIGO,PULSE CLINIC MANILA,nan
VILLANUEVA ERNEST,AMS DIAGNOSTICS,nan
VITUG ARNOLD,ST. LUKES MEDICAL CENTER - GLOBAL,nan
WONG  MICHELLE,HEALTHWAY MEDICAL - MARKET MARKET,nan
YRASTORZA SAMUEL,ST. LUKES MEDICAL CENTER - GLOBAL,90379.0
ZIALCITA HERMENEGILDO JOSE,MAKATI MEDICAL CENTER,nan
ACANTILADO DEBORAH,CHSI,nan
ADAPON ELAINE,SAN MIGUEL CORP.,nan
ADAZA NICOLE,HEALTHCUBE CLINIC,nan
AFABLE LUISA,CLINICA MANILA,nan
AGAS FELICISIMO,CARDINAL SANTOS MEDICAL CENTER,nan
ALORA PIERRE,CARDINAL SANTOS MEDICAL CENTER,nan
AMBA NEIL,CLINICA MANILA,nan
ANG MYRA,MANDALUYONG CITYHALL,nan
ANTOLIN JAVEL,NCMH,nan
AQUINO RICKISHA,AVENTUS CLINIC,nan
ARBOLEDA EPHRAIM,CHSI,nan
AREVALO SYDNEY,SAN MIGUEL CORP.,nan
AVILES EDNALYN,HEALTHWAY,nan
BADILLO NICCOLO,THE MEDICAL CITY HYPERMARKET,nan
BAGUNAS BIANCA,SAN MIGUEL CORP.,nan
BANLUTA ANDRE RUSSEL,MAXICARE CLINIC,nan
BELTRAN NINA,CLINICA MANILA,nan
BERNARDO JONATHAN,SAN MIGUEL CORP.,nan
BLANCO MYRA,SAN MIGUEL CORP.,nan
BONDOC EDGARDO,HEALTHCUBE CLINIC,nan
BRIES RICHMOND,CLINICA MANILA,nan
BUENAVENTURA RUTH,MANDALUYONG  MEDICAL CENTER,nan
CALIGAYAHAN FIDEL,NCMH,nan
CANDAVA JOHNEL,SAN MIGUEL CORP.,nan
CARPIO CARLO,MEGA CLINIC,nan
CARREON ANDREW,CARDINAL SANTOS MEDICAL CENTER,nan
CASTILLO LENNIE,CARDINAL SANTOS MEDICAL CENTER,nan
CELEDONIO PRINCIPE,CARDINAL SANTOS MEDICAL CENTER,nan
CHENG FEDERICK,CARDINAL SANTOS MEDICAL CENTER,nan
CHIU HAROLD HENRISON,CARDINAL SANTOS MEDICAL CENTER,nan
CHOA RICKY,CARDINAL SANTOS MEDICAL CENTER,nan
CHUA DENTON,HEALTHCUBE CLINIC,nan
CHUA SHARAE,SAN MIGUEL CORP.,nan
CHUA JEFFREY,CARDINAL SANTOS MEDICAL CENTER,nan
CHUA PHILIP,CARDINAL SANTOS MEDICAL CENTER,nan
CHUA KEN,SAN MIGUEL CORP.,nan
CO-SIA MELISSA,CARDINAL SANTOS MEDICAL CENTER,nan
CORONADO ELLA,MANDALUYONG  MEDICAL CENTER,nan
COSTALES DAISY,MANDALUYONG CITYHALL,nan
CRUEL LOVETTE,CLINICA MANILA,nan
CRUZ SHEIGEMI,CROSSLIGHT CLINIC,nan
CRUZ ROCHELLE REGINA,CARDINAL SANTOS MEDICAL CENTER,nan
CRUZ MARGARITA,MY HEALTH CLINIC,nan
CUNTAPAY WINDY,MEGA CLINIC,nan
CURIANO RALPH,CLINICA MANILA,nan
DAVID MICHELLE,MEGA CLINIC,nan
DELA CRUZ MICHAEL,GLOBAL HEALTH CLINIC,nan
DELA CRUZ CHRISTIAN,MY HEALTH CLINIC,nan
DELA CRUZ CARMELLA GENE,MAXICARE CLINIC,nan
DELA FUENTE ISABEL,DELA FUENTE CLINIC,nan
DIAMPUAN JOHARA,HEALTHCUBE CLINIC,nan
DIZON ALFRED,ST.FRANCIS MEDICAL CLINIC,nan
DIZON ERWIN,CARDINAL SANTOS MEDICAL CENTER,nan
DOMINGO CHRISTINE,NCMH,nan
DUMAGPI RUSSEL,SAN MIGUEL CORP.,nan
EBREO MARK LUIGI,THE MEDICAL CITY HYPERMARKET,nan
ELEVAZO AURELIO,SAN MIGUEL CORP.,nan
ENCABO REGIDOR,CARDINAL SANTOS MEDICAL CENTER,nan
FLAVIER FELIMON,MARTELINO MEDICAL CLINIC,nan
GABAGAT EDWARD,MANDALUYONG  MEDICAL CENTER,nan
GALANG CECILIA,CARDINAL SANTOS MEDICAL CENTER,nan
GALVEZ LORIELLE MARIE,CARDINAL SANTOS MEDICAL CENTER,nan
GARRIDO ROY,CARDINAL SANTOS MEDICAL CENTER,nan
GENERIC DOCTOR,GENERIC,nan
GERONIMO MARK,SAN MIGUEL CORP.,nan
IGNACIO VICTORIA,HEALTHWAY,nan
KASILAG ALDRIN,SAN MIGUEL CORP.,nan
LEE ARCHIMEDES,CLINICA MANILA,nan
LEE RACHELLE,LEE MEDICAL CLINIC,nan
LEE-CHUA LENNIE,CARDINAL SANTOS MEDICAL CENTER,nan
LEVERIZA ROSANA,MEGA CLINIC,nan
LEYVA MARGARITA,LEYVA MED CLINIC,nan
LIPAYON DANIEL,HEALTHCUBE CLINIC,nan
LIPAYON JULIE,HEALTHCUBE CLINIC,nan
LUZANO RIVA,MAXICARE CLINIC,nan
MALTEZO ROMELYN,MEGA CLINIC,nan
MANINGAS RICHARD,NCMH,nan
MAPUE MARIANITO,HEALTHCUBE CLINIC,nan
MARCELO MA.CONCEPCION,CARDINAL SANTOS MEDICAL CENTER,nan
MARIANO REY,CHSI,nan
MARTELINO CORAZON CRISTINA,MARTELINO MEDICAL CLINIC,nan
MENDOZA JEFFREY,CARDINAL SANTOS MEDICAL CENTER,nan
MINA YVONNE,MEGA CLINIC,nan
MIRANO CARISSA,MAXICARE CLINIC,nan
MONSALUD ARLENE,MY HEALTH CLINIC,nan
MONTINO JONATHAN,SAN MIGUEL CORP.,nan
NAPI ANGELO,AVENTUS CLINIC,nan
NIETO JONALYN,SAN MIGUEL CORP.,nan
NOOR JALELLA,HEALTHCUBE CLINIC,nan
ONG JOHNY,CLINICA MANILA,nan
ONG ERIC,CASINO CLINIC,nan
ONG-GO  MARY,CARDINAL SANTOS MEDICAL CENTER,nan
PACIO VICTORIA,CASINO CLINIC,nan
PALLAFOX PERFECTO,CARDINAL SANTOS MEDICAL CENTER,nan
PATROCINIO MIGUEL,SAN MIGUEL CORP.,nan
PE GERARDO,PULMO MED CLINIC,nan
PEREZ DANTE,CLINICA MANILA,nan
PEREZ BENJAMIN,CLINICA MANILA,nan
PHOA TIMOTHY,NCMH,nan
QUE SCYLLA,SAN MIGUEL CORP.,nan
RAMIREZ JOSEFINA,THE MEDICAL CITY TOWN PLAZA,nan
REBOLIDO EMMANUEL,MEGA CLINIC,nan
REYES MARTIN LUIS,MAXICARE CLINIC,nan
ROMANO ARNEL,MY HEALTH CLINIC,nan
ROXAS BYRON CLAUDE,THE MEDICAL CITY TOWN PLAZA,nan
RUIZ ROSENEE,PULMO MED CLINIC,nan
RUIZ JASON,PULMO MED CLINIC,nan
SALAZAR ROMMEL,HEALTHCUBE CLINIC,nan
SANCHEZ RAF,CHSI,nan
SANDICO CARLOS,MEGA CLINIC,nan
SANTOS GRETCHEN,HEALTHCUBE CLINIC,nan
SANTOS ELLA LOURDES,CARDINAL SANTOS MEDICAL CENTER,nan
SERENCIO GLENDA,HEALTHWAY,nan
SHARSE NINA,HEALTHCUBE CLINIC,nan
SO MARC,HEALTHCUBE CLINIC,nan
SOLANO MADELL,MY HEALTH CLINIC,nan
SULIT DENNIS,CARDINAL SANTOS MEDICAL CENTER,nan
SY RODY,CARDINAL SANTOS MEDICAL CENTER,nan
TADY KATHLEEN,MY HEALTH CLINIC,nan
TAN CHRISTIAN,GLOBAL HEALTH CLINIC,nan
TAN CHERRY,NCMH,nan
TAN ROBERT,MEGA CLINIC,nan
TAN JAMES,CARDINAL SANTOS MEDICAL CENTER,nan
TAN-RAMOS KRISTINE,HEALTHWAY,nan
TAPAT EMMA,MEGA CLINIC,nan
TONGSON DIANA,GLOBAL HEALTH CLINIC,nan
TUANO NORBERTO,MEGA CLINIC,nan
TY MARICEL,HEALTHCUBE CLINIC,nan
UY JR. ERNESTO,CARDINAL SANTOS MEDICAL CENTER,nan
VENTANILLA GLEN,MAXICARE CLINIC,nan
VICENTE FREDERICK,HEALTHWAY,nan
VILLENA KARLA,HEALTHCUBE CLINIC,nan
WONG JAMES,MANDALUYONG  MEDICAL CENTER,nan
YU VENUS,CHSI,nan
ABCEDE JOSEPH MICHAEL,MT CARMEL HOSPITAL LUCENA,92169.0
ABRAZALDO AMORDONEZ,HOLY FAMILY HOSPITAL,62548.0
AJERO CYD FE,NAGCARLAN LAGUNA,93298.0
ALBA RENAN MARTIN,MT CARMEL HOSPITAL LUCENA,nan
ALBAY JOHN LYNDON,RHU SARIAYA QUEZON,nan
ARANA VICTORINO,"LUCBAN ,QUEZON",63648.0
ARCEO GRACE JOY,MT CARMEL HOSPITAL LUCENA,103175.0
AZCARATE MA.ASUNCION,SANPABLO COMMUNITY HOSPITAL,52541.0
BALDOVINO OSCAR,"LUCBAN ,QUEZON",54115.0
BALDOVINO RODELIO,HOLY FAMILY HOSPITAL,58846.0
BALDOVINO JUSTINE DORCAS,MMG LUCBAN,nan
BATARIO ALFREDO,LUCENA UNITED DOCTORS HOSPITAL,78595.0
BAYAUA LUIS,LUCENA CLINIC,39734.0
BAYAUA MERRIAM,LUCENA CLINIC,41490.0
BELEN  ALVIN,SANPABLO COMMUNITY HOSPITAL,96368.0
BELEN ANGELITO,SANPABLO CLINIC,56469.0
BRIONES DIOGENES,SARIAYA QUEZON,105495.0
BRIONES JOSEPHINE,CHEST CLINIC  LUCENA,98246.0
BRIONES  DAISY,CANDELARIA QUEZON,nan
BRUTTO KAREN,NAGCARLAN LAGUNA,nan
BUENASEDA CLARISSA,NAGCARLAN LAGUNA,nan
CABIGAS FERDINAND,SARIAYA QUEZON,nan
CADIZ SIMEON,CANDELARIA QUEZON,81138.0
CALIBUSO HECTOR,CANDELARIA QUEZON,89422.0
CANELA DELTA,MT CARMEL HOSPITAL LUCENA,63952.0
CARTINA MARLON,TAYABAS COMMUNITY HOSPITAL,nan
CASTILLO LIZEL,MMG HOSPITAL LUCENA,nan
CATARROJA NANCY,RHU SARIAYA QUEZON,nan
CAVIDA KEO,"LUCBAN ,QUEZON",nan
CHAN  ANITA,SANTACRUZ DOCTORS HOSPITAL,52993.0
CHAN  FRED,SANTACRUZ DOCTORS HOSPITAL,53442.0
CHAN  MARILOU,LUCENA CLINIC,nan
CHITO HANNAG,CANDELARIA QUEZON,nan
CHUA ANTONIO,IMMACULATE SANTACRUZ,52473.0
CHUA ABIGAIL,IMMACULATE SANTACRUZ,nan
CHUEN DY,LUCENA UNITED DOCTORS HOSPITAL,63318.0
COMISO CARMENCITA,MT CARMEL HOSPITAL LUCENA,nan
CONSIGNADO GODIOSA,NAGCARLAN LAGUNA,nan
CORNEJO ALFREDO,CANDELARIA QUEZON,nan
CRUZ TERESITA,STA CRUZ TERRITORIALS,nan
CUSTODIO GEORGE,MT CARMEL HOSPITAL LUCENA,nan
CUSTODIO JOHN CARLO,MT CARMEL HOSPITAL LUCENA,nan
DANGA MIA,CANDELARIA QUEZON,nan
DAQUILANEA CHERES,ATIMONAN QUEZON,62589.0
DAYAHAN EDWIN,MT CARMEL HOSPITAL LUCENA,76563.0
DELEON KAREN,SANTACRUZ DOCTORS HOSPITAL,nan
DELOS SANTOS HAZEL CHRISTINE,HOLY FAMILY HOSPITAL,nan
DIAMANTE MA.CARIDAD,RHU LUCENA,67718.0
DOMINGO REYA,NAGCARLAN LAGUNA,nan
ENRIQUEZ ESTEPANIO,LUCENA UNITED DOCTORS HOSPITAL,88962.0
ENVERGA  MARIEL,LUCENA UNITED DOCTORS HOSPITAL,nan
ESCLANDA BERNADETTE,SANPABLO CLINIC,66073.0
ESCLANDA PROSPERO,SANPABLO CLINIC,63699.0
ESMERALDA  KHAREN,MMG HOSPITAL LUCENA,nan
EVANGELISTA PRINCESS,MMG HOSPITAL LUCENA,nan
FADUL MARY CLARE,RHU SANTACRUZ,nan
FALLER PETRONILO,"LUCBAN ,QUEZON",nan
FLORENDO MA.RHOWENA,HOLY FAMILY HOSPITAL,86407.0
GABRILLO CLAUDETTE,HOLY FAMILY HOSPITAL,nan
GLORIA JOSEPH FRANCIS,SANPABLO DOCTORS HOSPITAL,nan
GO ANNABELLE,CANDELARIA QUEZON,nan
GONZALES LOURDES,LUCENA UNITED DOCTORS HOSPITAL,1057.0
GUINTO CESAR,MT CARMEL HOSPITAL LUCENA,81246.0
GUTIERREZ JERICHO,SANPABLO COMMUNITY HOSPITAL,nan
IGUALADA VIVALDI,TAYABAS COMMUNITY HOSPITAL,nan
IGUALADA VIVALDI,MT CARMEL HOSPITAL LUCENA,nan
JAMIAS MARTIN,SANPABLO COMMUNITY HOSPITAL,70713.0
JANOLINO JOEL,SANPABLO CLINIC,nan
JARA  NILO,LUCENA CLINIC,36966.0
JARA  PRISCILA,LUCENA CLINIC,33426.0
JUSI RHEA,MT CARMEL HOSPITAL LUCENA,102842.0
LIM KENNETH,SANPABLO COMMUNITY HOSPITAL,nan
LOGATOC ALLEN YENTYL,MMG LUCBAN,nan
LOYOLA SHEELAH MARIE,MMG PLAZA LUCENA,100790.0
LUMABI DENNIS,MT CARMEL HOSPITAL LUCENA,79083.0
LUNA NENUEL,MT CARMEL HOSPITAL LUCENA,nan
MALIGAYA REMEDIOS,RHU SARIAYA QUEZON,nan
MALIWAT ROJOHN,HOLY FAMILY HOSPITAL,nan
MALLARI LUIS,"LUCBAN ,QUEZON",nan
MANALO  MARIAN,SANPABLO DOCTORS HOSPITAL,64711.0
MANTALA JOSEPTH,PAGSANJAN HOSPITAL,101066.0
MARANAN LUISA,SANTACRUZ DOCTORS HOSPITAL,nan
MARQUINEZ REGINE,MT CARMEL HOSPITAL LUCENA,nan
MATEO MICHAEL,CANDELARIA QUEZON,nan
MATEO QUIENIE,CANDELARIA QUEZON,nan
MENDEGUARIN JOMER,SANPABLO DOCTORS HOSPITAL,nan
MERCADO JOSEPH ALVIN,SANPABLO DOCTORS HOSPITAL,nan
MONTEZA ELMINA,RHU SANTACRUZ,nan
MORTOS SAMANTHA,TAYABAS QUEZON,nan
NADRES ALDRIN,TAYABAS COMMUNITY HOSPITAL,83853.0
NG CLAREL CAMILLE,MT CARMEL HOSPITAL LUCENA,nan
NOBLEJAS JEAN,SANTACRUZ DOCTORS HOSPITAL,nan
NOCHE DAHLIA,LUCENA UNITED DOCTORS HOSPITAL,nan
NOSCE MARIBEL,MT CARMEL HOSPITAL LUCENA,64106.0
NOSCE ABRAHAM,LUCENA CLINIC,nan
OABEL ALELI,RHU SARIAYA QUEZON,89726.0
OABEL EULOGIO,TAYABAS COMMUNITY HOSPITAL,100893.0
OBISPO DANIEL,TAYABAS COMMUNITY HOSPITAL,71764.0
OBMERGA FRANCISCO,"LUCBAN ,QUEZON",82902.0
OBORDO LUCILA,CANDELARIA QUEZON,74293.0
OLIVEROS URBANO,MMG PLAZA LUCENA,47991.0
ONA DENNIS,MT CARMEL HOSPITAL LUCENA,72198.0
PAGDILAO OLIVER,MMG HOSPITAL LUCENA,nan
PAGDILAO GERALDINE,LUCENA UNITED DOCTORS HOSPITAL,nan
PALANGINAN MA. KATRINA,SANTACRUZ DOCTORS HOSPITAL,nan
PARINAS ORLAND,RHU LUCBAN QUEZON,nan
PARINAS ORLANDO,LUCENA UNITED DOCTORS HOSPITAL,nan
PARINAS JONATHAN,LUCENA UNITED DOCTORS HOSPITAL,nan
PILAR ROMANE,ATIMONAN QUEZON,86595.0
PINEDA SALVADOR,PAGSANJAN HOSPITAL,97855.0
PLACINA FE,TAYABAS COMMUNITY HOSPITAL,46445.0
PLACINO NELSON,LUCENA UNITED DOCTORS HOSPITAL,84785.0
PORLAS ROMEO,MMG LUCBAN,nan
PUMIDA CARLIT,MMG HOSPITAL LUCENA,nan
PUREZA EDWIN,MT CARMEL HOSPITAL LUCENA,88060.0
PURLAS ROMEO,LUCENA CLINIC,nan
RACELA ALFRED,ATIMONAN QUEZON,65421.0
RAGO  CRYSTEL,MT CARMEL HOSPITAL LUCENA,nan
RANOLA RODOLFO,"LUCBAN ,QUEZON",62297.0
RAQOTERO MARIA YVETTE,HOLY FAMILY HOSPITAL,nan
REYES GISELLE,MT CARMEL HOSPITAL LUCENA,nan
REYES ANGELA PEARL,MT CARMEL HOSPITAL LUCENA,nan
ROMEO ARNEL,HOLY FAMILY HOSPITAL,71149.0
ROMEO DORADO,HOLY FAMILY HOSPITAL,nan
ROXAS MICHAEL,MT CARMEL HOSPITAL LUCENA,nan
ROXAS ROY,MMG PLAZA LUCENA,43720.0
ROXAS BYRON CLAUDE,MT CARMEL HOSPITAL LUCENA,nan
ROXAS JUDE PATRICK,MT CARMEL HOSPITAL LUCENA,nan
RUTCHIL CHITO,MT CARMEL HOSPITAL LUCENA,nan
SALAZAR GERARDO,LUCENA UNITED DOCTORS HOSPITAL,nan
SANPEDRO CENON,SANTACRUZ DOCTORS HOSPITAL,53250.0
SARMIENTO HAYDEE,SANPABLO CLINIC,85946.0
SEVILLA SUSANA FELISA,LUCENA UNITED DOCTORS HOSPITAL AMBULATORY,86218.0
SOLER ANA MIA,SOLER GEN.HOSPITAL,nan
SOLER FIDEL JAVIER,SOLER GEN.HOSPITAL,nan
SUMINISTRADO SERRIE,HOLY FAMILY HOSPITAL,nan
TABIO ROBERTO,MT CARMEL HOSPITAL LUCENA,88070.0
TAN NENITA,LUCENA CLINIC,56112.0
TIAMZON KATRINA  MARIE,CANDELARIA QUEZON,nan
TUSI  CAROL,HOLY FAMILY HOSPITAL,65405.0
UY  REGAN,MMG PLAZA LUCENA,102949.0
VERGARA ESTHER,CANDELARIA QUEZON,43055.0
VILLAMAYOR EVANGELINE,MMG PLAZA LUCENA,43399.0
VILLAMAYOR MARGARET,MMG PLAZA LUCENA,nan
VILLANUEVA  EDWIN,TAYABAS COMMUNITY HOSPITAL,nan
VILLAREAL IVAN,NAGCARLAN LAGUNA,nan
VILLENA KRISTOFFER,MMG HOSPITAL LUCENA,108001.0
VILLENA PAMELA ETORMA,MT CARMEL HOSPITAL LUCENA,nan
YAMBALLA IRMA,MMG PLAZA LUCENA,53176.0
YAMBALLA WILSON,MMG PLAZA LUCENA,nan
YAP KRISTINE,MT CARMEL HOSPITAL LUCENA,nan
YU ROSE,MT CARMEL HOSPITAL LUCENA,73671.0
YU ZENON,MT CARMEL HOSPITAL LUCENA,60744.0
ACAYAN EMILY,PHYSICIAN DIAGNOTIC CENTER,nan
ADIAO KAREN,UP-PGH,nan
AGUSTIN MA. CRISTINA,UP-PGH,nan
ALEJO JHONALEE,PHYSICIAN DIAGNOTIC CENTER,nan
ALIBUDBUD ROWALT,WESTEAST CLINIC,nan
ANG ANDREW,UP-PGH,nan
ANGLUBEN GABRIELLA,UP-PGH,nan
ANLACAN VEEDA NICHELLE,UP-PGH,nan
ANTONIO ATHEENA,MANILA DOCTORS HOSPITAL,nan
ANURAN GEANNAGAIL,UP-PGH,nan
ARRIOLA OSCAR,PHYSICIAN DIAGNOTIC CENTER,nan
ASTEJADA MINA,WESTEAST CLINIC,nan
BALANAG EARL MARVIN,UP-PGH,nan
BALDERAMA NORIETA,UP-PGH,nan
BARBADILLO APRIL FAYE,UP-PGH,nan
BATARA JULETTE MARIE,UP-PGH,nan
BAUTISTA AILEEN,MANILAMED-MCM,nan
BAUTISTA TOMAS,ST.LUKES EXTENSION CLINIC,nan
BAUTISTA ARISTON,UP-PGH,nan
BERNARDINO RANHEL,UP-PGH,nan
BOGNOT JOSE CARLOS,UP-PGH,nan
CAGAYAN MARIA BETTINA,UP-PGH,nan
CAMMAYO  TYRONE PAUL,UP-PGH,nan
CARASCO  MARIA ARLA ANDREA,WESTEAST CLINIC,nan
CEBLANO LYRA,UP-PGH,nan
CHEONG AMANDA,UP-PGH,nan
CHOA  BERNETTE MAXINE,UP-PGH,nan
CHUA  JOHN EDEL,UP-PGH,nan
COBANKIAT MARY CAROLINE AZORES,OSPITAL NG MAYNILA MEDICAL CENTER,nan
COLLANTES EPIFANIA,UP-PGH,nan
CRUZ MARIELLE BARCELON,MANILAMED-MCM,nan
CUEBILLAS JOSEPH,PHYSICIAN DIAGNOTIC CENTER,nan
CUSI JOHN,ST. MARTIN POLYCLINIC,nan
DAYRIT JUAN CARLO,UP-PGH,nan
DE CASTILLO LENNIE,MANILAMED-MCM,nan
DE JESUS ISABELLA,UP-PGH,nan
DELOS REYES EDUARDO,MANILAMED-MCM,nan
DEMITION EARL,UP-PGH,nan
DOPLAYNA MARIA,UP-PGH,nan
DOROTEO JERUZ,UP-PGH,nan
DOTON MARICON,ST. MARTIN POLYCLINIC,nan
ESPIRITU MA. GERALDINE,MANILA DOCTORS HOSPITAL,nan
ESQUESTA TERESA,PHYSICIAN DIAGNOTIC CENTER,nan
ESTIL JOSE,UP-PGH,nan
EUSIBIO LORELIE,PHYSICIAN DIAGNOTIC CENTER,nan
FACTOR SEDRIC JOHN,UP-PGH,nan
FERNANDEZ MARK LAURENCE,UP-PGH,nan
GALICIA JHUN ROBBIE,WESTEAST CLINIC,nan
GAN BENILDA,UP-PGH,nan
GARCIA JAO JARRO,MANILAMED-MCM,nan
GO IVY CATHERINE,UP-PGH,nan
GODING ZOE,UP-PGH,nan
GOPEZ CHARLES JOHN,UP-PGH,nan
IGNACIO SHARON,UP-PGH,nan
JAMORA ROLAND DOMINIC,UP-PGH,nan
JAZUL KARL VINCENT,UP-PGH,nan
JIAO BEATRIZ,UP-PGH,nan
JIMENEZ ANGELA,UP-PGH,nan
JIMENEZ ALJERO,UP-PGH,nan
KHOO WINNIE SHARON,MANILA DOCTORS HOSPITAL,nan
KHU KATHLEEN JOY,UP-PGH,nan
KIMPO JON MICHAEL,UP-PGH,nan
LANDAYAN ELENITA,PHYSICIAN DIAGNOTIC CENTER,nan
LANUZA PAMELA DANIELLE,UP-PGH,nan
LEE ABEGAIL,UP-PGH,nan
LEE-CHENG RUBY JADE,MANILA DOCTORS HOSPITAL,nan
LEGASPI RAFAEL HENRY,WESTEAST CLINIC,nan
LEGASPI ERIC DENNIS,UP-PGH,nan
LIM ANDREW STEPHEN,UP-PGH,nan
LUKBAN MARISSA,UP-PGH,nan
LUNA ANGEL,MANILAMED-MCM,nan
MAGNAYE EMMANUEL JOSEPH,UP-PGH,nan
MAGTIBAY KIM,PHYSICIAN DIAGNOTIC CENTER,nan
MALANOG JOHN PAUL MALANOG,UP-PGH,nan
MANALILI NIKKI,MANILAMED-MCM,nan
MANLAPID BLESSIE ANNE,UP-PGH,nan
MANTARING JACINTO ARMANDO,UP-PGH,nan
MANZANO JENNIFER,MANILAMED-MCM,nan
MARCHA JENNETH CRYSTEL,UP-PGH,nan
MINA  KYLA DAWN,UP-PGH,nan
MOJICA ALVIN,MANILA DOCTORS HOSPITAL,nan
MONDIA MARK WILLY,UP-PGH,nan
MONYEMAYOR ELIZER,MANILAMED-MCM,nan
NAOE ENA ELIZABETH,UP-PGH,nan
NAPA NATHANIEL,UP-PGH,nan
PACARDO ROSALIE,PHYSICIAN DIAGNOTIC CENTER,nan
PALINES JESSICA ARMI,UP-PGH,nan
PANER MAIDENLOVE,MANILAMED-MCM,nan
PASCO PAUL MATHEW,UP-PGH,nan
PASCUAL JOSE LEONARD,MANILA DOCTORS HOSPITAL,nan
PASCUAL  JB,UP-PGH,nan
QUIDLAT PAOLA,UP-PGH,nan
QUIMPO RHEA,MANILAMED-MCM,nan
RAMIRO GAIL,MANILAMED-MCM,nan
RAMIRO PHILIP,MANILAMED-MCM,nan
RAMOS CATHERINE,PHYSICIAN DIAGNOTIC CENTER,nan
RAMOS RISLE,PHYSICIAN DIAGNOTIC CENTER,nan
REGULACION RUBY,UP-PGH,nan
REYES NANETH,MANILA DOCTORS HOSPITAL,nan
RUBIO DONNEL ALEXIS,MANILAMED-MCM,nan
SACDALAN  DENNIS,UP-PGH,nan
SAMALA EDWARD RAPHAEL,UP-PGH,nan
SANTILECES CRISTINE,MANILAMED-MCM,nan
SANTOS JOHN TED,UP-PGH,nan
SENG KENNY,UP-PGH,nan
SIH IBET,UP-PGH,nan
SIONZON MIKE,UP-PGH,nan
SISON IRISSE,WESTEAST CLINIC,nan
SORIANO JESUS,UP-PGH,nan
TAN ZIARA,UP-PGH,nan
TANA AIZA,WESTEAST CLINIC,nan
TIONGCO II RICHARD HENRY,MANILAMED-MCM,nan
TIOTANGCO MELISSA NADINE,MIRASOL CLINIC,nan
TORGA ANNEMARIE PAMELA,UP-PGH,nan
TRINIDAD EMMA,MANILAMED-MCM,nan
TRINIDAD LORENZO,UP-PGH,nan
VERZOSA ANTHONY,UP-PGH,nan
VILLANUEVA  LEONCIA MARIE,UP-PGH,nan
YABUT JOHN EROLL,UP-PGH,nan
YU TRISTAN JERARD,UP-PGH,nan
ABOU ZAKI SHAFIQ DEXTER,Metro Davao Medical Research Center,nan
AGBISIT GILDA FERNANDEZ,San Pedro Hospital,nan
AGUSTIN  ALYSSA DE JESUS,St. Camillus Hospital,nan
ALAMPAYAN MARY ANN,Metro Davao Medical Research Center,nan
ALCANTARA ANA MARGARITA,Davao Mental Hospital,nan
ALUG MOHAMMAD HUDHAIFI BIN SHEDIQUE,Davao Mental Hospital,nan
ALVE JAYSON,Nabunturan,nan
AMOGUIS ALVIN,Brokenshire Hospital,nan
ANCHETA GIOIA,Davao Doctors Hospital,nan
ANCHETA ALAIN NEIL,Metro Davao Medical Research Center,nan
ANDRES FLORENCIA,Nabunturan,nan
ANG ROSITO,MMGH Davao,nan
ANUTA MELDI,San Pedro Hospital,nan
AQUINO MICHAEL,Davao Mental Hospital,nan
ARAO MA. CORAZON,San Pedro Hospital,nan
AWIT KRIS KAREN,Metro Davao Medical Research Center,nan
BABAO  JANICE,Tagum Doctors Hospital,nan
BAGSIC MERY GRACE,St. Camillus Hospital,nan
BALINGIT FELIPE,Medical Mission Group Hospital,nan
BANDAYANON-LAMUDOC MAUREEN KYNDRA,Davao Oriental Provincial Medical Center,nan
BANGA RAFAEL NICHOLAS,Southern Philippines Medical Center,nan
BANGAYAN TOMMY,San Pedro Hospital,nan
BARREDA RONNIE YVES,Southern Philippines Medical Center,nan
BARRIENTOS EARL IAN,Metro Davao Medical Research Center,nan
BARUIZ CINDERELA,Davao Oriental Provincial Medical Center,nan
BENASING MOHAMMAD WALLY,Davao Mental Hospital,nan
BESAS FRANCIS,Perpetual Polyclinic,nan
BISNAR MA. LUISA,Davao Medical School Foundation,nan
BORCELAS MON RAZZEL,Davao Oriental Provincial Medical Center,nan
BOSQUIT  JOHN,San Pedro Hospital,nan
BRIGUEZ MARTELINO,Nabunturan,nan
BUNO SUSANA,San Pedro Hospital,nan
CABAHUG REAGAN,San Pedro Hospital,nan
CALAMBA MARIE PAT,Nabunturan,nan
CALLOS  KEVIN LARKIN,San Pedro Hospital,nan
CALMERIN  EURIZ,Davao Mental Hospital,nan
CARPIO ALEX,Davao Medical School Foundation,nan
CARPIO MA. LUISA,Metro Davao Medical Research Center,nan
CASTANEDA ESPER ANN,Perpetual Polyclinic,nan
CAUILAN GILBERT,Davao Medical School Foundation,nan
CERVERA LYTHIA,Dela Cerna Rehabilitation Center,nan
CHIN BIN RASHID,Metro Davao Medical Research Center,nan
CHING KEITH BRYAN,V Mapa,nan
CHIU  ROWENA,Metro Davao Medical Research Center,nan
CLET CHRYSTELER,Tagum Doctors Hospital,nan
CLOSAS ALFAND DY,Tacurong City,nan
CORDERO ISMAEL,Davao Mental Hospital,nan
DALMACIO ELISA,Tagum Doctors Hospital,nan
DASMARINAS KREESHAN,Davao Mental Hospital,nan
DAUGDAUG BIENNA KHASMIN,Davao Mental Hospital,nan
DEJAN MARY ANN,Tagum Doctors Hospital,nan
DEL ROSARIO  JOSE NICANOR,Davao Medical School Foundation,nan
DELOS SANTOS - SY DAWN EMERALD,Davao Oriental Provincial Medical Center,nan
DUJALI DIZZA,Medical Mission Group Hospital,nan
ENOBIO-FLORES CYRILLE MARIA TRINIDAD,Southern Philippines Medical Center,nan
ENOJADA RACHELE JAN,Tagum Doctors Hospital,nan
ENOJO JAY-R,Southern Philippines Medical Center,nan
ENRIQUEZ FATIMA,San Pedro Hospital,nan
ESPARAGOZA CALIXTO,Bishop Reagan Hospital,nan
ESTEVES  JOHN YVES,Southern Philippines Medical Center,nan
EUVIN LAGAPA,San Pedro Hospital,nan
FADERAN BERMILLON,Metro Davao Medical Research Center,nan
FERNANDEZ  ANNE KIMBERLY,Metro Davao Medical Research Center,nan
FLORESCA DOROTHEO,Davao Doctors Hospital,nan
FRANCISCO AISA,Lanang Premiere Hospital,nan
FRANCO ARTEMIO,St. Camillus Hospital,nan
GAMPON  ISIAH JEREMY,Medical Mission Group Hospital,nan
GARCIA  LIZA,MMGH Davao,nan
GAZMEN LEW IAN,Medical Mission Group Hospital,nan
GERBER MARIA,Davao Oriental Provincial Medical Center,nan
GO SHIRWEN,Christ The King,nan
GO-ONG GIANNINA,Metro Davao Medical Research Center,nan
GONZALEZ PAOLO WOODRUFF,Metro Davao Medical Research Center,nan
GUERRERO MANOLETTE,San Pedro Hospital,nan
GUILLERMO MARJORIE,San Pedro Hospital,nan
HAW  JAIME YAP,Metro Davao Medical Research Center,nan
HERNAEZ KARLENE MAE,Davao Oriental Provincial Medical Center,nan
HERNANDEZ HERMAN,MMGH Davao,nan
HIMAGAN JEANNIE,San Pedro Hospital,nan
JAYLO BLESILDA,St. Camillus Hospital,nan
JUSAY JOANNE MARIE SILVERON,St. Camillus Hospital,nan
KHAN ROMEL,Southern Philippines Medical Center,nan
LACIA MARY ELLEN,Davao Oriental Provincial Medical Center,nan
LACSAMANA MARK,Bishop Reagan Hospital,nan
LAGANAO ABEGAIL,Lanang Premiere Hospital,nan
LANABAN AURA RHEA,Metro Davao Medical Research Center,nan
LATAYAN MICHAEL JONATHAN,Metro Davao Medical Research Center,nan
LAYUG RODRIGO,Nabunturan,nan
LEONARDIA HARVEY,Tagum Trade Center,nan
LIGUID ARLENE,Nabunturan,nan
LU  LAWRENCE,Metro Davao Medical Research Center,nan
LUZON KIMBERLY,Davao Mental Hospital,nan
MACAPAGAL CATHERINE,San Pedro Hospital,nan
MACAPAGAL RAMIL,Metro Davao Medical Research Center,nan
MADAYAG JOYCE,Metro Davao Medical Research Center,nan
MADAYAG MATTHEW REX,City Triangle Claveria St.,nan
MADUAY MELINDA,St. Camillus Hospital,nan
MAGALLEN MARY GRACE,Tagum Doctors Hospital,nan
MANALAYSAY TRISHA,Metro Davao Medical Research Center,nan
MANDAWE  ARVI JOYCEE BANTAYAN,St. Camillus Hospital,nan
MANGADLAO KENNETH,Davao Mental Hospital,nan
MANGADLAO-SECUSANA JANICE,Southern Philippines Medical Center,nan
MARAVILLAS KENT,Davao Mental Hospital,nan
MATILAC ALRIE,Davao Oriental Provincial Medical Center,nan
MENDEZ  MIGUEL,Pantukan Territorials,nan
MENDOZA SHAEANNE BELLO,Davao Mental Hospital,nan
MIONES-BABIERA PRINCES HERGE,Davao Oriental Provincial Medical Center,nan
NORDEN JAMEL,Bishop Reagan Hospital,nan
NUNEZ FRANCESCA,Davao Mental Hospital,nan
OMPANG JR. JURGEN,Ompang Clinic,nan
ONG MARCOS,Davao Medical School Foundation,nan
OSABEL MITZIE LOU,Medical Mission Group Hospital,nan
OTERO GEMMA,San Pedro Hospital,nan
PADILLA AGNES,San Pedro Hospital,nan
PADILLO DAVIE JANINE,Davao Mental Hospital,nan
PASIA ALBERTO,San Pedro Hospital,nan
PECSON RICHARD JOHN,San Pedro Hospital,nan
PELEGRINO  RAMCIS,Metropolitan Clinic,nan
PETROSE MA. JILLIAN,Davao Mental Hospital,nan
PORRAS  ABIGAIL,Southern Philippines Medical Center,nan
PORZA JERRY,Metropolitan Clinic,nan
PRUDENCIO MARIO,Medical Mission Group Hospital,nan
QUILISADIO JOHN EMER,Bishop Reagan Hospital,nan
RAZO LLOYD FYL,Lupon,nan
RENEGADO GLENN,Perpetual Polyclinic,nan
ROA  KRISTOFFER,Metro Davao Medical Research Center,nan
ROFLO JUANCHO DAVE,Lupon,nan
ROLDAN ADOLF MARCUS,Davao Mental Hospital,nan
RUBIO GENER,San Pedro Hospital,nan
SAAVEDRA MELVIN,Metro Davao Medical Research Center,nan
SALVANA JETHRO,Metro Davao Medical Research Center,nan
SASING RUSSELL,Perpetual Polyclinic,nan
SAYON DOVA,Metro Davao Medical Research Center,nan
SEBELLINO HANZEL DAVE,Davao Mental Hospital,nan
SEVILLA  MANUEL GERARD,Tagum Doctors Hospital,nan
SINAGAN MARK,Southern Philippines Medical Center,nan
SISTOZA JOJILENE,Christ The King,nan
SOLIS SUZETTE,Davao Oriental Provincial Medical Center,nan
SUAREZ JAMES,Davao Mental Hospital,nan
TADIOS-BALAGA MARICRIS,Southern Philippines Medical Center,nan
TAGUPA BEBIE QUEEN,Davao Mental Hospital,nan
TAN ANGELA LIBBY,Metro Davao Medical Research Center,nan
TAN YVETTE,Metro Davao Medical Research Center,nan
TANJILI GRACE,Southern Philippines Medical Center,nan
TAPSIRUL II JULMIN,Perpetual Polyclinic,nan
TATING AL ANTHONY,Davao Mental Hospital,nan
TOLEDO CAMILLE,Lanang Premiere Hospital,nan
TORNO  LARISSA LARA,Metro Davao Medical Research Center,nan
TORRE ARISFINA,Perpetual Polyclinic,nan
TORRES JULIE ANN KRISTY,Metro Davao Medical Research Center,nan
UY  GLENN DARYL,Tagum Doctors Hospital,nan
VALLES  ATHENA,Metro Davao Medical Research Center,nan
VICTORLERO JOANNA,Southern Philippines Medical Center,nan
VILLANUEVA VIDA ROSE DANIELLE,Metro Davao Medical Research Center,nan
VILLANUEVA MARILOU,San Pedro Hospital,nan
YAMBAO MICHAEL,Davao Mental Hospital,nan
YARRA MARIANNE KRISTELLE,Southern Philippines Medical Center,nan
ZAFRA  GAIL,Metro Davao Medical Research Center,nan
BAYSON RICHELLE,ILOILO DOCTORS HOSPITAL,nan
ABAYON ROMEO,"KALIBO, AKLAN",nan
ABRIL JOANNE,"KALIBO, AKLAN",nan
ACEPTION JESS CHRISTINE,"DUMANGAS, ILOILO",nan
ACOSTA JOEFFIL,ST. PAULS HOSPITAL,nan
ADELANTAR GEOFFRY,ILOILO DOCTORS HOSPITAL,nan
AGANA MARK ANTHONY,CAPIZ DOCTORS,nan
ALAVA RYNDELLE,ILOILO MISSION HOSPITAL,nan
ALBA DENEV,ROXAS TERRITORIALS,nan
ALFARO ESTER,"KALIBO, AKLAN",nan
ALMENANA RHODALYN,ILOILO MISSION HOSPITAL,nan
ALTILLERO MELCHOR,HEALTHLINK INC,nan
ANAYAN MA THERESA,ILOILO DOCTORS HOSPITAL,nan
ANDRADA PETER,CAPIZ EMMANUEL HOSPITAL,nan
APISTAR MATIAS SR.,ILOILO TERRITORIALS,nan
APISTAR MATIAS,ILOILO TERRITORIALS,nan
APORTADERA LOURDES,ILOILO TERRITORIALS,nan
ARCI SIMEON,ASIA PACIFIC KALIBO,nan
ARDENA GREGORY JOSEPH RYAN,ASIA PACIFIC KALIBO,nan
ARROYO CAROLINE,ILOILO TERRITORIALS,nan
BAGAFORO JERRY,ILOILO TERRITORIALS,nan
BAGUIO BRUCE JOSEPH,CAPIZ DOCTORS,nan
BALLEZA YUL,ILOILO DOCTORS HOSPITAL,nan
BARIA SHEILA,ILOILO MISSION HOSPITAL,nan
BARRIA JED,"SAN JOSE, ANTIQUE",nan
BASCO ARRIANE MAE,ST. PAULS HOSPITAL,nan
BATAGA NOE,"THE MEDICAL CITY, ILOILO",nan
BATERNA JAMIL JAN,ST. PAULS HOSPITAL,nan
BAYLON REGINA,ILOILO DOCTORS HOSPITAL,nan
BEDIA- CHUA JISELLE,ILOILO TERRITORIALS,nan
BELASOTO JOEVIC,CAPIZ EMMANUEL HOSPITAL,nan
BELONIO MICHAEL,HEALTHLINK INC,nan
BELONIO MARIANNE,CAPIZ EMMANUEL HOSPITAL,nan
BELTRAN JANET,ST. PAULS HOSPITAL,nan
BENLIRO REMO,ST. PAULS HOSPITAL,nan
BERDUGO ALENWIL,ROXAS TERRITORIALS,nan
BERIONES ROEN CHRIS,ILOILO TERRITORIALS,nan
BETITA RECARDO,ROXAS TERRITORIALS,nan
BILBAO CHRISTINE,"SAN JOSE, ANTIQUE",nan
BLANCAFLOR FAYE,CAPIZ DOCTORS,nan
BLANCAVER RENE,CAPIZ DOCTORS,nan
BLANCAVER FAYE MARIA,"OPTI QUEST, ROXAS CITY",nan
BORRA DOVIE,HEALTHLINK INC,nan
BORREROS CORNELIOS,ST. PAULS HOSPITAL,nan
BOSQUE REY,"CUARTERO, CAPIZ",nan
BRIONES DEXTER DALE,ST. PAULS HOSPITAL,nan
BUANCAFLOR PATRICK,"KALIBO, AKLAN",nan
BUGNA EDUARDO,"DINGLE, ILOILO",nan
BULACLAC JOHN,ROXAS TERRITORIALS,nan
BULLO CLIFFORD,"SANITARIUM, ILOILO",nan
BUNDA NILDA,ILOILO TERRITORIALS,nan
BUNOL JENNIFER,"JORDAN, GUIMARAS",nan
CABALLERO SHERREE,"BUENAVISTA, GUIMARAS",nan
CABANA ROSAURO,ST. PAULS HOSPITAL,nan
CACHO DIANA MARIE,"QUALIMED, ILOILO CITY",nan
CAMINA ROXANNE,PASSI CITY,nan
CAOYONAN IRENE,"JORDAN, GUIMARAS",nan
CASTIGADOR GRACE,"CALINOG, ILOILO",nan
CATOTO JAMES,HEALTHLINK INC,nan
CHIN JUDE,ILOILO TERRITORIALS,nan
CHIN LILY,ILOILO TERRITORIALS,nan
CHIN IVAN JOHN,WESTERN VISAYAS MEDICAL CENTER,nan
CHUNG DAYLINDA,THE DOCTORS HOSPITAL,nan
CLAVEL FELLI CLAIRE,"OTON, ILOILO",nan
CLAVEL PORFIRIO,"OTON, ILOILO",nan
CON-EL SHAIRA,ILOILO MISSION HOSPITAL,nan
CORDERO ETHEL,ST. PAULS HOSPITAL,nan
DABUCO VALENTINE,"DINGLE, ILOILO",nan
DABUCO- AGUILLON ESTER,"DINGLE, ILOILO",nan
DAVID JONABETH,ST GABRIEL MEDICAL CENTER,nan
DE GUZMAN CHRITSTOPHER,ILOILO MISSION HOSPITAL,nan
DE JOSE JOHNNA,ASIA PACIFIC KALIBO,nan
DE PILI MA. SYLVIA,ST. PAULS HOSPITAL,nan
DEBUQUE EILEEN MAY,"KALIBO, AKLAN",nan
DEGAYO ANASTACIO JUN,HEALTHLINK INC,nan
DEL CASTILLO DOMINADOR,ILOILO TERRITORIALS,nan
DELA CRUZ PETER BRYAN,HEALTHLINK INC,nan
DELA CRUZ ALISTAIR,"KALIBO, AKLAN",nan
DELA FLOR CARMEL,J&B BUILDING ANTIQUE,nan
DELA SERNA MELVIN,"SAN JOSE, ANTIQUE",nan
DELGADO CONCEPCION,CAPIZ DOCTORS,nan
DELGADO MARTIN,ILOILO TERRITORIALS,nan
DELLEVA PHOEBE,ILOILO TERRITORIALS,nan
DELMO MAE,ILOILO TERRITORIALS,nan
DELMO CINDY,ILOILO TERRITORIALS,nan
DIANGCO FELIBERT,HEALTHLINK INC,nan
DIAZ DELMA,ST. PAULS HOSPITAL,nan
DIAZ JESUS,CAPIZ DOCTORS,nan
DIAZ CYNTHIA,CAPIZ DOCTORS,nan
DIERON ELVIE,"TIGBAUAN, ILOILO",nan
DIGNADICE MARY MIL,PANAY HEALTH  CARE HOSPITAL,nan
DIMZON LESTER,ILOILO TERRITORIALS,nan
DIVINAGRACIA MELBERT,ST. PAULS HOSPITAL,nan
DIVINAGRACIA ELLA MAE,ST. PAULS HOSPITAL,nan
DIVINAGRACIA EDGAR,"USWAG, ILOILO",nan
DORIN JAY,GUIMBAL,nan
DOROMAL KENNETH,"SANITARIUM, ILOILO",nan
DULLA CECILIA,ILOILO TERRITORIALS,nan
DULOS ROGER,ST. PAULS HOSPITAL,nan
DUMAPLIN DENNIS,ST. PAULS HOSPITAL,nan
DUNGON ESTHER,ANTIQUE MEDIC WORLD,nan
DUNGON JOSEPH JOHN,"SAN JOSE, ANTIQUE",nan
ENCARNACION DANILO,ST. PAULS HOSPITAL,nan
ENGADA ROGELIA,ST. PAULS HOSPITAL,nan
ENRIQUEZ WILHELM,"KALIBO, AKLAN",nan
ENRIQUEZ WYNCHELLE,PANAY HEALTH  CARE HOSPITAL,nan
ERUM MA. CRISTINA,ILOILO DOCTORS HOSPITAL,nan
ESCANLAR IRENE,"TIGBAUAN, ILOILO",nan
ESLABAN BERNADETTE,THE DOCTORS HOSPITAL,nan
ESTEPAR ROBERTO,ST. PAULS HOSPITAL,nan
ESTORQUE NERUSA,"MAMBUSAO, CAPIZ",nan
ESTORQUE LEONIL,ROXAS TERRITORIALS,nan
ESTRADA FAITH,"STA BARBARA, ILOILO",nan
FABILLA AIMEE,ILOILO DOCTORS HOSPITAL,nan
FANTILLAGA ROLINA,PASSI CITY,nan
FERRER MALBAR,ST. PAULS HOSPITAL,nan
FLORES MARK LEONARD,ST. PAULS HOSPITAL,nan
FLORETE MA. CECILIA,ST. PAULS HOSPITAL,nan
FLOTILDE NELSON,HEALTHLINK INC,nan
FRANCO DELMA,ST. PAULS HOSPITAL,nan
GABOR ROSE MARIE,CAPIZ DOCTORS,nan
GADONG LYZA CAMILLE,ST. PAULS HOSPITAL,nan
GAFATE - ONG MARY FLOR,ILOILO MISSION HOSPITAL,nan
GALICANO EVA,"IVISAN, CAPIZ",nan
GALLAGANI BUTCH,"SANITARIUM, ILOILO",nan
GAMBOA REX,"IVISAN, CAPIZ",nan
GAMBOA JUN COR,ST GABRIEL MEDICAL CENTER,nan
GANZON FRANCIS CYRIL,ST. PAULS HOSPITAL,nan
GARDYNIK SHANTIE MARIE,"SANITARIUM, ILOILO",nan
GAVINO RHEA ANN,ILOILO DOCTORS HOSPITAL,nan
GAW TE KATHLEEN,ST. PAULS HOSPITAL,nan
GERMIA TWINKLE,"SANITARIUM, ILOILO",nan
GILO RIENA PAZ,GUIMBAL,nan
GRIENGO JOHN KENNETH,ILOILO TERRITORIALS,nan
GUBATAYAO HANSEL,"USWAG, ILOILO",nan
GUDACA CHRISTIAN,ILOILO TERRITORIALS,nan
GURNELA PEARL,CAPIZ EMMANUEL HOSPITAL,nan
GUZMAN ROSALIE,GUIMARAS,nan
HERBILLA LUZ,"POTOTAN, ILOILO",nan
HILADO FE,ILOILO DOCTORS HOSPITAL,nan
HIPOLITO ENRIQUE,"THE MEDICAL CITY, ILOILO",nan
HORTILLOSA JESUSA,ILOILO MISSION HOSPITAL,nan
HUINDA RENE,"OPTI QUEST, ROXAS CITY",nan
IDIO KENNETH,"THE MEDICAL CITY, ILOILO",nan
IGNACIO MAY,"KALIBO, AKLAN",nan
ILIO DONNA,"KALIBO, AKLAN",nan
INOSANTO MA FELMA,"OTON, ILOILO",nan
ISIDTO REY,HEALTHLINK INC,nan
JALANDRA SHEILA MAE,ST. PAULS HOSPITAL,nan
JAMOYOT EDENE,"SANITARIUM, ILOILO",nan
JARDELEZA ROLANDO JR.,ILOILO DOCTORS HOSPITAL,nan
JARDELEZA EMILY HOPE,ILOILO DOCTORS HOSPITAL,nan
JARINA PINKY,"TIGBAUAN, ILOILO",nan
JAVA LEONARDO,"OTON, ILOILO",nan
JAVELLANA LESLIE,GUIMARAS,nan
JAVIER JOY,"MIAG-AO,ILOILO",nan
JIMENEA LEVI JOHN,"USWAG, ILOILO",nan
JINON EPIFANIA,LEGANES,nan
JORDAN RHODELYN,ST. ANTHONY HOSPITAL,nan
JOVER KARL VINEN,ILOILO MISSION HOSPITAL,nan
JUNIO ROSANA,ILOILO TERRITORIALS,nan
LABRADOR SUZETTE,HEALTHLINK INC,nan
LADRIDO DARLETTE,"KALIBO, AKLAN",nan
LAPATING HOPE,PASSI CITY,nan
LARIOSA EDHER,"MAMBUSAO, CAPIZ",nan
LAURON CYRIL,"SANITARIUM, ILOILO",nan
LAYAWON AIROL,ILOILO TERRITORIALS,nan
LAYSON DEBBIE,ILOILO DOCTORS HOSPITAL,nan
LEE RAYTMOND,MEDICUS MEDICAL CENTER,nan
LIMBUNGAN RICHIE GAYE,ILOILO MISSION HOSPITAL,nan
LINDERO JOANN,ILOILO MISSION HOSPITAL,nan
LIWAG ARETHA ANN,ILOILO TERRITORIALS,nan
LOQUIANO MA. ZENY,ILOILO DOCTORS HOSPITAL,nan
MACAVINTA EDEN,"KALIBO, AKLAN",nan
MADRIAL ROHNEL JUN,ZARRAGA,nan
MAJEWSKI GENEVIEVE,ST. PAULS HOSPITAL,nan
MALAKI LENNY,ST. PAULS HOSPITAL,nan
MANA-AY GLENN,ILOILO DOCTORS HOSPITAL,nan
MARTINETE LUISA,"MIAG-AO,ILOILO",nan
MEJIA OMAR JOHN,CAPIZ DOCTORS,nan
MENDEZ JOHER  BOLANTE,"SANITARIUM, ILOILO",nan
MILLAMENA LEDA,"SAN JOSE, ANTIQUE",nan
MINERVA IKE TAYO,HEALTHLINK INC,nan
MOLINA JERRY,"SAN JOSE, ANTIQUE",nan
MONSERATE EDA JOSIE,"STA BARBARA, ILOILO",nan
MONTERO LOUIS,ILOILO DOCTORS HOSPITAL,nan
MOSQUETE JOCELYN,CAPIZ DOCTORS,nan
MOSQUETE ROMMEL,CAPIZ DOCTORS,nan
MUENO MARIE HAZEL,ST. PAULS HOSPITAL,nan
NACION VINSON,"SAN JOAQUIN, ILOILO",nan
NADALA MA. THERESA,ILOILO DOCTORS HOSPITAL,nan
NAPULAN MACARIO,"MIAG-AO,ILOILO",nan
NAPULAN JUN CARLU,"MIAG-AO,ILOILO",nan
NAVA FELIPE HILAN,"JORDAN, GUIMARAS",nan
NAVARRO FELIPE,"THE MEDICAL CITY, ILOILO",nan
NAVARRO LINA,ILOILO TERRITORIALS,nan
NEBIT JUDY ANN,"SAN JOSE, ANTIQUE",nan
NICOLASORA ANNIA,ST. PAULS HOSPITAL,nan
OBLIGACION MARLON,ST. ANTHONY HOSPITAL,nan
OMENA RUSSEL,ILOILO DOCTORS HOSPITAL,nan
ORO HAZYL,ST. PAULS HOSPITAL,nan
ORTALIZ FIEL,ILOILO MISSION HOSPITAL,nan
PADILLA KRISTIN,WESTERN VISAYAS MEDICAL CENTER,nan
PALACIOS MERRIAM,J&B BUILDING ANTIQUE,nan
PALCO MARTIN,"SAN JOSE, ANTIQUE",nan
PALEC JAY-R,ILOILO DOCTORS HOSPITAL,nan
PALMES PATRICIO,ILOILO TERRITORIALS,nan
PALOMO PHOEBE,PASSI CITY,nan
PASAPORTE FRANCIS,ILOILO TERRITORIALS,nan
PAUCHANO FRAULIN,"BUENAVISTA, GUIMARAS",nan
PEDROLA LESLIE,LEGANES,nan
PEDROSA MA. GENIE,"SANITARIUM, ILOILO",nan
PELLOBELLO LOURDES,CAPIZ DOCTORS,nan
PEREZ CLAIRE,"KALIBO, AKLAN",nan
PO CHRISTOPHER,ST. PAULS HOSPITAL,nan
PONDIAS ARLENE,"THE MEDICAL CITY, ILOILO",nan
PONJE AIMEE,ST. PAULS HOSPITAL,nan
PORAL OWEN ERLE,"SANITARIUM, ILOILO",nan
PORTES DANNY,ST GABRIEL MEDICAL CENTER,nan
PORTIGO EDGAR,ILOILO TERRITORIALS,nan
RECAFUENTE ALLYN,"KALIBO, AKLAN",nan
RECODO APRIL ROSE,"TIGBAUAN, ILOILO",nan
REGALADO PATRICIA,PANAY HEALTH  CARE HOSPITAL,nan
REGOZO DANILO,ILOILO TERRITORIALS,nan
SALAPARE RIENA GRACE,"SANITARIUM, ILOILO",nan
SALAZAR MICHELLE,ILOILO MISSION HOSPITAL,nan
SAMONTE VIN,"KALIBO, AKLAN",nan
SAMONTE QUEENIE,"KALIBO, AKLAN",nan
SANSAET JOY ROSARIE,ANTIQUE MEDIC WORLD,nan
SANTERVA JOCELYN,ILOILO MISSION HOSPITAL,nan
SANTIAGO JANICE JOANE,ST. PAULS HOSPITAL,nan
SANTIAGO JED CHRISTIAN,ILOILO TERRITORIALS,nan
SEGUNDERA JESSIE,"MIAG-AO,ILOILO",nan
SEVILLENO GEOFREY,"SAN JOAQUIN, ILOILO",nan
SILAO RONAR,"SANITARIUM, ILOILO",nan
SILVEO REMME,ZARRAGA,nan
SINORO ELVIRA,"SANITARIUM, ILOILO",nan
SISON MILAGROS,CAPIZ EMMANUEL HOSPITAL,nan
SO ANGELINA,ROXAS TERRITORIALS,nan
SOMCIO RENE,"STA BARBARA, ILOILO",nan
SORTIGOSA MA. LUISA ALINOR,ILOILO TERRITORIALS,nan
SUAREZ IVY MARIE,"BUENAVISTA, GUIMARAS",nan
SUAVERDE KRISTINE,"SANITARIUM, ILOILO",nan
SUELO GEMMA,"SANITARIUM, ILOILO",nan
SUTACIO THERESA,"USWAG, ILOILO",nan
TABLANDA JAYSON,WESTERN VISAYAS MEDICAL CENTER,nan
TABUENA ROLLIN,ILOILO TERRITORIALS,nan
TABUENA DAISY,ILOILO TERRITORIALS,nan
TALAMERA ALEKZANDER,ST. PAULS HOSPITAL,nan
TAYCO LEONARDO,"KALIBO, AKLAN",nan
TECSON RHONA DEI,"SANITARIUM, ILOILO",nan
TENEFRANCIA JEAN RICO,ROXAS TERRITORIALS,nan
TEODOSIO HESELYN,"KALIBO, AKLAN",nan
TEVES MICHELLE GRACE,"SANITARIUM, ILOILO",nan
TINGSON GLYNIS,ST. ANTHONY HOSPITAL,nan
TIRADOR LOUIE,ST. PAULS HOSPITAL,nan
TOLENTINO ALLAN,ASIA PACIFIC KALIBO,nan
TOMENLACO KARRELL,"SANITARIUM, ILOILO",nan
TOTESORA DARWIN,"OPTI QUEST, ROXAS CITY",nan
UMADHAY SANDRA JOY,"SANITARIUM, ILOILO",nan
URETA ANGELITA,"KALIBO, AKLAN",nan
UY FRANNY,ILOILO DOCTORS HOSPITAL,nan
VALDELLON ELEANOR,"SAN JOSE, ANTIQUE",nan
VALENCIA DANILO,ILOILO TERRITORIALS,nan
VALENCIA EMMYLOU JANE,ILOILO MISSION HOSPITAL,nan
VELASCO SUNDAY,"USWAG, ILOILO",nan
VILLA  ZENIA,"DUMANGAS, ILOILO",nan
VILLA PATRICIA,ILOILO TERRITORIALS,nan
VILLA FELIX,"THE MEDICAL CITY, ILOILO",nan
VILLAFLOR AGNES,HEALTHLINK INC,nan
VILLANUEVA QUINDIALEM,"DINGLE, ILOILO",nan
VILLANUEVA WALTER,"STA BARBARA, ILOILO",nan
VILLANUEVA MADONNA,"POTOTAN, ILOILO",nan
VILLANUEVA EZEKIEL,"KALIBO, AKLAN",nan
YAP VICTOR,ILOILO DOCTORS HOSPITAL,nan
ZAMBARRANO SHARON,JMB POLYCLINIC,nan
ZAMORA JESRELLE,WESTERN VISAYAS MEDICAL CENTER,nan
ABORDO EMILY JANE,ATANG DELA RAMA HEALTH CENTER,nan
ABORDO TADDIE,YUSECO MEDICAL CLINIC,nan
ABOY MARKUS,TONDO MEDICAL CENTER,nan
ANDRADA  RAMON JOSE,TONDO MEDICAL CENTER,nan
ANTONIO REINA LYNN,METROPOLITAN MEDICAL CENTER,nan
ARAUAG RHODALYN,TONDO MEDICAL CENTER,nan
ARENAS ANTONINO,ANTONINO MEDICAL CLINIC,nan
ARQUEZA-UY MARY ANN,BROADVIEW TOWERS,nan
ATANACIO AILEEN,METROPOLITAN MEDICAL CENTER,nan
BEGASO JEANNETTE,ATANG DELA RAMA HEALTH CENTER,nan
BERNALDO-ROBLES ALYKA  JOY,TONDO MEDICAL CENTER,nan
BO JEAN REY,METROPOLITAN MEDICAL CENTER,nan
BUSTAMANTE JORDAN,TONDO MEDICAL CENTER,nan
CANILANG RENER,METROPOLITAN MEDICAL CENTER,nan
CHENG WARREN LIONG,METROPOLITAN MEDICAL CENTER,nan
CHU DONNABELLE,METROPOLITAN MEDICAL CENTER,nan
CHUA TAN  PAMELA,METROPOLITAN MEDICAL CENTER,nan
CO JOHN ALDWIN,METROPOLITAN MEDICAL CENTER,nan
CORONEL NOEL,TONDO MEDICAL CENTER,nan
CORTES IRENE,CORTES CLINIC,nan
CUSTODIO MARIE PAZ,TONDO FORESHORE HEALTH CENTER,nan
DACUTAN MARK RONALD,DACUTAN MEDICAL CLINIC,nan
DE GUZMAN MICHAEL,DE GUZMAN CLINIC,nan
DELOS SANTOS FAYE KRISTINE,METROPOLITAN MEDICAL CENTER,nan
DELOS SANTOS GRACE,METROPOLITAN MEDICAL CENTER,nan
DINGLASAN ARRIANE,TONDO MEDICAL CENTER,nan
GO NGA KOK JAMES,METROPOLITAN MEDICAL CENTER,nan
HEREDIA LEUCELLE,HEREDIA CLINIC,nan
HEREDIA JENNIFER,HEREDIA CLINIC,nan
LAMPA ARDIYAH,MARY JOHNSTON HOSPITAL,nan
LIM EDGAR,EMERSON CLINIC,nan
LOPEZ MARK JOSEPH,MARY JOHNSTON HOSPITAL,nan
LUCERO  LORETTA,MEDHAUS MULTI-SPECIALTY AND DIAGNOSTIC CLINIC,nan
MAGKASI KAREN JOAN,TONDO MEDICAL CENTER,nan
MARIANO KWAN JAK,MARIANO MEDICAL CLINIC,nan
MATURGO KENNETH,TONDO HEALTH CENTER,nan
MENDOZA  JOSIEPHINE,METROPOLITAN MEDICAL CENTER,nan
MIRABEL MARIA DINA,TONDO MEDICAL CENTER,nan
NG SALOME DENITA,MARY JOHNSTON HOSPITAL,nan
PALERMO VERNON,MARY JOHNSTON HOSPITAL,nan
PALPAL-LATOC ALBERT,DR.LUCERIO M. ANDAYA JR. MEDICAL CENTER,nan
PELAYO JOANA MARIE,MARY JOHNSTON HOSPITAL,nan
RANDOLF CENON,TONDO MEDICAL CENTER,nan
REYES TERESITA,REYES CLINIC,nan
RIVERA-GO IVY CATHERINE,MARY JOHNSTON HOSPITAL,nan
SAMONTE PRECIOUS EMARY,METROPOLITAN MEDICAL CENTER,nan
SANTIAGO JESSIE,SANTIAGO CLINIC,nan
SATRAIN JOSE NOEL,TONDO MEDICAL CENTER,nan
SIA JESSIELYN,METROPOLITAN MEDICAL CENTER,nan
SUPAN FREDERICK,MARY JOHNSTON HOSPITAL,nan
SY MARRIANE,METROPOLITAN MEDICAL CENTER,nan
TAN JOSEPH SIA,METROPOLITAN MEDICAL CENTER,nan
TAN EUNICE,BROADVIEW TOWERS,nan
TANCHEE-NGO MARY JANE,METROPOLITAN MEDICAL CENTER,nan
TAYKO JERIK CARLO,MARY JOHNSTON HOSPITAL,nan
TE ESTRELLITA,TONDO HEALTH CENTER,nan
TEE ERNESTO,BROADVIEW TOWERS,nan
TIA SABRINA,"ASIATIC MEDICAL LABORATORIES, INC.",nan
TORRES CATHERINE,TORRES CLINIC,nan
TY JORGE,BROADVIEW TOWERS,nan
TY WILLING TOMMY,METROPOLITAN MEDICAL CENTER,nan
ULANDAY  ELMER,LANUZA HEALTH CENTER,nan
VENERACION PAUL JERIOTH,MARY JOHNSTON HOSPITAL,nan
VILLANUEVA  JAMES DANIEL,METROPOLITAN MEDICAL CENTER,nan
YAMBALLA  WILSON,MARY JOHNSTON HOSPITAL,nan
YAP MARIA THERESA,NEW WORLD DIAGNOSTICS BINONDO,nan
YUHON JASON REUBEN,METROPOLITAN MEDICAL CENTER,nan
ZOLETA  MISHAEL,TONDO MEDICAL CENTER,nan
ABASOLO JUAN PAOLO,Dr. Moises V. Cacawa Memorial Hospital,nan
ABERIN ELINETA,MEDICUS CLINIC-GUINOBATAN,nan
ABONAL ABIGAIL,MOTHER SETON HOSPITAL - NAGA CITY,88020.0
ADVIENTO JERELYN,TANCHULING HOSPITAL - LEGAZPI CITY,nan
ALMELOR FRANCIS,PLAZA MEDICA - NAGA CITY,nan
ALVAREZ ARTHUR,BERCES HOSPITAL - TABACO CITY,nan
ANTE ANGELO,ACE HOSPITAL - LEGAZPI CITY,nan
ANTONIO  CELSO,NILO ROA HOSPITAL - NAGA CITY,40353.0
ANTONIO MELISSA TITA,UNIVERSITY OF STO TOMAS HOSPITAL LEGAZPI CITY,nan
APILAN NORMAN,APILAN MEDICAL CLINIC-POLANGUI,nan
ARCILLA ARLYNN,ARCILLA MEDICAL CLINIC,nan
ARGARIN ISABEL,UNIVERSITY OF STO TOMAS HOSPITAL LEGAZPI CITY,nan
AYEZL PONTILLAS,EMBESTRO CLINIC IRIGA CITY,nan
AYUBAN ALLAN PIERE,ST. CAMILLUS MEDICAL CLINIC,nan
AZADA AUDWIN,AZADA MEDICAL CLINIC,nan
BALATAN FRANCIA,BICOL CARDIOVASCULAR DIAGNOSTIC CENTER - NAGA CITY,nan
BALMADRID DONDI,BALMADRID MEDICAL CLINIC,nan
BALMADRID MILA,VIRAC MEDICAL CLINIC,nan
BARBA KRISTIN JUNE,BICOL CARDIOVASCULAR DIAGNOSTIC CENTER - NAGA CITY,nan
BARCE JERUSA,STA. MARIA JOSEFA HOSPITAL FOUNDATION INC. - IRIGA CITY,83447.0
BARRAMEDA LARA MEA,ST. CAMILLUS MEDICAL CLINIC,nan
BARRION DELFIN,BICOL CARDIOVASCULAR DIAGNOSTIC CENTER - NAGA CITY,95516.0
BELLEZA RHODERICK,DABU BUILDING,nan
BERNARDO RIKKA,BERNARDO MEDICAL CLINIC-TINAMBAC,nan
BESINIO CHARITY,BESINIO MEDICAL CLINIC,nan
BIENAROSA ALA,TANCHULING HOSPITAL - LEGAZPI CITY,nan
BIGAY DONNA KAREN,BICOL MEDICAL CENTER - NAGA CITY,134411.0
BINALLA ARNEL,BINALLA CLINIC TABACO CITY,nan
BINALLA MARISSA,BINALLA CLINIC TABACO CITY,nan
BIRATA CORAZON,ACE HOSPITAL - LEGAZPI CITY,nan
BLANQUISCO LOUREN,MEDICAL MISSION GROUP HOSPITAL - TABACO CITY,nan
BOMBASE MILLICENT GRACE,MOTHER SETON HOSPITAL - NAGA CITY,nan
BONACUA NARCISA,PLAZA MEDICA - NAGA CITY,nan
BONDOC MARVIN KEITH,BICOL CARE MEDICAL CLINIC AND LABORATORY,nan
BONGON JOSEPH,BICOL CARDIOVASCULAR DIAGNOSTIC CENTER - NAGA CITY,96534.0
BONOS JOSEPHINE,ST. LOUISE COOPERATIVE DIAGNOSTIC CENTER - NAGA CITY,nan
BORAIS EDLYN,COPE HOSPITAL - TABACO CITY,nan
BORJA VITO,NICC DOCTORS HOSPITAL - NAGA CITY,nan
BUERANO EDITA,LEON HERNANDEZ HOSPITAL - DAET,nan
BUITIZON RODEL,MEDICAL MISSION GROUP HOSPITAL - TABACO CITY,108066.0
BUSTILLA ANITA,BICOL ACCESS HEALTH CENTRUM - NAGA CITY,12463.0
CABAUATAN BELINDA,ST. LOUISE COOPERATIVE DIAGNOSTIC CENTER - NAGA CITY,109769.0
CACERES RAMON,PLAZA MEDICA - NAGA CITY,64265.0
CALLEJA SHAYNE,CALLEJA MEDICAL CLINIC- CALABANGA,nan
CAMPITA MELINDA,ST. LOUISE COOPERATIVE DIAGNOSTIC CENTER - NAGA CITY,nan
CANDIDO CELESTE,BICOL CARE MEDICAL CLINIC AND LABORATORY,nan
CANDIDO GENE,NILO ROA HOSPITAL - NAGA CITY,nan
CARESOSA REYNALDO,CARESOSA MEDICAL CLINIC,nan
CARINO OSLER,BICOL CARDIOVASCULAR DIAGNOSTIC CENTER - NAGA CITY,nan
CATANGUI JOSEFINO,STA. MARIA JOSEFA HOSPITAL FOUNDATION INC. - IRIGA CITY,nan
CELLONA EDLIN MAE,BRTTH,nan
CERENO PEDRO DENNIS,CERENO MEDICAL CLINIC - PILI CAMARINES SUR,nan
CEVALLOS  RHODERICK,BICOL CARDIOVASCULAR DIAGNOSTIC CENTER - NAGA CITY,65000.0
CHAVEZ RUBEN,BICOL CARDIOVASCULAR DIAGNOSTIC CENTER - NAGA CITY,43120.0
CHAVEZ KARL JOSEPH,NICC DOCTORS HOSPITAL - NAGA CITY,nan
CHAVEZ JEMUEL,ESTEVEZ HOSPITAL - LEGAZPI CITY,nan
CHICO EDNA,MOTHER SETON HOSPITAL - NAGA CITY,nan
CHUA CYRIL,ESTEVEZ HOSPITAL - LEGAZPI CITY,nan
CIOCSON NARCISO THAD,TANCHULING HOSPITAL - LEGAZPI CITY,nan
CLAVERIA JAIME RAPHAEL,ST. CAMILLUS MEDICAL CLINIC,nan
COPE CLEODOSIL,COPE HOSPITAL - TABACO CITY,nan
COPE JOSE,COPE HOSPITAL - TABACO CITY,59381.0
COPE MONICA,COPE HOSPITAL - TABACO CITY,nan
COSTELO GEMMA,COPE HOSPITAL - TABACO CITY,nan
CRESENCIO EFREN,CRESENCIO MEDICAL CLINIC,47884.0
CRESENCIO JAY VINCENT,CRESENCIO MEDICAL CLINIC,nan
DE JESUS RONALDO,LOURDES HOSPITAL -DAET,nan
DE LEON JHOBELEEN,GOOD SHEPHERD MEDICAL AND  DIAGNOSTIC CLINIC,nan
DE LIMA DUNCAN BERTULFO,ST. LOUISE COOPERATIVE DIAGNOSTIC CENTER - NAGA CITY,nan
DELOS REYES MARY ANN,UNIVERSITY OF STO TOMAS HOSPITAL LEGAZPI CITY,nan
DELOS SANTOS JESUS MARIO,RHU-DAET,nan
DELVO DOMINGO,BICOL CARDIOVASCULAR DIAGNOSTIC CENTER - NAGA CITY,nan
DIVINAGRACIA CHARISSA,BICOL CARDIOVASCULAR DIAGNOSTIC CENTER - NAGA CITY,nan
DY TONY,BICOL CARDIOVASCULAR DIAGNOSTIC CENTER - NAGA CITY,76503.0
EDA MELCHOR,BICOL MEDICAL CENTER - NAGA CITY,137505.0
ELGAR MA. EULALIA,ELGAR MEDICAL CLINIC - NABUA,nan
ENCISO JOSE CARMELO,ENCISO MEDICAL CLINIC-LIGAO CITY,nan
ENCISO JOEL ANDRE,ENCISO MEDICAL CLINIC-LIGAO CITY,nan
ESCALANDA VERNA MAE,BRTTH,nan
ESPIRITU ANDREW,PLAZA MEDICA - NAGA CITY,nan
ESPIRITU ROSALINDA,BICOL MEDICAL CENTER - NAGA CITY,nan
ESTEVEZ LISSA,ESTEVEZ HOSPITAL - LEGAZPI CITY,nan
FELIPE BOBBY,FELIPE MEDICAL CLINIC,nan
FERNANDO ROSEMEN,PLAZA MEDICA - NAGA CITY,54899.0
FERNANDO ROY,BICOL CARDIOVASCULAR DIAGNOSTIC CENTER - NAGA CITY,57020.0
FLORENDO BENJAMIN,FLORENDO MEDICAL CLINIC - NAGA CITY,nan
GADDI PURA,BICOL MEDICAL CENTER - NAGA CITY,nan
GALAN KRISTINE MAE,BICOL MEDICAL CENTER - NAGA CITY,133644.0
GALICIA SHERYL ANN,DABU BUILDING,nan
GENERAL EDBERTO,ACE HOSPITAL - LEGAZPI CITY,nan
GIANAN CHRISTOPHER,GIANAN MEDICAL CLINIC - LEGAZPI CITY,97889.0
GOLEKOH TINTIN,GOLEKOH MEDICAL CLINIC,nan
GONZALES RENE,GONZALES MEDICAL CLINIC - IRIGA CITY,59975.0
GONZALES GILDA,GILDA GONZALES CLINIC NABUA,nan
GONZALES ESTHERLY GRACE,BICOL CARE MEDICAL CLINIC AND LABORATORY,nan
GOYENA MA. GRACIA,UNIVERSITY OF STO TOMAS HOSPITAL LEGAZPI CITY,nan
GUAZON JOHN LEO,BICOL CARDIOVASCULAR DIAGNOSTIC CENTER - NAGA CITY,86744.0
GUERRERO EMMANUEL,VIRAC MEDICAL CLINIC,nan
GUTIERREZ MARIBEL,ST. LOUISE HEALTH CENTER - NAGA CITY,99902.0
LAMBAN MARJORIE,LAMBAN MEDICAL CLINIC,nan
LAUSIN RHODA,LOURDES HOSPITAL -DAET,nan
LAZARO NATHALIE,BICOL CARE MEDICAL CLINIC AND LABORATORY,nan
LAZO ANDERSON,DAET MEDICAL PLAZA,106121.0
LEE GEMMA,LEE MEDICAL CLINIC - GOA,nan
LIM GINA,ST. JOHN HOSPITAL - GOA,nan
LLENARESAS CLARIN,ST. CAMILLUS MEDICAL CLINIC,nan
LLORIN RUFO,LLORIN MEDICAL CLINIC - NAGA CITY,63196.0
LUBAG JOHN CARLO,TANCHULING HOSPITAL - LEGAZPI CITY,nan
MADAYAG ROSEMARIE,HEALTHLINE CLINIC,nan
MAGALLON RAUL,RHU-DAET,nan
MAGNAYE ROGELIO,MOTHER SETON HOSPITAL - NAGA CITY,nan
MAGSOMBOL THELMA,MAGSOMBOL MEDICAL CLINIC - GOA,nan
MANLAGNIT MA. CRESCENTA,BICOL CARDIOVASCULAR DIAGNOSTIC CENTER - NAGA CITY,nan
MENDOZA MICHAEL ADRIAN,CLINICA RINCONADA - IRIGA CITY,nan
MERIOLES AILEEN,UNIVERSITY OF STO TOMAS HOSPITAL LEGAZPI CITY,nan
MIRANA FRITZIE,DAET MEDICAL PLAZA,nan
MORALLO MACRINA,MORALLO CLINIC-BUHI CAMARINES SUR,nan
MORAN ALFREDO,ESTEVEZ HOSPITAL - LEGAZPI CITY,nan
MORENO GAMALIEL,DAET MEDICAL PLAZA,nan
MUNOZ VINCE,ESTEVEZ HOSPITAL - LEGAZPI CITY,nan
NACIONAL KRISTINE,BICOL CARDIOVASCULAR DIAGNOSTIC CENTER - NAGA CITY,nan
NASH CHRISTOPHER,ST. LOUISE COOPERATIVE DIAGNOSTIC CENTER - NAGA CITY,nan
NOBLEZA MARY JOY,BICOL MEDICAL CENTER - NAGA CITY,106527.0
NOVELA JUSTIN,NOVELA MEDICAL CLINIC IRIGA CITY,nan
OBIAS MARIBON,UNIHEALTH MEDICAL and SURGICAL CLINIC - GOA,nan
OMANA JAMES,MOTHER SETON HOSPITAL - NAGA CITY,nan
ORENSE JEAN,MOTHER SETON HOSPITAL - NAGA CITY,nan
PABILONIA JEAN,DABU BUILDING,nan
PADILLA MA. DOLORES,LOURDES HOSPITAL -DAET,nan
PALENCIA PAUL,LEON HERNANDEZ HOSPITAL - DAET,nan
PALENCIA LIZA MARY,LEON HERNANDEZ HOSPITAL - DAET,nan
PALIMA FERDIE,PALIMA MEDICAL CLINIC,nan
PALMA KARL,CLINICA PALMA - CALABANGA,nan
PANDAY JOHN PETER,BICOL MEDICAL CENTER - NAGA CITY,132732.0
PAREDES FLORANIE,MOTHER SETON HOSPITAL - NAGA CITY,71481.0
PAREDES EDGARDO,MOTHER SETON HOSPITAL - NAGA CITY,nan
PATOC JR JERRY,ST. CAMILLUS MEDICAL CLINIC,nan
PAYTE JENNIFER MELANIE,FLORENDO MEDICAL CLINIC - NAGA CITY,17988.0
PAZ JOFRAMEL,MOTHER SETON HOSPITAL - NAGA CITY,nan
PELO RICHARD,BICOL CARDIOVASCULAR DIAGNOSTIC CENTER - NAGA CITY,nan
PENETRANTE RACHEL,ESTEVEZ HOSPITAL - LEGAZPI CITY,nan
PERETE ARBEL,UNIVERSITY OF STO TOMAS HOSPITAL LEGAZPI CITY,79174.0
PEREZ  JOAQUIN III,PEREZ NEURO CLINIC NAGA CITY,nan
PERINA FATIMA,DAET MEDICAL PLAZA,nan
PORNILLOS ELOISA,PORNILLOS MEDICAL CLINIC - IRIGA CITY,68885.0
PRADO SYLVIA,COPE HOSPITAL - TABACO CITY,nan
PRIMAVERA URSOLINO,ST. JOHN HOSPITAL - GOA,nan
RAMOS RIZALINA,RAMOS MEDICAL CLINIC,64637.0
RANCES OLIVER,MOTHER SETON HOSPITAL - NAGA CITY,nan
RAVALO ALVIN,IMMACULATE HOSPITAL,nan
RECIERDO JOSEPHINE,ESTEVEZ HOSPITAL - LEGAZPI CITY,nan
REJANTE ERICA JULIA,PLAZA MEDICA - NAGA CITY,nan
REMONTE EDGAR,UNIVERSITY OF STO TOMAS HOSPITAL LEGAZPI CITY,nan
REYES MARITA BEATA,BICOL MEDICAL CENTER - NAGA CITY,nan
ROA MARY ANN,ESTEVEZ HOSPITAL - LEGAZPI CITY,nan
ROJAS GERALDINE,VIRAC MEDICAL CLINIC,nan
ROLL GISELLE,LEON HERNANDEZ HOSPITAL - DAET,112911.0
ROMANO MA. TERESA,MEDICAL MISSION GROUP HOSPITAL - TABACO CITY,nan
RONATAY ANDREI JAMES,BICOL CARE MEDICAL CLINIC AND LABORATORY,nan
SABALLEGUE JUAN CARLOS,ST. CAMILLUS MEDICAL CLINIC,nan
SAJULGA CHRISTIANNE,PLAZA MEDICA - NAGA CITY,nan
SALVADOR LIZA,SALVADOR MEDICAL CLINIC,nan
SANCHEZ SUZANNE,BICOL ACCESS HEALTH CENTRUM - NAGA CITY,nan
SANTY  THEO JAY,DABU BUILDING,nan
SEMANA TEODORO,DABU BUILDING,98192.0
SENDON SONNY,MOTHER SETON HOSPITAL - NAGA CITY,nan
SORSONA FRANCIS,BICOL CARE MEDICAL CLINIC AND LABORATORY,nan
TABANAO MOLAVE,DAET MEDICAL PLAZA,nan
TAGOMATA KARL BABE,BICOL CARE MEDICAL CLINIC AND LABORATORY,nan
TEJADA LURENE,TEJADA MEDICAL CLINIC,nan
TOLENTINO SANCHO,BICOL CARDIOVASCULAR DIAGNOSTIC CENTER - NAGA CITY,nan
TOLENTINO ANN ROSE,BICOL MEDICAL CENTER - NAGA CITY,110532.0
TORRES PIA KATRINA,ST. CAMILLUS MEDICAL CLINIC,nan
VALDEZ JOSEPHINE,VIRAC MEDICAL CLINIC,nan
VALEN ROMMEL,IMMACULATE HOSPITAL,nan
VALENCIA JEFFREY,ST. CAMILLUS MEDICAL CLINIC,nan
VALENZUELA BENZ,COPE HOSPITAL - TABACO CITY,nan
VILLANUEVA ARNEL,TANCHULING HOSPITAL - LEGAZPI CITY,84293.0
WONG MA. LORNA,ESTEVEZ HOSPITAL - LEGAZPI CITY,nan
YAP LESLIE,ESTEVEZ HOSPITAL - LEGAZPI CITY,nan
ABINOJA JOSE,STA. ROSA HOSPITAL & MEDICAL CENTER,nan
ADDUN ROSARIO,NEW SINAI MDI HOSPITAL,nan
ADONA GIFT,MINIMHE LYING IN,nan
AGAPAY JR. NELSON,UNIVERSITY HOSPITAL SERVICES (INFIRMARY),nan
AGAPITO VIVIAN,JULIETA RABUTIN CLINIC,nan
AHERRERA ANNEBELLE,CALAMBA MEDICAL CENTER,nan
ALBIA IRISH VANESSA,CALAMBA MEDICAL CENTER,nan
ALCANTARA RHODA,QUALIMED,nan
ALICANDO HAZIEL MAE,CALAMBA DOCTORS HOSPITAL,nan
ALIMURONG-ANGELES JENVY,NEW SINAI MDI HOSPITAL,nan
ALLEDA REMEDIOS,LAGUNA MEDICAL CENTER,nan
ALMIRA VIVIAN,NEW SINAI MDI HOSPITAL,nan
ALONZO JANELYN,STA. ROSA HOSPITAL & MEDICAL CENTER,nan
ALVIAR LADY RO ANNE,CALAMBA DOCTORS HOSPITAL,nan
AMANSEC ROSARIO,LAGUNA DOCTORS HOSPITAL,nan
AMISTAD RYAN,CALAMBA DOCTORS HOSPITAL,nan
ANGCAO GENARO,CALAMBA DOCTORS HOSPITAL,nan
ANONUEVO RHODORA,LAGUNA DOCTORS HOSPITAL,nan
ANTONIO ESTERN,LAGUNA DOCTORS HOSPITAL,nan
APOLEGA MELISSA ANN KIM,CALAMBA DOCTORS HOSPITAL,nan
AQUINO JEHZEL,UNIVERSITY HOSPITAL SERVICES (INFIRMARY),nan
ARAGON  ERIC,HEALTHSERV LOS BANOS,nan
ARAGON  JEDEANNE,CALAMBA DOCTORS HOSPITAL,nan
ARZOLA ROSITA,NEW SINAI MDI HOSPITAL,nan
ASUNCION MARIBEL,NEW SINAI MDI HOSPITAL,nan
BADULIS RAY JOSEPH,HEALTHSERV LOS BANOS,nan
BALDOVINO RODELIO,LAGUNA HOLY FAMILY HOSPITAL,nan
BALEROS LORENA DIVINA,STA. ROSA HOSPITAL & MEDICAL CENTER,nan
BALINGHASAY ANNA LIZA,NEW SINAI MDI HOSPITAL,nan
BALLESTERO MAE,LAGUNA DOCTORS HOSPITAL,nan
BANATICLA HANNAH,CALAMBA DOCTORS HOSPITAL,nan
BANDIAN SHARON,LOS BANOS DOCTORS HOSPITAL & MEDICAL CENTER,nan
BANZON MICHELLE,LOS BANOS DOCTORS HOSPITAL & MEDICAL CENTER,nan
BARQUEROS MA VICTORIA,STA. ROSA HOSPITAL & MEDICAL CENTER,nan
BILON ADONIS,LAGUNA HOLY FAMILY HOSPITAL,nan
BLANCO FRANCES BLANCHE,STA. ROSA HOSPITAL & MEDICAL CENTER,nan
BONAGUA IRENE,CALAMBA DOCTORS HOSPITAL,nan
BRYNE KATHERINE,ZETI'S PINK ANGELS,nan
BUSTAMANTE ANNA PATRICIA,NEW SINAI MDI HOSPITAL,nan
BUSTAMANTE LEO,BUSTAMANTE CLINIC,nan
BUSTAMANTE ZENAIDA,BUSTAMANTE CLINIC,nan
CABRERA CHRISTIANNE,LOS BANOS DOCTORS HOSPITAL & MEDICAL CENTER,nan
CAMPOS ANGELIE,CALAMBA DOCTORS HOSPITAL,nan
CAMPOS CARA ASHLEY,CALAMBA DOCTORS HOSPITAL,nan
CANTOR MARGARITA,CALAMBA MEDICAL CENTER,nan
CAPERO MAYCIBEL,CALAMBA DOCTORS HOSPITAL,nan
CARINGAL ABIGAIL,LAGUNA DOCTORS HOSPITAL,nan
CARITOS KRYSTALLE,LOS BANOS DOCTORS HOSPITAL & MEDICAL CENTER,nan
CASTELLANO MARK,CALAMBA DOCTORS HOSPITAL,nan
CHAN FRED,LAGUNA DOCTORS HOSPITAL,nan
CHUMACERA JOVINO,LAGUNA DOCTORS HOSPITAL,nan
CRISTOBAL ANNA VI,STA. ROSA HOSPITAL & MEDICAL CENTER,nan
CUADRA EDGARDO,CALAMBA DOCTORS HOSPITAL,nan
DAVIDE JULIE THERESE,HEALTHSERV LOS BANOS,nan
DE JESUS RESA,LOS BANOS DOCTORS HOSPITAL & MEDICAL CENTER,74463.0
DE JESUS SHERYLL,CALAMBA DOCTORS HOSPITAL,nan
DEL FUERTE ENRIQUE,CALAMBA DOCTORS HOSPITAL,56186.0
DURANTE FAIDA,LAGUNA DOCTORS HOSPITAL,nan
DYCUECO MELINA,STA. ROSA HOSPITAL & MEDICAL CENTER,nan
EBUENGA CHRISTIE,HEALTHSERV LOS BANOS,nan
EDUARTE CECILIA,CALAMBA DOCTORS HOSPITAL,nan
ELAZEGUI MA CECILIA,CALAMBA DOCTORS HOSPITAL,nan
ELAZEGUI MA. MONSERRAT,CALAMBA DOCTORS HOSPITAL,53393.0
ELBO LEIZL,LAGUNA DOCTORS HOSPITAL,nan
ELEPANO ANTON,LOS BANOS DOCTORS HOSPITAL & MEDICAL CENTER,nan
ENTERIA MARY ANN,LAGUNA MEDICAL CENTER,nan
ESCABAS MARIA BARBARA,CALAMBA DOCTORS HOSPITAL,nan
ESPERANZA CYNTHIA,HEALTHSERV LOS BANOS,nan
EUSEBIO VERGEL,HEALTHSERV LOS BANOS,nan
EVIA MA REGINA,CALAMBA DOCTORS HOSPITAL,nan
FONTANILLA POTENCIANA,CALAMBA DOCTORS HOSPITAL,nan
FONTE ANALUZ,CALAMBA MEDICAL CENTER,nan
GALIPOT JOY,MCG MATERNITY AND MEDICL CLINIC,nan
GAMEZ DIGNA,CALAMBA DOCTORS HOSPITAL,nan
GARCIA MARILYN,LOS BANOS DOCTORS HOSPITAL & MEDICAL CENTER,nan
GARCIA GERALYN,LOS BANOS DOCTORS HOSPITAL & MEDICAL CENTER,nan
GARCIA MARLI,CALAMBA DOCTORS HOSPITAL,nan
GASPAR  TAWNY,HEALTHSERV LOS BANOS,nan
GONZALES MARIA LUISA,STA. ROSA HOSPITAL & MEDICAL CENTER,nan
GUTIERREZ CHARMAINE,CALAMBA DOCTORS HOSPITAL,nan
HEREDIA CONCEPCION,CALAMBA MEDICAL CENTER,nan
HERNANDEZ JONATHAN,CALAMBA DOCTORS HOSPITAL,nan
HERNANDEZ JOY ABEGAIL,CALAMBA DOCTORS HOSPITAL,nan
HILARIO ANGELICA,CALAMBA DOCTORS HOSPITAL,nan
HOLGADO POLLA LORENZE,CALAMBA MEDICAL CENTER,nan
HOLGADO AMPARO,CALAMBA MEDICAL CENTER,nan
INGIONG  INGRID,STA. ROSA HOSPITAL & MEDICAL CENTER,nan
ISIDORO LYGIA EMILY,HEALTHSERV LOS BANOS,nan
JALOTJOT AILAH,HEALTHSERV LOS BANOS,nan
KAMPITAN VINCI ANN,LAGUNA DOCTORS HOSPITAL,nan
LABTUON RENELLE,HEALTHSERV LOS BANOS,nan
LADEMORA MONA,HEALTHSERV LOS BANOS,nan
LAJARA MA THERESA,CALAMBA DOCTORS HOSPITAL,nan
LAMAR  LOURDES,LAGUNA DOCTORS HOSPITAL,71781.0
LANSIGAN MICHELLE KRYSTLE,EJM LYING IN,nan
LAPITAN RONALDO,HEALTHSERV LOS BANOS,nan
LAYUG MADELINE,STA. ROSA HOSPITAL & MEDICAL CENTER,nan
LEAGUE JOSE,NEW SINAI MDI HOSPITAL,nan
LO OLIVIA,LAGUNA DOCTORS HOSPITAL,nan
LODRONO IVAN,STA. ROSA HOSPITAL & MEDICAL CENTER,nan
LU ADRIENNE,HEALTHSERV LOS BANOS,nan
MACATULA-RAVELES IMARIE,LAGUNA MEDICAL CENTER,nan
MADULID DENNIS,DENNIS MADULID CLINIC,nan
MAGBANUA JOY LAN,CALAMBA MEDICAL CENTER,nan
MANASAN MARCELINA,CALAMBA DOCTORS HOSPITAL,nan
MARASIGAN KHRISTINE ANNE,CALAMBA MEDICAL CENTER,nan
MARBELLA BRENDALYN,STA. ROSA HOSPITAL & MEDICAL CENTER,nan
MARQUEZ CHRISTINA,LAGUNA MEDICAL CENTER,nan
MARTINEZ MARY ANNE,CALAMBA DOCTORS HOSPITAL,nan
MARTINEZ-CONCEPCION KAREN,KAREN CONCEPCION-MARTINEZ,nan
MATAVERDE PURITA,CALAMBA DOCTORS HOSPITAL,nan
MATUNDAN KATHERINE,KATHERINE MATUNDAN CLINIC,nan
MAYO MILDRED,GLOBAL CARE MEDICAL CENTER OF BAY,nan
MAZA IMELDA,MINIMHE LYING IN,nan
MEDENILLA LOURDES LEILANIE,GLOBAL CARE MEDICAL CENTER OF BAY,nan
MIRANDA  ELIZABETH,NEW SINAI MDI HOSPITAL,nan
NAVAL ERNESYO,CALAMBA MEDICAL CENTER,nan
NEPOMUCENO MILLIE ROSE,NEW SINAI MDI HOSPITAL,nan
OCAMPO JEHRISSE,LAGUNA DOCTORS HOSPITAL,nan
ORELLANA ODESSA,NEW SINAI MDI HOSPITAL,nan
OTOM  DIANA ROSE,EJM LYING IN,nan
PAHUD CHRISTINE,HEALTHSERV LOS BANOS,nan
PALACPAC  KATRINA,HEALTHSERV LOS BANOS,nan
PINEDA SALVADOR,UNIVERSITY HOSPITAL SERVICES (INFIRMARY),nan
PORNOBI DAN ANDREW,UNIVERSITY HOSPITAL SERVICES (INFIRMARY),nan
PUA  ROWENA,LOS BANOS DOCTORS HOSPITAL & MEDICAL CENTER,nan
PUA ERNESTO,LOS BANOS DOCTORS HOSPITAL & MEDICAL CENTER,nan
PUA NANCY,CALAMBA MEDICAL CENTER,nan
PULUMBARIT RAQUEL,CALAMBA DOCTORS HOSPITAL,nan
QUING ARABELLA,CALAMBA DOCTORS HOSPITAL,107266.0
QUINONES FAYE,CALAMBA MEDICAL CENTER,nan
RABUTIN JULIETA,JULIETA RABUTIN CLINIC,nan
RACOMA MARIE JULIANNE,CALAMBA MEDICAL CENTER,nan
RAMILO SYLVIA,CALAMBA DOCTORS HOSPITAL,nan
RAMILO NANCY,STA. ROSA HOSPITAL & MEDICAL CENTER,nan
REMOLLINO MARIE CATHERINE,CALAMBA MEDICAL CENTER,nan
RENIA CAROLINA,NEW SINAI MDI HOSPITAL,nan
REVILLA JOVITA JANE,GLOBAL CARE MEDICAL CENTER OF BAY,nan
ROSANA AUREA,STA. ROSA HOSPITAL & MEDICAL CENTER,nan
ROSARIO PRESCILLA,NEW SINAI MDI HOSPITAL,nan
SALAMAT EVER JEAN,STA. ROSA HOSPITAL & MEDICAL CENTER,nan
SALVANA HANNAH,GLOBAL CARE MEDICAL CENTER OF BAY,11326.0
SAN PEDRO MARY GRACE,LAGUNA DOCTORS HOSPITAL,nan
SANTIAGO JOCELYN,NEW SINAI MDI HOSPITAL,nan
SANTOS BINKY,CALAMBA DOCTORS HOSPITAL,nan
SAUL  KRISTINE JOY,UNIVERSITY HOSPITAL SERVICES (INFIRMARY),nan
SHIANGHIO HANNAH,LAGUNA DOCTORS HOSPITAL,nan
SILVA KREZIAH,CALAMBA MEDICAL CENTER,nan
SIMON CATHERINE,SIMON MEDICAL CLINIC,nan
SINAY ODETTE,NEW SINAI MDI HOSPITAL,nan
SOCHAYSENG EDWIN,LAGUNA DOCTORS HOSPITAL,nan
TANCHOCO MARIA LUISA,CALAMBA MEDICAL CENTER,nan
TEJERERO PILIPINAS,UNIVERSITY HOSPITAL SERVICES (INFIRMARY),nan
TIU VILMA,STA. ROSA HOSPITAL & MEDICAL CENTER,nan
TOLENTINO PORTIA,CALAMBA DOCTORS HOSPITAL,101633.0
TOMINEZ SONIA,NEW SINAI MDI HOSPITAL,nan
TORRES JEROME,NEW SINAI MDI HOSPITAL,nan
TRIBO MARIA IMELDA,NEW SINAI MDI HOSPITAL,nan
TRINIDAD RANDOLPH B,UNIVERSITY HOSPITAL SERVICES (INFIRMARY),nan
VALDERRAMA FRANCES,LAGUNA HOLY FAMILY HOSPITAL,nan
VALINA HELEN ZELL,CALAMBA DOCTORS HOSPITAL,nan
VENTURA GRACE JOY,LOS BANOS DOCTORS HOSPITAL & MEDICAL CENTER,nan
VERGARA RITA MARIE,HEALTHSERV LOS BANOS,nan
VICTORIA RIA VERONICA,CALAMBA MEDICAL CENTER,nan
VILLADO LORELEI,NEW SINAI MDI HOSPITAL,nan
VILLANUEVA GUADALUPE,HEALTHSERV LOS BANOS,nan
VILLANUEVA CHRISTINE,CALAMBA DOCTORS HOSPITAL,nan
VILLAREAL  MAE,CALAMBA DOCTORS HOSPITAL,nan
VILLAREAL YVETTE,BUSTAMANTE CLINIC,nan
VISAYA JADE,NEW SINAI MDI HOSPITAL,nan
ZABLAN JOSEPH,CALAMBA DOCTORS HOSPITAL,nan
ABALOS HENRY,ABALOS MEDICAL CENTER,nan
ADRIANO ZENAIDA,CRISTO REY CLINIC,nan
ALFONSO EDWIN,FATIMA UNIVERSITY MEDICAL CENTER,nan
ALMORO YVETTE,TMC VMALL,nan
BAGNI IMIJ ALLEN,CALOOCAN CITY MEDICAL CENTER,nan
BARCELONA CHRISZYL,CB DIALYSIS CENTER,nan
BARTOLOME KELVIN,MANILA CENTRAL UNIVERSITY,nan
BONAGUA ROSARIO,MANILA CENTRAL UNIVERSITY,nan
CALALANG FERDIE,CALALANG GENERAL HOSPITAL,nan
CANLAS RUTH,CENTRALLE MEDICAL DIAGNOSTICS AND POLYCLINIC,nan
CARUNGAY LEIGH LEONARDO,MANILA CENTRAL UNIVERSITY,nan
CASINTAHAN ERNESTO,SUNRISE DIAGNOSTICS,nan
CAYABYAB ELSA,CALALANG GENERAL HOSPITAL,nan
CENETA RAYMOND,R.D. CENETA MEDICAL CLINIC,nan
CLAVERIA JAMES,FATIMA UNIVERSITY MEDICAL CENTER,nan
CRUZ EMERITO,CENTRALLE MEDICAL DIAGNOSTICS AND POLYCLINIC,nan
DACAYAN MARY ANN,CENTRALLE MEDICAL DIAGNOSTICS AND POLYCLINIC,nan
DAVID-FRANCISCO ABIGAIL,E. PERLAS CLINIC,nan
DE ASIS RIA,DE ASIS CLINIC,nan
DE GUZMAN FEO MARION,MANILA CENTRAL UNIVERSITY,nan
DE LEON ROLANDO,METRO SPECIALISTS DIAGNOSTICS,nan
DICO GO JOYCE,CENTRALLE MEDICAL DIAGNOSTICS AND POLYCLINIC,nan
DOMINGO DWIGHT,CALOOCAN CITY MEDICAL CENTER,nan
EDUARTE MELBA,CALOOCAN CITY MEDICAL CENTER,nan
FABIAN EVANGELINE,MALABON DOCTORS,nan
FAIGAO GEINAH,METRO SPECIALISTS DIAGNOSTICS,nan
FERNANDEZ ROSARIO,FERNANDEZ CLINIC,nan
FERRER KRISHA,CALOOCAN CITY MEDICAL CENTER,nan
FLORES BERWYN,MEDCARE DIAGNOSTICS,nan
FORTUNA PRISCILLA,VAL ER,nan
FRANCISCO CRISCEL,E. PERLAS CLINIC,nan
GABRIEL JOSE,GABRIEL CLINIC,nan
GALVEZ ROMMEL,MANILA CENTRAL UNIVERSITY,nan
GARCIA ISAURO,GARCIA CLINIC,nan
GARCIA CESAR,MANILA CENTRAL UNIVERSITY,nan
GILLESANIA KATRINA LEI,AFM ROQUERO,nan
GONZALES JOYLYN,GONZALES CLINIC,nan
GUMAYAGAY ROMAN ALEXUR,CALOOCAN CITY MEDICAL CENTER,nan
HUNG LESTER,VIAN FAMILY HOSPITAL,nan
IGNACIO VICENTE,VMI MEDICAL CLINIC,nan
JASMIN PAOLO,MANILA CENTRAL UNIVERSITY,nan
JUSAYAN LENY ALDA,FATIMA UNIVERSITY MEDICAL CENTER,nan
KAW CHRISTINA,RENALINK NEPHROLOGY CENTER,nan
LEE JOSEPH,FATIMA UNIVERSITY MEDICAL CENTER,nan
LIM MICHAEL LOUI,CALOOCAN CITY MEDICAL CENTER,nan
LIM KAREN,MANILA CENTRAL UNIVERSITY,nan
LOPEZ ROY,CALOOCAN CITY MEDICAL CENTER,nan
MANANTAN HENNIE,CALALANG GENERAL HOSPITAL,nan
MANGABAT DIEGO,CALOOCAN CITY MEDICAL CENTER,nan
MANGASER ARLENE,NORTHERN HEALTH CLINIC,nan
MARASIGAN JHOELLA,MANILA CENTRAL UNIVERSITY,nan
MARISTELA PRINCESS,MANILA CENTRAL UNIVERSITY,nan
MARIUS RICO,MEDCARE DIAGNOSTICS,nan
MERCADO GABRIEL MARK,MANILA CENTRAL UNIVERSITY,nan
MIA REGINALDO,MARTINEZ MEMORIAL HOSPITAL,nan
MICLAT NOLI,FKM MEDICAL CLINIC,nan
MIRALLO ALFRED,SULIT MEDLAB CLINIC,nan
MONTE CATHERINE,AFM ROQUERO,nan
MONTIVIRGEN RICHULTZ,MANILA CENTRAL UNIVERSITY,nan
NALLAS GERARDO,NALLAS CLINIC,nan
NAZAL VIRGINIA,CLINICA NAZAL,nan
OLLERO RAYMOND,FATIMA UNIVERSITY MEDICAL CENTER,nan
ONG ROBERT JERICK,VAL ER,nan
ONG ALLAN,ALLAN ONG CLINIC,nan
ORTEZA MELISSA,TMC VMALL,nan
PAVIA REMINA,MANILA CENTRAL UNIVERSITY,nan
PAYAWAL DIANA,FATIMA UNIVERSITY MEDICAL CENTER,nan
PERET GLORIA,GILEAD MEDICAL CLINIC,nan
PEREZ KEITHLEY,MANILA CENTRAL UNIVERSITY,nan
PERLAS TONI JEAN,PERLAS POLYCLINIC,nan
PESCADOR PHILIP,MANILA CENTRAL UNIVERSITY,nan
PIPO MICHELLE MARIE,FATIMA UNIVERSITY MEDICAL CENTER,nan
QUIMBA NEIL,VAL ER,nan
RAFAEL PAMELA,DIALYMED,nan
REYES CAROLINE,REYES SALVATION MEDICA CLINIC,nan
RIOS MYRA,CALOOCAN CITY MEDICAL CENTER,113459.0
RODRIGUEZ ARNEL,RODRIGUEZ CLINIC,nan
ROMERO ALLAN,MALABON SPECIALTY,nan
RONQUILLO IAN,MANILA CENTRAL UNIVERSITY,nan
SABANGAN JOEL,TMC VMALL,nan
SALAZAR MARIA TERESA,FERNANDEZ CLINIC,nan
SAMPANA CHRISTOPHER,TMC VMALL,nan
SANCHEZ CHRISTIE,SANCHEZ CLINIC,nan
SANTIAGO ROEL,VALENZUELA CITI CARE,nan
SANTOS ERVIN,MANILA CENTRAL UNIVERSITY,133326.0
SANTOS HANSEL,MANILA CENTRAL UNIVERSITY,nan
SERRANO JOYCE,SERRANO CLINIC,nan
SIAPNO MEARILLE,TANZA 2 HEALTH CENTER,nan
SISON CHRISTIAN,CALOOCAN CITY MEDICAL CENTER,nan
SOLARIA JAQUILINE,JCS CLINIC,nan
STA. ANA HERMINIA,STA. ANA CLINIC,nan
STA. ANA JARDINE,STA. ANA CLINIC,nan
TE MARILYN,FATIMA UNIVERSITY MEDICAL CENTER,nan
TECSON MARISSA,TECSON CLINIC,nan
TENGSON AILEEN SAYO,AS AP MEDICAL CLINIC,nan
TING DONATO,FATIMA UNIVERSITY MEDICAL CENTER,nan
TOLENTINO ROMMEL,MANILA CENTRAL UNIVERSITY,nan
TOLENTINO ELLAINE,TOLENTINO CLINIC,nan
TORRES CHRISTOPHER,MANILA CENTRAL UNIVERSITY,nan
TUAZON RYAN JOSEF,FATIMA UNIVERSITY MEDICAL CENTER,nan
TUMBOCON ANTONIO,TUMBOCON POLYCARE,nan
TUMBOCON ELIZABETH,TUMBOCON POLYCARE,nan
VELASCO IRENE,CALOOCAN CITY MEDICAL CENTER,nan
VERGARA LARRAINE,FATIMA UNIVERSITY MEDICAL CENTER,nan
ABANADOR CHRISTIAN YVES,ST. CATHERINE MED. CTR.,nan
AGUAS BIANCA,ST. CATHERINE MED. CTR.,nan
ALBACITE  DOMICIAS,Angeles University Foundation Medical Center,nan
ALFONSO EDUARDO,ANGELES MEDICAL CENTER,nan
AMANSEC ROBERTO,ST. FERDINAN MEDICAL ARTS,nan
ANTONIO KARREN,PAMPANGA PREMIER MEDICAL CENTER,25314.0
APILADO RALPH LORENZ,ST. RAPHAEL MEDICAL CENTER,nan
APOSTOL FRANCIS XAVIER,MOTHER THERESA OF CALCUTTA HOSPITAL,125908.0
APSAY JERAMIE,V.L MAKABALI HOSPITAL,nan
ARCEO JOVY JOY,SAN FERNANDINO HOSPITAL,nan
ARKONCEL MARIA LUISA CECILIA,MOTHER THERESA OF CALCUTTA HOSPITAL,nan
AURELIO OSCAR,ST. RAPHAEL MEDICAL CENTER,nan
BABASORO EMILY,ST. RAPHAEL MEDICAL CENTER,nan
BADIOLA ROLANDO,ST. CATHERINE MED. CTR.,nan
BALAGTAS CIELA,MOTHER THERESA OF CALCUTTA HOSPITAL,nan
BALAJADIA EDWIN,ANGELES MEDICAL CENTER,nan
BALUYUT ARNOLD,BALUYOT PRIVATE CLINIC,nan
BALUYUT ABEL,BALUYOT PRIVATE CLINIC,nan
BAMBA ALDRIN BUTZ,ST. CATHERINE MED. CTR.,nan
BAUTISTA AILEEN,DR. AMANDO GARCIA MEDICAL CENTER,nan
BAUTISTA IRMA CLAIRE,ST. JOSEPH HOSPITAL,nan
BAUTISTA NINES,ST. RAPHAEL MEDICAL CENTER,nan
BISPO KAREN,Angeles University Foundation Medical Center,nan
BUENAFLOR BELLE,PAMPANGA PREMIER MEDICAL CENTER,nan
BUENDIA BENLOR,ANGELES MEDICAL CENTER,nan
BUSTOS MICHELLE TERESITA,Mt. Carmel Hospital,nan
CAMAGAY KARLA IRENE,ROSARIO MEDICAL HOSPITAL GUAGUA,nan
CAMAGAY JOHN CARLO,ROSARIO MEDICAL HOSPITAL GUAGUA,118557.0
CANDA JUAN,ST FERDINAND MEDICAL ARTS BLDG,46992.0
CANLAS FROILAN,ANGELES MEDICAL CENTER,nan
CANLAS RAUL,SACRED HEART HOSPITAL/AU MEDICAL CLINIC,nan
CANLAS RAYMOND,V.L MAKABALI HOSPITAL,91991.0
CANONO JOSE ANTONIO,OCAMPO PRIVATE CLINIC,nan
CAPATI MA EVITA,CAPATI PRIVATE CLINIC,nan
CAPATI REYNER,CAPATI PRIVATE CLINIC,nan
CAPATI COZET,PMS HOSPITAL,nan
CAROLINO LEI ANN,V.L MAKABALI HOSPITAL,nan
CARREON RODRIGO,Angeles University Foundation Medical Center,nan
CASINO REGINO,DR. AMANDO GARCIA MEDICAL CENTER,85878.0
CASTILLO ANTONIO,CASTILLO CLINIC JBL,nan
CHAN FRANCIS,SACRED HEART HOSPITAL/AU MEDICAL CLINIC,nan
CHIONG PATRICK,CHIONG FAMILY MEDICINE CLINIC GUAGUA,137569.0
CHIONG BENITO,CHIONG FAMILY MEDICINE CLINIC GUAGUA,52024.0
CO WENDY,HI PRECISION - SAN FERNANDO,nan
CONCEPCION IVAN,MOTHER THERESA OF CALCUTTA HOSPITAL,nan
CORDERO JOCELYN,AUF MEDICAL CENTER,nan
CORTEZ GABRIEL,ANGELES MEDICAL CENTER,nan
CRUZ JOEL JASON,CITY MEDICAL PLAZA,nan
CRUZ ISID JAYSON,LAGMAN PRIVATE CLINIC,nan
CRUZ IVY DIANNE,LAGMAN PRIVATE CLINIC,nan
DAGDAG MICHELLE,Angeles University Foundation Medical Center,nan
DALISAY NIKKO JOHN,Angeles University Foundation Medical Center,nan
DALUZ JOHN LEVI,ROSARIO MEDICAL HOSPITAL GUAGUA,11653.0
DAROY ROSELYN MAE,ROSARIO MEDICAL HOSPITAL GUAGUA,nan
DAVID RESTITUTO,Sacred Medical Center,nan
DE GUZMAN LEAH,DR. AMANDO GARCIA MEDICAL CENTER,nan
DE GUZMAN JAE JEGVINNE,ANGELES MEDICAL CENTER,nan
DE JESUS MARIA LETICIA,ROSARIO MEMORIAL MEDICAL HOSPITAL,nan
DELA CRUZ MICHAEL JAMES,ANGELES MEDICAL CENTER,nan
DELA ROSA CHARMAINE,MOTHER THERESA OF CALCUTTA HOSPITAL,nan
DEVERA ARIEL,ACCUMED,nan
DIAZ ROY,ANGELES MEDICAL CENTER,nan
DIZON ANTONIO,DIZON PRIVATE CLINIC,nan
DIZON ALFRED,Mt. Carmel Hospital,nan
DUNGCA VANESSA,ANGELES MEDICAL CENTER,nan
DUYA EDUARDO,ST. CATHERINE MED. CTR.,nan
DYCHIOCO JOSE,ANGELES MEDICAL CENTER,nan
ENRIQUEZ JHON RYAN,V.L MAKABALI HOSPITAL,nan
ESTANISLAO EDGARDO,ANGELES MEDICAL CENTER,nan
EVANGELISTA NOEL,MOTHER THERESA OF CALCUTTA HOSPITAL,nan
EVANGELISTA RENATO,V.L MAKABALI HOSPITAL,nan
FAUSTO ERLYNE MA,FAUSTO PRIVATE CLINIC,nan
GALANG  GERARDO,ANGELES MEDICAL CENTER,nan
GALURA JEFFREY,MOTHER THERESA OF CALCUTTA HOSPITAL,nan
GARCIA MARIO JOSELITO,SACRED HEART HOSPITAL/AU MEDICAL CLINIC,nan
GARCIA SALVADOR,ST. RAPHAEL MEDICAL CENTER,nan
GARCIA JOEL,ST. FERDINAN MEDICAL ARTS,nan
GIL  ALFONSO,ANGELES MEDICAL CENTER,109383.0
GOINGCO RENEAH,Angeles University Foundation Medical Center,nan
GOMEZ FEDERICO,ST. CATHERINE MED. CTR.,nan
GOMEZ NOEL,MOTHER THERESA OF CALCUTTA HOSPITAL,nan
GOMEZ HAROLD,GOMEZ PRIVATE CLINIC JBL,nan
GOMEZ OLIVERT,HI PRECISION - SAN FERNANDO,nan
GRANDA ARNOLD,V.L MAKABALI HOSPITAL,nan
GUADALUPE POCHOLO,DR. AMANDO GARCIA MEDICAL CENTER,nan
GUEVARRA SHERWIN,PAMPANGA PREMIER MEDICAL CENTER,nan
GUEVARRA LORELIE,ROSARIO MEDICAL HOSPITAL GUAGUA,nan
GUIAO RONALD,Angeles University Foundation Medical Center,nan
GUIAO FRANCISCO,MOTHER THERESA OF CALCUTTA HOSPITAL,95308.0
HIZON ANGELO,Angeles University Foundation Medical Center,nan
HIZON GODOFREDO,ST FERDINAND MEDICAL ARTS BLDG,nan
IGNACIO ANNE MARIE,IGNACIO CLINIC - GUAGUA,nan
JOCSON GABRIEL,AUF MEDICAL CENTER,nan
JOSE JHONATHAN,SACRED HEART HOSPITAL/AU MEDICAL CLINIC,91213.0
JUICO KRISTINE YVETTE,Mt. Carmel Hospital,nan
LAGMAN OLIVIA,LAGMAN PRIVATE CLINIC,nan
LAGMAN BENEDICT,ROSARIO MEMORIAL MEDICAL HOSPITAL,nan
LAGMAN ARNOLD,LAGMAN PRIVATE CLINIC,nan
LAXAMANA JOMAN,ANGELES MEDICAL CENTER,nan
LIBUNAO RAMON,ST. FERDINAN MEDICAL ARTS,nan
LIM RAYZEN,Sacred Medical Center,nan
LIMJOCO JACQUELINE,ANGELES MEDICAL CENTER,nan
LINGAD MAJA KATHERINE,ST. CATHERINE MED. CTR.,nan
LISING ZENAIDA,LISING CLINIC,45155.0
LISING RICHARD,LISING CLINIC,109124.0
LISING JEFFREY,LISING CLINIC,131264.0
LOGATOC GARRY,Angeles University Foundation Medical Center,nan
LUMBOY MARIE ANTONETTE,LUMBOY MEDICAL CLINIC,nan
MAGAYANES SHERYL,V.L MAKABALI HOSPITAL,nan
MAGCALAS ROBERT JOHN,PMS HOSPITAL,nan
MAGNO JOSE DONATO,Sacred Medical Center,nan
MAGPALI ADRIANO,Sacred Medical Center,nan
MAGTOTO ALVIN,V.L MAKABALI HOSPITAL,127960.0
MALIG FRANCIS JEROME,ST. CATHERINE MED. CTR.,nan
MALIWAT LAWRENCE,AUF MEDICAL CENTER,nan
MALONZO ROMMEL,A.L GARCIA HOSPITAL,nan
MALTU ARIEL,PMS HOSPITAL,nan
MAMAWI JASPER,Angeles University Foundation Medical Center,nan
MANALASTAS CRISSA MAE,Angeles University Foundation Medical Center,nan
MANALILI LOIUE,SAN FERNANDINO HOSPITAL,nan
MANALO MERLY,MANALO PRIVATE CLINIC,nan
MANARANG  KATHLEEN,CITY MEDICAL PLAZA,nan
MANGAHAS JANICE,ANGELES MEDICAL CENTER,nan
MANGAHAS ORLANDO,V.L MAKABALI HOSPITAL,nan
MANLUTAC JOSEPH GEORGE,MOTHER THERESA OF CALCUTTA HOSPITAL,69957.0
MARASIGAN  ALISTAIR,ACCUMED,nan
MARQUEZ RODEL,DR. AMANDO GARCIA MEDICAL CENTER,nan
MARQUEZ RAYMUNDO,ST. RAPHAEL MEDICAL CENTER,nan
MASBANG ARMIN,Angeles University Foundation Medical Center,nan
MATURAN FAYE,LAGMAN PRIVATE CLINIC,nan
MEDINA CROMWELL,PMS HOSPITAL,nan
MEDINA ANGELITO,ST FERDINAND MEDICAL ARTS BLDG,nan
MENDOZA NICIAS,Angeles University Foundation Medical Center,nan
MERCADO ALBERT,CENTER FOR UROLOGIC HOSPITAL,nan
MERCADO ALBERT,ST. FERDINAN MEDICAL ARTS,nan
MERCADO CONRADO,ST. FERDINAN MEDICAL ARTS,nan
MIRANDA LEONEIL,ST. FERDINAN MEDICAL ARTS,84183.0
NALO ARISTOTLE,NALO MEDICAL CLINIC,nan
NALO RICARDO,NALO MEDICAL CLINIC,nan
NAVARRO RIZZA,ST. JOSEPH HOSPITAL,nan
NICDAO JAN KEVIN,SAN FERNANDINO HOSPITAL,nan
NICDAO RUFINO,ROSARIO MEMORIAL MEDICAL HOSPITAL,48735.0
NICDAO EUGENE,GUAGUA CHILDRENS CLINIC,108018.0
NICOLAS EDGAR,CLINICA HENSON,nan
NIERRES PETER,ST FERDINAND MEDICAL ARTS BLDG,nan
OANDASAN PAMELA,BATAAN DOCTORS HOSPITAL,nan
OCAMPO JOY,ST. RAPHAEL MEDICAL CENTER,nan
PALMEA MADELAINE,V.L MAKABALI HOSPITAL,119083.0
PAMINTUAN SAMANTHA,ANGELES MEDICAL CENTER,nan
PAMINTUAN NOVA,ANGELES MEDICAL CENTER,nan
PANGAN KIMBERLY,LAGMAN PRIVATE CLINIC,nan
PANGANIBAN RONALDO,HI PRECISION - SAN FERNANDO,nan
PANGILINAN LYZETTE,Angeles University Foundation Medical Center,nan
PANGILINAN JEFFREY,ANGELES MEDICAL CENTER,nan
PANTIG VIRGILIO,SAN FERNANDINO HOSPITAL,nan
PARAS JENNIFER,LAGMAN PRIVATE CLINIC,nan
PASAMBA PIA PAMELA,ANGELES MEDICAL CENTER,nan
PASAMBA EDMUNDO,ANGELES MEDICAL CENTER,nan
PASCUAL  BEATRICE,Angeles University Foundation Medical Center,nan
PASUMBAL EMILY,Angeles University Foundation Medical Center,nan
PASUMBAL EDWIN,Angeles University Foundation Medical Center,nan
PATAWARAN JEFFREY,SACRED HEART HOSPITAL/AU MEDICAL CLINIC,nan
PELAGIO GIL FRANCIS,PMS HOSPITAL,nan
PENAFIEL ALVIN,ST. FERDINAN MEDICAL ARTS,nan
PILAO VOLTAIRE,V.L MAKABALI HOSPITAL,nan
PINEDA LEX THOMAX,SAN FERNANDINO HOSPITAL,nan
PINEDA ALEX,V.L MAKABALI HOSPITAL,nan
PONGCO PAMELA,DR. AMANDO GARCIA MEDICAL CENTER,nan
PUNSALAN JOSHUA,V.L MAKABALI HOSPITAL,nan
PUNSALAN ALFREDO,PUNSALAN PRIVATE CLINIC,nan
PUNZALAN PORFIRIO,ST FERDINAND MEDICAL ARTS BLDG,nan
QUIAMBAO JANELLEN,QUIAMBAO MEDICAL CLINIC,nan
RAMIREZ ABIGAIL,Angeles University Foundation Medical Center,nan
RAMOS RALPH JEFFERSON,SAN FERNANDINO HOSPITAL,nan
RANADA JOSE BERNADO,Angeles University Foundation Medical Center,nan
RAZA MICHAEL,DIASERV CLINIC,nan
RAZOTE GENEVIEW,ACCUMED,nan
REYES CHAD MARTIN,DR. AMANDO GARCIA MEDICAL CENTER,nan
REYES BENEDICT,BATAAN DOCTORS HOSPITAL,nan
RILLERA DOLORES JOY,ANGELES MEDICAL CENTER,nan
RIVERA WALTER,V.L MAKABALI HOSPITAL,nan
ROA KRISTINE,ANGELES MEDICAL CENTER,nan
ROA MICHAEL,V.L MAKABALI HOSPITAL,nan
ROBLES MARK,ANGELES MEDICAL CENTER,nan
ROZUL MARIE,MEXICO PRIVATE CLINIC,nan
ROZUL NESSAEL,MEXICO PRIVATE CLINIC,nan
RUBIO FERDINAND,ASCOM CLINIC,nan
SALAS ERICSON,DIASERV CLINIC,nan
SAMSON ACE,SAN FERNANDINO HOSPITAL,nan
SAN JOSE CRISOTOMO,DR. AMANDO GARCIA MEDICAL CENTER,71435.0
SANTOS EDWIN,ANGELES MEDICAL CENTER,nan
SANTOS IMELDA,ANGELES MEDICAL CENTER,nan
SANTOS MARJORIE,ST. CATHERINE MED. CTR.,nan
SANTOS VEREDIGNA,SANTOS PRIVATE CLINIC,nan
SARMIENTO SHERWIN,ROSARIO MEMORIAL MEDICAL HOSPITAL,nan
SERRANO MICHELLE,ROSARIO MEMORIAL MEDICAL HOSPITAL,98490.0
SIBAL JOHN CARLO,ST. RAPHAEL MEDICAL CENTER,nan
SIBAL JOSEPHUS,AUF MEDICAL CENTER,nan
SICO LUISITO,Angeles University Foundation Medical Center,nan
SIMPAO LEANDER,MOTHER THERESA OF CALCUTTA HOSPITAL,nan
SOLIMAN NATHANIEL,Mt. Carmel Hospital,nan
SOMBILLO JOY AIZA,DIASERV CLINIC,nan
SUGAY ISSER,ANGELES MEDICAL CENTER,nan
SUNGA HAROLD,MEDTRUST SINDALAN,nan
SY KRISTINE GAIL,MOTHER THERESA OF CALCUTTA HOSPITAL,nan
TAMAYO JOSEPH GEORGE,V.L MAKABALI HOSPITAL,nan
TIGLAO EDGARDO JR,Mt. Carmel Hospital,nan
TIULECO DANIEL,V.L MAKABALI HOSPITAL,nan
TOLEDANES  HONEYGIRL,V.L MAKABALI HOSPITAL,123249.0
TOLENTINO TYREL,OSPITAL NING ANGELES,nan
TONGOL EUGENE,Sacred Medical Center,nan
TRANQUILINO PANCHO CARLO,ANGELES MEDICAL CENTER,nan
TRANQUILLINO JOSE,ANGELES MEDICAL CENTER,nan
TUAZON JOSEPH EDUARDO,PMS HOSPITAL,nan
TULUD TRISTAN,OSPITAL NING ANGELES,nan
UDARBE DEBBIE LYNN,Sacred Medical Center,nan
URSAL MELODY,ST. RAPHAEL MEDICAL CENTER,nan
VALDES ERINA THERESA,LAGMAN PRIVATE CLINIC,nan
VALERIO AMIEL,ROSARIO MEDICAL HOSPITAL GUAGUA,nan
VALERIO MARIA ROWENA,DR. AMANDO GARCIA MEDICAL CENTER,nan
VELASQUEZ MELISSA,ST. CATHERINE MED. CTR.,nan
VELEZ RICHARD,SACRED HEART HOSPITAL/AU MEDICAL CLINIC,nan
VILLALUNA RICHARD,A.L GARCIA HOSPITAL,nan
VILLARAZA AURELIA,Sacred Medical Center,nan
VILLARIN FRANZEL,SACRED HEART HOSPITAL/AU MEDICAL CLINIC,nan
VILLENA ROSEQUEL,ANGELES MEDICAL CENTER,nan
VINLUAN VIRGILIO,ISAAC AND CATALINA MEDICAL CENTER,nan
YABUT ROBERTO,ROSARIO MEMORIAL MEDICAL HOSPITAL,nan
YALUNG  FLORINDA,ANGELES MEDICAL CENTER,nan
YAO MINNIE,Angeles University Foundation Medical Center,nan
YAP ALEXANDER,DR. AMANDO GARCIA MEDICAL CENTER,nan
YU BLESSIE,Angeles University Foundation Medical Center,nan
YUMUL NORBERTO,MABALACAT CLINIC,nan
ABELLERA  CHARINA,LOVING MOTHER,nan
ALDAY ANGELA,CENTRAL LUZON DOCTORS HOSPITAL,nan
ALIMORONG ELIZABETH,RURAL HEALTH UNIT- ROSALES,94820.0
ANATACIO JOSEPH,CENTRAL LUZON DOCTORS HOSPITAL,nan
ANDRES FAUSTO,STO NINO HOSPITAL,nan
ARCALAS LEONIDES,ARCALAS FAMILY CLINIC,49221.0
ARCALAS ROSEMARIE,ARCALAS FAMILY CLINIC,101875.0
ARQUERO CONRADO,EASTERN PANGASINAN DISTRICT HOSPITAL,47837.0
ASUNCION JELLICOE MAINE,JECSON MEDICAL CENTER,nan
AUSA REDEN,DEL CARMEN HOSPITAL,101396.0
BAUTISTA LUSIANA,RURAL HUEALTH UNIT- POZORRUBIO,74568.0
BAUTISTA AILEEN,SOLANO MED CLINIC,nan
BERMUDEZ MAEVIR,BERMUDEZ CLINIC,nan
BONDOC CHRISTINA JOY,JECSON MEDICAL CENTER,nan
BONIFACIO  RYAN,BONIFACIO CLINIC,nan
BUSTOS CHARO,JECSON MEDICAL CENTER,nan
CABIDA ROGELIO,CABIDA MEDICAL CLINIC,54486.0
CENIZAL ARLENE,CENTRAL LUZON DOCTORS HOSPITAL,nan
CHUA MICHELLE,CAPAS HOSPITAL,nan
CHUA RICARDO,HOLY INFANT CLINIC,nan
CO MARK ISIAH,JECSON MEDICAL CENTER,nan
CUDAL BEINJERINCK,JECSON MEDICAL CENTER,nan
CUNAN ARNEL,JECSON MEDICAL CENTER,nan
DACASIN CHAINELYN,URDANETA SACRED HEART HOSPITAL,80986.0
DALIT MA. TERESA,EASTERN PANGASINAN DISTRICT HOSPITAL,119763.0
DANAN MAX MARI,JECSON MEDICAL CENTER,nan
DAYANDANTE NINA MAE,JECSON MEDICAL CENTER,nan
DE GUZMAN LIA,DE GUZMAN CLINIC,nan
DE GUZMAN JOSHUA JESUS,JECSON MEDICAL CENTER,nan
DE GUZMAN CHRISTOPER,JECSON MEDICAL CENTER,nan
DELA CRUZ LYN,URDANETA SACRED HEART HOSPITAL,92277.0
DELOS REYES MARITES,JECSON MEDICAL CENTER,nan
DEMANCILLO MARIA,RAMOS GEN HOSP,nan
DICCION BIMBO,URDANETA SACRED HEART HOSPITAL,99547.0
DIMAANO JOSEPH,URDANETA SACRED HEART HOSPITAL,87331.0
DINAMLING DAPHNE,URDANETA GENERAL HOSPITAL,105704.0
DIWAS ANNALIZA,JECSON MEDICAL CENTER,nan
DIZON ROEDEL,AGUSTIN CLINIC,nan
DUPITAS KENNETH KING,JECSON MEDICAL CENTER,nan
DUQUE APOLLO,TARLAC PROVINCIAL HOSPITAL,nan
EDRADA MAJORETTE,URDANETA SACRED HEART HOSPITAL,107140.0
ENRIQUEZ ALICIA,PRIMICIAS MEDICAL CLINIC,93667.0
ESPIRITU RAIZA,RAMOS GEN HOSP,nan
ESTRADA TITUS LEO,EASTERN PANGASINAN MEDICAL AND DIAGNOSTIC CENTER,95288.0
ESTRADA JAMES RAPHAEL,JECSON MEDICAL CENTER,nan
FABROS ANTONIO,JECSON MEDICAL CENTER,nan
FAJARDO CRISTINA,URDANETA GENERAL HOSPITAL,70598.0
FERNANDEZ HENRY,FERNANDEZ MEDICAL CLINIC,35888.0
FLORES MINETTE,CAPAS HOSPITAL,nan
GABRIEL ROBERT,GABRIEL MEDICAL CLINIC,104008.0
GALANG DANNY,JECSON MEDICAL CENTER,nan
GALVAN JOHN MANUEL,JECSON MEDICAL CENTER,nan
GAPAY ADRIAN,JECSON MEDICAL CENTER,nan
GARCIA SHARLENE,JECSON MEDICAL CENTER,nan
GONZALES HARLAN SHANE,JECSON MEDICAL CENTER,nan
GUILLERMO SHERYLL,JECSON MEDICAL CENTER,nan
GUITIERREZ III ONORFE,CENTRAL LUZON DOCTORS HOSPITAL,nan
GUTIERREZ WINSTON,GUTIERREZ CLINIC,nan
HERNANDEZ ESTHER JANE,URDANETA SACRED HEART HOSPITAL,81482.0
IGLESIA JOHN,"CAMILING, TARLAC",nan
INES NORA,JOVES INES CLINIC,nan
JOSE AERON JAMES,RAYOS MEDICAL HOSP,nan
LACTAOTAO MANUEL,BAUTISTA MEDICAL CLINIC,nan
LAMORENA NOEL,JECSON MEDICAL CENTER,nan
LANSANGAN LALAINE,STO. NINO MEDICAL CLINIC,68212.0
LAPITAN LAISSA CASSANDRA,JECSON MEDICAL CENTER,nan
LAZAGA  CARLEX,CAPAS TARLAC CITY,nan
LECITONA MA. THERESA,DR. MARCELO CHAN MEMORIAL HOSPITAL,74061.0
LIM EDGAR,URDANETA SACRED HEART HOSPITAL,87589.0
LIM RAYZEN,JECSON MEDICAL CENTER,nan
LOPEZ MARK JOSEPH,TIGLAO MED CLINIC,nan
LUCAS  MONINA,TMC HOSPITAL,nan
MACARAEG BERNARDO,CITY HEALTH OFFICE- URDANETA,64193.0
MADRIAGA CARLO,JECSON MEDICAL CENTER,nan
MAGCALAS ROBERT JOHN,JECSON MEDICAL CENTER,nan
MAGPALI  ADRIANO,CENTRAL LUZON DOCTORS HOSPITAL,nan
MALLARI CECILLA,RAMOS GEN HOSP,nan
MANALIGOD ENRICA,URDANETA SACRED HEART HOSPITAL,49529.0
MANALO CARLSON,JECSON MEDICAL CENTER,nan
MANIBOG NANCY,RURAL HEALTH UNIT- VILLASIS,nan
MANNOG NATIVIDAD,CENTRAL LUZON DOCTORS HOSPITAL,nan
MARTINEZ GEORGE,TMC HOSPITAL,nan
MARZAN DONA,MARZAN MEDICAL CLINIC,64362.0
MATEO MICHELLE,JECSON MEDICAL CENTER,nan
MONDALA MICHAEL ROGER,JECSON MEDICAL CENTER,nan
MONSANTO CLEZZEL,URDANETA SACRED HEART HOSPITAL,83635.0
MUIN JENNIFER,MEJIA- MUIN MEDICAL CLINIC,88193.0
OBAY SHIRLEY CECILIA,URDANETA SACRED HEART HOSPITAL,58522.0
OBEDOZA NOEL,URDANETA GENERAL HOSPITAL,49907.0
OLIVAR TEOCELES,URDANETA SACRED HEART HOSPITAL,83824.0
OLIVEROS THERESE,TMC HOSPITAL,nan
ORDONEZ REYNALDO,ORDOÑEZ MEDICAL HOSPITAL,100123.0
OSIAS LARINA,URDANETA SACRED HEART HOSPITAL,56622.0
PACHO FLORENCE,TAYUG FAMILY HOSPITAL,110116.0
PAGARIGAN DELILAH,TIBAG TARLAC CITY,nan
PAGSOLINGAN JOEL MARIO,URDANETA SACRED HEART HOSPITAL,83105.0
PAJINAG ELENA,URDANETA SACRED HEART HOSPITAL,73377.0
PALISOC JACQUELINE,URDANETA SACRED HEART HOSPITAL,72790.0
PALMA NORMAN EDWARD,URDANETA GENERAL HOSPITAL,nan
PANIM GELAINE,PANIM MEDICAL CLINIC,nan
PARAGAS CHARLES FREDERICK,PARAGAS MEDICAL CLINIC,96652.0
PARAYNO RACHEL ANN,CITY HEALTH OFFICE- URDANETA,105063.0
PARAYNO GRETCHEN,URDANETA SACRED HEART HOSPITAL,85665.0
PARICO EVAN JOSEPH,JECSON MEDICAL CENTER,nan
PASTORAL CHRISTINE,RURAL HUEALTH UNIT- POZORRUBIO,117148.0
PATAWARAN MARCELO,RURAL HEALTH UNIT- BINALONAN,67947.0
PATAWARAN EMERSON,URDANETA SACRED HEART HOSPITAL,94126.0
PEDROZO FRANCIS,EASTERN PANGASINAN DISTRICT HOSPITAL,103961.0
PERALTA ROGER,EASTERN PANGASINAN DISTRICT HOSPITAL,85464.0
PERALTA RAYMUND,ST JOSEPH MEDICAL CLINIC,56653.0
PORNILLOS MARIA CHARISSA,ROLE MED CLINIC,nan
PUNZALAN IRVIN,JECSON MEDICAL CENTER,nan
RABOT DANTE,TARLAC CITY,nan
RAMOS RHODELIA,RAMOS DIABETES CLINIC,60101.0
RANGEL RICARDO,RANGEL MEDICAL CLINIC,54041.0
RAYOS ROWENA,JECSON MEDICAL CENTER,nan
REALO KARINA,TARLAC CITY,nan
REYES DEMETRIA,URDANETA SACRED HEART HOSPITAL,87258.0
REYES ARCHIE,JECSON MEDICAL CENTER,nan
RIVERA JANICE,LOPEZ MED CLINIC,nan
ROJO JOY,URDANETA GENERAL HOSPITAL,99452.0
ROLE GARY,LACTAOTAO MED CLINIC,nan
SALAMANCA LILIBEL,JECSON MEDICAL CENTER,nan
SALVADOR ANDREW,"CAMILING, TARLAC",nan
SALVADOR KAREN,"CAMILING, TARLAC",nan
SANCHEZ MYRA,ST JUDE MEDICAL CLINIC,91585.0
SANTOS JESUSCHITO,CAPAS HOSPITAL,nan
SISON NONATO JOWIN,JECSON MEDICAL CENTER,nan
SOLANO CHRISTIAN,JOSE MED CLINIC,nan
SOLEDAD MARIFE,JECSON MEDICAL CENTER,nan
SOMINTAC KRISTINE,JECSON MEDICAL CENTER,nan
SORIA ZAIRA MAE,JECSON MEDICAL CENTER,nan
SOTTO MARK TRINY FIL,JECSON MEDICAL CENTER,nan
TALON RAYMOND,TALON HOSPITAL,nan
TAMBAOAN ADRIAN,URDANETA GENERAL HOSPITAL,99573.0
TAN AYNEE DAWN,JECSON MEDICAL CENTER,nan
TANGONAN DALISAY,"CAMILING, TARLAC",nan
TIGLAO IMELDA,TUCAY MED CLINIC,nan
TIU ANTHONY,JECSON MEDICAL CENTER,nan
TOLEDO ROLANDO,STO NINO HOSPITAL,nan
TOLENADA ELAINE,RAMOS GEN HOSP,nan
TUCAY ROMMEL,TMC HOSPITAL,nan
UBALDO JOY,TAYUG FAMILY HOSPITAL,79727.0
URBANO SONNY,EASTERN PANGASINAN DISTRICT HOSPITAL,102218.0
UY MARIJEN,UY MEDICAL CLINIC,87882.0
VALDEZ NOREEN,JECSON MEDICAL CENTER,nan
VALDEZ MONICA,VALDEZ MEDICAL CLINIC,nan
VENGCO ERNESTO,VENGCO MEDICAL CLINIC,nan
VIRAY VICTOR,URDANETA SACRED HEART HOSPITAL,75794.0
VIRAY FATIMA,CAPAS TARLAC CITY,nan
YOUNG DONNA,TAYUG FAMILY HOSPITAL,102219.0
ABAG JOEL,FRISCO,nan
ABDULRAHIM AHMED,EAST AVE MEDICAL CENTER,nan
ABUEL JEREMIAH NEAL,AFP VLUNA MEDICAL CENTER,nan
ALCANTARA KRYSTLE MARIE,EAST AVE MEDICAL CENTER,nan
ALCOREZA CHRISTINE,HEALTHWAY,nan
ALMORO YVETTE,The Medical City- TRINOMA,nan
ALVAREZ ADRIAN,EAST AVE MEDICAL CENTER,nan
AMISOLA BIANCA,EAST AVE MEDICAL CENTER,nan
ANDRES SERGIO,Lung Center of the Philippines,nan
ARELLANO ROSSELLA,CAPITOL MEDICAL CENTER,nan
ARELLANO ERROL,AFP VLUNA MEDICAL CENTER,nan
ARMANDO CHIONG,EAST AVE MEDICAL CENTER,nan
ARNAIS NAPOLEON,EAST AVE MEDICAL CENTER,nan
AVENA GLORMINA,EAST AVE MEDICAL CENTER,nan
BAGASBAS PJEECO,EAST AVE MEDICAL CENTER,nan
BAJANDI KHRISTINE,EAST AVE MEDICAL CENTER,nan
BALINO EVERLY JOY,HEALTHWAY,nan
BARA IIYASIN,AFP VLUNA MEDICAL CENTER,nan
BARGAZA GILLIAN,EAST AVE MEDICAL CENTER,nan
BASILIO NICCA,AFP VLUNA MEDICAL CENTER,nan
BASILIO NICCA MARIE,AFP VLUNA MEDICAL CENTER,nan
BAUTISTA ROSALINA ROSARIO,CAPITOL MEDICAL CENTER,nan
BAUTISTA MARK ANTHONY,EAST AVE MEDICAL CENTER,nan
BRACAMANTE CHESKA RENEE,EAST AVE MEDICAL CENTER,nan
BRAVO GRACE NAOMI,AFP VLUNA MEDICAL CENTER,nan
BUENO KEVIN CHAM,NEW ERA GEN HOSPITAL,nan
BUNYI MA. LOURDES,HEALTHWAY,nan
CABALJERO TRIFON,ACE HOSPITAL QUEZON CITY,nan
CABRERA JANNICA MARIE,EAST AVE MEDICAL CENTER,nan
CABRERA GLYNNA,Lung Center of the Philippines,nan
CADIENTE MARY JANE,ACE HOSPITAL QUEZON CITY,nan
CAMBA JENELA,Lung Center of the Philippines,nan
CANTA LAURICE ANN,EAST AVE MEDICAL CENTER,nan
CANTRE JENNIFER,HEALTHWAY,nan
CARO RUZANNE,CAPITOL MEDICAL CENTER,nan
CASIGURAN VIOLETA,Health Quest Medical,nan
CASTILLO CRISTINA ROXANNE,EAST AVE MEDICAL CENTER,nan
CASTILLO JASMIN,HP DIAGNOSTICS,nan
CHANG MATTHEW WAYNE,CAPITOL MEDICAL CENTER,nan
CHAVEZ JOSILITO,CAPITOL MEDICAL CENTER,nan
CHENG KARINA MAE,Lung Center of the Philippines,nan
CLARIDAD JOSE ROBERTO,CAPITOL MEDICAL CENTER,nan
CORPUZ ANGELA ROSE,AFP VLUNA MEDICAL CENTER,nan
CRUZ JOSEPH,Lung Center of the Philippines,nan
CUARESMA JOSEPH RAYMOND,CAPITOL MEDICAL CENTER,nan
DACANAY LYNDON HENRY,Lung Center of the Philippines,118536.0
DAGDAG NORMA,HEALTHWAY,nan
DE GUIA CHRISTINE ANGELI,EAST AVE MEDICAL CENTER,nan
DE RAMOS JOANNE,VETERANS MEMORIAL MEDICAL CENTER,nan
DE VERA MARK EDISON,Lung Center of the Philippines,nan
DELA ROSA EUNICE,EAST AVE MEDICAL CENTER,nan
DIAZ REI PAOLO,CAPITOL MEDICAL CENTER,nan
DIONISIO PAMELA JOY,Lung Center of the Philippines,nan
DIONISIO KATRINA,EAST AVE MEDICAL CENTER,nan
DIZON PAMELA JOY,EAST AVE MEDICAL CENTER,nan
DOBLES MARRIANE,FRISCO,nan
DONATO ENRICO,CAPITOL MEDICAL CENTER,nan
DUGUIL DARRYL,EAST AVE MEDICAL CENTER,nan
DURAN SAMUEL,EAST AVE MEDICAL CENTER,nan
ECARMA RAQUEL,NKT,nan
ESGUERRA ALI,HEALTHWAY,nan
ESQUIVEL CINDERELLA,HP DIAGNOSTICS,nan
EVANGELISTA PAUL,Lung Center of the Philippines,nan
FELONIA KATRINA,EAST AVE MEDICAL CENTER,nan
FRESNOSA JACKELINE,The Medical City- TRINOMA,nan
FUENTES RAYA KATHREEN,EAST AVE MEDICAL CENTER,nan
GACETA CHELSEA,EAST AVE MEDICAL CENTER,nan
GANSATAO FATIMA,EAST AVE MEDICAL CENTER,nan
GARCIA MARIA ANA,HEALTHWAY,nan
GATELA JL JANE,EAST AVE MEDICAL CENTER,nan
GONZAGA MICHAEL,EAST AVE MEDICAL CENTER,nan
GONZALES RAM GABRIEL,AFP VLUNA MEDICAL CENTER,nan
GONZALES JOHN HERO,AFP VLUNA MEDICAL CENTER,nan
GONZALEZ RAMON,HEALTHWAY,nan
GOY MARY GERTRUDE,FRISCO,nan
GOZUN JELLY ANN,CAPITOL MEDICAL CENTER,nan
GUINTO MARIA ANGELICA,AFP VLUNA MEDICAL CENTER,nan
GUTIERREZ RENE LOUIE,EAST AVE MEDICAL CENTER,nan
HABACON LOUISSE MARIE,EAST AVE MEDICAL CENTER,nan
HERNANDEZ DENISE YSABEL,AFP VLUNA MEDICAL CENTER,nan
HERRERA GERARDO,The Medical City- TRINOMA,nan
IBANEZ RAQUEL,Lung Center of the Philippines,nan
IDOLOR LUISITO,Lung Center of the Philippines,nan
IGNACIO DANIELLE,EAST AVE MEDICAL CENTER,nan
ILAGAN JAY ANDREW,CAPITOL MEDICAL CENTER,nan
IMPERIAL MARK REY,The Medical City- TRINOMA,nan
INSTRELLA ROMULUS,CAPITOL MEDICAL CENTER,nan
JARAMILLA KIRBY,AFP VLUNA MEDICAL CENTER,nan
LABORTE  CLARISSA,Lung Center of the Philippines,nan
LEANDRO JOSE MAGNO,EAST AVE MEDICAL CENTER,nan
LEONCIO MARY,EAST AVE MEDICAL CENTER,nan
LIGON JONA MINETTE,EAST AVE MEDICAL CENTER,nan
LIM EASTER JOY,HEALTHWAY,nan
LIM-SANTOS JACKELINE,HEALTHWAY,nan
LINGAN MARIA LUISA,EAST AVE MEDICAL CENTER,nan
LIPAYON DANIEL JUDE THADDEUS,HEALTHWAY,nan
LORENZO ANGELICA,HEALTHWAY,nan
LORENZO LORENA,HEALTHWAY,nan
LUMBRES JEFFREY,AFP VLUNA MEDICAL CENTER,nan
LUNA JUDDETTE CHELSEA,AFP VLUNA MEDICAL CENTER,nan
LUSPIAN KATHLEEN,HEALTHWAY,nan
MA-ALAT JESSIE,AFP VLUNA MEDICAL CENTER,nan
MADERA MONICA,Lung Center of the Philippines,nan
MADJID AYEZA,EAST AVE MEDICAL CENTER,nan
MAGNO MARIA,Lung Center of the Philippines,nan
MALILAY-DERONA ARLENE,The Medical City- TRINOMA,nan
MAMAUAG MARIA CARMELA,HEALTHWAY,nan
MANACHO AUGUST CHARM,AFP VLUNA MEDICAL CENTER,nan
MANEJA JOSE JONATHAN,METRO NORTH MEDICAL CENTER,nan
MANINGAS DON ROGELITO,NEW ERA GEN HOSPITAL,nan
MANZANO  BEATRIX,EAST AVE MEDICAL CENTER,nan
MARASIGAN MICHAEL,FRISCO,nan
MARCIANO MANOLITO,ACE HOSPITAL QUEZON CITY,nan
MARIANO ALENA,EAST AVE MEDICAL CENTER,nan
MATULAC ANTONIO,FRISCO,nan
MENDOZA JAIME,Lung Center of the Philippines,nan
MENDOZA RAMON,ACE HOSPITAL QUEZON CITY,nan
MONDERO LOURDES,EAST AVE MEDICAL CENTER,nan
MONERA KATRINA,Lung Center of the Philippines,nan
MONROY ANGELO,EAST AVE MEDICAL CENTER,nan
NACPIL NEWELL,Lung Center of the Philippines,nan
NALANGAN MA. JOAN,AFP VLUNA MEDICAL CENTER,nan
NOCHE KARMELA,EAST AVE MEDICAL CENTER,nan
NONIFARA ANA,HEALTHWAY,nan
OCIONES MICHAEL KHRISTIAN,EAST AVE MEDICAL CENTER,nan
ONIA ALELI FRANCIS,EAST AVE MEDICAL CENTER,nan
ORDONA DENNIS,EAST AVE MEDICAL CENTER,nan
PAGARAGAN CARLO,EAST AVE MEDICAL CENTER,nan
PAGDAGDAGAN LYNDERLEE,EAST AVE MEDICAL CENTER,nan
PAGUIRIGAN MEL RUSSEL,EAST AVE MEDICAL CENTER,nan
PAMA ANTHONY,FRISCO,nan
PANCHO GRACE,ACE HOSPITAL QUEZON CITY,nan
PARAGUAS STEFANNI,HEALTHWAY,nan
PAZ JOEL,CAPITOL MEDICAL CENTER,nan
PERALES RIA SOPHIA,EAST AVE MEDICAL CENTER,nan
PEREZ KEITHLY BRYAN,HEALTHWAY,nan
PESCADOR PHILIP FRANCIS,AFP VLUNA MEDICAL CENTER,nan
PINPIN AUDREY SHAWNEL,EAST AVE MEDICAL CENTER,nan
PUA MARK ANTHONY,EAST AVE MEDICAL CENTER,nan
PUNZALAN ANTONIO,NEW ERA GEN HOSPITAL,nan
QUIZON LENDRY,The Medical City- TRINOMA,nan
RABORAR MICHELLE,Lung Center of the Philippines,nan
RAMIREZ ROSALIE,HEALTHWAY,nan
RAMOS ARIANA ANGELIKA,EAST AVE MEDICAL CENTER,nan
RAMOS JOSEPH,Lung Center of the Philippines,nan
RANDY CASTILLO,Lung Center of the Philippines,nan
RAYMOND LAWRENCE,Lung Center of the Philippines,nan
REJANO TIMOTHY,EAST AVE MEDICAL CENTER,nan
REYES RONALDO,EAST AVE MEDICAL CENTER,nan
ROJAS  RAPHAEL,EAST AVE MEDICAL CENTER,nan
ROJAS ARJOHN,VETERANS MEMORIAL MEDICAL CENTER,nan
ROLDAN FORTUNA CORAZON,EAST AVE MEDICAL CENTER,nan
SABINIANO KATHLEEN,HEALTHWAY,nan
SALA IKE,EAST AVE MEDICAL CENTER,nan
SALES ALFREDO,HEALTHWAY,nan
SANDAAN LESTER,AFP VLUNA MEDICAL CENTER,nan
SANTOS HUBERT,HEALTHWAY,nan
SANTOS SUZANNE,ACE HOSPITAL QUEZON CITY,nan
SERAFICO ADELAIDA,FRISCO,nan
SERAFICO VERNON,FRISCO,nan
SOLIS FLORENCIO,NEW ERA GEN HOSPITAL,nan
SORRERA JEHAN DAY,AFP VLUNA MEDICAL CENTER,nan
SUAN MARY ANGELA,EAST AVE MEDICAL CENTER,nan
SUMULONG MICHAEL KHRISTIAN,AFP VLUNA MEDICAL CENTER,nan
SUNGA MALLORCA EDNA,CAPITOL MEDICAL CENTER,nan
SUSTINO FRITZ,EAST AVE MEDICAL CENTER,nan
SY JOY,EAST AVE MEDICAL CENTER,nan
SY JOHN EMMANUEL,FRISCO,nan
TAGATA MARIA KATRINA,AFP VLUNA MEDICAL CENTER,nan
TALOSIG KEVIN ALFRED,AFP VLUNA MEDICAL CENTER,nan
TAMBOT FEDEMAR,AFP VLUNA MEDICAL CENTER,nan
TAPANG  FRANCHESKA,HEALTHWAY,nan
TEE RAISSA,EAST AVE MEDICAL CENTER,nan
TEO DENNIS,Lung Center of the Philippines,nan
TORRES BRYAN,EAST AVE MEDICAL CENTER,nan
TRINOS KHRIZELLE JOYCE,EAST AVE MEDICAL CENTER,nan
TUNGPALAN DANELLE,EAST AVE MEDICAL CENTER,nan
TURALBA MARY ANN,HEALTHWAY,nan
URGEL RYAN FRANCHIS HENRY,EAST AVE MEDICAL CENTER,nan
VALENCIA CYRIN,HEALTHWAY,nan
VENTURA DANILO,Lung Center of the Philippines,nan
VERCIDA ANGELLI,AFP VLUNA MEDICAL CENTER,nan
YAP ERIKA,EAST AVE MEDICAL CENTER,nan
YAP CHRISTINE,HEALTHWAY,nan
ZAMORA ROSALLY,EAST AVE MEDICAL CENTER,nan
ZAMORA PRECILLANO,CAPITOL MEDICAL CENTER,nan
ABENES CAROLINE,Bustos Bulacan Territorials-2MNL3TR6,nan
ABON FERDINAND,Plaridel Territorials,nan
ABRIL KARISSE,ACE MALOLOS DOCTORS,nan
ACOL JOLLIBEE,Norzagaray Bulacan Territorial,nan
ACUESTA CRISTINA,San Ildefonso Bulacan Territorial,nan
ADIAZ TWINKLE,Our Lady Of Mercy Hospital,nan
ADRIANO CHERYL,Sacred Heart Hospital Malolos,nan
ADRIANO JOHN CEL,Bulacan Medical Center,nan
AGAS FRANZ MIKKAEL,Bulacan Medical Center,nan
ALMARIO ALDRIN JOHN,Sacred Heart Hospital Malolos,nan
ALOJIPAN JEAM,Calumpit Bulacan Territorials-2MNL3TR6,80780.0
ANCHETA JANICE,Sacred Heart Hospital Malolos,0.0
ANDRES FREDELYN,Plaridel Territorials,nan
ANGELES RUTHER,ACE MALOLOS DOCTORS,nan
ANIAG PATRICIA,Sacred Heart Hospital Malolos,nan
ARCE MARK,Malolos Territorials,nan
ARCEO JOVY JOY,Emmanuel Hospital San Miguel,nan
BALUYOT JASPER,Bulacan Medical Center,nan
BARCELON ALEXA JEAN,Bulacan Medical Center,nan
BARTOLOME  JIMMY,Angat Bulacan Territorials,68216.0
BATOON ALEXANDER,Sacred Heart Hospital Malolos,0.0
BATOON LEDEVINE,Sacred Heart Hospital Malolos,0.0
BAUTISTA MCWAIN,Sacred Heart Hospital Malolos,nan
BAUTISTA MONICO ANTON,Bulacan Medical Center,nan
BAUTISTA EDITHA,San Rafael Territorial,0.0
BAUTISTA ELVIRA,Castro Hospital Baliuag,nan
BAYAN  LEAH,Emmanuel Hospital San Miguel,nan
BAYAN  VIRGILIO,Emmanuel Hospital San Miguel,nan
BAYAN SOLITA,San Rafael Territorial,nan
BUENAFLOR BELLE,Malolos Territorials,nan
BULAONG MARIA VERONICA,Sacred Heart Hospital Malolos,nan
BULAONG ANTONIO,La Consolacion Hospital,0.0
BUQUID JUENE ADRIANNE,Pulilan Bulacan Territorials,nan
CABLING  PAUL,Castro Hospital Baliuag,nan
CABLING  VIRGINIA,Marcelo Hospital Baliuag,nan
CALALANG JONATHAN,Castro Hospital Baliuag,nan
CALDERON RHEA,Sacred Heart Hospital Malolos,nan
CALMA JACQUELINE,Malolos Territorials,nan
CAMNIA PAUL RUEL,Malolos Territorials,nan
CAMUA-VICTORIA MELANIE,Malolos Territorials,nan
CARASIG RENATO,Hagonoy Bulacan Territorials,0.0
CARLOS JOSE RAYMUND,Malolos Territorials,nan
CARLOS KIM BENEDICT,Malolos Territorials,nan
CARLOS ERICK JOHN,Malolos Territorials,nan
CARLOS FRANCIS,Malolos Territorials,nan
CAYLAO MA. NORMA,Castro Hospital Baliuag,nan
CENTENO ZOTICO VICENTE,Norzagaray Bulacan Territorial,nan
CHIONG FAUSTINO,Bustos Bulacan Territorials-2MNL3TR6,nan
CHIONG JR ARMANDO,Malolos Territorials,nan
CHUA FERDINAND  JOSE,Sacred Heart Hospital Malolos,nan
CHUA BENEDICTO,Malolos Territorials,nan
CINCO ERLINDA,Norzagaray Bulacan Territorial,nan
CONANAN-MONTES MARIEL,Malolos Territorials,0.0
CORREA PAMELA CJISEL,Baliuag Bulacan Territorial,nan
CORREA MARRAFE,Angat Bulacan Territorials,nan
CORTES JOSEPH,Calumpit Bulacan Territorials-2MNL3TR6,110302.0
CRUZ ABRAHAM,Sacred Heart Hospital Malolos,nan
CRUZ MARIA NIKKI,Malolos Territorials,nan
CRUZ MYRNA,Norzagaray Bulacan Territorial,nan
CRUZ VERONICA,Bulacan Medical Center,nan
CRUZ JAMIE ANNE,Bulacan Medical Center,nan
CRUZ LENA ALETHEA,Baliuag Bulacan Territorial,nan
CRUZ GILBERT GARCIA,ACE MALOLOS DOCTORS,nan
CRUZ ISAGANI,Baliuag Bulacan Territorial,0.0
CRUZ ROMEL,Malolos Territorials,0.0
CRUZ JIMMY,Marcelo Hospital Baliuag,0.0
CRUZ MARCI,Our Lady Of Mercy Hospital,nan
CRUZ ALBERTO,Baliuag Bulacan Territorial,nan
CRUZ  PHILIP,ACE Hospital Baliuag Bulacan,nan
CRUZ-SANTOS MARY ANN,Malolos Territorials,nan
CRUZ-TUASON JANICE LORIE,Emmanuel Hospital San Miguel,nan
CRUZ-TUASON VERONICA,Bulacan Medical Center,nan
CRUZCOSA JOSEPH PAUL,Malolos Territorials,nan
CUNDANGAN MELISSA,Sacred Heart Hospital Malolos,nan
DACUMOS GUIA ELINOR,La Consolacion Hospital,nan
DAITO JEREMIE,Bulacan Medical Center,nan
DAVID MARK FRANCISCO,Malolos Territorials,nan
DAVID RUTH,Bulacan Medical Center,nan
DE GUIA-MARIN GINAFER,Malolos Territorials,nan
DE GUZMAN NICHOLE ANDREA,Bulacan Medical Center,nan
DE JESUS JOSE MARI,Calumpit Bulacan Territorials-2MNL3TR6,nan
DE JESUS DAVERIC,Sacred Heart Hospital Malolos,nan
DE LEON MICO,Malolos Territorials,nan
DE VERA EDNA,San Ildefonso Bulacan Territorial,nan
DEL ROSARIO JASMIN,Sacred Heart Hospital Malolos,nan
DELA  MERCED RESITUTO,Sacred Heart Hospital Malolos,0.0
DELA CRUZ  SONNY,Malolos Territorials,nan
DELA CRUZ SONNY,Baliuag Bulacan Territorial,130302.0
DELA CRUZ  SONNY,Baliuag Bulacan Territorial,nan
DELA VEGA JAY,Calumpit Bulacan Territorials-2MNL3TR6,102158.0
DELA VEGA ELAINE,Calumpit Bulacan Territorials-2MNL3TR6,nan
DEMETRIA ELPIDIO,Sacred Heart Hospital Malolos,nan
DILAG-PRINCIPE POTENCIANA,Malolos Territorials,0.0
DIMAAPI IRENE,Castro Hospital Baliuag,nan
DOMINGO  BENILDA,Baliuag Bulacan Territorial,nan
DOQUE AINA,Sacred Heart Hospital Malolos,nan
EGARGO JESUS,Sacred Heart Hospital Malolos,0.0
EGUIA CORAZON,San Ildefonso Bulacan Territorial,nan
ELFA SANDY,Malolos Territorials,nan
EMMANUEL VERA,Emmanuel Hospital San Miguel,nan
ESCUDERO CHARITO,Baliuag Bulacan Territorial,112520.0
ESPANA FLORIANNE KRISTINE,Sacred Heart Hospital Malolos,nan
ESTRADA OLIVER,Baliuag Bulacan Territorial,103084.0
ESTRELLA AGNES BRIDGET,Malolos Territorials,60233.0
FARINAS AILEEN ABIGAIL,Sacred Heart Hospital Malolos,nan
FARIÑAS ALBERTO,Sacred Heart Hospital Malolos,0.0
FERNANDEZ RENE,Malolos Territorials,nan
FERNANDEZ RAYMUND,Castro Hospital Baliuag,0.0
FERNANDEZ PATRICIA,San Miguel Bulacan Territorial,nan
FLAVIANO ROMMEL,Wellness Clinic Malolos,0.0
FLORA ANGELITO JR,Sacred Heart Hospital Malolos,nan
FRANCISCO JAN JORGE,Castro Hospital Baliuag,nan
FRANCO MIEL,Sto. Nino Hospital Bustos,nan
GABAGAT ERICA,Bulacan Medical Center,nan
GABION APPLE,Sacred Heart Hospital Malolos,nan
GALANG LENARDE,Sacred Heart Hospital Malolos,nan
GALANG JOSEPHINE,Malolos Territorials,nan
GALVEZ RAULDAN,Galvez Medical Center,0.0
GALVEZ ANN CHERYL,Galvez Medical Center,0.0
GARCIA MAE,Malolos Territorials,nan
GATCHALIAN GLENN,Sacred Heart Hospital Malolos,nan
GATCHALIAN CHERRY,Sacred Heart Hospital Malolos,0.0
GATUS-ANIAG PATRICIA MARIE,Sacred Heart Hospital Malolos,nan
GO BETHOVEN,Malolos Territorials,nan
GO-QUE MARIA THERESA,Castro Hospital Baliuag,nan
GONZALES VON ELDON,Sacred Heart Hospital Malolos,nan
GONZALES ROCELIA,Plaridel Territorials,nan
GOTE NASSIEF,Bulacan Medical Center,nan
GUNGON MA. CONCEPTION,Sacred Heart Hospital Malolos,nan
GUTUERREZ MARY JANE,Sacred Heart Hospital Malolos,nan
HALDOS-CATACUTAN JUZY,ACE MALOLOS DOCTORS,nan
HAO CELINE ANDREA,Sacred Heart Hospital Malolos,nan
HAO BELINDA,Sacred Heart Hospital Malolos,nan
HIDALGO RITCHEL,Sacred Heart Hospital Malolos,nan
ILETO DANNIEL,Emmanuel Hospital San Miguel,nan
JACINTO JORG JURGEN,Galvez Medical Center,135385.0
JAVIER RONALD,Malolos Territorials,0.0
JIMENEZ JONI JOHN,Sacred Heart Hospital Malolos,0.0
JOSE MA. LILIA MONINA,Sacred Heart Hospital Malolos,nan
JOSUE CORAZON,Calumpit Bulacan Territorials-2MNL3TR6,nan
LABAYOG LOVEY,Plaridel Territorials,nan
LAO RONNIE,Sacred Heart Hospital Malolos,0.0
LATA DIANA NYX,Malolos Territorials,nan
LAVA ANA,Sacred Heart Hospital Malolos,nan
LEANO DENICE ROMAGNE,Sacred Heart Hospital Malolos,nan
LEGASPI MARIA ANN PATRICIA,Bulacan Medical Center,nan
LEGAZPI JAMES VINCENT,Plaridel Territorials,133486.0
LIM DONDI,Sacred Heart Hospital Malolos,nan
LIM-VITUG ARLENE,Malolos Territorials,nan
LINSAO-CAPULONG MA. JEAN,Sacred Heart Hospital Malolos,nan
LORENZO MARK JOSEPH,Malolos Territorials,nan
LUCIA YANGA,Sacred Heart Hospital Malolos,nan
LUMIQUED JERSEY,Angat Bulacan Territorials,11111.0
LUNA JUNE,Baliuag Bulacan Territorial,0.0
MAGBITANG MEDINA,San Rafael Territorial,nan
MAGLAQUI ALAMIRA,Malolos Territorials,nan
MAGTIRA FIDEL,Sacred Heart Hospital Malolos,nan
MALABANAN ANA MARIE,Malolos Territorials,nan
MANALAYSAY AMANDA MAE,Sacred Heart Hospital Malolos,nan
MANALAYSAY FREDERICK,Sacred Heart Hospital Malolos,nan
MANALO NILDA,Baliuag Bulacan Territorial,nan
MANANGHAYA ISAGANI,Baliuag Bulacan Territorial,47974.0
MARCELO JOMAR,Marcelo Hospital Baliuag,nan
MARIANO ROSALYN,Bulacan Medical Center,nan
MARK BAUTISTA,Castro Hospital Baliuag,nan
MATIAS REYNALDO REY,ACE MALOLOS DOCTORS,nan
MEDINA MARITESS,La Consolacion Hospital,0.0
MENDOZA MARIA LEONORA,Sacred Heart Hospital Malolos,nan
MENDOZA LORETA,Malolos Territorials,nan
MENDOZA-LAQUINDANUM SERAH KAE,ACE MALOLOS DOCTORS,nan
MONTES JEFFREY,Malolos Territorials,nan
MUTUC KENNETH,Pulilan Bulacan Territorials,0.0
NAVARRO NIEL PAOLO,Bulacan Medical Center,nan
NICODEMUS-POSO ROSELLE,ACE MALOLOS DOCTORS,nan
NICOLAS JAY,Baliuag Bulacan Territorial,nan
OBEDOZA EBENEZER,Calumpit Bulacan Territorials-2MNL3TR6,51649.0
OBNIAL CRISTY,Malolos Territorials,nan
OLIVEROS DEBBIE,Bocaue near Shell / Prime Health Sm Marilao-2MNL3TR6,nan
ONG JUSTIN ALLISTER,Castro Hospital Baliuag,nan
ONG RUBEN,Baliuag Bulacan Territorial,0.0
ORTEGA CHERTER,Emmanuel Hospital San Miguel,nan
PADILLA SAMANTHA FAYE,Plaridel Territorials,nan
PADILLA TRINIDAD,Marcelo Hospital Baliuag,0.0
PADILLA STANLEY,Plaridel Territorials,12345.0
PAGDANGANAN HECTOR,Plaridel Territorials,nan
PAITIM GEORGE,Norzagaray Bulacan Territorial,nan
PAJELA ROMEL,Hagonoy Bulacan Territorials,nan
PANDY RECEY MARIE,Sacred Heart Hospital Malolos,nan
PANGANIBAN RHANDY,ACE MALOLOS DOCTORS,nan
PARAS BRYAN,Malolos Territorials,nan
PASTOR MARIE CHARMAINE,Bulacan Medical Center,nan
PATAWARAN ORPHA,Christ the King Hospital-2MNL3TR6,nan
PAULINO HUBERTH,Sacred Heart Hospital Malolos,nan
PAULINO  EMILY,San Rafael Territorial,0.0
PENEYRA KARLA PATRICIA,Malolos Territorials,nan
PESEBRE RHODORA,Norzagaray Bulacan Territorial,nan
PESEBRE RAYMUND,Sacred Heart Hospital Malolos,0.0
PILE MARICHEL,Plaridel Territorials,nan
PINGOL ROSEMARIE,Sacred Heart Hospital Malolos,nan
PORCIUNCULA NINO,Baliuag Bulacan Territorial,nan
PUNONGBAYAN ROMEL,Malolos Territorials,nan
QUETUA ORLANDO,Malolos Territorials,nan
RAMOND  DELA CRUZ,Emmanuel Hospital San Miguel,nan
RAMOS LORINO,Malolos Territorials,nan
RAMOS REBECCA,Malolos Territorials,nan
RAMOS CRISTIAN,Malolos Territorials,nan
RAMOS SHIELA ANGHAD,Plaridel Territorials,nan
RAYO JOSEPH,San Miguel Bulacan Territorial,nan
RETUERMA GRACE,Plaridel Territorials,nan
REYES MARIA RUTH,Sacred Heart Hospital Malolos,nan
REYES RUTH,Sacred Heart Hospital Malolos,0.0
RIEGO DE DIOS RICARDO,La Consolacion Hospital,nan
RIOVEROS CHERLAMIR,Sacred Heart Hospital Malolos,0.0
RIOVEROS ANGELITO,Malolos Territorials,0.0
RIVERA GRACE ANNE,Sacred Heart Hospital Malolos,nan
RIVERA-SANTOS RHEA,Plaridel Territorials,nan
ROBLES BARBRA ANN,Christ the King Hospital-2MNL3TR6,nan
RODRIGUEZ WILIAM,Sacred Heart Hospital Malolos,nan
ROMOS PATRICK,Plaridel Territorials,nan
ROQUE JASON,Sacred Heart Hospital Malolos,nan
SADDAM JOSEFINA,San Rafael Territorial,nan
SALAMAT LLEWELYN,Hagonoy Bulacan Territorials,nan
SALVADOR PIA,Angat Bulacan Territorials,nan
SALVADOR ALBERT,Norzagaray Bulacan Territorial,nan
SAMSON CLARISSA,Sto. Nino Hospital Bustos,nan
SAN DIEGO MARI FAY,Plaridel Territorials,nan
SAN DIEGO ANNA ROSALIA,Plaridel Territorials,nan
SAN DIEGO MICAELA,Plaridel Territorials,nan
SANTIAGO MA. ROSARIO,Wellness Clinic Malolos,nan
SANTIAGO SEGNORE,Malolos Territorials,nan
SANTIAGO JOSELITO,Norzagaray Bulacan Territorial,nan
SANTIAGO MARIO LOY,Our Lady Of Mercy Hospital,nan
SANTIANO RICHELLE ANN,Our Lady Of Mercy Hospital,133474.0
SANTOS  ROMER,Our Lady Of Mercy Hospital,nan
SANTOS QUENCIANA,Angat Bulacan Territorials,nan
SANTOS  MARY ANN,Malolos Territorials,nan
SANTOS RHANDY,Hagonoy Bulacan Territorials,nan
SANTOS REYCARLO,ACE Hospital Baliuag Bulacan,nan
SANTOS SYLVIA,Malolos Territorials,nan
SANTOS ESTRELIA,Pulilan Bulacan Territorials,nan
SANTOS-MABALAY SHARON,Norzagaray Bulacan Territorial,nan
SAYCO MILDRED,Our Lady Of Mercy Hospital,nan
SAYO THERESE,Malolos Territorials,nan
SAYO ELENA,Malolos Territorials,nan
SEVILLA ROMELYN,Marcelo Hospital Baliuag,139980.0
SICCION ROBERTINO,Pulilan Bulacan Territorials,0.0
SIUTE RACHELLE ANN,Sacred Heart Hospital Malolos,nan
SOTTA LAARNI,Emmanuel Hospital San Miguel,nan
STO. TOMAS LIZBETH,Malolos Territorials,nan
TANDOC ERDULFO VICTOR,La Consolacion Hospital,nan
TIONGSON GWEN,Sacred Heart Hospital Malolos,nan
TOLEDANES HONEYGIRL,ACE MALOLOS DOCTORS,nan
TONGCO CRISTINA,Baliuag Bulacan Territorial,nan
TORRES LLOYD,Sacred Heart Hospital Malolos,nan
TRINIDAD LINUEL,Plaridel Territorials,nan
TRIPON EDHEL,Sacred Heart Hospital Malolos,nan
TUASON JANICE,Emmanuel Hospital San Miguel,nan
TUGNA SHERYL,Sacred Heart Hospital Malolos,nan
UMANA GERRY,San Miguel Bulacan Territorial,nan
UY RODOLFO JR.,Sacred Heart Hospital Malolos,nan
VALDEZ  VITTORIO BRAINER,Bulacan Medical Center,nan
VALENZUELA ELIZA,ACE Hospital Baliuag Bulacan,0.0
VALERIO ERLINDA,Malolos Territorials,nan
VASALLO PILAR CRISTINA,San Rafael Territorial,112403.0
VELASCO MAURINE,Sacred Heart Hospital Malolos,nan
VERA ELEAZER LEOPOLD,Emmanuel Hospital San Miguel,nan
VICTORIA ROLLAND,Baliuag Bulacan Territorial,nan
VILLAFUERTE FRITZIE,La Consolacion Hospital,nan
VILLANUEVA CARLO,Sacred Heart Hospital Malolos,nan
VILLARETE NOEL RAPHAEL,Sacred Heart Hospital Malolos,nan
VILLEGAS MARCO RODRIGO,Emmanuel Hospital San Miguel,nan
VIOLAGO MARTIN,San Rafael Territorial,nan
VIUDEZ EMILY,San Rafael Territorial,nan
VIZCONDE AMELITA,Plaridel Territorials,nan
YACO JOYCE ANNE,Castro Hospital Baliuag,159246.0
YAP EMILY,Malolos Territorials,nan
YU MARY JANE,Our Lady Of Mercy Hospital,nan
YUMUL ALLEN,Castro Hospital Baliuag,nan
YUMUL ANJANETTE,Castro Hospital Baliuag,nan
ZAPANTA WOODY,Plaridel Territorials,0.0
ADAN RYAN NEIL,URDANETA SACRED HEART HOSPITAL,nan
ADIGUE ALDWIN,URDANETA SACRED HEART HOSPITAL,nan
ANG KERWIN,URDANETA SACRED HEART HOSPITAL,nan
ARCALAS ROSEMARIE,ARCALAS CLINIC,nan
ARCALAS LEONIDES,ARCALAS CLINIC,nan
ARITCHETA DANILO,EASTERN PANGASINAN MULTI SPECIALTY & DIAGNOSTIC CENTER,nan
AROMIN ANNA LIZA,EASTERN PANGASINAN MULTI SPECIALTY & DIAGNOSTIC CENTER,nan
ATANACIO SHARI ANN,URDANETA SACRED HEART HOSPITAL,nan
AUSA REDEN,URDANETA SACRED HEART HOSPITAL,nan
BANEZ VENUZ,VM BANEZ CLINIC,nan
BERNAL ALFREDO,BLESSED FAMILY HOSPITAL,nan
BULATAO ALFONSO,HEART CLINIC,nan
BULATAO AILEEN GRACE,HEART CLINIC,nan
BULATAO DARLENE,NAZARETH GENERAL HOSPITAL,nan
CAMAGAY KARLO ANGELO,URDANETA SACRED HEART HOSPITAL,nan
CEREZO CYNTHIA,BLESSED FAMILY HOSPITAL,nan
CHUA CARLOS,ROSALES CHUA PUN MEMORIAL HOSPITAL,nan
CHUA MAYUMI,URDANETA SACRED HEART HOSPITAL,nan
CONSTANTINO ALVIN,BLESSED FAMILY HOSPITAL,nan
CUNA JAN BENISON,THE MEDICAL CITY PANGASINAN,nan
DE GUZMAN JHUDIELLE,URDANETA SACRED HEART HOSPITAL,nan
DE GUZMAN ARLENE,DE GUZMAN CLINIC,nan
DE GUZMAN CRISANTE,DE GUZMAN CLINIC,nan
DE JESUS BRENDALYN,DEL CARMEN MEDICAL CLINIC & HOSPITAL,nan
DE LARA CYRELL,EASTERN PANGASINAN MULTI SPECIALTY & DIAGNOSTIC CENTER,nan
DEE ERIC ROLAND,THE MEDICAL CITY PANGASINAN,nan
DELA CRUZ LYN,URDANETA SACRED HEART HOSPITAL,nan
DESEAR PATRICK VINCENT,URDANETA SACRED HEART HOSPITAL,nan
DICCION BIMBO,URDANETA SACRED HEART HOSPITAL,nan
DINAMLING PRESENTACION DAPHNE,U-HEALTH CARE CLINIC,nan
DIZON ZENAIDA,THE MEDICAL CITY PANGASINAN,nan
DOMINGO KRISTINE,DEL CARMEN MEDICAL CLINIC & HOSPITAL,nan
DORIA URSUS,DORIA CLINIC,nan
DUQUE GOZAR,DAGUPAN DOCTORS VILAFLOR MEMORIAL HOSPITAL,nan
ENRILE RITCHIE,DEL CARMEN MEDICAL CLINIC & HOSPITAL,nan
ESCANO MAXIMIANO,THE MEDICAL CITY PANGASINAN,nan
ESCANO DOLLYANA,URDANETA SACRED HEART HOSPITAL,nan
ESIO HEINTJI,NAZARETH GENERAL HOSPITAL,nan
ESPANOL JOSE,URDANETA SACRED HEART HOSPITAL,nan
ESTANISLAO JOEL,URDANETA SACRED HEART HOSPITAL,nan
ESTRADA TITUS LEO,EASTERN PANGASINAN MULTI SPECIALTY & DIAGNOSTIC CENTER,nan
FABRO PETRA,FABRO CLINIC,nan
FERNANDEZ MICHAEL,BLESSED FAMILY HOSPITAL,nan
FERRER JESSAMIN,BLESSED FAMILY HOSPITAL,nan
FERRERIA NATHANIEL,ROSALES CHUA PUN MEMORIAL HOSPITAL,nan
FRONDA CHESTER,VILLASIS RHU,nan
FUENTES PAQUITO,URDANETA SACRED HEART HOSPITAL,nan
GALANG RESSIE,THE MEDICAL CITY PANGASINAN,nan
GALO ARA,BLESSED FAMILY HOSPITAL,nan
GONZALVES JUDE,URDANETA SACRED HEART HOSPITAL,nan
GOROSPE CRISTINA,CHO OF URDANETA,nan
GREGORIO MARY EURIELLE,CHO OF URDANETA,nan
JACINTO JOSELITO,URDANETA SACRED HEART HOSPITAL,nan
LAURETA WENJAMES,URDANETA SACRED HEART HOSPITAL,nan
LAVARIAS BRENT,BLESSED FAMILY HOSPITAL,nan
LIBERATO GLORIA,VILLASIS RHU,nan
LICETONA MA. THERESE,DR MARCELO M CHAN MEMORIAL HOSP,nan
LIM EDGAR,TAYUG FAMILY HOSPITAL,nan
LOPEZ FRANCIS,THE MEDICAL CITY PANGASINAN,nan
MACARANAS ERICK,MACARANAS NEURO SPECIALIST CLINIC,nan
MALBOG MILBEN,THE MEDICAL CITY PANGASINAN,nan
MANALIGOD ENRICA,URDANETA SACRED HEART HOSPITAL,nan
MANONGSON MARJORIE,CHO OF URDANETA,nan
MENDOZA HEIDI JESSE,URDANETA SACRED HEART HOSPITAL,nan
MENIADO ELLYN,VILLASIS RHU,165340.0
MISA AINSTEIN MARIE,NAZARETH GENERAL HOSPITAL,nan
MONDALA MAURO,URDANETA SACRED HEART HOSPITAL,nan
MONSANTO CLEZZEL,TAYUG FAMILY HOSPITAL,nan
MORADO MARK CRISTIAN,DR HEALTH CLINIC,nan
MORALES POCHOLO,THE MEDICAL CITY PANGASINAN,nan
MUIN JENIFER,MUIN CLINIC,nan
MUNOZ EFREN,BLESSED FAMILY HOSPITAL,nan
OBALDO JOY,TAYUG FAMILY HOSPITAL,nan
OBAY SHIRLEY CECILIA,URDANETA SACRED HEART HOSPITAL,nan
OLIVA PHILIP,NAZARETH GENERAL HOSPITAL,nan
OLIVAR FRANCISCO,URDANETA SACRED HEART HOSPITAL,nan
OSIAS LENDIL,URDANETA SACRED HEART HOSPITAL,nan
OSIAS LARINA,URDANETA SACRED HEART HOSPITAL,nan
PAGSOLINGAN JOEL,URDANETA SACRED HEART HOSPITAL,nan
PAJINAG ELENA,URDANETA SACRED HEART HOSPITAL,nan
PALISOC JAQUELINE,URDANETA SACRED HEART HOSPITAL,nan
PALMONES DENISE ABIGAIL,THE MEDICAL CITY PANGASINAN,nan
PANTUA RHODALYN,URDANETA SACRED HEART HOSPITAL,nan
PARAYNO RACHEL ANN,CHO OF URDANETA,nan
PARAYNO JESSILA,CHO OF URDANETA,nan
PARINAS DARIUS,URDANETA SACRED HEART HOSPITAL,nan
PARINAS ROSEMARIE,URDANETA SACRED HEART HOSPITAL,nan
PASAG MARY JESSIL,TAYUG FAMILY HOSPITAL,nan
PECO ALMELKINS,BLESSED FAMILY HOSPITAL,nan
PELWIGAN CHESTER LESLIE,URDANETA SACRED HEART HOSPITAL,nan
PERALTA ROQUE,BLESSED FAMILY HOSPITAL,nan
PEREZ LORRAINE,VILLAFLOR DOCTORS AND DIAGNOSTIC CENTER,nan
QUEREMIT ISIDORA,THE MEDICAL CITY PANGASINAN,nan
RABARA ROMUEL,URDANETA SACRED HEART HOSPITAL,nan
RASAY FRANCE,NAZARETH GENERAL HOSPITAL,nan
REBOSA JOSE MARCELINO,VILLASIS RHU,nan
REYES DIMETRIA,URDANETA SACRED HEART HOSPITAL,nan
RIVERA NESTOR,THE MEDICAL CITY PANGASINAN,nan
RODRIGO SALVADOR,URDANETA SACRED HEART HOSPITAL,nan
ROXAS IRINA,THE MEDICAL CITY PANGASINAN,nan
SANCHEZ ARLENE ANN,THE MEDICAL CITY PANGASINAN,nan
SANTOS FEDERICO,THE MEDICAL CITY PANGASINAN,nan
SERRANO ROY,THE MEDICAL CITY PANGASINAN,nan
SOLAR LARAH,THE MEDICAL CITY PANGASINAN,nan
SUNGCUAN DIANA,BLESSED FAMILY HOSPITAL,nan
TANLAPCO EDUARDO,THE MEDICAL CITY PANGASINAN,nan
TIBAYAN WILSON,URDANETA SACRED HEART HOSPITAL,nan
TORIO LOURDES ROWENA,THE MEDICAL CITY PANGASINAN,nan
TRINIDAD CARLO,BLESSED FAMILY HOSPITAL,nan
TUAZON ANGELA,THE MEDICAL CITY PANGASINAN,nan
TULAGAN IDA,THE MEDICAL CITY PANGASINAN,nan
UNTALAN FRANCISCO,NAZARETH GENERAL HOSPITAL,nan
VERZOLA KATRINA KYLE,VILLASIS RHU,nan
VINLUAN FERNANDO,DEL CARMEN MEDICAL CLINIC & HOSPITAL,nan
YU VANESSA,EASTERN PANGASINAN MULTI SPECIALTY & DIAGNOSTIC CENTER,nan
YUNG DONNA,DR MARCELO M CHAN MEMORIAL HOSP,nan
RAMOS CRIS,Notre Dame de Chartres Hospital,nan
ALCANTARA ALEXANDER,Cabato Clinic,nan
ALMOJUELA CHARMAINE,Bethany Hospital,nan
ALQUIZA IAN FEB,Benguet General Hospital,nan
ALUNES JOSEPH,City Health Office,nan
ALVES JOSEPH,City Health Office,nan
AMBASING NEIL,Baguio General Hospital and Medical Center,nan
ANDAL GLENN,Saint Louis University Hospital of Sacred Heart,nan
ANDAYA JEROME,Benguet General Hospital,nan
ANGALA TED,Notre Dame de Chartres Hospital,nan
APOLINAR MARY MARGARET,Benguet Laboratories,nan
ARRASTIA CLARISSA,"Great Faith Medical, Pharmacy and Diagnostic Center, Inc.",nan
ASPIRAS GUILVIC,Bethany Hospital,nan
ASWAT RAY,Baguio General Hospital and Medical Center,nan
AWAO KIM,Saint Louis University Hospital of Sacred Heart,nan
AZARCON CHEYENNE,Bethany Hospital,nan
BACANI JASON ROY,Notre Dame de Chartres Hospital,nan
BACASEN LAURA,"Great Faith Medical, Pharmacy and Diagnostic Center, Inc.",nan
BALANON LEICA,Saint Louis University Hospital of Sacred Heart,nan
BALAO MERIAM,Orion Clinic,nan
BALATIAN-TIONG JENNIFER,Baguio Medical Center,nan
BAMBICO LALA,Bethany Hospital,nan
BANDONILL JOAN,Dr. joan Bandonill Clinic,nan
BANGLOY MICHAEL,Lorma Medical Center,nan
BATALLA RACHELLE,City Health Office,nan
BAUTISTA VICKY ANN,Lorma Medical Center,nan
BAUTISTA CARMELO,Baguio General Hospital and Medical Center,nan
BERSAMIRA MARK DEREEK,KOOP Medical Clinic,nan
BITENG VIRGINIA,Cordillera Hospital of the Divine Grace (CHDG),nan
BLACK DWIGHT,"Assumption Medical Diagnostic Center, Inc, La Trinidad",nan
BLACK SOFIA,Saint Louis University Hospital of Sacred Heart,nan
BONGOTAN JOEL,Notre Dame de Chartres Hospital,nan
BORILLO EMMELINE,Saint Louis University Hospital of Sacred Heart,nan
BRAGA ANNA,Benguet General Hospital,nan
BRINGAS MARRJHOURIE,Notre Dame de Chartres Hospital,nan
BROWN  HELENNE JOIE,Notre Dame de Chartres Hospital,nan
CABATO JULIE,Cabato Clinic,nan
CACANINDIN MARK,Notre Dame de Chartres Hospital,nan
CALERA ADRIAN,Notre Dame de Chartres Hospital,nan
CALIBUSO JUSTINA,Notre Dame de Chartres Hospital,nan
CALIMLIM LEOPOLDO,Notre Dame de Chartres Hospital,nan
CALIMLIM MARIA REYLITA,Notre Dame de Chartres Hospital,nan
CASEM PEJY,Lorma Medical Center,nan
CHAM KATHRINA JEWL,Saint Louis University Hospital of Sacred Heart,nan
CINIO ANNA LUISA,"Great Faith Medical, Pharmacy and Diagnostic Center, Inc.",nan
CIRILO BRENDA,Mt.Sinai Cardiac Laboratories,nan
CLARIDAD LOUELLA,Baguio Medical Center,nan
CLARIDAD KRISTINE,Baguio Medical Center,nan
CLARIDAD DIONISIO,Baguio Medical Center,nan
CLEMENTE MELANIE,Benguet Laboratories,nan
CO JERRY,Lorma Medical Center,nan
COPAHAN ROSIE ANN,Baguio General Hospital and Medical Center,nan
CORCHA  JASPRAISE,Lorma Medical Center,nan
CORPUZ  ALLAN,Lorma Medical Center,nan
CORPUZ  HANNAH,Lorma Medical Center,nan
CORTEZ NATHANIEL,Bethany Hospital,nan
COVADEZ YVONNY,Benguet General Hospital,nan
DACANAY DAN,Lorma Medical Center,nan
DACAYANAN ANNE RHEA,Agoo Family Hospital,nan
DANGANAN HYDEE,Baguio General Hospital and Medical Center,nan
DE CHAVEZ DAVID,Notre Dame de Chartres Hospital,nan
DE LEON EMMANUEL,Notre Dame de Chartres Hospital,nan
DE PAYNOS TANYA,Notre Dame de Chartres Hospital,nan
DELA CRUZ SHERWIN,"La Union Medical Diagnostic Center and Hospital, Inc",nan
DELA CRUZ JOYCE,Baguio General Hospital and Medical Center,nan
DELA CRUZ MARCO,Baguio General Hospital and Medical Center,nan
DELA MERCED ADA,Notre Dame de Chartres Hospital,nan
DELA PENA FLORENCE,Benguet Laboratories,nan
DIZON ROSELLA,"La Union Medical Diagnostic Center and Hospital, Inc",nan
DIZON DARYL,Saint Louis University Hospital of Sacred Heart,nan
DOMINGO  NICOLE,Saint Louis University Hospital of Sacred Heart,nan
DOMINGUEZ ROANNE,Saint Louis University Hospital of Sacred Heart,nan
DOMINGUEZ ROSEMARIE,Notre Dame de Chartres Hospital,nan
DULAY DOMINIQ,Baguio General Hospital and Medical Center,nan
ESPINOSA BRENDA,Lorma Medical Center,nan
ESPINOSA RAYMOND,Lorma Medical Center,nan
ESTANDIAN REYNALD,Lorma Medical Center,nan
ESTERA TERESA,Baguio General Hospital and Medical Center,nan
ESTRADA JILLIANE,"Assumption Medical Diagnostic Center, Inc",nan
EUSTAQUIO KAREEM,Notre Dame de Chartres Hospital,nan
FABIA MARY GRACE,Bethany Hospital,nan
FANGONIL FELIXBERTO,Bethany Hospital,nan
FANGONILO RANDOLF,Baguio General Hospital and Medical Center,nan
FLOR  GERIK,QA Laboratories,nan
FOMANEG CHERYL,Notre Dame de Chartres Hospital,nan
FUSILERO RHODERICK,Bethany Hospital,nan
FUSILERO MARCELYN,Lorma Medical Center,nan
GAERLAN EDWARD,Lorma Medical Center,nan
GAGTAN APRILYN,Bauang Medical and Diagnostic Center,nan
GALERA ROSEMARIE,Baguio General Hospital and Medical Center,nan
GALLEON EDMAR,Saint Louis University Hospital of Sacred Heart,nan
GARCIA FAITH,Baguio General Hospital and Medical Center,nan
GENUINO MYLENE,Hi- Precision Diagnostics,nan
GERONIMO MARICAR,Notre Dame de Chartres Hospital,nan
GIZON GHEONA,Baguio General Hospital and Medical Center,nan
GO SHEYNA,Lorma Medical Center,nan
GO ANGELITA,Notre Dame de Chartres Hospital,nan
GOMEZ EDGAR PAUL,Dr. Edgar Paul Gomez Clinic,nan
GONZALES ELIZABETH,Bethany Hospital,nan
GORION CHRISTIAN,Lorma Medical Center,nan
GUNDRAN NELSON,Lorma Medical Center,nan
GUSTON TRISTAN,Notre Dame de Chartres Hospital,nan
GUTIERREZ STEPHANIE,Lorma Medical Center,nan
HADDRILL ZANE,"La Union Medical Diagnostic Center and Hospital, Inc",nan
HERNANDEZ DIVINA,Notre Dame de Chartres Hospital,nan
HIYADAN JOHN HAROLD,Saint Louis University Hospital of Sacred Heart,nan
INSTRELLA RONILLO,"La Union Medical Diagnostic Center and Hospital, Inc",nan
JIMENO ANTONIO,Bethany Hospital,nan
KELLY MANUEL,CYD Building La Trinidad,nan
KITONGAN RYDELL,Notre Dame de Chartres Hospital,nan
KUA SI LEON,Pines Doctors Hospital,nan
LACHICA SAMANTHA,Notre Dame de Chartres Hospital,nan
LAYGO LIZL,Saint Louis University Hospital of Sacred Heart,nan
LEUNG BRENDA,"Assumption Medical Diagnostic Center, Inc",nan
LEUNG ARVIN,Saint Louis University Hospital of Sacred Heart,nan
LEUNG BRIAN ANTHONY,"Assumption Medical Diagnostic Center, Inc",nan
LIBAN ANGELO,Baguio General Hospital and Medical Center,nan
LICERALDE RAYVLIN,Notre Dame de Chartres Hospital,nan
LIM KRIZIA MARIE,Global Multispecialty Diagnostic Center,nan
LIQUETE DEBBIE,"Assumption Medical Diagnostic Center, Inc",nan
LOMBOY CAROLINA,Bethany Hospital,nan
LOMIBAO GEORGIA,Notre Dame de Chartres Hospital,nan
LORENZANA AURORA,Saint Louis University Hospital of Sacred Heart,nan
LOUIE SHIU,"Assumption Medical Diagnostic Center, Inc",nan
LUNA KATHRINA,"Assumption Medical Diagnostic Center, Inc",nan
MACARAEG RALPH,Notre Dame de Chartres Hospital,nan
MADAYAG EVA MARIE,"La Union Medical Diagnostic Center and Hospital, Inc",nan
MADAYAG JEANETTE,"La Union Medical Diagnostic Center and Hospital, Inc",nan
MADRONIO ERICKSON,Saint Louis University Hospital of Sacred Heart,nan
MALLARE JAYSON,Saint Louis University Hospital of Sacred Heart,nan
MANALO RACHEL,Saint Louis University Hospital of Sacred Heart,nan
MANALO RENATO,Saint Louis University Hospital of Sacred Heart,nan
MANALO XAVIER,Saint Louis University Hospital of Sacred Heart,nan
MANGATI VIRGINIA,Baguio General Hospital and Medical Center,nan
MAPAGU ROMMEL,Dr. Rommel Mapagu,nan
MAPAGU ASHLEY,Baguio General Hospital and Medical Center,nan
MARIANO EDWIN,Saint Louis University Hospital of Sacred Heart,nan
MARTINEZ IVY ROSE,Bethany Hospital,nan
MAYO LORIVI,Bethany Hospital,nan
MENDOZA FLERIDA,Bethany Hospital,nan
MENDOZA KIMBERLY,Saint Louis University Hospital of Sacred Heart,nan
MERCADO JERALDINE,Notre Dame de Chartres Hospital,nan
MOLANO ROMEO,Lorma Medical Center,nan
MONICO ROMULO,City Health Office,nan
MONIS MANUEL,Lorma Medical Center,nan
MONTENEGRO FRANZ GENEVIEVE,Session Diagnostic Center,nan
MORAN CYNTHIA,Trulab Medical and Diagnostic Center,nan
MORLA RONIE,St. Raphaels Clinic,nan
NGALOB JOSEPHINE,Notre Dame de Chartres Hospital,nan
OCCIDENTAL WILLIAM,Baguio General Hospital and Medical Center,nan
OCTAVIANO CHRYSANTA,Bethany Hospital,nan
OJASCASTRO DESI JAMES,Notre Dame de Chartres Hospital,nan
OJASCASTRO EMELIE,Notre Dame de Chartres Hospital,nan
OLARTE ANNIE,Saint Louis University Hospital of Sacred Heart,nan
ORIBIO RAYMOND,Notre Dame de Chartres Hospital,nan
ORLINO MA. TERESA,Lorma Medical Center,nan
PACIO ALLYN,A.E PACIO Qualihealth Medical Clinic and Laboratory,nan
PADA DEION,Lorma Medical Center,nan
PADALLA KRISTIE,Benguet General Hospital,nan
PADILLA DAVE ANTHONY,Saint Louis University Hospital of Sacred Heart,nan
PADRID JANE,Lorma Medical Center,nan
PADUA ARNEL,Saint Louis University Hospital of Sacred Heart,nan
PALABAY CRISANTA,Lorma Medical Center,nan
PALACIO ROWELL,Notre Dame de Chartres Hospital,nan
PALAGANAS DIVINA,Laperal Building Session,nan
PALAGANAS CAESAR NOEL,Laperal Building Session,nan
PANEDA NANCY,Dr. Nancy Paneda- Talucod,nan
PANGAN RICARDO,Benguet General Hospital,nan
PANGWI GEORGE,Saint Louis University Hospital of Sacred Heart,nan
PARADO MIKHAIL,Lorma Medical Center,nan
PASTORFIDE MARIO,"La Union Medical Diagnostic Center and Hospital, Inc",nan
PATRICIO JOSEPH,Bethany Hospital,nan
PERLAS JIM,Notre Dame de Chartres Hospital,nan
PINLAC MA. GEMMA,Saint Louis University Hospital of Sacred Heart,nan
PIZARRO FRANCIS,Notre Dame de Chartres Hospital,nan
PIZARRO-CATANIAG ANGELA,Baguio General Hospital and Medical Center,nan
QUIBIN JEANNE,Benguet General Hospital,nan
QUITASOL PETER,Saint Louis University Hospital of Sacred Heart,nan
RAGAZA MARY JUDITH,Lorma Medical Center,nan
RAMOS HAZELYN,Notre Dame de Chartres Hospital,nan
RECAIDO SHERLYN,"La Union Medical Diagnostic Center and Hospital, Inc",nan
RESTUA MILAGROS,Baguio General Hospital and Medical Center,nan
REVILLA RUEL,Saint Louis University Hospital of Sacred Heart,nan
REYES RAYMOND,Saint Louis University Hospital of Sacred Heart,nan
RIAMBON MARVIN,Notre Dame de Chartres Hospital,nan
RITOS LEONARDO,Bamarva Polyclinic,nan
RITOS MA. ISABEL,Bamarva Polyclinic,nan
RITOS LYNETTE,Notre Dame de Chartres Hospital,nan
RIVERA BALTAZAR,Bethany Hospital,nan
ROYECA RALPH,Saint Louis University Hospital of Sacred Heart,nan
ROYECA LEICA,Global Multispecialty Diagnostic Center,nan
SALANGO MARCELINO,Dr. Marcelino Salango Clinic,nan
SALOMON EDDELYN,Bethany Hospital,nan
SANGLAY LEAH,Bethany Hospital,nan
SANTOS HILDEGUNDA,Lorma Medical Center,nan
SARFATI SOCORRO,Baguio Medical Center,nan
SAYABOC KRSITINE,Saint Louis University Hospital of Sacred Heart,nan
SHARMA JONAS,Dr. Jonas Sharma Clinic,nan
SHIU LOUIE ALFRED,"Assumption Medical Diagnostic Center, Inc",nan
SIBAYAN GENOVEVA,Bethany Hospital,nan
SIBAYAN MAE LAVERN,Notre Dame de Chartres Hospital,nan
SOFLA AMICHELLE,Lorma Medical Center,nan
SOLIMEN DOMINGO,Notre Dame de Chartres Hospital,nan
SUCLAD ALMA,Notre Dame de Chartres Hospital,nan
SY ENDRIK,Baguio General Hospital and Medical Center,nan
TAGUDAR DAISY MAE,Benguet General Hospital,nan
TAMIAO RACHEL,Bethany Hospital,nan
TANDAS ROSESHE,QA Laboratories,nan
TE-ELAN TRIZ,"La Union Medical Diagnostic Center and Hospital, Inc",nan
TINDUNGAN JOSEPHINE,Notre Dame de Chartres Hospital,nan
TIONG VERNON,Baguio Medical Center,nan
TIONG VICTOR,Tiongs Clinic,nan
TIONG JENNIFER,Baguio Medical Center,nan
TOLEDO GAIL,Saint Louis University Hospital of Sacred Heart,nan
TURQUEZA RUCHELLE,Notre Dame de Chartres Hospital,nan
ULTADO MA. DYANNE,Saint Louis University Hospital of Sacred Heart,nan
UNTALAN VIVIANNE,Notre Dame de Chartres Hospital,nan
UY JOAN,Benguet General Hospital,nan
VALDEZ DANTE,"La Union Medical Diagnostic Center and Hospital, Inc",nan
VALDEZ JILL,Lorma Medical Center,nan
VALDEZ DANIELLE,Maternal and Trauma Clinic,nan
VALDEZ THESSIE MINELI,Saint Louis University Hospital of Sacred Heart,nan
VERGANIO FLORDELIZA,Nitura-Verganio Clinic,nan
VIDAD AARON,Notre Dame de Chartres Hospital,nan
VIGILIA EDWARD,KOOP Medical Clinic,nan
VILLANUEVA BRENDA,Dr. Brenda Villanueva Clinic,nan
WALSEIN PHILIP,Cordillera Hospital of the Divine Grace (CHDG),nan
WARREN HOPE,Notre Dame de Chartres Hospital,nan
YAN JUDY,Dr. Judy Yan Clinic,nan
YARANON AGATON,Baguio General Hospital and Medical Center,nan
YLLANA ISABEL,Saint Louis University Hospital of Sacred Heart,nan
ZALES JOEFFREY,Lorma Medical Center,nan
ABANADOR YVES CHRISTIAN,ANGELES UNIVERSITY FOUNDATION MEDICAL CENTER,nan
ALBACITE DOMICIAS,ANGELES UNIVERSITY FOUNDATION MEDICAL CENTER,96360.0
ALFONSO GIL,ANGELES UNIVERSITY FOUNDATION MEDICAL CENTER,109383.0
ALFONSO EDUARDO,HOLY MOTHER OF GUADALUPE MEDICAL CLINIC,46841.0
AMANSEC MARIA CAMINA,ANGELES UNIVERSITY FOUNDATION MEDICAL CENTER,nan
BACANI JOSE ANTONIO,ANGELES UNIVERSITY FOUNDATION MEDICAL CENTER,69460.0
BADIOLA ROLANDO,ANGELES UNIVERSITY FOUNDATION MEDICAL CENTER,60907.0
BALAJADIA EDWIN,ANGELES UNIVERSITY FOUNDATION MEDICAL CENTER,90877.0
BALUYUT ABEL,BALUYUT MEDICAL CLINIC,83283.0
BARTOLOME NIKKI,ANGELES UNIVERSITY FOUNDATION MEDICAL CENTER,nan
BASCO JANINE,ANGELES UNIVERSITY FOUNDATION MEDICAL CENTER,nan
BAUTISTA NINES,ANGELES UNIVERSITY FOUNDATION MEDICAL CENTER,86211.0
BAUTISTA EXPEDITO,SACRED HEART MEDICAL CENTER,nan
BAUTISTA AILENE,ANGELES UNIVERSITY FOUNDATION MEDICAL CENTER,nan
BAUTISTA MARK CHRISTIAN,ANGELES UNIVERSITY FOUNDATION MEDICAL CENTER,nan
BAUTISTA JOSE ANTONIO,ANGELES UNIVERSITY FOUNDATION MEDICAL CENTER,nan
CANETE LIBERTY,PORAC TERITORRIALS,nan
CANLAS FROILAN,ANGELES UNIVERSITY FOUNDATION MEDICAL CENTER,82498.0
CANLAS  RAUL,ANGELES MEDICAL CENTER,nan
CANONO JOSE ANTONIO,ANGELES UNIVERSITY FOUNDATION MEDICAL CENTER,89913.0
CANONO RAYZEN,ANGELES UNIVERSITY FOUNDATION MEDICAL CENTER,118567.0
CANTRE JENNIFER ANN,THE MEDICAL CITY - CLARK,nan
CARREON CARLO RODRIGO,ANGELES UNIVERSITY FOUNDATION MEDICAL CENTER,97584.0
CASINO REGINO,DR. AMANDO L. GARCIA MEDICAL CENTER,nan
CATUNGAL MARIZEL,ANGELES UNIVERSITY FOUNDATION MEDICAL CENTER,83706.0
CORDERO JOCELYN,ANGELES UNIVERSITY FOUNDATION MEDICAL CENTER,78806.0
CUNANAN FATE JANELLE,ANGELES UNIVERSITY FOUNDATION MEDICAL CENTER,nan
DAGDAG-GO MICHELLE,ANGELES UNIVERSITY FOUNDATION MEDICAL CENTER,110536.0
DAVID PETER,ANGELES UNIVERSITY FOUNDATION MEDICAL CENTER,nan
DE GUZMAN WILNER REINEL,ANGELES UNIVERSITY FOUNDATION MEDICAL CENTER,81312.0
DE GUZMAN  LEAH,ANGELES UNIVERSITY FOUNDATION MEDICAL CENTER,nan
DELA CRUZ MICHAEL JAMES,ANGELES MEDICAL CENTER,1096501.0
DELA CRUZ PAULA RAISA,ANGELES UNIVERSITY FOUNDATION MEDICAL CENTER,nan
DIZON  JOLLETE,ANGELES UNIVERSITY FOUNDATION MEDICAL CENTER,nan
DIZON  JOANNE,ANGELES UNIVERSITY FOUNDATION MEDICAL CENTER,nan
DUE-ANGELES MARYLYN,DR. AMANDO L. GARCIA MEDICAL CENTER,92634.0
DUNGCA VANESSA AUDREY,ANGELES UNIVERSITY FOUNDATION MEDICAL CENTER,nan
DUYA JOSE EDUARDO,ANGELES UNIVERSITY FOUNDATION MEDICAL CENTER,nan
EBILANE JOHN RAY,ANGELES UNIVERSITY FOUNDATION MEDICAL CENTER,nan
ENRIQUEZ ROMEO,ANGELES UNIVERSITY FOUNDATION MEDICAL CENTER,56678.0
ESTANISLAO EDGARDO,ANGELES UNIVERSITY FOUNDATION MEDICAL CENTER,57946.0
FAUSTO ERLYNE,BALIBAGO TERITORRIALS,nan
FRANCISCO  LYKA,ANGELES UNIVERSITY FOUNDATION MEDICAL CENTER,nan
FRANCISCO  ANGELYKA,ANGELES UNIVERSITY FOUNDATION MEDICAL CENTER,nan
FRIGILLANA MELIZA,ANGELES UNIVERSITY FOUNDATION MEDICAL CENTER,98796.0
GABRIEL FREDERICK,ANGELES UNIVERSITY FOUNDATION MEDICAL CENTER,108723.0
GALANG ANNA-LUZ,ANGELES MEDICAL CENTER,81010.0
GALANG AUGUSTO JOSE,ANGELES UNIVERSITY FOUNDATION MEDICAL CENTER,76983.0
GALEON JOSEPH JEROME,ANGELES UNIVERSITY FOUNDATION MEDICAL CENTER,nan
GARCIA MARIO JOSELITO,ANGELES UNIVERSITY FOUNDATION MEDICAL CENTER,71321.0
GARCIA  LORENA,DR. AMANDO L. GARCIA MEDICAL CENTER,nan
GARCIA RAY WILSON,ANGELES UNIVERSITY FOUNDATION MEDICAL CENTER,nan
GARCIA  REY KEVIN,ANGELES UNIVERSITY FOUNDATION MEDICAL CENTER,nan
GOINGCO RENEAH,ACCUMED LABORATORY CENTER,96853.0
GOMEZ MARY GRACE ANGELICA,ANGELES UNIVERSITY FOUNDATION MEDICAL CENTER,118564.0
GONZALES JUDEA,ANGELES UNIVERSITY FOUNDATION MEDICAL CENTER,nan
GUADALUPE POCHOLO,ANGELES UNIVERSITY FOUNDATION MEDICAL CENTER,nan
GUECO GEMALYN,ANGELES UNIVERSITY FOUNDATION MEDICAL CENTER,106838.0
GUIAO RONALD,ANGELES UNIVERSITY FOUNDATION MEDICAL CENTER,87673.0
HIZON  ANGELO,MAXICARE/NEW,nan
HIZON  ALICA MARIE,St. CATHERINE HOSPITAL/ NEW INSTITUTION,nan
JOCSON III GABRIEL,ANGELES UNIVERSITY FOUNDATION MEDICAL CENTER,92397.0
JOSE JHONATHAN,ANGELES UNIVERSITY FOUNDATION MEDICAL CENTER,91204.0
KIT JOHN-JOHN,ANGELES UNIVERSITY FOUNDATION MEDICAL CENTER,81698.0
LACANIN MARY ROSE ANNE,THE MEDICAL CITY - CLARK,nan
LAGMAN ARNOLD,SACRED HEART MEDICAL CENTER,nan
LAGUNILLA KATRINA CECILIA,ANGELES UNIVERSITY FOUNDATION MEDICAL CENTER,nan
LANSANG-YALUNG FLORINDA,ANGELES UNIVERSITY FOUNDATION MEDICAL CENTER,98496.0
LIMJOCO NINO BENJAMIN,ANGELES UNIVERSITY FOUNDATION MEDICAL CENTER,nan
LINGAD MAJA KATHERINE,ANGELES UNIVERSITY FOUNDATION MEDICAL CENTER,nan
LOGATOC GARY,ANGELES UNIVERSITY FOUNDATION MEDICAL CENTER,99803.0
LUMBOY MARIE ANTONETTE,LUMBOY MEDICAL CLINIC,98880.0
MAGNO JOSE DONATO,ANGELES UNIVERSITY FOUNDATION MEDICAL CENTER,102983.0
MAGPALI ADRIANO JR.,ANGELES UNIVERSITY FOUNDATION MEDICAL CENTER,nan
MALIWAT FE,ANGELES UNIVERSITY FOUNDATION MEDICAL CENTER,nan
MALONZO ROMMEL,ANGELES UNIVERSITY FOUNDATION MEDICAL CENTER,87844.0
MAMAWI JASPER,ANGELES UNIVERSITY FOUNDATION MEDICAL CENTER,112034.0
MANALASTAS CRISSA,ANGELES UNIVERSITY FOUNDATION MEDICAL CENTER,nan
MANALO ROCELLE,TANTINGCO MEDICAL CLINIC,79629.0
MANALO MERLY,BALIBAGO TERITORRIALS,nan
MANALO JOHN JOSEPH,ANGELES UNIVERSITY FOUNDATION MEDICAL CENTER,nan
MANDAL NAEGELE,ANGELES MEDICAL CENTER,nan
MANDAL NAE ANN,ANGELES MEDICAL CENTER,nan
MARQUEZ RAYMUNDO JR.,ST. RAPHAEL FOUNDATION & MEDICAL CENTER,nan
MEDINA ANGELITO,ANGELES MEDICAL CENTER,70870.0
MENDOZA RAMON CHRISTOPHER,ANGELES UNIVERSITY FOUNDATION MEDICAL CENTER,nan
MESINA RENZ MICHELLE,ANGELES UNIVERSITY FOUNDATION MEDICAL CENTER,nan
MONTEMAYOR FRANGELITO,SACRED HEART MEDICAL CENTER,nan
MONTENEGRO JR. MANUEL,THE MEDICAL CITY - CLARK,nan
MUNOZ ARIANNE,MAXICARE/NEW,nan
NALO RICARDO,NALO MEDICAL CLINIC,6089463.0
NALO ARISTOTLE,ARISTOTLE NALO MEDICAL CLINIC,86095.0
NAVIDAD NELSON,DR. AMANDO L. GARCIA MEDICAL CENTER,nan
NG DANIEL,ANGELES UNIVERSITY FOUNDATION MEDICAL CENTER,nan
NG ANTHEA,ANGELES UNIVERSITY FOUNDATION MEDICAL CENTER,nan
NICOLAS EDGAR,ANGELES UNIVERSITY FOUNDATION MEDICAL CENTER,89200.0
NIEVES MICHELLE,ANGELES UNIVERSITY FOUNDATION MEDICAL CENTER,nan
NUDO JAHZIEL,ANGELES UNIVERSITY FOUNDATION MEDICAL CENTER,95352.0
OLARTE RUBY ANN,ANGELES UNIVERSITY FOUNDATION MEDICAL CENTER,nan
OLIVAS ALANO,ST. RAPHAEL FOUNDATION & MEDICAL CENTER,nan
PAMINTUAN NOVA,ANGELES MEDICAL CENTER,92431.0
PAMINTUAN PHIL,ANGELES UNIVERSITY FOUNDATION MEDICAL CENTER,nan
PAMINTUAN SAMANTHA,ANGELES UNIVERSITY FOUNDATION MEDICAL CENTER,nan
PANGAN BAB,St. CATHERINE HOSPITAL/ NEW INSTITUTION,nan
PANLILIO ARISTIDES,ACCUMED LABORATORY CENTER,54672.0
PANLILIO MARIO,PANLILIO MEDICAL CLINIC,61198.0
PANLILIO ANGELA,MAXICARE/NEW,nan
PASAMBA EDMUNDO,ANGELES UNIVERSITY FOUNDATION MEDICAL CENTER,nan
PASAMBA PIA,ANGELES MEDICAL CENTER,nan
PASUMBAL EMELY,ANGELES UNIVERSITY FOUNDATION MEDICAL CENTER,62571.0
PATAWARAN JEFFREY,ANGELES UNIVERSITY FOUNDATION MEDICAL CENTER,110915.0
PEREZ MELISSA,ANGELES UNIVERSITY FOUNDATION MEDICAL CENTER,nan
PINEDA ALLAN,PORAC TERITORRIALS,nan
QUIAMBAO JANELLEN,QUIAMBAO MEDICAL CLINIC,116432.0
QUIZON CHRISTINE,ANGELES UNIVERSITY FOUNDATION MEDICAL CENTER,97529.0
RAMOS JUNABER,ANGELES UNIVERSITY FOUNDATION MEDICAL CENTER,nan
RAZA MICHAEL,MAGALANG TERITORRIALS,nan
RAZON GERARD,SACRED HEART MEDICAL CENTER,96048.0
RAZON CALVIN,MAXICARE/NEW,nan
RAZOTE GENEVIEVE,MAGALANG TERITORRIALS,nan
REYES ERIC,SACRED HEART MEDICAL CENTER,62640.0
REYNOSO ARCH ANTHONY,ANGELES UNIVERSITY FOUNDATION MEDICAL CENTER,nan
RILLERA DOLORES,ANGELES UNIVERSITY FOUNDATION MEDICAL CENTER,nan
ROBLES MARK JAY,St. CATHERINE HOSPITAL/ NEW INSTITUTION,nan
SAN JOSE CRISOSTOMO,DR. AMANDO L. GARCIA MEDICAL CENTER,71435.0
SANTOS EDWIN,ANGELES UNIVERSITY FOUNDATION MEDICAL CENTER,90167.0
SANTOS VEREDIGNA,ANGELES MEDICAL CENTER,nan
SANTOS PATRICIA CLAIRE,ANGELES UNIVERSITY FOUNDATION MEDICAL CENTER,nan
SAVELLANO LARA MIKEE,ANGELES UNIVERSITY FOUNDATION MEDICAL CENTER,nan
SEBASTIAN CLAIRE,THE MEDICAL CITY - CLARK,nan
SERVENTO MELENDY,ANGELES UNIVERSITY FOUNDATION MEDICAL CENTER,nan
SESE ALEJANDRO,ST. RAPHAEL FOUNDATION & MEDICAL CENTER,nan
SIBAL JOSEPHUS,ANGELES UNIVERSITY FOUNDATION MEDICAL CENTER,105681.0
SICAT GAYE,ANGELES UNIVERSITY FOUNDATION MEDICAL CENTER,nan
SICO LUISITO,ANGELES UNIVERSITY FOUNDATION MEDICAL CENTER,65932.0
SILANG ISHMAEL,OSPITAL NING ANGELES,68291.0
SOTTO RHETT JOSEPH,ANGELES UNIVERSITY FOUNDATION MEDICAL CENTER,104066.0
SUAREZ RAMON JOSE,SACRED HEART MEDICAL CENTER,103001.0
SUGAY ISSER,ANGELES UNIVERSITY FOUNDATION MEDICAL CENTER,108721.0
TALAVERA ANNE KATHERINE,ANGELES UNIVERSITY FOUNDATION MEDICAL CENTER,nan
TAN JOSEPHINA,SACRED HEART MEDICAL CENTER,113290.0
TAN GRACE LYN,ANGELES UNIVERSITY FOUNDATION MEDICAL CENTER,nan
TIGLAO JACQUELINE,ANGELES MEDICAL CENTER,nan
TIMBOL EDGARDO,ANGELES UNIVERSITY FOUNDATION MEDICAL CENTER,49791.0
TIMBOL  EDGAR WILSON,ANGELES UNIVERSITY FOUNDATION MEDICAL CENTER,114055.0
TIMBOL AEDEN BERNICE,ANGELES UNIVERSITY FOUNDATION MEDICAL CENTER,nan
TOLEDANO BRYAN RENE,ANGELES UNIVERSITY FOUNDATION MEDICAL CENTER,nan
TOLENTINO TYREL,OSPITAL NING ANGELES,62120.0
TONGOL EUGENE,ANGELES UNIVERSITY FOUNDATION MEDICAL CENTER,96530.0
TUAZON ADELFO JR.,ANGELES UNIVERSITY FOUNDATION MEDICAL CENTER,nan
TULUD TRISTAN,OSPITAL NING ANGELES,71850.0
UDARBE  DEBBIE LYNN,ANGELES UNIVERSITY FOUNDATION MEDICAL CENTER,nan
URSAL MELODY,MAXICARE/NEW,nan
VALERIO AMIEL,DR. AMANDO L. GARCIA MEDICAL CENTER,92762.0
VELEZ RICHARD,SACRED HEART MEDICAL CENTER,55369.0
VICTORIA ROLLAND ALBERT,ANGELES UNIVERSITY FOUNDATION MEDICAL CENTER,nan
VILLARAZA AURELIA,SACRED HEART MEDICAL CENTER,50826.0
VILLARIN FRANCEL,SACRED HEART MEDICAL CENTER,101929.0
YAMBAO PAUL,ANGELES UNIVERSITY FOUNDATION MEDICAL CENTER,nan
YUMUL NORBERTO,ANGELES MEDICAL CENTER,53180.0
YUMUL ARVIN,ANGELES UNIVERSITY FOUNDATION MEDICAL CENTER,nan
YUMUL DANRELL,DR. AMANDO L. GARCIA MEDICAL CENTER,nan
YUMUL KATHERINE,ANGELES UNIVERSITY FOUNDATION MEDICAL CENTER,nan
YUSI AXEL,ANGELES UNIVERSITY FOUNDATION MEDICAL CENTER,nan
ZAPANTA JAN MELVIN,DR. AMANDO L. GARCIA MEDICAL CENTER,nan
ADRANEDA CELINE,CARDINAL SANTOS MEDICAL CENTER,nan
ADRANEDA MARIO,CARDINAL SANTOS MEDICAL CENTER,nan
AFABLE ALEXANDER,clinica manila megamall,nan
AGCAOILI SIGRID,CARDINAL SANTOS MEDICAL CENTER,nan
AGUILING PATRICK,clinica manila megamall,nan
AILEEN SALALIMA,SAN MIGUEL,nan
ANASTACIO ALVIN,OUR LADY OF LOURDES HOSPITAL,nan
ANG STEPHANIE,SAN MIGUEL,nan
ANONUEVO SUSAN,CARDINAL SANTOS MEDICAL CENTER,nan
ANTOLIN JAVEL,national center for mental health,nan
ARBOLEDA EPHRAIM,Center for Health Services Inc,nan
AREVALO SYDNEY,SAN MIGUEL,nan
ARIOLA SHEILA,CARDINAL SANTOS MEDICAL CENTER,nan
AZUCENA BEVERLY,national center for mental health,nan
BABARAN KATHRYN,CARDINAL SANTOS MEDICAL CENTER,nan
BARROCAMO JANET,LIFE'S HOPE,nan
BARSANA ELAJE,tricity,nan
BARTOLOME CANDIDO EDUARDO,THE MEDICAL CITY- PASIG,nan
BARZAGA ROBERTO,OUR LADY OF LOURDES HOSPITAL,nan
BERNALES LAARNI,PASIG TERRITORIALS,nan
BINAG KRISTINE,national center for mental health,nan
BLANCO LYRA,national center for mental health,nan
BOMBAY JOSEPH BENJAMIN,clinica manila megamall,nan
BONGAT EDGAR,OUR LADY OF LOURDES HOSPITAL,nan
BRIES RICHMOND,MY HEALTH CLINIC,nan
BUENO LOURDES,CARDINAL SANTOS MEDICAL CENTER,nan
BUENSALIDO MARK ANTHONY,THE MEDICAL CITY - PASIG,nan
BUENSUCESO JILL,OUR LADY OF LOURDES HOSPITAL,nan
BUMATAY VALERIE,SAN MIGUEL,nan
CABAHUG OSCAR,UERM HOSPITAL,nan
CABLITAS RYAN,UERM HOSPITAL,nan
CABUANG JOMMEL,national center for mental health,nan
CADAG MARIVIC,CARDINAL SANTOS MEDICAL CENTER,nan
CAJUCOM JULIUS CAESAR,THE MEDICAL CITY- PASIG,nan
CALINGO MARIA LYNDA,pasig city health office,nan
CAMPANA JOSE RUFO,THE MEDICAL CITY- PASIG,nan
CANDABA JONEL,SAN MIGUEL,nan
CANONIGO EMILIANO,CARDINAL SANTOS MEDICAL CENTER,nan
CARINGAL JOSE FORTUNATO,THE MEDICAL CITY- PASIG,nan
CARPIO CARLO,MEGACLINIC,nan
CARVAJAL THEODORE,OUR LADY OF LOURDES HOSPITAL,nan
CASTILLO MARCO,MANILA EAST MEDICAL CENTER,nan
CASTRO ARTURO,THE MEDICAL CITY- PASIG,nan
CATALAN FRANCIS,MANILA EAST MEDICAL CENTER,nan
CAYANAN CLARO,MANILA EAST MEDICAL CENTER,nan
CHANCO VICTORIA,MANDALUYONG TERRITORIALS,nan
CHANCO GLEN NOEL,ANTIPOLO TERRITORIALS,nan
CHANTE CHARLES,CARDINAL SANTOS MEDICAL CENTER,nan
CHING MICHAEL,CARDINAL SANTOS MEDICAL CENTER,nan
CHIU HAROLD,CARDINAL SANTOS MEDICAL CENTER,nan
CHUA ELAINE,CARDINAL SANTOS MEDICAL CENTER,nan
CHUA BIANCA,CARDINAL SANTOS MEDICAL CENTER,nan
CHUA ANGELO,OUR LADY OF LOURDES HOSPITAL,nan
CHUA JOBEN,OUR LADY OF LOURDES HOSPITAL,nan
CHUA SHAREI,SAN MIGUEL,nan
CHUA JENIFER,CARDINAL SANTOS MEDICAL CENTER,nan
CO ARSENIO,CARDINAL SANTOS MEDICAL CENTER,nan
CO JOHANA,CARDINAL SANTOS MEDICAL CENTER,nan
CO JONAH AMORA,CARDINAL SANTOS MEDICAL CENTER,nan
COBARRUBIAS ARNOLD,ROSARIO SPECIALIST,nan
CONSOLACION VALERIE,CARDINAL SANTOS MEDICAL CENTER,nan
CRUZ SHEGEINE,San Juan Territorials,nan
CRUZ RITCHIE,MANILA EAST MEDICAL CENTER,nan
CRUZ BELMA,national center for mental health,nan
CURIANO RALPH,clinica manila megamall,nan
CUYOS ALDEN,Not Specified,nan
CUYOS ALDEN,national center for mental health,nan
DARLA LAYOSA,SAN MIGUEL,nan
DE CASTRO JERWIN,SAN MIGUEL,nan
DE GUZMAN ELA,SAN MIGUEL,nan
DE GUZMAN RUDOLFO,CARDINAL SANTOS MEDICAL CENTER,nan
DE GUZMAN ROBERTO,OUR LADY OF LOURDES HOSPITAL,nan
DE LEON ROSE MARIE,medical plaza ortigas,nan
DE VERA RONALDO,tricity,nan
DEE GENTRY,UERM HOSPITAL,nan
DELA CRUZ CHRISTIAN,MEGACLINIC,nan
DELA CRUZ MIKE,CARDINAL SANTOS MEDICAL CENTER,nan
DELA PAZ LUZONIA,STA MESA TERRITORIALS,nan
DEMASUPIL LORNA,national center for mental health,nan
DENTON CHUA,HEALTHCUBE,nan
DIAMPUAN JOHARRA,San Juan Territorials,nan
DIANNE LIM,SAN MIGUEL,nan
DOMINGO CHRISTINE,national center for mental health,nan
DOMINGO KENNETH,MEGACLINIC,nan
DOMINGO ERNESTO,CARDINAL SANTOS MEDICAL CENTER,nan
DUMAGPI RUSSEL,SAN MIGUEL,nan
DUQUE CATHERINE,HEALTHCUBE,nan
DURIAN ROSARIO,MANILA EAST MEDICAL CENTER,nan
ESGUERRA DENISE FRANCESCA,APEX DIAGNOSTICS,nan
ESPINA PAUL,THE MEDICAL CITY- PASIG,nan
ESQUIVEL JOSE ANTONIO,THE MEDICAL CITY- PASIG,nan
ESTRADA CARIDAD,ANTIPOLO TERRITORIALS,nan
ESTRADA ERNESTO,ANTIPOLO TERRITORIALS,nan
EUSTAQUIO SALVADOR,THE MEDICAL CITY - PASIG,nan
FABROS CHOLITA,MANILA EAST MEDICAL CENTER,nan
FERNANDEZ ROBINSON,THE MEDICAL CITY - PASIG,nan
FERNANDEZ PAULO,CARDINAL SANTOS MEDICAL CENTER,nan
FERNANDEZ DENIS,CARDINAL SANTOS MEDICAL CENTER,nan
FERNANDO ADRIAN,UERM HOSPITAL,nan
FIDEL CESAR,THE MEDICAL CITY- PASIG,nan
FIDEL CARLO,CARDINAL SANTOS MEDICAL CENTER,nan
FLANDES NORA,THE MEDICAL CITY - PASIG,nan
FLORES ELIZABETH,THE MEDICAL CITY - PASIG,nan
GARCIA JULIUS CAESAR,THE MEDICAL CITY- PASIG,nan
GARDAYA RAUL,national center for mental health,nan
GARIDO ROY,CARDINAL SANTOS MEDICAL CENTER,nan
GASA GODOFREDO,CARDINAL SANTOS MEDICAL CENTER,nan
GLORIA KARLO,THE MEDICAL CITY- PASIG,nan
GUECO VICTORIA,national center for mental health,nan
HERNANDEZ KIMBERLY,MEGACLINIC,nan
IBANA SHEILA,OUR LADY OF LOURDES HOSPITAL,nan
JACINTO CEASAR,OUR LADY OF LOURDES HOSPITAL,nan
JAVELLANA OFELIA,CARDINAL SANTOS MEDICAL CENTER,nan
JAVIER ANNE MARIE,OUR LADY OF LOURDES HOSPITAL,nan
JIMENIA JENELOU,OUR LADY OF LOURDES HOSPITAL,nan
KASILAG ALDRIN,SAN MIGUEL,nan
KASILAG MICHELLE,SAN MIGUEL,nan
LACERNA CLARITA,national center for mental health,nan
LAGROSA RODERICK,countryside medical center,nan
LAPUS ISMAEL,CARDINAL SANTOS MEDICAL CENTER,nan
LEE ARCHIMEDES,clinica manila megamall,nan
LEE RACHEL,CARDINAL SANTOS MEDICAL CENTER,nan
LEE WILFREDO,San Juan Territorials,nan
LETRAN JASON,CARDINAL SANTOS MEDICAL CENTER,nan
LEVERIZA ROSANNA MARIE,MEGACLINIC,nan
LEYBAG BRIAN ALFRED,MANILA EAST MEDICAL CENTER,nan
LIM HENSON,THE MEDICAL CITY - PASIG,nan
LIM MARY ANN,national center for mental health,nan
LIM WALTER,UERM HOSPITAL,nan
LIM JOHN PETER,CARDINAL SANTOS MEDICAL CENTER,nan
LIPAYON DANIEL,HEALTHCUBE,nan
LIPAYON JULIE,HEALTHCUBE,nan
LISUI JENNY,national center for mental health,nan
LOO LYNDON EDWARD,CARDINAL SANTOS MEDICAL CENTER,nan
LORELIE SAPNO,CARDINAL SANTOS MEDICAL CENTER,nan
MANINGAS RICHARD,national center for mental health,nan
MANZANILLA SHARON,OUR LADY OF LOURDES HOSPITAL,nan
MAPUE MARIANITO,HEALTHCUBE,nan
MARIA BELEN GRACE MENDOZA ONG,national center for mental health,nan
MARIANO REYNALDO,Center for Health Services Inc,nan
MARIN RAMON,UERM HOSPITAL,nan
MENDOZA ROMMEL,national center for mental health,nan
MENDOZA JESUS BENJAMIN,CARDINAL SANTOS MEDICAL CENTER,nan
MENDOZA JERUSALEM,national center for mental health,nan
MENDRANO BEA,SAN MIGUEL,nan
MERCADO RANDY,CARDINAL SANTOS MEDICAL CENTER,nan
MINA YVONE,CARDINAL SANTOS MEDICAL CENTER,nan
MIRANDA RONALD,CARDINAL SANTOS MEDICAL CENTER,nan
MONJ RAMOS,CARDINAL SANTOS MEDICAL CENTER,nan
MONSALUD ARLEEN,MY HEALTH CLINIC,nan
MORANDARTE DELFIN,national center for mental health,nan
MORDERNA ELA,SAN MIGUEL,nan
NGO DENIS,HEALTHCUBE,nan
NIETO JONALYN,SAN MIGUEL,nan
NONIFARA JESTYN LEIGH,MEGACLINIC,nan
NOOR JALEAH,HEALTHCUBE,nan
OLAN JOYCE,CARDINAL SANTOS MEDICAL CENTER,nan
OLASO FRANCIS,STA MESA TERRITORIALS,nan
OMANIA PAOLO,MEGACLINIC,nan
ONG JOHNY,MEGACLINIC,nan
ONG GO ARLINKING,OUR LADY OF LOURDES HOSPITAL,nan
PALAFOX PERFECTO,CARDINAL SANTOS MEDICAL CENTER,nan
PANGILINAN JOHN ALFREDO,CARDINAL SANTOS MEDICAL CENTER,nan
PARUNGAO DANIEL,OUR LADY OF LOURDES HOSPITAL,nan
PASCUAL ARSENIO,CARDINAL SANTOS MEDICAL CENTER,nan
PATRICIA MARIANO,CARDINAL SANTOS MEDICAL CENTER,nan
PATROCINO MIGUEL,SAN MIGUEL,nan
PAYAWAL DIANA,CARDINAL SANTOS MEDICAL CENTER,nan
PENA DIGNA,CARDINAL SANTOS MEDICAL CENTER,nan
PEREZ BENJAMIN,clinica manila megamall,nan
PERILLO ENGELBERT,CARDINAL SANTOS MEDICAL CENTER,nan
PHOA TIMOTHY,national center for mental health,nan
PONOC ROBERT,clinica manila megamall,nan
PORQUEZ MICHAEL,CARDINAL SANTOS MEDICAL CENTER,nan
PUNDAVERDE ANTHONY,national center for mental health,nan
QUE CYLA,SAN MIGUEL,nan
RAMOS KRISTINE,MEGACLINIC,nan
RAMOS BENJAMIN,CARDINAL SANTOS MEDICAL CENTER,nan
RAMOS ROMULO,CARDINAL SANTOS MEDICAL CENTER,nan
RECTO MERLE,CARDINAL SANTOS MEDICAL CENTER,nan
ROMANO ARNEL,MEGACLINIC,nan
RONDILLA BLESILDA,SAN MIGUEL,nan
SADAVA TERESITA,OUR LADY OF LOURDES HOSPITAL,nan
SALALIMA AILEEN,SAN MIGUEL,nan
SALVADOR LUIS,UERM HOSPITAL,nan
SANCHEZ RAPHAEL,Center for Health Services Inc,nan
SANDEJAS JONATHAN,THE MEDICAL CITY - PASIG,nan
SANOSA MAURICE,national center for mental health,nan
SANTOS ELLA,CARDINAL SANTOS MEDICAL CENTER,nan
SANTOS ERICKSON,SAN MIGUEL,nan
SATO KENJIE,CARDINAL SANTOS MEDICAL CENTER,nan
SAVILLO TERESITA,OUR LADY OF LOURDES HOSPITAL,nan
SEE MANUEL,national center for mental health,nan
SEMILLA NABLE,OUR LADY OF LOURDES HOSPITAL,nan
SEMILLA- LIM BERNADETTE,OUR LADY OF LOURDES HOSPITAL,nan
SERENCIO GLENDA,MEGACLINIC,nan
SESE ROSS,OUR LADY OF LOURDES HOSPITAL,nan
SIAPNO MELANIE,MEGACLINIC,nan
SIBULO CARLA,THE MEDICAL CITY - PASIG,nan
SIMON CHARMAINE,ROSARIO SPECIALIST,nan
SINGH KARPHAL,STA MESA TERRITORIALS,nan
SO KAW PAULINE,CARDINAL SANTOS MEDICAL CENTER,nan
SOLLANO MADELLE,MEGACLINIC,nan
SOLLANO JOSE,CARDINAL SANTOS MEDICAL CENTER,nan
STA MARIA MARK ANTHONY,THE MEDICAL CITY - PASIG,nan
SULIT DENIS,CARDINAL SANTOS MEDICAL CENTER,nan
SY MARK LESTER,MEGACLINIC,nan
SY ROSA,CARDINAL SANTOS MEDICAL CENTER,nan
SY PETER,CARDINAL SANTOS MEDICAL CENTER,nan
TABLANG SHARLENE,SAN MIGUEL,nan
TAGUM JEROME,STA MESA TERRITORIALS,nan
TAN ROBERT,MEGACLINIC,nan
TAN CHERRY,national center for mental health,nan
TAN DANIEL,OUR LADY OF LOURDES HOSPITAL,nan
TANSECO  PATRICK,CARDINAL SANTOS MEDICAL CENTER,nan
TAPAT EMMA JOY,MEGACLINIC,nan
TARRAYAO DERRICK,SAN MIGUEL,nan
TING REVEL,OUR LADY OF LOURDES HOSPITAL,nan
TONGO ANGELO,CARDINAL SANTOS MEDICAL CENTER,nan
TRIPON EDHEL,malinao health center pasig,nan
TUAZON MYLA,SAN MIGUEL,nan
URSUA JOSEPH MICHAEL,THE MEDICAL CITY- PASIG,nan
UY NORWIN,THE MEDICAL CITY- PASIG,nan
UY NORBERT,UERM HOSPITAL,nan
VALDEZ SHEIRELYN,CARDINAL SANTOS MEDICAL CENTER,nan
VIADO GERARD,THE MEDICAL CITY - PASIG,nan
VILLENA KARLA MAE,HEALTHCUBE,nan
YABUT JOSHUA,OUR LADY OF LOURDES HOSPITAL,nan
YU VENUS,Center for Health Services Inc,nan
YU KIM TENG KARL,CARDINAL SANTOS MEDICAL CENTER,nan
ACAMPADO FREDERICK,PERPETUAL HELP MEDICAL CENTER,nan
ACAMPADO LAURA,PERPETUAL HELP MEDICAL CENTER,nan
ADEA JOSE,MY HEALTH FESTIVAL,nan
AGUILAR RICHMOND,MY HEALTH FESTIVAL,nan
AGUSTIN  CHARLENE,OLIVAREZ GENERAL HOSPITAL,nan
ALBIA GILBERT,ALBIA MEDICAL CLINIC,nan
ALQUIROZ REDENTOR,OLIVAREZ GENERAL HOSPITAL,nan
AMORA JONAH,PERPETUAL HELP MEDICAL CENTER,nan
AMPER  HENRY,LAS PINAS DOCTORS HOSPITAL,nan
ANCHETA EDUARDO,OLIVAREZ GENERAL HOSPITAL,nan
ARGANA MARIVIC,MEDICARD CLINIC,nan
BALGUA JEREMIAS,ASIAN HOSPITAL MEDICAL CENTER,nan
BAQUIRAN JULUIS,PERPETUAL HELP MEDICAL CENTER,nan
BERNALDEZ ROMMEL,OLIVAREZ GENERAL HOSPITAL,nan
BETONIO CRISTINA,PERPETUAL HELP MEDICAL CENTER,nan
BILAR LYNN,ASIAN HOSPITAL MEDICAL CENTER,nan
BOONGALING MARY ERVIE,KOBE CLINIC FESTIVAL,nan
CALINISAN ROMMEL,LAS PINAS DOCTORS HOSPITAL,nan
CARABEO ERWIN,LAS PINAS DOCTORS HOSPITAL,nan
CONTRERAS MYLA,KOBE CLINIC FESTIVAL,nan
CRUZ  NANETTE,PERPETUAL HELP MEDICAL CENTER,nan
CUENCA FONTINI CHRISTI,PERPETUAL HELP MEDICAL CENTER,nan
DEJAN RENATO,OLIVAREZ GENERAL HOSPITAL,nan
DELEN CHESCA,MEDICAL CENTER MUNTINLUPA,nan
DELOS REYES DEBORAH,ALABANG MEDICAL CLINIC PUTATAN,nan
DELOS REYES CHRISTOPHER,ASIAN HOSPITAL MEDICAL CENTER,nan
DESQUITADO CARIDAD,SAN JUAN DE DIOS HOSPITAL,nan
DIZON RODOLFO,PERPETUAL HELP MEDICAL CENTER,nan
DOROMAL CANDYLOU,MY HEALTH FESTIVAL,nan
ESGUERRA MARVIN,HEALTHWAY FESTIVAL,nan
EVANGELISTA MARK,OLIVAREZ GENERAL HOSPITAL,nan
EVANGELISTA CHARINA,HI PRECISION LAS PINAS,nan
FELIPE RHEY ANTHONY FELIPE,MY HEALTH FESTIVAL,nan
FORTES KAREN,PERPETUAL HELP MEDICAL CENTER,nan
FRANCISCO JOANNA,KERALTY MEDICAL CLINIC,nan
FRANCISCO IAN DENNIS,PERPETUAL HELP MEDICAL CENTER,nan
FRANCISCO PETER JAY,OLIVAREZ GENERAL HOSPITAL,nan
FUENTES FRANCISCO,ALABANG MEDICAL CLINIC PUTATAN,nan
FUNTILLA ROMEO,LAS PINAS DOCTORS HOSPITAL,nan
GARCIA SHANE,PERPETUAL HELP MEDICAL CENTER,nan
GESLANI  KATHLEEN,ALABANG MEDICAL CLINIC PUTATAN,nan
GRINO ROMEO,PERPETUAL HELP MEDICAL CENTER,nan
GUCHUICO CARLO,HEALTHWAY FESTIVAL,nan
GUMATAY ALLAN,MEDICAL CENTER PARANAQUE,nan
HERRERA LEONOR,MY HEALTH FESTIVAL,nan
HIPOLITO CARIDAD,LAS PINAS DOCTORS HOSPITAL,nan
IDOR GENER,PERPETUAL HELP MEDICAL CENTER,nan
JARCIA DAISY,ALABANG MEDICAL CLINIC MONTILLANO,nan
JUANGCO RONILO,PERPETUAL HELP MEDICAL CENTER,nan
LEE LEMUEL,OLIVAREZ GENERAL HOSPITAL,nan
LIM PONCESCA,MY HEALTH FESTIVAL,nan
LIMSON CHEERISH,HEALTHWAY FESTIVAL,nan
LO  TOM EDWARD,OLIVAREZ GENERAL HOSPITAL,nan
LOTILLA WILMER,PERPETUAL HELP MEDICAL CENTER,nan
LOUDON ANTONIO,LAS PINAS DOCTORS HOSPITAL,nan
MADARANG MARK,MADARANG MEDICAL CLINIC,nan
MAGNO HARRY AUSTIN,LAS PINAS DOCTORS HOSPITAL,nan
MAGSINO LEILA,PERPETUAL HELP MEDICAL CENTER,nan
MAJAM TRINA,PERPETUAL HELP MEDICAL CENTER,nan
MALVAR ALLAN,HEALTHWAY FESTIVAL,nan
MUTUC JASON,LAS PINAS DOCTORS HOSPITAL,nan
NAVARRO JUAN PAOLO,MY HEALTH FESTIVAL,nan
OCAMPO ROSITA,ALABANG MEDICAL CLINIC TALON,nan
OCUMA RALPHYN,MY HEALTH FESTIVAL,nan
OGBAC MARTIN,PERPETUAL HELP MEDICAL CENTER,nan
PABELICO CHRISTIE,PERPETUAL HELP MEDICAL CENTER,nan
PACHECO GENEVIEVE,PERPETUAL HELP MEDICAL CENTER,nan
PALER FLORANTE,PERPETUAL HELP MEDICAL CENTER,nan
PALOGAN MELCHOR,OLIVAREZ GENERAL HOSPITAL,nan
PAMINTUAN ANGELI,OLIVAREZ GENERAL HOSPITAL,nan
PRIETO PERCY JUN,OSPITAL NG MUNTINLUPA,nan
RED AILEEN,OLIVAREZ GENERAL HOSPITAL,nan
REGALADO MARIA TERESA,MY HEALTH FESTIVAL,nan
REYES DON,ALABANG MEDICAL CLINIC MONTILLANO,nan
REYES EUGENE,MEDICAL CENTER PARANAQUE,nan
ROLDAN KAYE,MY HEALTH FESTIVAL,nan
ROME MICHAEL,PERPETUAL HELP MEDICAL CENTER,nan
ROMERO JASON,PERPETUAL HELP MEDICAL CENTER,nan
ROZUL PILAR,PERPETUAL HELP MEDICAL CENTER,nan
RUBRICA FRANCO,LAS PINAS DOCTORS HOSPITAL,nan
SALGADO KATRINA,OLIVAREZ GENERAL HOSPITAL,nan
SALVANERA JOHN VINCENT,MY HEALTH FESTIVAL,nan
SAN VICENTE PETER JAY,OLIVAREZ GENERAL HOSPITAL,nan
SANDOVAL MAREON,PERPETUAL HELP MEDICAL CENTER,nan
SANTOS CARMEN SITA,SAN ROQUE MEDICAL CLINIC,nan
SANTOS RITA,MEDICAL CENTER MUNTINLUPA,nan
SEMBRANO NICOLE,LAS PINAS DOCTORS HOSPITAL,nan
SILVA ARIES,MEDICAL CENTER MUNTINLUPA,nan
SORIA GRACE SHEILA,LAS PINAS DOCTORS HOSPITAL,nan
SY JERRY,OLIVAREZ GENERAL HOSPITAL,nan
SY CESAR,ALABANG MEDICAL CLINIC MONTILLANO,nan
TIBAYAN CHRISTOPHER,OLIVAREZ GENERAL HOSPITAL,nan
TOJINO ANDREI,PERPETUAL HELP MEDICAL CENTER,nan
TOPACIO GRACITA,ASIAN HOSPITAL MEDICAL CENTER,nan
TORRES PAUL IVAN,PERPETUAL HELP MEDICAL CENTER,nan
TORRIJOS JENNY LYND,LAS PINAS DOCTORS HOSPITAL,nan
TURLA MA. VICTORIA,PERPETUAL HELP MEDICAL CENTER,nan
TURLA JOSE,PERPETUAL HELP MEDICAL CENTER,nan
UMALI ARIANNE,MEDICAL CENTER MUNTINLUPA,nan
URMATAM FIDEL,SAN ROQUE MEDICAL CLINIC,nan
VALENTE KATHLEEN,PERPETUAL HELP MEDICAL CENTER,nan
VILLANUEVA ALLEN,PERPETUAL HELP MEDICAL CENTER,nan
YAMAMOTO TOSHIHIKO,KOBE CLINIC FESTIVAL,nan
ABALOS MARK,Abalos Medical Clinic,nan
AFABLE LUISA,World Citi Medical Center,nan
AFRICA MA. IMELDA,Quezon Institute,nan
AGUILAR SHARMAINE,Lablife Med. And Diagnostic Center,nan
ALFEROS MA. ELLEN GRACE,FEU/Marian Medical Center,nan
ALIP MYRISSA MELINDA,UP Betterhealth Center,nan
AMBROSIO MA. DOREEN,World Citi Medical Center,nan
ANG ALEXANDER,FEU/Marian Medical Center,nan
ANG RAINNIER,World Citi Medical Center,nan
ANTOLIN MARCO POCA,Diliman Doctors Hospital,nan
AQUINO PRESCILA,Keralty Med. Clinic,nan
ARANAS ELLEN,Megacenter Diagnostic,nan
BACANI HAZEL,Camp Gen. Emillio Aguinaldo,nan
BAGAOISAN KRISTIANNE,Diliman Doctors Hospital,nan
BALILI CHARLENE,Diliman Doctors Hospital,nan
BARRIGA MACRINA,Medispecialist Medical Clinic,nan
BAUTISTA  BERNADETTE,Bautista Medical Clinic,nan
BERMUDEZ GHERALD,FEU/Marian Medical Center,nan
BINOYA NERIZA,Diliman Doctors Hospital,nan
BOCAR RANIEL JOSEPH,Lablife Med. And Diagnostic Center,nan
BORJA BEVERLY,East Ave Hi-Precision,nan
BUGAWAN CORTUNE,V.Luna Hi Precision,nan
BULATAO RIZALDY,Gen. Miguel Malvar Hospital,nan
BUNYI LOURDES,ACE Diagnostic Center,nan
CABALLERO REMEDIOS,NKTI,nan
CABALLERO ROY,Westview Specilaty Clinic,nan
CADELINA JERYLEI,Diliman Doctors Hospital,nan
CALICA CHRISTINE,Friendly Care,nan
CALLEJA APRIL,World Citi Medical Center,nan
CANDAVA JOHNEL,Clinica Caritas,nan
CAPARAS APRIL FRANCHESCA,Lung Center of the Philippines,nan
CARITATIVO MICO,FEU/Marian Medical Center,nan
CARPIO BERNARD,Keralty Med. Clinic,nan
CASTANEDA ALMINA DENISE,EAST Ave. Medical Center,nan
CASTILLO RHANDY,Lung Center of the Philippines,nan
CASTILLO  MARCO,Diliman Doctors Hospital,nan
CATINDIG ELIZABETH,Quezon Institute,nan
CAYETANO KARLO,COA,nan
CEBALLOS HECTOR JAMES,EAST Ave. Medical Center,nan
CHAN POLLY CHUA,FEU/Marian Medical Center,nan
CHIONG  VANESSA ALIANA,World Citi Medical Center,nan
CHUA ARNEL,NKTI,nan
CHUA ANNETTE,Medicard,nan
CHUA RONALD,EAST Ave. Medical Center,nan
CIMACIO MA. DERYLNE,Bautista Medical Clinic,nan
CLARITO EUNICE LOVELLE,EAST Ave. Medical Center,nan
CO GLORIA,TMC Gateway,nan
CORPUZ- SEMANA JAMIE,Fairview Hi- Precision,nan
CORRALES FLORO,Corrales Med. Clinic,nan
CORRALES JOY,Corrales Med. Clinic,nan
CUNANAN ROMULO,Lablife Med. And Diagnostic Center,nan
CUSTODIO MYLA,Philippine Heart Center of the Philippines,nan
DAMPIL ALLAN OLIVER,St. Lukes Medical Center,nan
DANIEGA DES,FEU/Marian Medical Center,nan
DAYRIT RHEA,TMC Cyberpark,nan
DEGUZMAN SHARON,Quezon Institute,nan
DEL ROSAIO RACHEL,Diliman Doctors Hospital,nan
DEL ROSARIO  LAURA,Caritas Health Shiled E. Rod,nan
DELA PAZ CECILIA,EAST Ave. Medical Center,nan
DELA PENA PETE,EAST Ave. Medical Center,nan
DELALAMON MARC NIKOLAI,World Citi Medical Center,nan
DELEON SONIA,Madrid Polyclinic,nan
DELEON JERICHO,FEU/Marian Medical Center,nan
DEMERRE ERLYN,St. Lukes Medical Center,nan
DIZON ROSALINDA,Diliman Doctors Hospital,nan
DOLORES ERWIN,TMC Gateway,nan
DURAN SAMUEL,FEU/Marian Medical Center,nan
ERAZMO RACEME,Philippine Heart Center of the Philippines,nan
ESCRITOR MYLENE,TMC Gateway,nan
ESGUERRA ACHILLES,Diliman Doctors Hospital,nan
ESPOSO EVELYN,Megacenter Diagnostic,nan
ESTACIO  NIMFA,Estacio Med. Clinic,nan
ESTEPA LYLIBEL VICTORIA,FEU/Marian Medical Center,nan
EVANGELISTA NEMMA,FEU/Marian Medical Center,nan
FALLER THERESA MARIE,World Citi Medical Center,nan
FERNANDEZ CELINE DENISE,World Citi Medical Center,nan
FERROLINO  ARTHUR,Philippine Heart Center of the Philippines,nan
FLOREN  KAREN GAIL,Diliman Doctors Hospital,nan
FLORES BARBARA AMITY,FEU/Marian Medical Center,nan
FORTUNO AGAPITO,Philippine Heart Center of the Philippines,nan
FREMAN CEREZO,ACE Diagnostic Center,nan
FRESNOZA JACQUELINE,TMC Trinoma,nan
GARCIA JOSEPH,TMC Gateway,nan
GARGALICANA ZELLE,EAST Ave. Medical Center,nan
GERONA LEDGE,FEU/Marian Medical Center,nan
GLORIFE SAURE,Camp Gen. Emillio Aguinaldo,nan
GUILLERMO KENT,EAST Ave. Medical Center,nan
HECTOR DIOISIO,UP Betterhealth Center,nan
HO JAMES,Philippine Heart Center of the Philippines,nan
IMPERIAL DENNIS,SSS East Ave,nan
INES MALOU,FEU/Marian Medical Center,nan
JACOBA YSIS,Fairview Hi- Precision,nan
JASARENO RHODORA,Westview Specilaty Clinic,nan
JASUL GABRIEL,St. Lukes Medical Center,nan
JAVELOSA RANULFO,Philippine Heart Center of the Philippines,nan
JURADO ALLEN,St. Rupert Medical Clinic,nan
KUHN LISA ANGELICA,Diliman Doctors Hospital,nan
LAIGO ALBERT ALLEN,Madrid Polyclinic,nan
LAWRENCE RAYMOND,Lung Center of the Philippines,nan
LI RALPH JASON,World Citi Medical Center,nan
LICUP DIANNA,Bautista Medical Clinic,nan
LIM ROSARIO,Aventus Med. Clinic,nan
LINGA ROWENA,FEU/Marian Medical Center,nan
LIU  LI CHING,FEU/Marian Medical Center,nan
LONTOC ANTHONY,Philippine Heart Center of the Philippines,nan
MACALINTAL LUALHATI,Quezon Institute,nan
MACAPUGAY LEORA,Diliman Doctors Hospital,nan
MAGALLANES GHALSWENDY,Diliman Doctors Hospital,nan
MAGBOJOS ADRIAN LEVIE,Bautista Medical Clinic,nan
MAGNO MARIE,Lung Center of the Philippines,nan
MALILAY ARLENE,TMC Trinoma,nan
MALUNDO JOHN,Well of Life Medical Specialist,nan
MANGAHAS MARGARITA YSABEL,EAST Ave. Medical Center,nan
MANGASER ARLENE,Clinica Caritas,nan
MANINGAS DON,FEU/Marian Medical Center,nan
MANUEL ROLANDO,Philippine Heart Center of the Philippines,nan
MANUEL JAMES,EAST Ave. Medical Center,nan
MARASIGAN ELFINA,FEU/Marian Medical Center,nan
MARTIN GERARD,World Citi Medical Center,nan
MERCADO EFRAINE,World Citi Medical Center,nan
MILADY MAGALLONES,UP Betterhealth Center,nan
MONTES CRISTINA,Diliman Doctors Hospital,nan
MORA RAYMOND,World Citi Medical Center,nan
MORALES MEDEL,SSS East Ave,nan
NERI REYNALDO,St. Lukes Medical Center,nan
NG JENNIFER LOURDES,St. Lukes Medical Center,nan
NOVALES AARON,Westview Specilaty Clinic,nan
OCAMPO FAYE,FEU/Marian Medical Center,nan
ONG NELSON BRYAN,Lung Center of the Philippines,nan
ONG- CABRERA GLYNNA,Lung Center of the Philippines,nan
ONGJOCO EDGAR,Madrid Polyclinic,nan
ONILLA JILLIAN,East Ave Hi-Precision,nan
ORDONEZ ROLANDO,World Citi Medical Center,nan
ORDONEZ MIGUEL,World Citi Medical Center,nan
ORTIZ LILIA,World Citi Medical Center,nan
PABAYO VICTORINA,TMC Cyberpark,nan
PAJANEL MARGARETTE,EAST Ave. Medical Center,nan
PANAGA IRMA,FEU/Marian Medical Center,nan
PANGAIBAT ALIZA,UP Betterhealth Center,nan
PANGANIBAN RHANDY,Philippine Heart Center of the Philippines,nan
PANTIG MIGUEL SEBASTIAN,EAST Ave. Medical Center,nan
PEREZ GRACE,GPE Medical Clinic,nan
PUA EMMET VI,Philippine Heart Center of the Philippines,nan
PUTONG ROBERTO,SSS East Ave,nan
QUETURAS MY LADY ROSE,World Citi Medical Center,nan
QUIRIT ALLEN,World Citi Medical Center,nan
QUIWA LESLIE,EAST Ave. Medical Center,nan
QUIZON LENDRY,TMC Trinoma,nan
RAMIREZ MARK AUSTIN,World Citi Medical Center,nan
RAMIREZ FLORDELIZA,Diliman Doctors Hospital,nan
RAMOS MARK JEREMY,FEU/Marian Medical Center,nan
RAMOS PAULINE,TMC Cyberpark,nan
RAMOS MARJORIE,FEU/Marian Medical Center,nan
RAMOS KEVIN,Philippine Heart Center of the Philippines,nan
RAOUL FELIPE,EAST Ave. Medical Center,nan
RAYMUNDO LORJIE,Almonte Medical Clinic,nan
REBULLIDA SALVADOR PEDRO,Philippine Heart Center of the Philippines,nan
REYES RENE,Megacenter Diagnostic,nan
RIVERA CEFERINO,Gen. Miguel Malvar Hospital,nan
ROMANO ARNEL,TMC Cyberpark,nan
RONAN MADELYN GRACE,Diliman Doctors Hospital,nan
ROXAS GINA,FEU/Marian Medical Center,nan
RUSTIA JOSEPHINE,Megacenter Diagnostic,nan
SADAYA GENEVIEVE,UP Betterhealth Center,nan
SALA- ONG  ANGELA,Diliman Doctors Hospital,nan
SALAS BELINDA,Holy Angel Clinic,nan
SALI ELSHAD,EAST Ave. Medical Center,nan
SAMANIEGO ARLETTE,FEU/Marian Medical Center,nan
SAMSODIN NAJRIAH,EAST Ave. Medical Center,nan
SAN JOSE ARIANE JOMELLE,World Citi Medical Center,nan
SANTIAGO  ERIC HUGNES,Diliman Doctors Hospital,nan
SANTOS LAURENT,World Citi Medical Center,nan
SERRANO EFFROSE,World Citi Medical Center,nan
SEVILLEJA DAPHNE,World Citi Medical Center,nan
SIBAYAN MA. IDA CORAZON,Citimed Diagnostic Clinic,nan
SIBAYAN KURT,FEU/Marian Medical Center,nan
SOMBRETO AARON,Westview Specilaty Clinic,nan
SORREDA JAYSON,World Citi Medical Center,nan
SOSTENES PAUL GLER,EAST Ave. Medical Center,nan
STA. MARIA  FERNANDO,FEU/Marian Medical Center,nan
STA. MARIA JOCELYN,Megacenter Diagnostic,nan
SUBOL- CAMPOS CHERRIE NINA,Fairview Hi- Precision,nan
SUPE MYLA GLORIA,Philippine Heart Center of the Philippines,nan
TAGLE VIVIAN,SSS East Ave,nan
TAN REAGAN,Clinica Caritas,nan
TAN WINFIELD,Lung Center of the Philippines,nan
TAN TIN HAY LORA MAY,St. Lukes Medical Center,nan
TANG HERVIN DAMLER,Diliman Doctors Hospital,nan
TANHUECO SERGIO,EAST Ave. Medical Center,nan
TAPNIO MA. GEMMA,Camp Gen. Emillio Aguinaldo,nan
TE JR CAMILLO,Diliman Doctors Hospital,nan
TIGA DAISY,Well Served Medical Clinic,nan
TIN HAY EDUARDO,St. Lukes Medical Center,nan
TOLENTINO ELAINE,Gen. Miguel Malvar Hospital,nan
TUAZON ALEXANDER,Philippine Heart Center of the Philippines,nan
TUTAAN CARLOTA,East Ave Hi-Precision,nan
UBALDE BEN VICTOR,World Citi Medical Center,nan
UMALI REGINA,UP Betterhealth Center,nan
USMAN JERU,Philippine Heart Center of the Philippines,nan
VEGA LAMBERTO,FEU/Marian Medical Center,nan
VENCIO MELINDA,FEU/Marian Medical Center,nan
VICTORIANO ALEXANDER,World Citi Medical Center,nan
VICTORIANO ASUNCION,St. Lukes Medical Center,nan
VICTORIANO JR. NAPOLEON,St. Lukes Medical Center,nan
VILLANUEVA JOHANNA,Philippine Heart Center of the Philippines,nan
VILLANUEVA PAOLO,Philippine Heart Center of the Philippines,nan
VILLAPANDO LEDA,FEU/Marian Medical Center,nan
VILLAPANDO ANGELO,World Citi Medical Center,nan
VILLAREAL  KATHLEEN,Camp Gen. Emillio Aguinaldo,nan
YANGYANG ABEGAIL,EAST Ave. Medical Center,nan
YULO JUDY,Bautista Medical Clinic,nan
YUMUL KATHERINE,Diliman Doctors Hospital,nan
ABABA MILFE,CHRIST THE KING SPECIALISTS HOSPITAL,nan
ABOU ZAKI SHAFFIQ DEXTER,METRO DAVAO MEDICAL AND RESEARCH CENTER,nan
ACOSTA VIDA ROSE DANIELLE,METRO DAVAO MEDICAL AND RESEARCH CENTER,nan
ALAMPAYAN  MARY ANN,METRO DAVAO MEDICAL AND RESEARCH CENTER,nan
ALASTRA FERGUZ BOGDAN,BITOY POLYMEDIC HOSPITAL,nan
ALVE JAYSON,ALVE MEDICAL CLINIC,nan
ANDRES FLORENCIA,"MIGUEL O. CABRERA MEMORIAL HOSPITAL, INC.",nan
ANG ROSITO,MEDICAL MISSION GROUP HOSPITAL (DAVAO),nan
ANO-OS KATHERINE,METRO DAVAO MEDICAL AND RESEARCH CENTER,nan
ANSALDO NIKOLO,METRO DAVAO MEDICAL AND RESEARCH CENTER,nan
ANUTA MELDI,SAN PEDRO HOSPITAL,nan
AQUINO SUZETTE,AQUINO MEDICAL SPECIALIST HOSPITAL INC,nan
ARAO MA. CORAZON,SAN PEDRO HOSPITAL,nan
ARNAO SIVERO,ST. CAMILLUS HOSPITAL,nan
ARREOLA  ALLAN,DAVAO MEDICAL SCHOOL FOUNDATION,nan
ASIS CYRIL,BISHOP JOSEPH REAGAN MEMORIAL HOSPITAL,nan
AWIT KRIS KAREN,METRO DAVAO MEDICAL AND RESEARCH CENTER,nan
AYAAY LEONARDO,AYAAY MEDICAL CLINIC,nan
BABAO JERAN,NOT SPECIFIED,nan
BABAO JANICE,TAGUM MEDICAL CITY,nan
BACANI GERARD MAXIMILLAN,TAGUM MEDICAL CITY,nan
BAD-ANG MA. THERESA,DAVAO MEDICAL SCHOOL FOUNDATION,nan
BADILLA EDELYN,CHRIST THE KING SPECIALISTS HOSPITAL,nan
BAGARRA DAN,TAGUM DOCTORS  HOSPITAL,nan
BAGSIC MARY GRACE,BAGSIC MEDICAL CLINIC,nan
BALANI FELICISIMO,MEDICAL MISSION GROUP HOSPITAL (TAGUM),nan
BALINGIT  FELIPE,MEDICAL MISSION GROUP HOSPITAL (TAGUM),nan
BANDAYANON-LAMUDOC MAUREEN KYNDRA,PHSMB HEALTH CARE AND ABC,nan
BANGAYAN TOMMY,SAN PEDRO HOSPITAL,nan
BANICO RODELIE,METRO DAVAO MEDICAL AND RESEARCH CENTER,nan
BARBARA PANOPIO,NOT SPECIFIED,nan
BARETT MARIEVIEN,SOUTHERN PHILIPPINES MEDICAL CENTER,nan
BARRIENTOS  EARL IAN,METRO DAVAO MEDICAL AND RESEARCH CENTER,nan
BARUIZ CINDERRELA,NOT SPECIFIED,nan
BAUNDING RITCHEBELLE,METRO DAVAO MEDICAL AND RESEARCH CENTER,nan
BEBERO KATRINA,TAGUM MEDICAL CITY,nan
BELDUA CINDY,BUCAS CENTER TAGUM CITY,nan
BERCILLA ANALIE,TAGUM MEDICAL CITY,nan
BESAS FRANCIS,PERPETUAL POLYCLINIC,nan
BESTUDIO KATRINA,DEMAALA MEDICAL CLINIC,nan
BISNAR LUISA,SAN PEDRO HOSPITAL,nan
BITOY LAURENCE,BUCAS CENTER TAGUM CITY,nan
BORCELAS MON RAZZEL,BORCELAS MEDICAL CLINIC,nan
BOSQUIT JOHN,SAN PEDRO HOSPITAL,nan
BRAVO SHEILA,NOT SPECIFIED,nan
BRIGUEZ MARTELINO,COMMUNITY DOCTORS HOSPITAL,nan
BUYCO KARLA,NOT SPECIFIED,nan
CABAHUG REAGAN,SAN PEDRO HOSPITAL,nan
CACHUELA  JOSEPH,METRO DAVAO MEDICAL AND RESEARCH CENTER,nan
CAINGLET ALBERT RODERICK,CAINGLET MEDICAL CLINIC,nan
CAINGLET MARIKIT,CAINGLET MEDICAL CLINIC,nan
CAINGLET FELIX,CAINGLET MEDICAL CLINIC,nan
CAINGLET EILEEN,CAINGLET MEDICAL CLINIC,nan
CALAMBA MARRIE PAT,CALAMBA MEDICAL CLINIC,nan
CAMARILLO ED LEVI,MEDICAL MISSION GROUP HOSPITAL (TAGUM),nan
CAPOY MANUELITO,BISHOP JOSEPH REAGAN MEMORIAL HOSPITAL,nan
CAPUNO LESLIE,MEDICAL MISSION GROUP HOSPITAL (TAGUM),nan
CASUGA MARNELLIE,NOT SPECIFIED,nan
CATBAGAN NIDA,DAVAO ORIENTAL PROVINCIAL MEDICAL CENTER,nan
CATEDRAL SHARWIN MARIE,NOT SPECIFIED,nan
CEBALLOS WARREN,NOT SPECIFIED,nan
CHIONG KRISTINE MARIE,MEDICAL MISSION GROUP HOSPITAL (TAGUM),nan
CHIU ROWENA,METRO DAVAO MEDICAL AND RESEARCH CENTER,nan
CLET  CHRYSTELLER,TAGUM DOCTORS  HOSPITAL,nan
CORPUZ GLEN,CORPUZ MEDICAL CLINIC,nan
DACALOS  JOSEPH,DACALOS MEDICAL CLINIC,nan
DALAGUIT RHEJE,PERPETUAL POLYCLINIC,nan
DALANDAG BENDATU,METRO DAVAO MEDICAL AND RESEARCH CENTER,nan
DALMACIO  ELISA,TAGUM DOCTORS  HOSPITAL,nan
DANO KRISTIAN LAE,BUCAS CENTER TAGUM CITY,nan
DAVALOS JOSEPH RYAN,TAGUM GLOBAL HOSPITAL,nan
DAYANGHIRANG  CHONA,DAYANGHIRANG MEDICAL CLINIC,nan
DE BORJA J. GABRIEL,METRO DAVAO MEDICAL AND RESEARCH CENTER,nan
DE CASTRO DANZON JOHN,NOT SPECIFIED,nan
DEJAN MARY ANN,TAGUM DOCTORS  HOSPITAL,nan
DELA CRUZ JASMEN,TAGUM MEDICAL CITY,nan
DELOS REYES IVY,TAGUM MEDICAL CITY,nan
DEMAALA PHILIP NOLAN,DEMAALA MEDICAL CLINIC,nan
DEMAANDAL HENRY,NOT SPECIFIED,nan
DERLA ELIZABETH,TAGUM MEDICAL CITY,nan
DILANGALEN OMOHAIRE,SAN PEDRO HOSPITAL,nan
DOLIENTE EMILY ROSE,NOT SPECIFIED,nan
DUJALI DIZZA,MEDICAL MISSION GROUP HOSPITAL (TAGUM),nan
DUTERTE LORRAINE,PERPETUAL POLYCLINIC,nan
ELESEO MAE ANGELIE,BUCAS CENTER TAGUM CITY,nan
ELORDE RITAVILLE,METRO DAVAO MEDICAL AND RESEARCH CENTER,nan
ENOBIO  GEOFFREY,SOUTHERN PHILIPPINES MEDICAL CENTER,nan
ESPARAGOZA CALIXTO,TAGUM MEDICAL CITY,nan
EVANGELISTA MARY GRACE,TAGUM MEDICAL CITY,nan
FADERAN BERMILLON,METRO DAVAO MEDICAL AND RESEARCH CENTER,nan
FERNANDEZ MERLIN,ST. CAMILLUS HOSPITAL,nan
FERNANDO JOSEPH,TAGUM MEDICAL CITY,nan
FRANCO ARTEMIO,FRANCO CLINIC,nan
GAMPON ISIAH JEREMIAH,MEDICAL MISSION GROUP HOSPITAL (TAGUM),nan
GANA RAMIL,NOT SPECIFIED,nan
GARCIA MA. ANGELIE,PRUDENCIO MEDICAL CLINIC,nan
GARCIA IZA,METRO DAVAO MEDICAL AND RESEARCH CENTER,nan
GAVIOLA JESUS,MEDICAL MISSION GROUP HOSPITAL (TAGUM),nan
GAYARES FAITH KRISTINE,CHRIST THE KING SPECIALISTS HOSPITAL,nan
GAZMEN LEW IAN,MEDICAL MISSION GROUP HOSPITAL (TAGUM),nan
GENERIC 1 MD,GENERIC,0.0
GENERIC 10 MD,GENERIC,0.0
GENERIC 2 MD,GENERIC,0.0
GENERIC 3 MD,GENERIC,0.0
GENERIC 4 MD,GENERIC,0.0
GENERIC 5 MD,GENERIC,0.0
GENERIC 6 MD,GENERIC,0.0
GENERIC 7 MD,GENERIC,0.0
GENERIC 8 MD,GENERIC,0.0
GENERIC 9 MD,GENERIC,0.0
GERALDE JONAH SUZETTE,MEDICAL MISSION GROUP HOSPITAL (TAGUM),nan
GICANA CRISTINA,TAGUM MEDICAL CITY,nan
GO SHERWIN LOUIS,MEDICAL MISSION GROUP HOSPITAL (TAGUM),nan
GOMEZ PAUL,BUCAS CENTER TAGUM CITY,nan
GUERRERO MANOLETE,SAN PEDRO HOSPITAL,nan
GUILLANO FRANKLIN,TAGUM GLOBAL HOSPITAL,nan
GUILLERMO SYRIL,METRO DAVAO MEDICAL AND RESEARCH CENTER,nan
GUY DERECK AMIEL,NOVA TIERA CLINIC,nan
HERNAEZ-MANGAYAO KARLENE MAE,PHSMB HEALTH CARE AND ABC,nan
HIMAGAN JEANNIE,METRO DAVAO MEDICAL AND RESEARCH CENTER,nan
INOJALES TANYA RUTH,TAGUM DOCTORS  HOSPITAL,nan
JAMPAYAS SAMANTHA,MAWAB MEDICAL HOSPITAL,nan
JAYLO RICARLITO,JAYLO MEDICAL CLINIC,nan
JAYLO BLESSILDA,ST. CAMILLUS HOSPITAL,nan
JAYLO MA. SALUD,RIVERA MEDICAL CENTER,nan
JUSAY JOANNE MARIE,ST. CAMILLUS HOSPITAL,nan
KASILAG MAE,METRO DAVAO MEDICAL AND RESEARCH CENTER,nan
LAGANSON JAN RICHARD,DAVAO REGIONAL MEDICAL CENTER,nan
LAGMAY THELMA,MEDICAL MISSION GROUP HOSPITAL (TAGUM),nan
LANABAN AURA RHEA,METRO DAVAO MEDICAL AND RESEARCH CENTER,nan
LASCUNA CHIARA MAE,MEDICAL MISSION GROUP HOSPITAL (TAGUM),nan
LAYUG RODRIGO,LAYUG MEDICAL CLINIC,nan
LEGASPI  JEORGIE,PERPETUAL POLYCLINIC,nan
LEGASPI MA. VICTORIA,PERPETUAL POLYCLINIC,nan
LEONARDIA  HARVEY,LEONARDIA CLINIC,nan
LEONARDIA  CEASAR,LEONARDIA CLINIC,nan
LIGUID ARLENE,NOT SPECIFIED,nan
LLANES MARK RAMON VICTOR,METRO DAVAO MEDICAL AND RESEARCH CENTER,nan
LLANOS  ARYEEL,PERPETUAL POLYCLINIC,nan
LOMUGDA ARVIN,METRO DAVAO MEDICAL AND RESEARCH CENTER,nan
LOPEZ ERWIN,NOT SPECIFIED,nan
LOPEZ ERLYN,SOMOSO HOSPITAL,nan
LOREN   JOSE CARLO,METRO DAVAO MEDICAL AND RESEARCH CENTER,nan
LU RAYMUND,LU MEDICAL CLINIC,nan
LU  ROGER,LU MEDICAL CLINIC,nan
LUMANLAN GENE PAUL,RIVERA MEDICAL CENTER,nan
MABANG  JEHAN AIZA,SOUTHERN PHILIPPINES MEDICAL CENTER,nan
MACAPAGAL RAMIL,METRO DAVAO MEDICAL AND RESEARCH CENTER,nan
MACROHON JOE RICH,METRO DAVAO MEDICAL AND RESEARCH CENTER,nan
MADAYAG JOYCE,METRO DAVAO MEDICAL AND RESEARCH CENTER,nan
MADONNA AUJERO,NOT SPECIFIED,nan
MADUAY  MELINDA,ST. CAMILLUS HOSPITAL,nan
MAGALLANES JOMAR,MEDICAL MISSION GROUP HOSPITAL (TAGUM),nan
MAGALLANES JONRAY,METRO DAVAO MEDICAL AND RESEARCH CENTER,nan
MANAGBANAG LENITA,SOUTHERN PHILIPPINES MEDICAL CENTER,nan
MANALAYSAY TRISHA,METRO DAVAO MEDICAL AND RESEARCH CENTER,nan
MANDAWE ARVI JOYCE,ST. CAMILLUS HOSPITAL,nan
MANGILET MARILYN,TAGUM MEDICAL CITY,nan
MANIBPEL SHARIFF AMAORI,TAGUM MEDICAL CITY,nan
MANIWANG DAVE,RIVERA MEDICAL CENTER,nan
MARTIN ANNE KRISTINE,MEDICAL MISSION GROUP HOSPITAL (TAGUM),nan
MATILAC ALRIE,PHSMB HEALTH CARE AND ABC,nan
MATUTES WILFREDO,MATUTES HOSPITAL,nan
MEDINA ALVIN,TAGUM MEDICAL CITY,nan
MIONES-BABIERA PRINCES HERGE,PHSMB HEALTH CARE AND ABC,nan
MIRTEJE JANET,NOT SPECIFIED,nan
NAVARRO ALFRED DANIEL,TAGUM GLOBAL HOSPITAL,nan
NINAL OLIVE,SOMOSO HOSPITAL,nan
NISPEROS BERNADETTE,MEDICAL MISSION GROUP HOSPITAL (TAGUM),nan
NORDEN JAMEL,TAGUM MEDICAL CITY,nan
OMPANG JURGEN,NOT SPECIFIED,nan
ONG RIZZA,SOUTHERN PHILIPPINES MEDICAL CENTER,nan
ORCASITAS JESSIE,METRO DAVAO MEDICAL AND RESEARCH CENTER,nan
ORQUIO JOSEPH,CITY MEDICAL LABORATORY (TAGUM),107282.0
OSABEL MITZIE LOU,TAGUM MEDICAL CITY,nan
OSOPRIO JIM,TAGUM MEDICAL CITY,nan
PANGARINTAO WIJUN,NOT SPECIFIED,nan
PANUDA JOSE PAULO,METRO DAVAO MEDICAL AND RESEARCH CENTER,nan
PANUDA MA. CARISSA ABIGAIL,METRO DAVAO MEDICAL AND RESEARCH CENTER,nan
PARILLA  XIRXIZ,DAVAO DOCTORS AND DIAGNOSTICS CENTER,nan
PARRENAS HERNANDO,MAWAB MEDICAL HOSPITAL,nan
PASAWA MONIKKA,BITOY POLYMEDIC HOSPITAL,nan
PASCUA MARLON,PASCUA MEDICAL CLINIC,nan
PASSION JESTER,PASSION MEDICAL CLINIC,nan
PELIGRINO RAMCIS,MEDICAL MISSION GROUP HOSPITAL (TAGUM),nan
PLACIBELLA SALEGON,SAN PEDRO HOSPITAL,nan
PORCADILLA BENJAY,DAVAO ORIENTAL PROVINCIAL MEDICAL CENTER,nan
PORTICOS ANNA REA,NOT SPECIFIED,nan
PORTICOS FRANCIS,NOT SPECIFIED,nan
PORZA JERRY WAHAB,METROPOLITAN SPECIALIST,nan
PRUDENCIO THERESA LEONA,MEDICAL MISSION GROUP HOSPITAL (TAGUM),nan
PRUDENCIO  MARIO ANGELITO,MEDICAL MISSION GROUP HOSPITAL (TAGUM),nan
PUNAY SONDE CHRIS,METRO DAVAO MEDICAL AND RESEARCH CENTER,nan
PUNO GLENN,METROPOLITAN SPECIALIST,nan
QUEREQUINCIA KAREN,METRO DAVAO MEDICAL AND RESEARCH CENTER,nan
QUILISADIO JOHN ELMER,TAGUM MEDICAL CITY,nan
QUINO HEIDE,NOT SPECIFIED,nan
QUIPANES ETHEL,QUIPANES MEDICAL CLINIC,nan
QUITAIN  DENNIS,SAN PEDRO HOSPITAL,nan
RAMOS  SUSANA,TAGUM DOCTORS  HOSPITAL,nan
RAZO  LLYOD FYL,RAZO MEDICAL HOSPITAL,nan
RAZUL  RUDOLPH ALLAN,BITOY POLYMEDIC HOSPITAL,nan
REYES LANCE EDRIC,MEDICAL MISSION GROUP HOSPITAL (TAGUM),nan
RIVERA RAMON,RIVERA MEDICAL CENTER,nan
RIVERA RAMON MIGUEL,RIVERA MEDICAL CENTER,nan
RIVERA PRINCESS MICHELLE,RIVERA MEDICAL CENTER,nan
ROA KRISTOFFER ROLAND,NOT SPECIFIED,nan
ROA JANICE,NOT SPECIFIED,nan
RODRIGUEZ VIKKI DARL,MEDICAL MISSION GROUP HOSPITAL (TAGUM),nan
ROFLO  JUANCHO DAVE,ROFLO MEDICAL CLINIC,nan
ROSA LILGEN FAITH,BAGSIC MEDICAL CLINIC,nan
RUBIO GENER,SAN PEDRO HOSPITAL,nan
SAAVEDRA MELVIN,NOT SPECIFIED,nan
SALVADO  ARTHUR,SAN PEDRO HOSPITAL,nan
SASING RUSSEL,NOT SPECIFIED,nan
SEGOCIO DONNIE JAN,RIVERA MEDICAL CENTER,nan
SELGA ANDREW,SAN PEDRO HOSPITAL,nan
SERAME LYNN MAE,METRO DAVAO MEDICAL AND RESEARCH CENTER,nan
SISTOZA JOJILENE,NOT SPECIFIED,nan
SOLIS SUZETTE,NOT SPECIFIED,nan
SOMOSO ANITA,SOMOSO HOSPITAL,nan
TAGSA JOHN MICHEAL,MEDICAL MISSION GROUP HOSPITAL (TAGUM),nan
TAN ANGELA LIBBY,METRO DAVAO MEDICAL AND RESEARCH CENTER,nan
TAN RALPH JEFFERSON,METRO DAVAO MEDICAL AND RESEARCH CENTER,nan
TAN  YVETTE,METRO DAVAO MEDICAL AND RESEARCH CENTER,nan
TATAD FREDERICK,TAGUM MEDICAL CITY,nan
TIONGCO ALAN,ALVE MEDICAL CLINIC,nan
TOLENTINO GIDEON,TAGUM MEDICAL CITY,nan
TOLENTINO FLORENCIA,NOT SPECIFIED,nan
TORNO LARISSA,DAVAO MEDICAL SCHOOL FOUNDATION,nan
TORRE ARISFINA,PERPETUAL POLYCLINIC,nan
UY GLENN DARYLLE,TAGUM MEDICAL CITY,nan
UY  CHRISTINA,SAN PEDRO HOSPITAL,nan
VALLES ATHENA,METRO DAVAO MEDICAL AND RESEARCH CENTER,nan
VEGA SUSANA,SAN PEDRO HOSPITAL,nan
VILLARIN  JINGLE,MEDICUS MEDICAL CLINIC,nan
VILLAVER JAZZEL LOU,MEDICAL MISSION GROUP HOSPITAL (TAGUM),nan
WAGAS PRINCESS,NOT SPECIFIED,nan
WONG  CHARMAINE,SAN PEDRO HOSPITAL,nan
YARRA GIL,PERPETUAL POLYCLINIC,nan
ZAMORAS CATHERINE,ZAMORAS MEDICAL CLINIC,nan
AGCAOILI-CONDE JENNIELYN,PERPETUAL HELP MEDICAL CENTER,nan
AGUILAR RAYMUND,MEDICARD,nan
AGUILAR JUAN RAFAEL,ASIAN HOSPITAL AND MEDICAL CENTER,nan
AGUSTIN SILVER ROSE,ALABANG MEDICAL CENTER-MONTILLANO,nan
ALVAREZ LEILANIE,KERALTY CLINIC FESTIVAL,nan
ALVIAR TED,ALVIAR DIAGNOSTICS,nan
AMORANTO ROGELIO,MEDICAL CENTER MUNTINLUPA,nan
ARADA RAPHAEL BENJAMIN,ASIAN HOSPITAL AND MEDICAL CENTER,nan
ARGANA MARIVIC,MEDICARD,nan
BAGASINO MARY JILL,ALABANG MEDICAL CENTER-MONTILLANO,nan
BALGUA JEREMIAS JR.,ASIAN HOSPITAL AND MEDICAL CENTER,nan
BAYBAY ARBY,ASIAN HOSPITAL AND MEDICAL CENTER,nan
BERNARDO  CARLO ALBERTO,PERPETUAL HELP MEDICAL CENTER,nan
BILAR ENRIQUE,PERPETUAL HELP MEDICAL CENTER,nan
BILAR LYNN,ASIAN HOSPITAL AND MEDICAL CENTER,nan
BOONGALING MARY ERVIE,MEDICAL CENTER MUNTINLUPA,nan
CALIBUSO WILNIEL BRIAN MCM,MEDICAL CENTER MUNTINLUPA,nan
CALIMON MARY ANN,MEDICAL CENTER MUNTINLUPA,nan
CALINISAN ROMMEL,ASIAN HOSPITAL AND MEDICAL CENTER,nan
CAPUNO BERNARDO III,PERPETUAL HELP MEDICAL CENTER,nan
CARPIO GIAN CARLO,ASIAN HOSPITAL AND MEDICAL CENTER,121015.0
CASTILLO CONSTANTINO III,ASIAN HOSPITAL AND MEDICAL CENTER,nan
CASTRO ARTURO JR.,ASIAN HOSPITAL AND MEDICAL CENTER,nan
CENIZA AGUSTIN,ASIAN HOSPITAL AND MEDICAL CENTER,82572.0
COMIA  ANTONIO,ASIAN HOSPITAL AND MEDICAL CENTER,nan
COSA-PANLIBUTO MICHELLE MCM,MEDICAL CENTER MUNTINLUPA,nan
CRISOSTOMO SOTERO,PERPETUAL HELP MEDICAL CENTER,nan
CUNTAPAY GIO - AMC,ASIAN HOSPITAL AND MEDICAL CENTER,nan
DE VELEZ NOEL,MEDICARD,nan
DELA CRUZ VERLENE,ALABANG MEDICAL CENTER-MONTILLANO,nan
DELOS REYES CHRISTOPHER,ASIAN HOSPITAL AND MEDICAL CENTER,nan
DIWA LY-ANN,ASIAN HOSPITAL AND MEDICAL CENTER,nan
DOROMAL CANDY LOU,MEDICARD,nan
ELARDO SALVATORE JULIANO - MCM,MEDICAL CENTER MUNTINLUPA,nan
FACTORIZA DESIREE - MCM,MEDICAL CENTER MUNTINLUPA,nan
FELIPE RHEY ANTHONY,MYHEALTH CLINIC FESTIVAL,nan
FLORENTINO ALFONSO,PERPETUAL HELP MEDICAL CENTER,nan
FUENTES  DENNIS,PERPETUAL HELP MEDICAL CENTER,nan
FUENTES  FRANCISCO,ALABANG MEDICAL CENTER-MONTILLANO,nan
FUNTILA ROMEO JR.,LAS PIÑAS DOCTORS HOSPITAL,nan
GALINDEZ CINIELLE MCM,MEDICAL CENTER MUNTINLUPA,nan
GAMBOA ALDRIN,ASIAN HOSPITAL AND MEDICAL CENTER,nan
GARCIA SHANE ERWIN,PERPETUAL HELP MEDICAL CENTER,nan
GERONIMO ANGELITO,MEDICAL CENTER MUNTINLUPA,nan
GREGORIO MARIA TAMIKO,PERPETUAL HELP MEDICAL CENTER,nan
GUEVARRA DANIEL,PERPETUAL HELP MEDICAL CENTER,nan
GULINAO ISAGANI,ALABANG MEDICAL CENTER-MONTILLANO,nan
HADAP DEMETRIO,ASIAN HOSPITAL AND MEDICAL CENTER,nan
HERRERA LENOR,ASIAN HOSPITAL AND MEDICAL CENTER,nan
IBARRA JOSEF,ASIAN HOSPITAL AND MEDICAL CENTER,nan
ILAO JOSEPH,HI-PRECISION DIAGNOSTICS,nan
JACINTO CESAR III,ALABANG MEDICAL CENTER-MONTILLANO,nan
JIMENEZ  ALVIN,LAS PIÑAS DOCTORS HOSPITAL,nan
JOSE JUAN ROBERTO,ALABANG MEDICAL CENTER-MONTILLANO,nan
KIOCHO MARA ANGELI,PERPETUAL HELP MEDICAL CENTER,nan
LABRADOR MIA ARABELLE,ALABANG MEDICAL CENTER-MONTILLANO,nan
LAO JONATHAN GIL,ASIAN HOSPITAL AND MEDICAL CENTER,nan
LAT KAREN LOISE,PERPETUAL HELP MEDICAL CENTER,nan
LAWENKO RONA MARIE,ASIAN HOSPITAL AND MEDICAL CENTER,nan
LENON EMMANUEL,ASIAN HOSPITAL AND MEDICAL CENTER,nan
LIMSON CHEERISH,HEALTHWAY CLINIC FESTIVAL,nan
LLANTO GIL MIKHAIL,PERPETUAL HELP MEDICAL CENTER,nan
LONTOK MARIE ANTIONETTE,ASIAN HOSPITAL AND MEDICAL CENTER,nan
LONTOK MARCELJOS - MCM,MEDICAL CENTER MUNTINLUPA,nan
LOPEZ ALEXA FEI - MCM,MEDICAL CENTER MUNTINLUPA,nan
LUA JARDINE,LAS PIÑAS DOCTORS HOSPITAL,nan
LUCIDO JOHN ROBIN,PERPETUAL HELP MEDICAL CENTER,nan
LUNA MELANIE,KERALTY CLINIC FESTIVAL,nan
MACALALAG ROLANDO,ALABANG MEDICAL CENTER-MONTILLANO,nan
MAGSUMBOL KATHERINE,KERALTY CLINIC FESTIVAL,nan
MALVAR ALLAN,ASIAN HOSPITAL AND MEDICAL CENTER,nan
MARCELO ARLENE,PERPETUAL HELP MEDICAL CENTER,nan
MORALES FILEMON,PERPETUAL HELP MEDICAL CENTER,nan
NOLASCO EULENIA,ASIAN HOSPITAL AND MEDICAL CENTER,nan
NOVENARIO JOSE CELSO,ASIAN HOSPITAL AND MEDICAL CENTER,nan
OCAMPO KARL VINCENT - MCM,MEDICAL CENTER MUNTINLUPA,nan
OCUMA RALPHYN,MEDICARD,nan
PABELICO CHRISTINE ANN,PERPETUAL HELP MEDICAL CENTER,nan
PATDU JACKY,MEDICAL CENTER MUNTINLUPA,nan
PRODIGALIDAD JOSE VICENTE,ASIAN HOSPITAL AND MEDICAL CENTER,nan
QUINO ALVIN,ASIAN HOSPITAL AND MEDICAL CENTER,nan
RAMOS BENJAMIN,ASIAN HOSPITAL AND MEDICAL CENTER,nan
RAMOS ELIZABETH GAIL,PERPETUAL HELP MEDICAL CENTER,nan
REGALADO-NER MA. TERESA,KERALTY CLINIC FESTIVAL,nan
REYES LOU CHRIS ALLEN,ASIAN HOSPITAL AND MEDICAL CENTER,nan
ROLDAN KAYE,MEDICARD,nan
ROMERO RONALD,PERPETUAL HELP MEDICAL CENTER,nan
RUNEZ MARIA NELIA,ASIAN HOSPITAL AND MEDICAL CENTER,nan
SALGADO CHRISTINE,PERPETUAL HELP MEDICAL CENTER,nan
SALILENG  SILVERIO,ASIAN HOSPITAL AND MEDICAL CENTER,nan
SAULOG ROLANDO,ASIAN HOSPITAL AND MEDICAL CENTER,nan
SEBOLLENA DAVE,PERPETUAL HELP MEDICAL CENTER,nan
SISON CHERRY,ALABANG MEDICAL CENTER-MONTILLANO,nan
SO-CABAHUG JACKLYN,ASIAN HOSPITAL AND MEDICAL CENTER,nan
SONGCO JAIME,ASIAN HOSPITAL AND MEDICAL CENTER,nan
SORONIO KIM ANTHONY,ASIAN HOSPITAL AND MEDICAL CENTER,nan
STA. MARIA HELGA,ASIAN HOSPITAL AND MEDICAL CENTER,nan
SUZARA KARLA MARIA,ASIAN HOSPITAL AND MEDICAL CENTER,nan
SY CESAR,ALABANG MEDICAL CENTER-MONTILLANO,nan
SY MARK LESTER,ASIAN HOSPITAL AND MEDICAL CENTER,nan
TAGUBA AUBREY,ASIAN HOSPITAL AND MEDICAL CENTER,nan
TAN RANDALL ISAAC,PERPETUAL HELP MEDICAL CENTER,nan
TERANTE GLENDA,HI-PRECISION DIAGNOSTICS,nan
TOLENTINO ENRICO,MEDICAL CENTER MUNTINLUPA,nan
TUMPALAN JERIEL JON,MEDICARD,nan
VISTAL HILDEGARDE,ASIAN HOSPITAL AND MEDICAL CENTER,nan
VIZCONDE EDELISA,MEDICAL CENTER MUNTINLUPA,nan
ZAMORA MARIA PAMELA,LAS PIÑAS DOCTORS HOSPITAL,nan
ZULUETA CESAR ANTONIO,LAS PIÑAS DOCTORS HOSPITAL,nan
ABELLA JOEL,DIGOS DOCTORS HOSPITAL,nan
ACOSTA SUSAN,Davao Doctors Hospital,nan
ALCANTARA ANNA MARGARITA,Alexian Brothers Clinic,nan
ALCASID ALEX,Davao Doctors Hospital,nan
ALEGARBES SUZETTE,Davao Doctors Hospital,nan
AMOGUIS LOWEL,UM Multitest,nan
AMPER SHERRY MAE,Ricardo Limso Medical Center,nan
ANG GUINEVERE,Davao Doctors Hospital,nan
ANGALA ANTHONY,Davao Doctors Hospital,nan
APORTADERA MARIA LUISA,Davao Doctors Hospital,nan
AQUITANIA GRACE,Davao Doctors Hospital,nan
ARSOLON CLARISSA,Davao Doctors Hospital,nan
ARTES WILFRED JR.,Kidapawan Specialist,nan
BALAZO VICENTE,DIGOS DOCTORS HOSPITAL,nan
BANGAYAN TOMMY,Davao Doctors Hospital,nan
BANICO RODELIE,Brokenshire Hospital,nan
BAREZ MARIE YVETTE,Davao Doctors Hospital,nan
BATALLA ELFRED,Davao Doctors Hospital,nan
BELISARIO MANUEL,Davao Doctors Hospital,nan
BELLO MARY HYACINTH,Medical Center of Digos Cooperative,nan
BELLO-MENDOZA SHAE ANNE,Alexian Brothers Clinic,nan
BENIGNOS MARK ANTHONY,Ricardo Limso Medical Center,nan
BENIGNOS MARILOU,Davao Doctors Hospital,nan
BERNARDO DIANE CARLA,Davao Doctors Hospital,nan
BRATO DEY,Davao Doctors Hospital,nan
BUENAVENTURA PAOLO,Brokenshire Hospital,nan
BUENAVENTURA EDGARDO,Brokenshire Hospital,nan
BUENDICHO ARLON,Kidapawan Specialist,nan
BUXANI NARESH,Kidapawan Specialist,nan
CABICO DINAH,Kidapawan City,nan
CALAWEN GEMMA,Kidapawan City,nan
CAMARAO WARNER,MALTA MEDICAL CENTER,nan
CAMBRONERO RODOLFO,CAMBRONERO CLINIC,nan
CAMIQUE NOEL,Kidapawan City,nan
CARPIO MA. LUISA,Davao Doctors Hospital,nan
CARPIO MARIA LUISA,Davao Doctors Hospital,nan
CASTILLO CELIA,Davao Doctors Hospital,nan
CASTILLO EUGENE MYRA,CEM MEDICAL SPECIALIST HOSPITAL,nan
CAVALIDA VICENTE,DIGOS DOCTORS HOSPITAL,nan
CHEN CRISTINA,Kidapawan City,nan
CHEN JR. CHUA,MADONNA HOSPITAL,nan
CHIEW BERNARD,Davao Doctors Hospital,nan
CHIN  INOFEL,"Digos City, Davao del Sur",nan
CLERIGO ESTRELLA,MADONNA HOSPITAL,nan
COCHING RAUL MARTIN,Davao Doctors Hospital,nan
CRUZ-DIZON JAN NATHLEEN,Kidapawan City,nan
DEL ROSARIO JOSE NICANOR,Brokenshire Hospital,nan
DELA PAZ DANIEL,Davao Doctors Hospital,nan
DILLERA KARL PAOLO,Kidapawan City,nan
DIMAANO EXEQUIEL,Kidapawan City,nan
DIZON JOHN RYAN,Kidapawan City,nan
DOROMAL JOAN,Ricardo Limso Medical Center,nan
DOROMAL MICHAEL ANGELO,DIGOS DOCTORS HOSPITAL,nan
DY CLOSAS ALFAND MARL,Davao Doctors Hospital,nan
EMBALSADO CHRISTOPHER,Kidapawan Specialist,nan
ENOJO JAY-R,Brokenshire Hospital,nan
ESCUDERO  OSCAR,Davao Doctors Hospital,nan
ESTANISLAO BIEN CARLO,Davao Doctors Hospital,nan
EVORA AMOR,Davao Doctors Hospital,nan
FERNANDEZ CLINT IVAN,DIGOS DOCTORS HOSPITAL,nan
FLORESCA JR. DOROTHEO,Davao Doctors Hospital,nan
FRANCISCO-MASACUPAN AISA KATRINA,Davao Doctors Hospital,nan
FUENTES CECILIA,Community Health and Development Center,nan
GATDULA FRANCIS JAMES,Kidapawan Specialist,nan
GO-ONG GIANNINA,Davao Doctors Hospital,nan
GONZALES SYLVESTRE,Davao Doctors Hospital,nan
GUILLERMO DHARYL,ST. JOHN HOSPITAL,nan
GUINMAPANG AMOR,"MIDSAYAP, NORTH COTABATO",nan
HERRERA MELANIE THERESA,Davao Doctors Hospital,nan
HO FRANCIS,Brokenshire Hospital,nan
IBRAHIM AHLIAH,Davao Doctors Hospital,nan
LACUNA ARLYNN,Davao Doctors Hospital,nan
LAFORTEZA ALEXIS  ROBERTO,Community Health and Development Center,nan
LAGANAO ABEGAIL,Brokenshire Hospital,nan
LAGAPA EUVIN PAUL,Davao Doctors Hospital,nan
LANAWAN LEDA MAY,DIGOS DOCTORS HOSPITAL,nan
LAQUIHON NIEL HUMPREY,Kidapawan City,nan
LASALA MIGUELITO,DIGOS DOCTORS HOSPITAL,nan
LAYOG BEATRICE APRIL,"Digos City, Davao del Sur",nan
LAYOG ALLISTER VINCENT,DIGOS DOCTORS HOSPITAL,nan
LEE MAY AILEEN,Davao Doctors Hospital,nan
LINAWAGAN ANGELO,LINAWAGAN CLINIC,nan
LLAGUNO LINDY,Davao Doctors Hospital,nan
LOBERIZA JOE MARIE,"Digos City, Davao del Sur",nan
LOCSIN MA. IMELDA,Community Health and Development Center,nan
LOREQUE-PATROCINIO ZANIVEL,Kidapawan City,nan
LU LAWRENCE AMIR,Davao Doctors Hospital,nan
MABUNGA BIHILDIS,UM Multitest,nan
MACAPAGAL DESILU,Davao Doctors Hospital,nan
MAGNO JR. HANSEL,Brokenshire Hospital,nan
MAGPUSAO NELMA,Kidapawan Specialist,nan
MALALUAN NAMPHRIL,Kidapawan City,nan
MALAZA GELINEMAE,Medical Center of Digos Cooperative,nan
MANALAYSAY RACHELLE,Davao Doctors Hospital,nan
MANALAYSAY TRISHA MICHELLE,Davao Doctors Hospital,nan
MANSILLA PAMELA JOANN,Davao Doctors Hospital,nan
MANSUKHANI SUJATA MAY,Davao Doctors Hospital,nan
MANTOS-OCAT KATRINA BIANCA,Brokenshire Hospital,nan
MARANAN CLAUDINE DAYLE,Sunga Hospital,nan
MARCOS MERVIN,"Toril, Davao City",nan
MATA JOHN DAVID,"Digos City, Davao del Sur",nan
MERCADO JAMES,Davao Doctors Hospital,nan
MUDANZA EDWIN,Kidapawan Specialist,nan
MUDANZA SHERYL GRACE,Kidapawan Specialist,nan
MUDANZA JR. HENRY BONIFACIO,Kidapawan Specialist,nan
NATANAGARA R DANA ANDREW,Kidapawan Specialist,nan
OBED KIEREN,Community Health and Development Center,nan
OBILLOS CYNTHIA,Davao Doctors Hospital,nan
ONG ELEANOR,Davao Doctors Hospital,nan
ORCASITAS JESSIE,Brokenshire Hospital,nan
PADUA JR. ALFREDO,"MIDSAYAP, NORTH COTABATO",nan
PAGUE ELIZABETH,Ricardo Limso Medical Center,nan
PANUDA JOSE PAOLO,DIGOS DOCTORS HOSPITAL,nan
PILAPIL JUN,Davao Doctors Hospital,nan
PILAY ROMANITO,ST. JOHN HOSPITAL,nan
PORTAJE AMIE,"MLANG DOCTORS SPECIALIST,INC",nan
PUNAY SONDE CRIS,Brokenshire Hospital,nan
QUIBO-GALVADORES FLOIN JADE,Brokenshire Hospital,nan
RAGONTON GERALDINE,"MIDSAYAP, NORTH COTABATO",nan
RAMITIERRE EDGAR,Brokenshire Hospital,nan
RAMOS BERNARD,Brokenshire Hospital,nan
RAMOS JR. ENRIQUE,Community Health and Development Center,nan
RASHID HARIS,Brokenshire Hospital,nan
REYES RICARDO,DIGOS DOCTORS HOSPITAL,nan
ROBLES FE MYLA,DIGOS DOCTORS HOSPITAL,nan
RODELAS RUS CYAN JOSEF,Kidapawan City,nan
SALUD  DUANE,Davao Doctors Hospital,nan
SANCHEZ AUGUSTUS,Ricardo Limso Medical Center,nan
SANCHEZ-REGONDOLA JAY KARLOU,Davao Doctors Hospital,nan
SANTOS-BONJE ANNA THERESA,Community Health and Development Center,nan
SILLANO RADHA,Davao Doctors Hospital,nan
SIMON RUBY,Community Health and Development Center,nan
SINGANON JIMMY JOHN IVAN,Kidapawan Specialist,nan
SORIANO JAMES,Davao Doctors Hospital,nan
SORONGON JR. HERMAN,Davao Doctors Hospital,nan
SUNGA KEVIN CHRISTOPHER,"Digos City, Davao del Sur",nan
TAMAYO MARIA THERESA,Brokenshire Hospital,nan
TANJILI MARY GRACE,Brokenshire Hospital,nan
TANUDTANUD MARIA LEILA,"MIDSAYAP, NORTH COTABATO",nan
TARONGOY  ELI,TARONGOY MEDICAL CLINIC,nan
TESORO ANTHONY,Community Health and Development Center,nan
TILLO MIKE ANTHONY,DIGOS DOCTORS HOSPITAL,nan
TOLEDO CAMILLE,MADONNA HOSPITAL,132057.0
TOM MARK ANTHONY,Davao Doctors Hospital,nan
UY ROMULO,Davao Doctors Hospital,nan
UYKING-NARANJO MAY,Davao Doctors Hospital,nan
VARGAS PAULINE JEA,Kidapawan Specialist,nan
VELASCO AARON,Davao Doctors Hospital,nan
VELOSO JADE CYRIL,Brokenshire Hospital,nan
VERALLO SEAN FERGIE,Medical Center of Digos Cooperative,nan
VILLALON  JANIZA,Kidapawan Specialist,nan
WOODEN LOU IDES,Davao Doctors Hospital,nan
YAP MANUEL,Ricardo Limso Medical Center,nan
YBIERNAS JEANETTE,Davao Doctors Hospital,nan
ABLAZA PAUL JOHN,UST HOSPITAL,nan
ABRAHAN MARY ANN,CHINESE GENERAL HOSPITAL,nan
ALBA REBECCA,CHINESE GENERAL HOSPITAL,nan
ALBA WILLY,CHINESE GENERAL HOSPITAL,nan
ANDRES STEPHANIE,UST HOSPITAL,nan
ANG EVELYN,CHINESE GENERAL HOSPITAL,nan
ANTONIO SONNY,UST HOSPITAL,nan
ATANACIO AILEEN,MARY CHILES HOSPITAL,nan
BALILI CHARLENE,UST HOSPITAL,nan
BANTOLO ALENA,UST HOSPITAL,nan
BAUTISTA  JESELLE,UST HOSPITAL,nan
BAWAL DIONISE,UST HOSPITAL,nan
CABUS  CHARLES,CHINESE GENERAL HOSPITAL,nan
CANTERO  JOUELLA,CHINESE GENERAL HOSPITAL,nan
CHUA RACHELLE,CHINESE GENERAL HOSPITAL,nan
CHUA  ERIC,CHINESE GENERAL HOSPITAL,nan
CHUA CRISTINA,CHINESE GENERAL HOSPITAL,nan
CLEMENTE CHERIE GALLA,CHINESE GENERAL HOSPITAL,nan
CUNANAN ELAINE,UST HOSPITAL,nan
DACAYAN MARY ANN,UST HOSPITAL,nan
DE GUZMAN  WILSON,UST HOSPITAL,nan
DE LARA AILEEN CYNTHIA,UST HOSPITAL,nan
DE LEON FROILAN,UST HOSPITAL,nan
DEL CASTILLO  WELLENON,UST HOSPITAL,nan
DELA CRUZ  ALVIN,CHINESE GENERAL HOSPITAL,nan
DELA CRUZ  BERNICE,CHINESE GENERAL HOSPITAL,nan
DICO GO JOYCE,CHINESE GENERAL HOSPITAL,nan
DY TIMOTHY,CHINESE GENERAL HOSPITAL,nan
EBBA EDGARDO,UST HOSPITAL,nan
FONTE JAY,UST HOSPITAL,nan
GAN FLORENCE,UST HOSPITAL,nan
GARCIA BAYANI,UNITED DOCTORS MEDICAL CENTER,nan
GO RUBY,CHINESE GENERAL HOSPITAL,nan
GOMEZ FAYE,UST HOSPITAL,nan
GOMEZ MARIA HONOLINA,UST HOSPITAL,nan
GUIANG  JUDE,UST HOSPITAL,nan
KHO SJOBERG,UST HOSPITAL,nan
KOH ABNER,CHINESE GENERAL HOSPITAL,nan
LACSON JO ROCEL,UST HOSPITAL,nan
LAGUESMA  ROMINA,UST HOSPITAL,nan
LAPLANO ERIC,MEGACENTER DIAGNOSTICS,nan
LAVILLA MICHAEL,MARY CHILES HOSPITAL,nan
LEE NICA,CHINESE GENERAL HOSPITAL,nan
LIM DONDI,UST HOSPITAL,nan
LIM ALVIN,UST HOSPITAL,nan
LIM EDWARD,CHINESE GENERAL HOSPITAL,nan
LIM MICHAEL LOUIE,CHINESE GENERAL HOSPITAL,nan
LIM-BAGAY MELISSA,CHINESE GENERAL HOSPITAL,nan
LOPEZ  LIZETTE,UST HOSPITAL,nan
LORILLA  RICHARDSON,UST HOSPITAL,nan
LU-KOH  ROSIE,CHINESE GENERAL HOSPITAL,nan
LUCAS PAUL,MARY CHILES HOSPITAL,nan
LUGTU ISAIAH,CHINESE GENERAL HOSPITAL,nan
MACATANGAY LALAINE,Hi-PRECISION DIAGNOSTICS,nan
MALONG CHARITO,UST HOSPITAL,nan
MAPA HERALD,UST HOSPITAL,nan
MARAYAG  ERIC,UST HOSPITAL,nan
MARQUEZ  ALLEN,CHINESE GENERAL HOSPITAL,nan
MATAWARAN BIEN,UST HOSPITAL,nan
MATEO MARILYN,UST HOSPITAL,nan
MEMORACION  CAERALYNE,UST HOSPITAL,nan
MENDOZA  ERICK,UST HOSPITAL,nan
NARANJILLA  RAYMOND,UST HOSPITAL,nan
NATIVIDAD  PORSHIA,UST HOSPITAL,nan
NAVARRO  MARIE STELLA,UST HOSPITAL,nan
NG TRACY,CHINESE GENERAL HOSPITAL,nan
NGO ERLEEN,CHINESE GENERAL HOSPITAL,nan
ONA PATRICK,UST HOSPITAL,nan
ONG MARK EMMANUEL,CHINESE GENERAL HOSPITAL,nan
ONG FLORENCIO,CHINESE GENERAL HOSPITAL,nan
ONG-GO  MARY,CHINESE GENERAL HOSPITAL,nan
ORTIZ  JUAN MIGUEL,UST HOSPITAL,nan
OSIAS  JERNY,CHINESE GENERAL HOSPITAL,nan
PEREZ MELCO,CHINESE GENERAL HOSPITAL,nan
PINEDA ALEJANDRO,UST HOSPITAL,nan
QUA ANDREW TIMOTHY,UST HOSPITAL,nan
QUITO BENJAMIN,UST HOSPITAL,nan
RAMIREZ  MARCELLUS,UST HOSPITAL,nan
RELLEVE DARA DIANA,CHINESE GENERAL HOSPITAL,nan
REYES  DON ROBESPIERRE,UST HOSPITAL,nan
REYES  ALEXANDER,UST HOSPITAL,nan
REYES DOMINGO,MARY CHILES HOSPITAL,nan
RICAFRENTE  JEORGINA,TANS MULTI SPECIALTY CLINIC,nan
RUIZ-GO  HANAH,CHINESE GENERAL HOSPITAL,nan
SEBASTIAN  REYNALDO,CHINESE GENERAL HOSPITAL,nan
SEE JOHNSON,CHINESE GENERAL HOSPITAL,nan
SERAPIO  SERAFIN,CHINESE GENERAL HOSPITAL,nan
SEVILLA  ALMALYN,CHINESE GENERAL HOSPITAL,nan
SHIA VICTORIA,CHINESE GENERAL HOSPITAL,nan
SIA JESSEILYN,CHINESE GENERAL HOSPITAL,nan
SIA TAN  JOSEPH,CHINESE GENERAL HOSPITAL,nan
SO MARC,CHINESE GENERAL HOSPITAL,nan
SY MARRIANE,CHINESE GENERAL HOSPITAL,nan
SY ALLEN ANDREW,CHINESE GENERAL HOSPITAL,nan
TAN SHARMAINE,TANS MULTI SPECIALTY CLINIC,nan
TAN DIANA,TANS MULTI SPECIALTY CLINIC,nan
TAN ANTHONY,TANS MULTI SPECIALTY CLINIC,nan
TAN IMELDA,TANS MULTI SPECIALTY CLINIC,nan
TAN PHILIP,TANS MULTI SPECIALTY CLINIC,nan
TAN MICHELLE,TANS MULTI SPECIALTY CLINIC,nan
TAN RAPONCEL,CHINESE GENERAL HOSPITAL,nan
TAN JOSE,CHINESE GENERAL HOSPITAL,nan
TANCHEE-NGO  MARY JANE,CHINESE GENERAL HOSPITAL,nan
TINHAY  EDUARDO,CHINESE GENERAL HOSPITAL,nan
TINHAY  LORA MAY,CHINESE GENERAL HOSPITAL,nan
UNTALAN  RUSSELL,UST HOSPITAL,nan
UY MELISSA,CHINESE GENERAL HOSPITAL,nan
UY-HO  JEAN,UST HOSPITAL,nan
VICERA JENNIFER,UST HOSPITAL,nan
VILLESPIN  IVAN,UST HOSPITAL,nan
VIUDEZ  EMILY,CHINESE GENERAL HOSPITAL,nan
YAMAMOTO JULIE,UST HOSPITAL,nan
YU KATE NICOLE,CHINESE GENERAL HOSPITAL,nan
ZACARIAS  MANUEL,UST HOSPITAL,nan
ABULENCIA REIVIN JAN,SAINT LOUIS HOSPITAL,nan
ADACI BERNICE,KAYANG-GENERAL LUNA,nan
AGCOLICOL MARCO,BAGUIO GENERAL HOSPITAL,nan
AGSAULLO PAULA CLAIRE,SAINT LOUIS HOSPITAL,nan
ALCANTARA ALEXANDER,CABATO CLINIC,100270.0
ALLUAD BART,BAGUIO GENERAL HOSPITAL,nan
ALQUIZA IAN FEB,BENGUET TERRITORIALS,nan
ALUNES JOSEPH,BENGUET TERRITORIALS,nan
ALZATE STACEY DENISE,BAGUIO GENERAL HOSPITAL,nan
ANDAYA KATHRYNNE ENDENNA,BAGUIO GENERAL HOSPITAL,nan
ANDAYA ANGELO ROME,SAINT LOUIS HOSPITAL,nan
APIGO CHRISTIAN CLYDE,BAGUIO GENERAL HOSPITAL,nan
ARAGON IRENEA,ASSUMPTION MEDICAL DIAGNOSTIC CENTER,nan
ASWAT RAY,BAGUIO GENERAL HOSPITAL,nan
BACANI JASON,SAINT LOUIS HOSPITAL,nan
BAGUILAT ARLENE,NOTRE DAME DE CHARTRES HOSPITAL,nan
BALANON SHARON,LA UNION MEDICAL HOSPITAL,nan
BAO-IN RANDA,SAINT LOUIS HOSPITAL,nan
BARTOLO SAMANTHA,SESSION ROAD,nan
BAYSA-PEE ENER,SESSION ROAD,nan
BIASURA SHERWIN,BAGUIO GENERAL HOSPITAL,nan
BITENG VIRGINIA,CORDILLERA HOSPITAL OF THE DIVINE GRACE,nan
BLACK SOFIA,NOTRE DAME DE CHARTRES HOSPITAL,nan
BLACK RALPH GERALD,SAINT LOUIS HOSPITAL,nan
BLACK DWIGHT,BENGUET TERRITORIALS,nan
BOADO RICHARD,BENGUET TERRITORIALS,nan
BORBE DONNA BELLE,KAYANG-GENERAL LUNA,nan
BORILLO EMMELINE,GLOBAL MULTI-SPECIALTY DIAGNOSTIC CENTER,nan
BROWN HELENNE JOIE,SAINT LOUIS HOSPITAL,nan
BUASEN LEE,BENGUET GENERAL HOSPITAL,nan
BUSTILLO FAUSTINE CLAIRE,BAGUIO GENERAL HOSPITAL,nan
CABATO JULIE,CABATO CLINIC,nan
CACANINDIN MARK JANIEL,SAINT LOUIS HOSPITAL,nan
CAJULAO THEA PAMELA,BAGUIO GENERAL HOSPITAL,nan
CARBONELL BEVERLY,BAGUIO GENERAL HOSPITAL,nan
CARINO HEAVEN MARIEBERNS,SAINT LOUIS HOSPITAL,nan
CAYSIDO EDITH CYRILL,BAGUIO GENERAL HOSPITAL,nan
CHAN JUDITH,LA UNION MEDICAL HOSPITAL,nan
CHUCUEN ERICK,EPIPHANY CLINIC,nan
CHUNGALAO SUSAN,SESSION ROAD,nan
CLARIDAD LOUELLA,BAGUIO MEDICAL CENTER,nan
CLARIDAD JR. DIONISIO,BAGUIO MEDICAL CENTER,nan
CLEMENTE MELANIE,KAYANG-GENERAL LUNA,nan
CORPUZ LEVI,BENGUET TERRITORIALS,nan
CRUZ VLADI NATASHA,BAGUIO GENERAL HOSPITAL,nan
CRUZ LURLIN,BAGUIO GENERAL HOSPITAL,nan
DANGANAN HAYDEE,BAGUIO GENERAL HOSPITAL,nan
DE LEON LOUELLA,BAGUIO GENERAL HOSPITAL,nan
DEL ROSARIO DENNIS MYLES,KAYANG-GENERAL LUNA,nan
DELA CRUZ JOYCE,BAGUIO GENERAL HOSPITAL,nan
DELA CRUZ MARCO NEOMAN,BAGUIO GENERAL HOSPITAL,nan
DELA CRUZ ALLAN JAKE,SESSION ROAD,nan
DEMAYO ANGELO,BAGUIO GENERAL HOSPITAL,nan
DEMOT BERNARD,BAGUIO GENERAL HOSPITAL,nan
DINGAYAN ROLANDO,GLOBAL MULTI-SPECIALTY DIAGNOSTIC CENTER,nan
DIOMAMPO TANYA CHARISSA,NOTRE DAME DE CHARTRES HOSPITAL,nan
DIZON DARYL DERICK,SESSION ROAD,nan
DIZON GWYNETTE,BAGUIO GENERAL HOSPITAL,nan
DOMINGUEZ BEVERLY ANNE,BAGUIO GENERAL HOSPITAL,nan
DOMINGUEZ DENNIS,BAGUIO GENERAL HOSPITAL,nan
DULAY JAN DOMINIQ,BAGUIO GENERAL HOSPITAL,nan
DUMLAO JOSE CARLOS,ASSUMPTION MEDICAL DIAGNOSTIC CENTER,nan
DUMLAO CARLO POLO,BAGUIO GENERAL HOSPITAL,nan
DUMLAO II CARLOS,ASSUMPTION MEDICAL DIAGNOSTIC CENTER,nan
DUMLAO III PATRICIO,SESSION ROAD,nan
DUPIAG LEILA RACHEL,BENGUET TERRITORIALS,nan
EMING JULIO,BAGUIO GENERAL HOSPITAL,nan
EPLER JERLEEN JILL,BAGUIO GENERAL HOSPITAL,nan
ERODIAS CLARO VEN,BAGUIO GENERAL HOSPITAL,nan
ESTARIS EMILY GRACE,BAGUIO GENERAL HOSPITAL,nan
EUSTAQUIO KAREEM,NOTRE DAME DE CHARTRES HOSPITAL,nan
FAJARDO RHODALYNN,NOTRE DAME DE CHARTRES HOSPITAL,nan
FANGONILO RANDOLF,NOTRE DAME DE CHARTRES HOSPITAL,nan
FELICIANO DEXTER,BAGUIO GENERAL HOSPITAL,nan
FERRIOLS MARY ANNE,GLOBAL MULTI-SPECIALTY DIAGNOSTIC CENTER,nan
FLOR KAROL ANNE,SESSION ROAD,nan
FLOR GERIK,KAYANG-GENERAL LUNA,nan
FLORES DENNIS,SESSION ROAD,nan
GALASGAS JR. COSME,BENGUET TERRITORIALS,nan
GAPUZ NICOLAI,SAINT LOUIS HOSPITAL,nan
GARAY ALEHXANDRA LOUISE,BAGUIO GENERAL HOSPITAL,nan
GARCIA FAITH,BAGUIO GENERAL HOSPITAL,nan
GELOSO MIKHAIL ISAIAH,BAGUIO GENERAL HOSPITAL,nan
GERONIMO MARICAR,BENGUET GENERAL HOSPITAL,nan
GERONIMO EDRIAN,BENGUET GENERAL HOSPITAL,nan
GOMEZ PRECIOUS MAE,BAGUIO GENERAL HOSPITAL,nan
GOMEZ CATHERINE,KAYANG-GENERAL LUNA,nan
GOMEZ EDGAR PAUL,SESSION ROAD,nan
HIPOL CARLENE ERICA,BAGUIO GENERAL HOSPITAL,nan
IGLESIA LERMA BHELLE,LA UNION MEDICAL HOSPITAL,nan
KAWI JESSYKA MARIE ANDREA,BAGUIO GENERAL HOSPITAL,nan
KITONGAN RYDELL,CORDILLERA HOSPITAL OF THE DIVINE GRACE,nan
KO PHILIP,BAGUIO GENERAL HOSPITAL,nan
LAKING GENEVIEVE,BAGUIO GENERAL HOSPITAL,nan
LARDIZABAL VIOLETA,ST. JUDE CLINIC,nan
LAYGO ALFREDO,SAINT LOUIS HOSPITAL,nan
LEE CHRISTINE JOY,BAGUIO GENERAL HOSPITAL,nan
LEUNG BRIAN ANTHONY,ASSUMPTION MEDICAL DIAGNOSTIC CENTER,nan
LEUNG BRANDON MICHAEL,BAGUIO GENERAL HOSPITAL,nan
LEUNG JILLIANE,ASSUMPTION MEDICAL DIAGNOSTIC CENTER,nan
LEUNG BRENDA,ASSUMPTION MEDICAL DIAGNOSTIC CENTER,nan
LICDAN HAROMI,SAINT LOUIS HOSPITAL,nan
LUBOS MARY JANE,BAGUIO GENERAL HOSPITAL,nan
LUNA KATHRINA,ASSUMPTION MEDICAL DIAGNOSTIC CENTER,nan
LUSPIAN STEVEN PAUL,SAINT LOUIS HOSPITAL,nan
MADAYAG EVA MARIE,LA UNION MEDICAL HOSPITAL,nan
MADRONIO ERICKSON,BENGUET TERRITORIALS,nan
MAGATA JELIAN MAE,BAGUIO GENERAL HOSPITAL,nan
MAMAAT RAM KAIZER ELEISON,BAGUIO GENERAL HOSPITAL,nan
MANALO XAVIER,SAINT LOUIS HOSPITAL,nan
MANALO RENATO,SAINT LOUIS HOSPITAL,nan
MANALO RACHEL,SAINT LOUIS HOSPITAL,nan
MANALO ANNALEE,SAINT LOUIS HOSPITAL,nan
MAPAGU MA.CONCEPCION ASHLEY,KAYANG-GENERAL LUNA,nan
MAPAGU ROMMEL,KAYANG-GENERAL LUNA,nan
MARIANO EDWIN,SAINT LOUIS HOSPITAL,nan
MENDOZA FLERIDA,BETHANY HOSPITAL,nan
MENDOZA JOHN ALDWIN,BAGUIO GENERAL HOSPITAL,nan
MONTENEGRO FRANZ,SESSION DIAGNOSTIC CENTER,nan
MORA GENESIS,BAGUIO GENERAL HOSPITAL,nan
MORENO CHERRIE ANN,BENGUET TERRITORIALS,nan
MORTERA CZARINNA LUZ,BAGUIO GENERAL HOSPITAL,nan
NIGOS JOVY,BAGUIO GENERAL HOSPITAL,nan
ORIBIO RAYMOND,NOTRE DAME DE CHARTRES HOSPITAL,nan
PACIO ALLYN,LA UNION MEDICAL HOSPITAL,nan
PADERNAL ANSTY,BAGUIO GENERAL HOSPITAL,nan
PADILLA ANNAREA VERONICA,BAGUIO GENERAL HOSPITAL,nan
PAGALILAUAN CARLO PAOLO,BAGUIO GENERAL HOSPITAL,nan
PAMPLONA ALELI,BAGUIO GENERAL HOSPITAL,nan
PANABANG LAURA,BENGUET TERRITORIALS,nan
PANGAN III RICARDO,BENGUET TERRITORIALS,nan
PARAS MICHAEL,SAINT LOUIS HOSPITAL,nan
PAREDES RHELLEN,SESSION ROAD,nan
PAYNO EDEN,SESSION ROAD,nan
PECKLEY JEFFERSON,BENGUET TERRITORIALS,nan
PECUA KATHLEEN,HI-PRECISION CLINIC,nan
PERALTA KASSANDRA KATE,SAINT LOUIS HOSPITAL,nan
PEREZ GEORGIA,NOTRE DAME DE CHARTRES HOSPITAL,nan
PILOR ROSE KATHLENE,SAINT LOUIS HOSPITAL,nan
PIZARRO ANGELICA,EPIPHANY CLINIC,nan
PLURAD YOLANDA,SESSION DIAGNOSTIC CENTER,nan
QUIAMBAO JOHN CEDRIC,BAGUIO GENERAL HOSPITAL,nan
QUIBIN JEANNE,BENGUET GENERAL HOSPITAL,nan
QUITASOL PETER ALLAN,NOTRE DAME DE CHARTRES HOSPITAL,nan
RACSA CLARICE,SAINT LOUIS HOSPITAL,nan
RAMOS HAZELENE JOYCE,NOTRE DAME DE CHARTRES HOSPITAL,nan
RAMOS ELIEZER,BAGUIO GENERAL HOSPITAL,nan
RANGES GLAIZA,BAGUIO GENERAL HOSPITAL,nan
REVILLA RUEL,GLOBAL MULTI-SPECIALTY DIAGNOSTIC CENTER,nan
RIVERA BALTAZAR,BETHANY HOSPITAL,nan
ROYECA RALPH MOSES,GLOBAL MULTI-SPECIALTY DIAGNOSTIC CENTER,nan
ROYECA LEICA MARIZ,SAINT LOUIS HOSPITAL,nan
SANEDRIN LEA,BETHANY HOSPITAL,nan
SARMIENTO AIRISH,SAINT LOUIS HOSPITAL,nan
SHIU LOUIE ALFRED,ASSUMPTION MEDICAL DIAGNOSTIC CENTER,nan
SIMON RODEN,BAGUIO GENERAL HOSPITAL,nan
SOLANG FRANCIS PEKDASEN,BENGUET TERRITORIALS,nan
SOLANG ELIZABETH,ST. JUDE CLINIC,nan
SOLIMEN PEARL JOY,KAYANG-GENERAL LUNA,nan
SUERO ANTONIO,NOTRE DAME DE CHARTRES HOSPITAL,nan
SUPNET JO ANNA,BENGUET GENERAL HOSPITAL,nan
TACTAY ANTONIO,HI-PRECISION CLINIC,nan
TAGUDAR DAISY MAE,BENGUET GENERAL HOSPITAL,nan
TAGUILING RUTH,ASSUMPTION MEDICAL DIAGNOSTIC CENTER,nan
TALAMPAS CRISANTO,SAINT LOUIS HOSPITAL,nan
TANDAS ROSESHE ANN,KAYANG-GENERAL LUNA,nan
TANDING SAMANTHA GRACE,SAINT LOUIS HOSPITAL,nan
TANDOC ROSALINA,NOTRE DAME DE CHARTRES HOSPITAL,nan
TANGCO IVY,BAGUIO GENERAL HOSPITAL,nan
TECSON BAYANI,NOTRE DAME DE CHARTRES HOSPITAL,nan
TIONG VICTOR,TIONG CLINIC,nan
TIP-AC JARIUS,BAGUIO GENERAL HOSPITAL,nan
TOLENTINO RAE THERESE,BAGUIO GENERAL HOSPITAL,nan
TOLENTINO THERESE,BAGUIO GENERAL HOSPITAL,nan
VALDEZ DANTE,LA UNION MEDICAL HOSPITAL,nan
VANADERO ANTHONY,SAINT LOUIS HOSPITAL,nan
VERA CRUZ JR. ABELITO,BAGUIO GENERAL HOSPITAL,nan
VILLANUEVA JETHRO,SAINT LOUIS HOSPITAL,nan
VILLAROMAN NIKKO,BAGUIO GENERAL HOSPITAL,nan
WALSI-EN PHILIP,CORDILLERA HOSPITAL OF THE DIVINE GRACE,nan
YABUT FRANCIS,SAINT LOUIS HOSPITAL,nan
YANG-ED PERCIVAL,NOTRE DAME DE CHARTRES HOSPITAL,nan
YARANON AGATON,SESSION ROAD,nan
YLLANA ISABEL MARIE,KAYANG-GENERAL LUNA,nan
YLLANA DOMINIQUE,SAINT LOUIS HOSPITAL,nan
ABRAHAM JOSE BENITO,NATIONAL KIDNEY TRANSPLANT INSTITUTE,nan
ABSALON ANTONIETTE,VETERANS MEMORIAL MEDICAL CENTER,nan
ACHACOSO PACO,VLUNA-AFP HOSPITAL,nan
ACOP REICHEL ANGELO,VETERANS MEMORIAL MEDICAL CENTER,nan
ADRIANO HEHERSON,VETERANS MEMORIAL MEDICAL CENTER,nan
AFRICA MA. CRISTINA,SAINT LUKES MEDICAL CENTER,nan
AGATEP JUVIDO,SAINT LUKES MEDICAL CENTER,nan
AGCAOILI SIGRID,NATIONAL KIDNEY TRANSPLANT INSTITUTE,nan
ALCANTARA MARTINA,NATIONAL KIDNEY TRANSPLANT INSTITUTE,nan
ALONTE ANGELICA JOY,SAINT LUKES MEDICAL CENTER,nan
ALONZO UZZIEL,EAST AVENUE MEDICAL CENTER,nan
ALPAS MELITON,VETERANS MEMORIAL MEDICAL CENTER,nan
AMATONG EDA JO,VETERANS MEMORIAL MEDICAL CENTER,nan
ARABIA ALEXANDER,WORLD CITI MEDICAL CENTER,nan
ARCE BRYAN GEOFFREY,CAPITOL MEDICAL CENTER,nan
ATIENZA RAFAEL,EAST AVENUE MEDICAL CENTER,nan
ATIENZA KEVIN PATRICK,VETERANS MEMORIAL MEDICAL CENTER,nan
BABARAN QUINTIN,CAPITOL MEDICAL CENTER,nan
BABARAN KATHRYN LOUISE,CAPITOL MEDICAL CENTER,nan
BACANI HAZEL,AFP HOSPITAL-CAMP AGUINALDO,nan
BALINGIT JAIME,SAINT LUKES MEDICAL CENTER,nan
BANAYO DAVID,SAINT LUKES MEDICAL CENTER,nan
BARA IL-YASIN,VLUNA-AFP HOSPITAL,nan
BARBA RANDOLPH,SAINT LUKES MEDICAL CENTER,nan
BARDELOSA GODOFREDO,VETERANS MEMORIAL MEDICAL CENTER,nan
BAUTISTA CHESCA,SAINT LUKES MEDICAL CENTER,nan
BAUTISTA MARK ANTHONY,EAST AVENUE MEDICAL CENTER,nan
BAUTISTA REGINALD,CAPITOL MEDICAL CENTER,nan
BELLIDO SARAH JEAN,SAINT LUKES MEDICAL CENTER,nan
BOCOBO JOSEPH,SAINT LUKES MEDICAL CENTER,nan
BOLONG MIGUEL,EAST AVENUE MEDICAL CENTER,nan
BRAGAIS MONETTE,VETERANS MEMORIAL MEDICAL CENTER,nan
BRIES RYAN RICHMOND,WORLD CITI MEDICAL CENTER,nan
BUENAVENTURA ALLEN,EAST AVENUE MEDICAL CENTER,nan
BUGAYONG ADRIAN,VETERANS MEMORIAL MEDICAL CENTER,nan
BUKUHAN ALLYSON MEG,NATIONAL KIDNEY TRANSPLANT INSTITUTE,nan
BULAONG SHELDON MARLLOW,VETERANS MEMORIAL MEDICAL CENTER,nan
BUXANI RAVI,EAST AVENUE MEDICAL CENTER,nan
CABALLERO REMEDIOS,NATIONAL KIDNEY TRANSPLANT INSTITUTE,nan
CABANOS CHRISTIANNE,VETERANS MEMORIAL MEDICAL CENTER,nan
CABATINGAN ANGELI,VLUNA-AFP HOSPITAL,nan
CACAL JOVONIE,VETERANS MEMORIAL MEDICAL CENTER,nan
CADA ERIKA JOY,NATIONAL KIDNEY TRANSPLANT INSTITUTE,nan
CAJUCOM MARIA VANESSA,VETERANS MEMORIAL MEDICAL CENTER,nan
CAMANGON NATHANIEL,VETERANS MEMORIAL MEDICAL CENTER,nan
CANLAS MARIE ANGELICA,NATIONAL KIDNEY TRANSPLANT INSTITUTE,nan
CAROLINO CHER ALAINE,NATIONAL KIDNEY TRANSPLANT INSTITUTE,nan
CASTANEDA MICHAEL,HEALTHWAY-NORTH EDSA,nan
CATANGAY BENNIE DICK,VLUNA-AFP HOSPITAL,nan
CAYCO NEIL,VETERANS MEMORIAL MEDICAL CENTER,nan
CELESTIAL ALBERTO FREDERICK,NATIONAL KIDNEY TRANSPLANT INSTITUTE,nan
CERVANTES JULIETA,SAINT LUKES MEDICAL CENTER,nan
CHENG FREDERICK,SAINT LUKES MEDICAL CENTER,nan
CHIO ELLIRI ALEEJA,EAST AVENUE MEDICAL CENTER,nan
CHUA JOBEN,UROLOGY CENTER OF THE PHILIPPINES,nan
CINCO RUTH URSULA,VETERANS MEMORIAL MEDICAL CENTER,nan
CLAVERIA JAMES,EAST AVENUE MEDICAL CENTER,nan
CO GLORIA,VETERANS MEMORIAL MEDICAL CENTER,nan
COLLADO GAUDY,VLUNA-AFP HOSPITAL,nan
CONDENO CLARICE,EAST AVENUE MEDICAL CENTER,nan
CORONEL MARICHEL,NATIONAL KIDNEY TRANSPLANT INSTITUTE,nan
CORPUZ ANGELA ROSE,VLUNA-AFP HOSPITAL,nan
CRUZ KRISTINE JOYCE,MYHEALTH- NORTH EDSA,nan
CRUZ ANGELO JONATHAN,CAPITOL MEDICAL CENTER,nan
CUA IAN HOMER,SAINT LUKES MEDICAL CENTER,nan
CUANO CARLOS ROLANDO,CAPITOL MEDICAL CENTER,nan
CUARESMA IMMACULADA,EAST AVENUE MEDICAL CENTER,nan
CUETO JOEY,VETERANS MEMORIAL MEDICAL CENTER,nan
DE CASTRO CONRADO,SAINT LUKES MEDICAL CENTER,nan
DE GUZMAN RUDOLFO,NATIONAL KIDNEY TRANSPLANT INSTITUTE,nan
DE LUNA JONATHAN,EAST AVENUE MEDICAL CENTER,nan
DE LUSONG MARK ANTHONY,NATIONAL KIDNEY TRANSPLANT INSTITUTE,nan
DE OCAMPO SHERRIE,SAINT LUKES MEDICAL CENTER,nan
DEL CARMEN AILEEN,NATIONAL KIDNEY TRANSPLANT INSTITUTE,nan
DEL PRADO ROSE MYSTICA,VLUNA-AFP HOSPITAL,nan
DEL RIO RODNEY,VETERANS MEMORIAL MEDICAL CENTER,nan
DELA RAMA SUSAN,NATIONAL KIDNEY TRANSPLANT INSTITUTE,nan
DINO KENNETH,EAST AVENUE MEDICAL CENTER,nan
DIZON PAMELA JOY,EAST AVENUE MEDICAL CENTER,nan
DOMINGO FELIX,EAST AVENUE MEDICAL CENTER,nan
DOMINGO JOSIAH KEITH,NATIONAL KIDNEY TRANSPLANT INSTITUTE,nan
DORIA GLENYS,VETERANS MEMORIAL MEDICAL CENTER,nan
DUMALAOG ANNA MONICA,NATIONAL KIDNEY TRANSPLANT INSTITUTE,nan
DUMLAO JONATHAN,VETERANS MEMORIAL MEDICAL CENTER,nan
DURAN SAMUEL,EAST AVENUE MEDICAL CENTER,nan
DY JUN,SAINT LUKES MEDICAL CENTER,nan
ELINZANO MA. ALTHEA KATHRINE,EAST AVENUE MEDICAL CENTER,nan
ESCOVIDAL KARL LORENZO,EAST AVENUE MEDICAL CENTER,nan
ESCUETA ELYSSA JOY,NATIONAL KIDNEY TRANSPLANT INSTITUTE,nan
ESGUERRA ALI,HEALTHWAY-NORTH EDSA,nan
ESPINA PAUL,VETERANS MEMORIAL MEDICAL CENTER,nan
ESPINOZA DECENA,EAST AVENUE MEDICAL CENTER,nan
EXCONDE ANTOLYN,VLUNA-AFP HOSPITAL,nan
FANDOOD SAM,EAST AVENUE MEDICAL CENTER,nan
FLORENCIO LUIS,NATIONAL KIDNEY TRANSPLANT INSTITUTE,nan
GAPASIN JUDITH,SAINT LUKES MEDICAL CENTER,nan
GARCIA LYRA JEAN,VLUNA-AFP HOSPITAL,nan
GASTON CHARLES ANTHONY,EAST AVENUE MEDICAL CENTER,nan
GATCHALIAN LOVELL,EAST AVENUE MEDICAL CENTER,nan
GERIAL ERNESTO,NATIONAL KIDNEY TRANSPLANT INSTITUTE,nan
GERSAVA EMERALD,VETERANS MEMORIAL MEDICAL CENTER,nan
GO RAPHAEL DAVID,NATIONAL KIDNEY TRANSPLANT INSTITUTE,nan
GONONG RALF,VLUNA-AFP HOSPITAL,nan
GONZALES KATHLEEN,VLUNA-AFP HOSPITAL,nan
GONZALES DAN GABRIEL,VLUNA-AFP HOSPITAL,nan
GONZALES LOUIS DANIEL,VLUNA-AFP HOSPITAL,nan
GRAN MIGUEL,EAST AVENUE MEDICAL CENTER,nan
HABABAG WILMYR,DELOS SANTOS MEDICAL CENTER,nan
HO MICHAEL RYAN,EAST AVENUE MEDICAL CENTER,nan
IBISATE ALOYSIUS,VLUNA-AFP HOSPITAL,nan
JAMIAS JADE,LUNG CENTER OF THE PHILIPPINES,nan
JIMENEZ DESIREE,VETERANS MEMORIAL MEDICAL CENTER,nan
JIMENEZ JOSEPH,EAST AVENUE MEDICAL CENTER,nan
KOA DARYL,VETERANS MEMORIAL MEDICAL CENTER,nan
LABRADOR ANGELICA,NATIONAL KIDNEY TRANSPLANT INSTITUTE,nan
LAMPA CARL IVAN,VLUNA-AFP HOSPITAL,nan
LANTIN MIGUEL,EAST AVENUE MEDICAL CENTER,nan
LANTIN PEDRO,UROLOGY CENTER OF THE PHILIPPINES,nan
LANTIN LL PEDRO,UROLOGY CENTER OF THE PHILIPPINES,nan
LAPITAN JONA MAE,NATIONAL KIDNEY TRANSPLANT INSTITUTE,nan
LEGASPI JAN LOUIS,VLUNA-AFP HOSPITAL,nan
LEONCIO MARY JOSEY,EAST AVENUE MEDICAL CENTER,nan
LEONEN JUNE,VETERANS MEMORIAL MEDICAL CENTER,nan
LIM PHILIP ANTHONY,VETERANS MEMORIAL MEDICAL CENTER,nan
LIM STEVE,SAINT LUKES MEDICAL CENTER,nan
LIM JOSHUA,NATIONAL KIDNEY TRANSPLANT INSTITUTE,nan
LIMJOCO DIOSDADO,SAINT LUKES MEDICAL CENTER,nan
LINGAN MA. LUISA,EAST AVENUE MEDICAL CENTER,nan
LUNA VICTOR,VETERANS MEMORIAL MEDICAL CENTER,nan
LUNA SATURNINO,SAINT LUKES MEDICAL CENTER,nan
LUNA JUDDETTE CHELSEA,VLUNA-AFP HOSPITAL,nan
MACAGBA BEVERLY KAYE,VETERANS MEMORIAL MEDICAL CENTER,nan
MADRONA ELI PAUL,VETERANS MEMORIAL MEDICAL CENTER,nan
MALILAY ARLENE,THE MEDICAL CITY- TRINOMA,nan
MALIMBAN OLIVER,VLUNA-AFP HOSPITAL,nan
MANGIO MARA MAAN,SAINT LUKES MEDICAL CENTER,nan
MANICSIC AILEEN,VETERANS MEMORIAL MEDICAL CENTER,nan
MARAMAG FLOR,SAINT LUKES MEDICAL CENTER,nan
MATEO SUSAN ROSALIA,VETERANS MEMORIAL MEDICAL CENTER,nan
MENDOZA JESUS BENJAMIN,UROLOGY CENTER OF THE PHILIPPINES,nan
MENOR TERESITA,THE MEDICAL CITY- TRINOMA,nan
MONTENEGRO MARIA LOURDES,VETERANS MEMORIAL MEDICAL CENTER,nan
MORA RAYMOND,WORLD CITI MEDICAL CENTER,nan
MORALES ERIKA,VETERANS MEMORIAL MEDICAL CENTER,nan
NAVARRO MARC JULIUS,SAINT LUKES MEDICAL CENTER,nan
NERI REYNALDO,SAINT LUKES MEDICAL CENTER,nan
NITURA AKIKO,VETERANS MEMORIAL MEDICAL CENTER,nan
NONIFARA ANA MARIA,HEALTHWAY-NORTH EDSA,nan
OLIMAN MICHAEL JOHN,SAINT LUKES MEDICAL CENTER,nan
ORDONES ROLANDO,WORLD CITI MEDICAL CENTER,nan
ORONG KATHERINE,AFP HOSPITAL-CAMP AGUINALDO,nan
OROZCO MARKO GRANT,VLUNA-AFP HOSPITAL,nan
ORTIZ LILIA,WORLD CITI MEDICAL CENTER,nan
PABIONA STHEVEN ROY,EAST AVENUE MEDICAL CENTER,nan
PALMA HASYAMIIYA,CAPITOL MEDICAL CENTER,nan
PANAY MAYDEN,SAINT LUKES MEDICAL CENTER,nan
PANLILIO MARA TERESA,NATIONAL KIDNEY TRANSPLANT INSTITUTE,nan
PARAISO LAYLA,NATIONAL KIDNEY TRANSPLANT INSTITUTE,nan
PATRON NELSON,NATIONAL KIDNEY TRANSPLANT INSTITUTE,nan
PEREZ BENJAMIN,SAINT LUKES MEDICAL CENTER,nan
PESCADOR ANTONIO,SAINT LUKES MEDICAL CENTER,nan
PILAR LLEZA,SAINT LUKES MEDICAL CENTER,nan
PLUMO ROWENA,VETERANS MEMORIAL MEDICAL CENTER,nan
PORCIUNCULA LL VICENTE,SAINT LUKES MEDICAL CENTER,nan
PREZA SARAH,EAST AVENUE MEDICAL CENTER,nan
PRIETO REI JOSEPH,EAST AVENUE MEDICAL CENTER,nan
PRODIGALIDAD JOSE VICENTE,NATIONAL KIDNEY TRANSPLANT INSTITUTE,nan
PUA MARK ANTHONY,EAST AVENUE MEDICAL CENTER,nan
QUANICO ULYSSES,UROLOGY CENTER OF THE PHILIPPINES,nan
QUE CHARISSE RUTH,NATIONAL KIDNEY TRANSPLANT INSTITUTE,nan
QUE ERNESTO,NATIONAL KIDNEY TRANSPLANT INSTITUTE,nan
QUENERI CLARISSE AU ANTONETTE,EAST AVENUE MEDICAL CENTER,nan
QUINTON NOEL ANGELO,NATIONAL KIDNEY TRANSPLANT INSTITUTE,nan
QUIRIT ALLEN,WORLD CITI MEDICAL CENTER,nan
QUIZON LENDRY,THE MEDICAL CITY- TRINOMA,nan
RAMIREZ MARK AUSTIN,WORLD CITI MEDICAL CENTER,nan
REYEG MARTIN,UROLOGY CENTER OF THE PHILIPPINES,nan
REYES ARIELLE,VETERANS MEMORIAL MEDICAL CENTER,nan
REYES BUENAVENTURA JOSE,SAINT LUKES MEDICAL CENTER,nan
REYES WILFREDO,CAPITOL MEDICAL CENTER,nan
ROCES RAMON,SAINT LUKES MEDICAL CENTER,nan
ROMERO ROME,WORLD CITI MEDICAL CENTER,nan
SABINIANO KATHLEEN,HEALTHWAY-NORTH EDSA,nan
SABINO FERSIVAL,VLUNA-AFP HOSPITAL,nan
SALIMO RAFAEL PAOLO,VLUNA-AFP HOSPITAL,nan
SAMPANA CHRISTOPHER,HEALTHWAY-NORTH EDSA,nan
SANDAAN LESTER,VLUNA-AFP HOSPITAL,nan
SANTOK GLEN DENMER,NATIONAL KIDNEY TRANSPLANT INSTITUTE,nan
SANTOS ALBINO,AFP HOSPITAL-CAMP AGUINALDO,nan
SASAM JILL CHRISTIAN,VLUNA-AFP HOSPITAL,nan
SAUYBAGUIO SAUL,EAST AVENUE MEDICAL CENTER,nan
SEARES DEAN XYRUS,EAST AVENUE MEDICAL CENTER,nan
SEE LAWRENCE,EAST AVENUE MEDICAL CENTER,nan
SEVILLA JO-ANNE KATHLEEN,VLUNA-AFP HOSPITAL,nan
SIAPNO MARIA ISABEL,SAINT LUKES MEDICAL CENTER,nan
SORREDA JASON,WORLD CITI MEDICAL CENTER,nan
STA ANA JOHN CHRISTOPHER,VETERANS MEMORIAL MEDICAL CENTER,nan
SULLER PETER CLIFFORD,UROLOGY CENTER OF THE PHILIPPINES,nan
SUMAYO BRIAN CHESTER,WORLD CITI MEDICAL CENTER,nan
SUNGA PAUL ANTHONY,CAPITOL MEDICAL CENTER,nan
TAGLE WILFREDO,WORLD CITI MEDICAL CENTER,nan
TAGLE PATRICIA,EAST AVENUE MEDICAL CENTER,nan
TAN KARL MARVIN,VETERANS MEMORIAL MEDICAL CENTER,nan
TAN MARA LOIS,EAST AVENUE MEDICAL CENTER,nan
TANGCO ROGELIO,NATIONAL KIDNEY TRANSPLANT INSTITUTE,nan
TANSECO PATRICK,CAPITOL MEDICAL CENTER,nan
TAPANG CLARIZZE,HEALTHWAY-NORTH EDSA,nan
TAPAY YVONNE,VLUNA-AFP HOSPITAL,nan
TAPNIO GEMMA,AFP HOSPITAL-CAMP AGUINALDO,nan
TE MARILYN,EAST AVENUE MEDICAL CENTER,nan
TINHAY LORA,SAINT LUKES MEDICAL CENTER,nan
TIONGSON ANTONIO,NATIONAL KIDNEY TRANSPLANT INSTITUTE,nan
TOCALDO JESSA JOY,VLUNA-AFP HOSPITAL,nan
TUAZON RYAN JOSEF,VETERANS MEMORIAL MEDICAL CENTER,nan
TURRALBA MARY ANN,HEALTHWAY-NORTH EDSA,nan
UJANO LIANA LEE,VLUNA-AFP HOSPITAL,nan
UTANES RENE MAR,EAST AVENUE MEDICAL CENTER,nan
UY DARWIN,THE MEDICAL CITY- TRINOMA,nan
UY ALFREDO,VETERANS MEMORIAL MEDICAL CENTER,nan
UY ANGELI ROSETTE,VETERANS MEMORIAL MEDICAL CENTER,nan
VALLAR RONALDO,SAINT LUKES MEDICAL CENTER,nan
VERA CRUZ NARI ANNE PATRICIA,VLUNA-AFP HOSPITAL,nan
VILLAFUERTE SHAYNE,EAST AVENUE MEDICAL CENTER,nan
YADAO ERNESTO,VETERANS MEMORIAL MEDICAL CENTER,nan
YEE DON IZZY,CAPITOL MEDICAL CENTER,nan
YRASTORZA SAMUEL,EAST AVENUE MEDICAL CENTER,nan
YU IRA,NATIONAL KIDNEY TRANSPLANT INSTITUTE,nan
ZANO FELIX,NATIONAL KIDNEY TRANSPLANT INSTITUTE,nan
ZIALCITA HERMENEGILDO JOSE,NATIONAL KIDNEY TRANSPLANT INSTITUTE,nan
ZUNIGA YASMIN LAURA MARIE,NATIONAL KIDNEY TRANSPLANT INSTITUTE,nan
AALA ERIC,MARIA REYNA UNIVESITY MEDICAL CENTER,nan
ABRENA MARIFE,DON CARLOS DOCTORS HOSPITAL,nan
ACENAS DONNA DEE,MARIA REYNA UNIVESITY MEDICAL CENTER,nan
ACUESTA WENA,CLINICA YAP VALENCIA CITY BUKIDNON,nan
ACUNA EVAN,DON CARLOS DOCTORS HOSPITAL,nan
AGUIRRE JOSE,MALAYBALAY POLYMEDIC HOSPITAL,nan
ALAGADAN RENATO,ST PAUL GENERAL HOSPITAL,nan
ALBERCA KENNETH,CAPITOL  UNIVERSITY MEDICAL CENTER,nan
ALCANTARA RUBY,Puerto Sabal Hospital,nan
ALMERO DIONNE,ANG CLINIC ADULT LUNG CLINIC,nan
ANDUTAN CARLOS,MARIA REYNA UNIVESITY MEDICAL CENTER,nan
ANDUTAN MILAGROS,MARIA REYNA UNIVESITY MEDICAL CENTER,nan
ANG WARREN BLAKE,MALAYBALAY POLYMEDIC HOSPITAL,nan
ANG BLAKE,ST PAUL GENERAL HOSPITAL,nan
ARCADIO STELLA,MALAYBALAY POLYMEDIC HOSPITAL,nan
ARCHIMEDES BRODITH,MJ SANTOS HOSPITAL,nan
ARROFO DONALDO,MALAYBALAY POLYMEDIC HOSPITAL,nan
ASUNCION RRUTH,Puerto Sabal Hospital,nan
ATUN  RUEL,CLINICA YAP VALENCIA CITY BUKIDNON,nan
AWING ARLYN,ANG CLINIC ADULT LUNG CLINIC,nan
BALDADO GWENETH,CAPITOL  UNIVERSITY MEDICAL CENTER,nan
BALGOA LEAH,CAPITOL  UNIVERSITY MEDICAL CENTER,nan
BALO SAMUEL,SAN FRANCISCO DOCTORS HOSPITAL,nan
BARIGA RODWICK,MARIA REYNA UNIVESITY MEDICAL CENTER,nan
BARRIGA MERIAM,NEW BATUGAN HOSPITAL,nan
BARRIGA LEANNE,MARIA REYNA UNIVERSITY MEDICAL HOSPITAL,nan
BASCUG ELDA,BUTUAN DOCTORS HOSPITAL,nan
BATAK ANGEL,SURIGAO HEALTH SPECIALIST,nan
BAUSTISTA CHERY,LAVINIA GENERAL HOSPITAL,nan
BERMEJO AIMEE TZEITEL,NOT SPECIFIED,nan
BLANCAVER JANE,BRAVO MEDICAL CLINIC,nan
BRAVO ODESSA,MARIA REYNA UNIVESITY MEDICAL CENTER,nan
BULARON CHERYL,LAVINIA GENERAL HOSPITAL,nan
BULARON SHERRYL,MARIA REYNA UNIVESITY MEDICAL CENTER,nan
CABUNILAS RHODORA,MARAMAG BUKIDNON,nan
CAGANG HAROLD,SAN ISDRO POLYMEDIC MEDICAL HOSPITAL,nan
CALIBUGAR HECTOR,MARIA REYNA UNIVESITY MEDICAL CENTER,nan
CARPIO ANTONIO,MARIA REYNA UNIVESITY MEDICAL CENTER,nan
CASINO FAUSTINA IRENE,CAPITOL  UNIVERSITY MEDICAL CENTER,nan
CASINO GERMAR,CLINICA YAP VALENCIA CITY BUKIDNON,nan
CASTILLA TECELYN,NOT SPECIFIED,nan
CENTINO AGNES,BETHEL BAPTIS HOSPITAL,nan
CHAVEZ ROBERT,CAPITOL  UNIVERSITY MEDICAL CENTER,nan
CID GRACE,CAPITOL  UNIVERSITY MEDICAL CENTER,nan
CINCHEZ LILIAN,CAPITOL  UNIVERSITY MEDICAL CENTER,nan
CINCHEZ RODULFO,CAPITOL  UNIVERSITY MEDICAL CENTER,nan
CINCHEZ JULIE,SURIGAO HEALTH SPECIALIST,nan
CUBBILLAN JERICK,MARIA REYNA UNIVESITY MEDICAL CENTER,nan
DAGOC BRENT,BUTUAN DOCTORS HOSPITAL,nan
DANDAN GRACE,BUTUAN DOCTORS HOSPITAL,nan
DAYAN DELFIN,MARIA REYNA UNIVESITY MEDICAL CENTER,nan
DAYUPAY ERWIN,CAPITOL  UNIVERSITY MEDICAL CENTER,nan
DELEON ZITA,CAPITOL  UNIVERSITY MEDICAL CENTER,nan
DELLOSA MARIE ANTONIETE,BETHEL BAPTIS HOSPITAL,nan
DELMUNDO MARYJANE,MALAYBALAY POLYMEDIC HOSPITAL,nan
DEPAYSO MARBIE JOY,BUTUAN DOCTORS HOSPITAL,nan
DEPAYSO JEANETTE,MARIA REYNA UNIVERSITY MEDICAL HOSPITAL,nan
DERESAS MYRNA,CAPITOL  UNIVERSITY MEDICAL CENTER,nan
DIESTO DOLORES,CAPITOL  UNIVERSITY MEDICAL CENTER,nan
DIESTO ROBERTO,MALAYBALAY POLYMEDIC HOSPITAL,nan
DISPO  DONABELLE,CAPITOL  UNIVERSITY MEDICAL CENTER,nan
DUENAS ROLAND,CAPITOL  UNIVERSITY MEDICAL CENTER,nan
DUMANGAS VICTOR,MARIA REYNA UNIVESITY MEDICAL CENTER,nan
FABIA STELLA,CAPITOL  UNIVERSITY MEDICAL CENTER,nan
FABIANIA NATASHA,MARIA REYNA UNIVESITY MEDICAL CENTER,nan
FLORES MA. OBIGRA,DON CARLOS DOCTORS HOSPITAL,nan
FLORES SHIELAMAR,SPEEDEE AMBULATORY HOSPITAL,nan
FLORES CHAMMIE,CAPITOL  UNIVERSITY MEDICAL CENTER,nan
GALON MYVIE,MARIA REYNA UNIVESITY MEDICAL CENTER,nan
GAMBE ERIK,SPEEDEE AMBULATORY HOSPITAL,nan
GAMBE ERLQUIN,CAPITOL  UNIVERSITY MEDICAL CENTER,nan
GARCIA JOSEPH ALLAN,MARIA REYNA UNIVESITY MEDICAL CENTER,nan
GO FRANZ ALBERT,CAPITOL  UNIVERSITY MEDICAL CENTER,nan
GO MANOLITO,SURIGAO HEALTH SPECIALIST,nan
GONZALES JAY REMI,BUTUAN DOCTORS HOSPITAL,nan
GONZALES JAY REMY,MJ SANTOS HOSPITAL,nan
GONZALES ANNA LIZA ALQUIZALAS,VALENCIAL SANITARIUM HOSPITAL,nan
GONZALEZ LUTGARDO,DON CARLOS DOCTORS HOSPITAL,nan
GREGORIOUS ARIEL,SURIGAO HEALTH SPECIALIST,nan
HIPE HOWELL,SURIGAO HEALTH SPECIALIST,nan
HIPE JUNETH,CAPITOL  UNIVERSITY MEDICAL CENTER,nan
HIPONA ANNAH PATRICIA,CAPITOL  UNIVERSITY MEDICAL CENTER,nan
JABAY MA. THERESA,CAPITOL  UNIVERSITY MEDICAL CENTER,nan
JADOL XUXA,CAPITOL  UNIVERSITY MEDICAL CENTER,nan
JAO CYNTHIA,ST PAUL GENERAL HOSPITAL,nan
JAPITANA JHESICA,BUTUAN DOCTORS HOSPITAL,nan
JAPSON JUNNIEL,CAPITOL  UNIVERSITY MEDICAL CENTER,nan
JARDIN JESUS,CAPITOL  UNIVERSITY MEDICAL CENTER,nan
JARDIN MONIQUE,CAPITOL  UNIVERSITY MEDICAL CENTER,nan
JARDIN VINCENT,VALENCIA SANITARIUM HOSPITAL,nan
JOSOL CINDY,STJOSEPH GENERAL HOSPITAL,nan
KENTILITISCA ORLANDO,ST PAUL GENERAL HOSPITAL,nan
KHO CHRISTINE,MARIA REYNA UNIVESITY MEDICAL CENTER,nan
KIONISALA KRISTINE,CAPITOL  UNIVERSITY MEDICAL CENTER,nan
LABIS ANDRESUL,CAPITOL  UNIVERSITY MEDICAL CENTER,nan
LACANDULA JAYREMEI,CAPITOL  UNIVERSITY MEDICAL CENTER,nan
LAGUNSAD JOSEFINA,BETHEL BAPTIS HOSPITAL,nan
LAROT HOPE,BUTUAN DOCTORS HOSPITAL,nan
LARUGA CRYSTAL FAYE,BUTUAN DOCTORS HOSPITAL,nan
LAYESE MA. THERESA,CAPITOL  UNIVERSITY MEDICAL CENTER,nan
LAYOS WINNEI,NOT SPECIFIED,nan
LAZO PHILIP,NOT SPECIFIED,nan
LIBARIOUS DEANNA RAE,NOT SPECIFIED,nan
LIBETARIO MANUEL,MALAYBALAY POLYMEDIC HOSPITAL,nan
LIGETIO BOUYE JOSEPH,LAVINIA GENERAL HOSPITAL,nan
LIM MERLIN,NOT SPECIFIED,nan
LIM NIKKI,NOT SPECIFIED,nan
LIM RYAN,NOT SPECIFIED,nan
LIM VERGILLIO,NOT SPECIFIED,nan
LIM-YU ANITA,ARAY KO DOC CLINIC,nan
LINOG JULIE,MARIA REYNA UNIVESITY MEDICAL CENTER,nan
LINSID TAPONGOT,LAVINIA GENERAL HOSPITAL,nan
LLAVORE CARMELITA,MARIA REYNA UNIVESITY MEDICAL CENTER,nan
LUCENO MARY KATHY LYNN,CAPITOL  UNIVERSITY MEDICAL CENTER,nan
LUSPO FLORITA,NOT SPECIFIED,nan
MABRAS FLORAVIL,CAPITOL  UNIVERSITY MEDICAL CENTER,nan
MACAPONDAG PATRICK,CAPITOL  UNIVERSITY MEDICAL CENTER,nan
MAGDALE CYNTHIA,CAPITOL  UNIVERSITY MEDICAL CENTER,nan
MAGDALLE CYNTHIA,MALAYBALAY POLYMEDIC HOSPITAL,nan
MAMAWAG ELVIE,MEDIDAS MEDICAL CENTER,nan
MARCIAL JOHONEY,CAPITOL  UNIVERSITY MEDICAL CENTER,nan
MEDIDAS ANALIZA,CAPITOL  UNIVERSITY MEDICAL CENTER,nan
MEJIAS MARIFE,CAPITOL  UNIVERSITY MEDICAL CENTER,nan
MENDOZA BERNABE,NOT SPECIFIED,nan
MERCADO JAMES,NOT SPECIFIED,nan
MILITANTE NICOLE,SAN ISDRO POLYMEDIC MEDICAL HOSPITAL,nan
MORTIZ GLORIA,NOT SPECIFIED,nan
NACUA ELBIS,MJ SANTOS HOSPITAL,nan
NAKILA DAISY,CAPITOL  UNIVERSITY MEDICAL CENTER,nan
NAKILA DAISY,BUTUAN DOCTORS HOSPITAL,nan
NAPIGKIT GLADYS,DON CARLOS DOCTORS HOSPITAL,nan
NATIVIDAD JOSE RENMAR,NOT SPECIFIED,nan
NAVIA GLADYS,SAN ISDRO POLYMEDIC MEDICAL HOSPITAL,nan
ODCHIGE CELESTE,SAN ISDRO POLYMEDIC MEDICAL HOSPITAL,nan
ORAIZ MAUREEN,BUTUAN DOCTORS HOSPITAL,nan
PADATE INSITAR,SAN ISDRO POLYMEDIC MEDICAL HOSPITAL,nan
PAGDILAO FERDINAND,NOT SPECIFIED,nan
PARENAS LUCILLE,NOT SPECIFIED,nan
PASTOR LORELIE,MARIA REYNA UNIVESITY MEDICAL CENTER,nan
PEPINO CHERRY LOU,Puerto Sabal Hospital,nan
PERALTA ALLOYSIUS,Puerto Sabal Hospital,nan
PLAMOR AMABEL,NOT SPECIFIED,nan
PONCE ROSEMARIE,NOT SPECIFIED,nan
RADAZA LU JEAN,VALENCIA MEDICAL HUB,nan
RAVELO EVELYN,MJ SANTOS HOSPITAL,nan
RENDON VIOLETA,CAPITOL  UNIVERSITY MEDICAL CENTER,nan
RENDON VIOLETA,BUTUAN DOCTORS HOSPITAL,nan
ROA HELEN YVONE,RODRIGO CLINIC,nan
ROBLE RIA,MARIA REYNA UNIVERSITY MEDICAL HOSPITAL,nan
RODRIGO ARNEL,LAVINIA GENERAL HOSPITAL,nan
RUIZ IRENE,NOT SPECIFIED,nan
SABACAJAN RUTH,SABAL HOSPIAL VELES,nan
SABAL JOANA,NOT SPECIFIED,nan
SACEDA VENUS,MARIA REYNA UNIVESITY MEDICAL CENTER,nan
SAMSUYA KIMBERLY,CAPITOL  UNIVERSITY MEDICAL CENTER,nan
SANCHEZ EARLY,MALAYBALAY POLYMEDIC HOSPITAL,nan
SANDOVAL DAX,CLINICA YAP VALENCIA CITY BUKIDNON,nan
SANDOVAL KRISTIINE,NOT SPECIFIED,nan
SANTIAGO JANET,MARIA REYNA UNIVESITY MEDICAL CENTER,nan
SARENO JESSA,MARIA REYNA UNIVERSITY MEDICAL HOSPITAL,nan
SASIL ROY,MARIA REYNA UNIVESITY MEDICAL CENTER,nan
SASIL ROY,BUTUAN DOCTORS HOSPITAL,nan
SENO PHEOBE,MARIA REYNA UNIVESITY MEDICAL CENTER,nan
SISON ANTONNIETA,CLINICA YAP VALENCIA CITY BUKIDNON,nan
SOBREVEGA NOEL,MARIA REYNA UNIVESITY MEDICAL CENTER,nan
SOLAS ALPHA,SABAL HOSPIAL VELES,nan
SUPERABLE GERARDO,CAPITOL  UNIVERSITY MEDICAL CENTER,nan
TAGOCON ROBERT,CAPITOL  UNIVERSITY MEDICAL CENTER,nan
TALADUA KRISTY,CAPITOL  UNIVERSITY MEDICAL CENTER,nan
TALAVER MA.ERMELA,CAPITOL  UNIVERSITY MEDICAL CENTER,nan
TAN JAIME,BETHEL BAPTIS HOSPITAL,nan
TAULI LESLIE,CAPITOL  UNIVERSITY MEDICAL CENTER,nan
TE  JOHNSTON,MARIA REYNA UNIVESITY MEDICAL CENTER,nan
TENORIO APOLLO,MARIA REYNA UNIVESITY MEDICAL CENTER,nan
TORCENDE NENET,CAPITOL  UNIVERSITY MEDICAL CENTER,nan
URBINA DEBRA,MARIA REYNA UNIVESITY MEDICAL CENTER,nan
VALDUEZA DARYLL ANN,CAPITOL  UNIVERSITY MEDICAL CENTER,nan
VALMORIA NICHELLE,VALENCIA MEDICAL HUB,nan
VASAYA LAMBERTO,ST PAUL GENERAL HOSPITAL,nan
VILLAHERMOSA MAYLYN,NOT SPECIFIED,nan
VILLAN WILHEMA,MARIA REYNA UNIVESITY MEDICAL CENTER,nan
VILLANUEVA RENATO,VALENCIA POLYMEDIC MEDICAL HOSPITAL,nan
VILLOSO LOURDES ANN,NOT SPECIFIED,nan
VIOLETA JENEVIEVE,CAPITOL  UNIVERSITY MEDICAL CENTER,nan
YAO-YAO ARNEL,BUTUAN DOCTORS HOSPITAL,nan
YAP  ANGELES,CLINICA YAP VALENCIA CITY BUKIDNON,nan
YAP RAMON,NOT SPECIFIED,nan
YU ALVIN,Puerto Sabal Hospital,nan
ZAMORA MARY ROSE SUGAR,ST PAUL GENERAL HOSPITAL,nan
ABRIL ARNOLD,DIVINE WORLD HOSPITAL,nan
ACUIN MARION,DIVINE WORLD HOSPITAL,nan
ADAL RYAN,EASTERN VISAYAS MEDICAL CENTER,nan
AGTUCA CHARMA LEI,OSPA FARMERS MEDICAL CENTER,nan
ALCANTARA HONEY,ORMOC DOCTORS,nan
ALLI MA. VICTORIA,DIVINE WORLD HOSPITAL,nan
ALMO ALYSSA,REMEDIOS TRINIDAD ROMUALDEZ HOSPITAL,nan
ALTRES FRANCISCO,EASTERN VISAYAS MEDICAL CENTER,nan
ALVAREZ MIGUEL,MALASAKIT CENTER CATBALOGAN,nan
AMOR MIKE,"ULTRA SCAN DIAGNOSTIC CLINIC, TACLOBAN",nan
ANG JONATHAN,ADVINTEST HOSPITAL,nan
ANG SHIELA PAMELA,ANG MEDICAL CLINIC,nan
ANOVER BENEDICT,EASTERN VISAYAS MEDICAL CENTER,nan
APOSTOL CHRISTINE,WESTERN SAMAR DOCTORS,nan
ARAZA DULCE,ARAZA MEDICAL CLINIC,nan
ARCAMO SILVERIO,ORMOC DOCTORS,nan
ARCAMO NORLITA,OSPA FARMERS MEDICAL CENTER,nan
AREVALO RHODETTE,ORMOC DOCTORS,nan
AREVALO RHODETTE,OSPA FARMERS MEDICAL CENTER,nan
ARGUELLES MAIDY ANN,ACE MEDICAL CENTER,nan
ASUERO ROPHIL,WESTERN SAMAR DOCTORS,nan
ASUERO CYRIL,WESTERN SAMAR DOCTORS,nan
AVECILLA LEOVIN,LEYTE PROVINCIAL HOSPITAL,nan
AVILA VAN PAULO,EASTERN VISAYAS MEDICAL CENTER,nan
AYASO ANDREA MAE,EASTERN VISAYAS MEDICAL CENTER,nan
BACLAYON JOEL,ST.PATRICK CLINIC,nan
BACLAYON JIMI,OSPA FARMERS MEDICAL CENTER,nan
BAILLO SAMANTHA,DIVINE WORLD HOSPITAL,nan
BALAGAPO BELEN,ACE MEDICAL CENTER,nan
BALANO ALLAN THOMAS,DIVINE WORLD HOSPITAL,nan
BALDELOBA JYL,EASTERN PROVINCIAL HOSPITAL,nan
BALIGOD CAROL,MORTHER OF MERCY HOSPITAL,nan
BALVERDE RAYMUND,DIVINE WORLD HOSPITAL,nan
BANTAYAN CECILLE,EASTERN PROVINCIAL HOSPITAL,nan
BARONDA BRIAN,REMEDIOS TRINIDAD ROMUALDEZ HOSPITAL,nan
BASALLAJE RUTH,LEYTE PROVINCIAL HOSPITAL,nan
BELICENA VINCENT ANTHONY,BELICENA MEDICAL CLINIC,nan
BERNAS MA. FIDELA,"CHU MEDICAL CLINIC, ORMOC CITY",nan
BLAIS MICHEAL,SCHISTOSOMIASIS HOSPITAL,nan
BLAS BRIAN SEVERO,DIVINE WORLD HOSPITAL,nan
BOCATEJA ZHEILLA MARIE,LEYTE PROVINCIAL HOSPITAL,nan
BODO-BERNABE MAE CHRISTINE,EASTERN VISAYAS MEDICAL CENTER,nan
BUENDIA  MAY,BUENDIA MEDICAL CLINIC,nan
CAALIM ALDEN FLORENCIO,DIVINE WORLD HOSPITAL,nan
CAHILIG ARNE ROYCE,ADVINTEST HOSPITAL,nan
CAM ROLAND,OSPA FARMERS MEDICAL CENTER,nan
CAMENFORTE GIZELLE MICA,ACE MEDICAL CENTER,nan
CAMENFORTE JINNES EMMANUEL,ACE MEDICAL CENTER,nan
CANETE EDWIN,"CANETE MEDICAL CLINIC, ORMOC CITY",nan
CAPAHI RODRIGO,ORMOC DOCTORS,nan
CARAWANA MONICO,CARAWANA MEDICAL CLINIC,nan
CARLITO CABO,REMEDIOS TRINIDAD ROMUALDEZ HOSPITAL,nan
CASTILLO ELEANOR PUMANES,REMEDIOS TRINIDAD ROMUALDEZ HOSPITAL,nan
CATUDIO ARMAN,BORONGAN DOCTORS HOSPITAL,nan
CATUDIO EMERSON,DIVINE WORLD HOSPITAL,nan
CHAN ERNESTO,DIVINE WORLD HOSPITAL,nan
CHAVEZ SIENNA ROSE,CHAVEZ MEDICAL CLINIC,nan
CHU ABIGAIL,ORMOC DOCTORS,nan
CHU MICHELLE,"CHU MEDICAL CLINIC, ORMOC CITY",nan
CHU NELSON,"CHU MEDICAL CLINIC, ORMOC CITY",nan
CHU CATHERINE,DIVINE WORLD HOSPITAL,nan
CINCO JERYVER,LEYTE PROVINCIAL HOSPITAL,nan
COMPAS BIENETH,SCHISTOSOMIASIS HOSPITAL,nan
CONSTANTINO JIREH,EASTERN VISAYAS MEDICAL CENTER,nan
CORREA CONSORCIO,DIVINE WORLD HOSPITAL,nan
CULAJARA RINA,SCHISTOSOMIASIS HOSPITAL,nan
DAFFON DAN VELERIANO,ORMOC DOCTORS,nan
DAGUMAN LEMUEL,DAGUMAN MEDICAL CLINIC,nan
DAVIS ED DANIEL,MALASAKIT CENTER CATBALOGAN,nan
DE ASIS MA. THERESA,CATARMAN DOCTORS HOSPITAL,nan
DE ASIS THOMAS,CATARMAN DOCTORS HOSPITAL,nan
DE ASIS MARIA LEIZEL,EASTERN VISAYAS MEDICAL CENTER,nan
DE VEYRA FRANCES BETSY,OSPA FARMERS MEDICAL CENTER,nan
DECENA-MACABARE JOHANNA,EASTERN VISAYAS MEDICAL CENTER,nan
DEL PILAR LILIA,REMEDIOS TRINIDAD ROMUALDEZ HOSPITAL,nan
DIAZ LEILA,DIVINE WORLD HOSPITAL,nan
DISCHOSO LOWRENCE PRECIOUS,ACE MEDICAL CENTER,nan
DOLLETE WINSTON,REMEDIOS TRINIDAD ROMUALDEZ HOSPITAL,nan
DOYDORA NINO JESSIELITO,OSPA FARMERS MEDICAL CENTER,nan
DYCOCO PATRICK,ST.PATRICK CLINIC,nan
EGLOSO MARY BERNADETTE,ACE MEDICAL CENTER,nan
ESQUIBEL MA. IMEE LYNNE,DIVINE WORLD HOSPITAL,nan
ESTANISLAO JOHBERT,DIVINE WORLD HOSPITAL,nan
ESTIGOY DIEGO,ESTIGOY MEDICAL CLINIC,nan
ESTUR MELISSA,REMEDIOS TRINIDAD ROMUALDEZ HOSPITAL,nan
ESTUR MICHEAL,REMEDIOS TRINIDAD ROMUALDEZ HOSPITAL,nan
FALLER ESTHER SUNDAY,REMEDIOS TRINIDAD ROMUALDEZ HOSPITAL,nan
GASCO EDGAR,GASCO MEDICAL CLINIC,nan
GENERIC 01,GENERIC,nan
GERALE QUEENIE LYN,SCHISTOSOMIASIS HOSPITAL,nan
GERILLA TRISHIA MAE,REMEDIOS TRINIDAD ROMUALDEZ HOSPITAL,nan
GILBOY PRICILLA,SHALOM HOSPITAL,nan
GIMENA MARY YOLANDA,SHEPPERD CLINIC AND PHARMACY,nan
GO BENJAMIN RODRIGO,DIVINE WORLD HOSPITAL,nan
GOMEZ CHARISSE,OSPA FARMERS MEDICAL CENTER,nan
GOYONE KENN,REMEDIOS TRINIDAD ROMUALDEZ HOSPITAL,nan
HORCA HERMIE,EASTERN VISAYAS MEDICAL CENTER,nan
IBAOC KHALIL,SHALOM HOSPITAL,nan
IDA SUSANA,DIVINE WORLD HOSPITAL,nan
ISEDERIO JUAN MARI,DIVINE WORLD HOSPITAL,nan
ISRAEL CHRISTINE JOY,EASTERN VISAYAS MEDICAL CENTER,161239.0
JACA PAUL KRISTIAN,DIVINE WORLD HOSPITAL,nan
JAYA JOHAN ROSELO,MORTHER OF MERCY HOSPITAL,nan
JAYA MARIA PILIPINAS,ACE MEDICAL CENTER,nan
LANGI PAMELA,MALASAKIT CENTER CATBALOGAN,nan
LAPINID KATRINA,OSPA FARMERS MEDICAL CENTER,nan
LAPINID JOBEL,SCHISTOSOMIASIS HOSPITAL,nan
LEE PATRICIA,ACE MEDICAL CENTER,nan
LIAO WILFREDO,REMEDIOS TRINIDAD ROMUALDEZ HOSPITAL,nan
LIAO STEPHANIE JOYCE,REMEDIOS TRINIDAD ROMUALDEZ HOSPITAL,nan
LIM ZUCHIE,EASTERN PROVINCIAL HOSPITAL,nan
LOFRANCO LEO,JOY OF LIFE,nan
LOYOLA LYNDON,MALASAKIT CENTER CATBALOGAN,nan
LUZ PHARMACY,GENERIC,nan
MACATO CHALOTTE,SCHISTOSOMIASIS HOSPITAL,nan
MADERAZO ESTHER,DIVINE WORLD HOSPITAL,nan
MADRIAGA EVELYN,DIVINE WORLD HOSPITAL,nan
MAGDARAOG KEVIN,REMEDIOS TRINIDAD ROMUALDEZ HOSPITAL,nan
MAGDAYAO REDENTOR,ACE MEDICAL CENTER,nan
MANIJAS ARMANDO,LEYTE PROVINCIAL HOSPITAL,nan
MATOZA JOYCE,ACE MEDICAL CENTER,nan
MERIN FLORENCIO,DIVINE WORLD HOSPITAL,nan
MODESTO ROMUALDO,DIVINE WORLD HOSPITAL,nan
MOJICA JOEY,SCHISTOSOMIASIS HOSPITAL,nan
MOLON CEBE PAUL,BORONGAN DOCTORS HOSPITAL,nan
MONGE IRMA,SCHISTOSOMIASIS HOSPITAL,nan
MONGE-BANZON VANESSA,EASTERN VISAYAS MEDICAL CENTER,nan
MORENO EMMANUEL,OSPA FARMERS MEDICAL CENTER,nan
NAVALES AL,SHALOM HOSPITAL,nan
NGO JIM,REMEDIOS TRINIDAD ROMUALDEZ HOSPITAL,nan
OMOLON LARSEN,OSPA FARMERS MEDICAL CENTER,nan
OSERRAOS GLENDA,OSERRAOS MEDICAL CLINIC,nan
OYAO ROCHELLE,OSPA FARMERS MEDICAL CENTER,nan
PADILLA SHEILA,MALASAKIT CENTER CATBALOGAN,nan
PAISO JOHN,DIVINE WORLD HOSPITAL,nan
PAJOTA RUNETO,NOVAX MEDICAL CLINIC,nan
PALERMO MARJORIE,REMEDIOS TRINIDAD ROMUALDEZ HOSPITAL,nan
PALOMA-YAO MAY ANN,DIVINE WORLD HOSPITAL,nan
PARONE MICHEAL JAN,REMEDIOS TRINIDAD ROMUALDEZ HOSPITAL,nan
PEDROSA NIKKA,EASTERN VISAYAS MEDICAL CENTER,nan
PENALOSA EULOGIO,ACE MEDICAL CENTER,nan
PEREZ VIOLETA,DIVINE WORLD HOSPITAL,nan
PIAMONTE MERCEDITA,PIAMONTE MEDICAL CLINIC,nan
PICORRO ANTONETTE,DIVINE WORLD HOSPITAL,nan
PLAZUELA HAIDEE CORAZON,DIVINE WORLD HOSPITAL,nan
POLIDARIO LEAH,REMEDIOS TRINIDAD ROMUALDEZ HOSPITAL,nan
QUEBEC SHEENA JO,DIVINE WORLD HOSPITAL,nan
RAAGAS MYRNA,LEYTE PROVINCIAL HOSPITAL,nan
RABOR JOVANN,OSPA FARMERS MEDICAL CENTER,nan
REFUERO LIDSY,REMEDIOS TRINIDAD ROMUALDEZ HOSPITAL,nan
REYNALDO CHERRIE MAE,ORMOC DOCTORS,nan
RIVERA ABIGAIL,ACE MEDICAL CENTER,nan
ROA DENNIS DANIEL,OSPA FARMERS MEDICAL CENTER,nan
ROA MELISSA,REMEDIOS TRINIDAD ROMUALDEZ HOSPITAL,nan
ROA JAIME,ST. CAMILLUS HOSPITAL,nan
RODRIGUEZ JOSEPH,OSPA FARMERS MEDICAL CENTER,nan
ROJAS JOHNNY KENNETH,ORMOC DOCTORS,nan
ROMANCE ROLAND,ROMANCE MEDICAL CLINIC,nan
ROMANO-AMARILA AILEEN,EASTERN VISAYAS MEDICAL CENTER,nan
ROMERO ERNESTO,ORMOC DOCTORS,nan
ROMERO RAZIL LYN,EASTERN VISAYAS MEDICAL CENTER,nan
ROSAL ARLEEN GRACE,EASTERN VISAYAS MEDICAL CENTER,nan
ROSALES EMMANUEL,ST. CAMILLUS HOSPITAL,nan
SAAVEDRA RANDY,EASTERN VISAYAS MEDICAL CENTER,nan
SABALBERINO JESSICA,EASTERN PROVINCIAL HOSPITAL,nan
SABATE MARIETTA,EASTERN PROVINCIAL HOSPITAL,nan
SABIT MARNA,EASTERN VISAYAS MEDICAL CENTER,nan
SABULAO NEIL,"SABULAO MEDICAL CLINC, BORONGAN",nan
SALINAS AVITO,DIVINE WORLD HOSPITAL,nan
SALVATIERRA LEAH,EASTERN VISAYAS MEDICAL CENTER,nan
SAN GABRIEL ROMULO,REMEDIOS TRINIDAD ROMUALDEZ HOSPITAL,nan
SANICO JUDITH,OSPA FARMERS MEDICAL CENTER,nan
SANORIA EDUARDO,DIVINE WORLD HOSPITAL,nan
SANTOS ROSARIO,MALASAKIT CENTER CATBALOGAN,nan
SIAO SHERLITO,DIVINE WORLD HOSPITAL,nan
SIBLE SALVACION,REMEDIOS TRINIDAD ROMUALDEZ HOSPITAL,nan
SILAO MARK GILBEN,REMEDIOS TRINIDAD ROMUALDEZ HOSPITAL,nan
SIMON SHERYWIN,DIVINE WORLD HOSPITAL,nan
SOMERA CAREL,EASTERN VISAYAS MEDICAL CENTER,nan
TACLOBAN FORTUNE DRUG HOUSE,GENERIC,nan
TAN LUCHIE,REMEDIOS TRINIDAD ROMUALDEZ HOSPITAL,nan
TAN PABLO JR.,FARMACIA PREMIRA CLINIC,nan
TAN MABEL,MORTHER OF MERCY HOSPITAL,nan
TAN ROMEO,DAGUMAN MEDICAL CLINIC,nan
TENEDERO BELDITH,TENEDERO MEDICAL CLINIC,nan
TIU GRENDA,TIU MEDICAL CLINIC,nan
TIU LEO JR.,REMEDIOS TRINIDAD ROMUALDEZ HOSPITAL,nan
TROYO ESTILITO,LEYTE PROVINCIAL HOSPITAL,nan
TUBIANA PAMELA,SCHISTOSOMIASIS HOSPITAL,nan
UDTUJAN GEMMA,DIVINE WORLD HOSPITAL,nan
UNAY LEANDRO JR.,"PT CARE MEDICAL CLINIC, CATARMAN",nan
VALLAR PABLITO JR,DIVINE WORLD HOSPITAL,nan
VILLAMOR IAN,DIVINE WORLD HOSPITAL,nan
VILLAPLAZA BENJAMIN,ST.PATRICK CLINIC,nan
VILLEGAS FRIDAY,SHEPPERD CLINIC AND PHARMACY,nan
VINAS JO AURA,SCHISTOSOMIASIS HOSPITAL,nan
YAO HEARTY,SHALOM HOSPITAL,nan
YEE LEISA,OSPA FARMERS MEDICAL CENTER,nan
ZETA VICENTE FRANCISCO,DIVINE WORLD HOSPITAL,nan
ZILMAR JOVANI,"ZILMAR MEDICAL CLINIC, CALBAYOG",nan
ZILMAR IANA CHRISTINE,"ZILMAR MEDICAL CLINIC, CALBAYOG",nan
ZILMAR LANI,"ZILMAR MEDICAL CLINIC, CALBAYOG",nan
ABAG JOEL,FRIENDLYCARE,nan
ACOSTA KATHERINE ROSE,PROVIDENCE HOSPITAL,nan
ACOSTA VICENT RAFAEL,CAPITOL MEDICAL CENTER,nan
ADORA ANNA CRISTINA,PROVIDENCE HOSPITAL,nan
AFRFICA JOHN EDRICK,CAPITOL MEDICAL CENTER,nan
ANCHETA JESUS,METRO NORTH MEDICAL CENTER,nan
ANG CATHERINE,ACE HOSPITAL,nan
ANTHONY DUENAS,DUENAS MEDICAL AND CHILDRENS CLINIC,nan
APELIN VINCENT NINO,HEALTHWAY MEDICAL CLINIC,nan
ARANZA ALBERT,VETERANS MEMORIAL MEDICAL CENTER,nan
ARCELLANA ANNA,CAPITOL MEDICAL CENTER,nan
ARELLANO ROSELLA,CAPITOL MEDICAL CENTER,nan
ARREFAH ADIONG,PROVIDENCE HOSPITAL,nan
ASTUDILLO RYAN PAUL,DR. JESUS DELGADO MEMORIAL HOSPITAL,nan
ATABUG HAROLD,CAPITOL MEDICAL CENTER,nan
ATABUG JOSELITO,CAPITOL MEDICAL CENTER,nan
ATANACIO AILEEN-SIA,PROVIDENCE HOSPITAL,nan
BAGADIONG ARTHUR,PROVIDENCE HOSPITAL,nan
BAGO- AZARES MARIEL JOY,PROVIDENCE HOSPITAL,nan
BALBOA ROCKY,VETERANS MEMORIAL MEDICAL CENTER,nan
BALDEVISO LEILANI,CAPITOL MEDICAL CENTER,nan
BALILI CHARLENE ANN,PACIFIC GLOBAL MEDICAL CENTER,nan
BASIC SHARMAINE,VETERANS MEMORIAL MEDICAL CENTER,nan
BAUTISTA  FRANCESCA PAULA,PROVIDENCE HOSPITAL,nan
BORROMEO BEA PAMELA,QUEZON CITY GENERAL HOSPITAL,nan
BOTAS ELIEZER,QUEZON CITY GENERAL HOSPITAL,nan
BUNYI MA LOURDES,HEALTHWAY MEDICAL CLINIC,nan
BUNYI ALBERT,PACIFIC GLOBAL MEDICAL CENTER,nan
CABALLERO TRIFFON,ACE HOSPITAL,nan
CABRERA CARMEN CARINA,PROVIDENCE HOSPITAL,nan
CALATRAVA JOSE BERNARDINO,PROVIDENCE HOSPITAL,nan
CAMPUED VENANCIO,CAMPUED CLINIC,nan
CANTERO JOVELLA,PROVIDENCE HOSPITAL,nan
CANTRE JENNIFER ANN,CAPITOL MEDICAL CENTER,nan
CAPARAZ  OLIVIA,TALIPAPA CLINIC,nan
CARINGAL CLODOAIDO,CAPITOL MEDICAL CENTER,nan
CAROLINO CHER,HEALTHRIGHT CLINIC,nan
CASIGURAN VIOLETA,HEALTHQUEST DIAGNOSTIC CENTER CLINIC,nan
CASTIGADOR MA CORAZON,PACIFIC GLOBAL MEDICAL CENTER,nan
CASTILLO LENNIE,PROVIDENCE HOSPITAL,nan
CASTRO  REY,METRO NORTH MEDICAL CENTER,nan
CHACON ERIC,CAPITOL MEDICAL CENTER,nan
CHICO JOSELITO,METRO NORTH MEDICAL CENTER,nan
CHUA ANNA KATRINA,PROVIDENCE HOSPITAL,nan
CHUA ANNETTE GISELE,PROVIDENCE HOSPITAL,nan
CHUA MARTHONY,PROVIDENCE HOSPITAL,nan
CHUA RONALD,DR. JESUS DELGADO MEMORIAL HOSPITAL,nan
CO GIGI,HI-PRECISION,nan
CORNEL MICHELLE,DR. JESUS DELGADO MEMORIAL HOSPITAL,nan
CORTES CHRISTOPHER,METRO NORTH MEDICAL CENTER,nan
CRUZ KRISTINE JOYCE,CAPITOL MEDICAL CENTER,nan
CUANO PATRICIA,HEALTHWAY MEDICAL CLINIC,nan
CUARESMA JOSEPH,CAPITOL MEDICAL CENTER,nan
CUDEL ABAGAIL,HEALTHWAY MEDICAL CLINIC,nan
DAMPIL OLIVER,PROVIDENCE HOSPITAL,nan
DAVID ANGELA,QUEZON CITY GENERAL HOSPITAL,nan
DAYRIT RHIA JOY,THE MEDICAL CITY,nan
DE LEON EDWIN,DR. JESUS DELGADO MEMORIAL HOSPITAL,nan
DE LEON GABRIEL,DR. JESUS DELGADO MEMORIAL HOSPITAL,nan
DELA CHICA JAYCEE,HEALTHQUEST DIAGNOSTIC CENTER CLINIC,nan
DELA CRUZ VICTORIA,TALIPAPA CLINIC,nan
DELA CRUZ DANIEL,CAPITOL MEDICAL CENTER,nan
DELA CRUZ ALVIN,PROVIDENCE HOSPITAL,nan
DELA CRUZ ROLAND,PACIFIC GLOBAL MEDICAL CENTER,nan
DELA PAZ  CECILLE,PACIFIC GLOBAL MEDICAL CENTER,nan
DELOS REYES PAUL CHRISTIAN,METRO NORTH MEDICAL CENTER,nan
DELOS REYES ARISTOLLE,QUEZON CITY GENERAL HOSPITAL,nan
DELOS SANTOS PATRICIA,VETERANS MEMORIAL MEDICAL CENTER,nan
DESARNO CARLO,VETERANS MEMORIAL MEDICAL CENTER,nan
DESSIRE JIMENEZ,CAPITOL MEDICAL CENTER,nan
DIOQUINO JENNYLYN,METRO NORTH MEDICAL CENTER,nan
DIZON ROSALINDA,PROVIDENCE HOSPITAL,nan
DIZON MICEL,CAPITOL MEDICAL CENTER,nan
DOBLES MARIANNE,DOBLES CLINIC,nan
DOMINGO IAN JOSEPH,CAPITOL MEDICAL CENTER,nan
DOMINGO CANDICE,KAISER DIAGNOTIC CLINIC,nan
DOMINGO POLLY,THE MEDICAL CITY,nan
DUCABO MELISSA,THE MEDICAL CITY,nan
DUICO PHILUP,TALIPAPA CLINIC,nan
DUQUE AINA,CAPITOL MEDICAL CENTER,nan
DY KAREN JOY,NEW WORLD DIAGNOSTIC CENTER,nan
EBANEZ CLARIZA MAY,QUEZON CITY GENERAL HOSPITAL,nan
ESGUERRA ALI,THE MEDICAL CITY,nan
ESTEPA LILYBELL,TALIPAPA CLINIC,nan
ESTEPA VICTORIO,TALIPAPA CLINIC,nan
FAJARDO RONALD,CAPITOL MEDICAL CENTER,nan
FLOREN KAREN GAIL,DR. JESUS DELGADO MEMORIAL HOSPITAL,nan
FLORES RAJIEL LYRON,METRO NORTH MEDICAL CENTER,nan
FLORES ANN MARGARETT,THE MEDICAL CITY,nan
FRANCISCO ARLENE,SANGABAYAN CLINIC,nan
FRANCISCO BEVERLY,BEVERLY FRANCISCO MEDICAL CLINIC,nan
FRANCISCO RICARDO,VETERANS MEMORIAL MEDICAL CENTER,nan
FREZNOZA JACQUELINE,THE MEDICAL CITY,nan
FUENTES FREDERICK,PROVIDENCE HOSPITAL,nan
GABRIEL FREDERICK,THE MEDICAL CITY,nan
GARCIA IRIS,CAPITOL MEDICAL CENTER,nan
GARCIA MARK GAVIN,CAPITOL MEDICAL CENTER,nan
GARCIA MA. ANA,HEALTHWAY MEDICAL CLINIC,nan
GARCIA MARY JANE,MJMD CLINIC,nan
GARGAR JENN DANIELLE,CAPITOL MEDICAL CENTER,nan
GEQUINTO GISELLA IZZABEL,CAPITOL MEDICAL CENTER,nan
GOMEZ MA. HONOLINA,CAPITOL MEDICAL CENTER,nan
GOMEZ MARIA FAYE ANNE,CAPITOL MEDICAL CENTER,nan
GOMEZ NEIL,MYHEALTH CLINIC,nan
GOMEZ FELISSE,CAPITOL MEDICAL CENTER,nan
GOMEZ TUAZON  MA. FELISSE CARMEN,CAPITOL MEDICAL CENTER,nan
GONZALES IRISH JUDY,THE MEDICAL CITY,nan
GONZALES CHRISTINA,MEDAVENUE CLINIC,nan
GOY MARY GERTUD,GOY GERTUD CLINIC,nan
HILARIO MA. LOURDES,CAPITOL MEDICAL CENTER,nan
INES PHILIPP,PROVIDENCE HOSPITAL,nan
JAMIAS MARY ANN,CAPITOL MEDICAL CENTER,nan
JASON RALPH,PROVIDENCE HOSPITAL,nan
JOSON ARA CRISELLE,ACE HOSPITAL,nan
KALAW REGINALD PAUL,PACIFIC GLOBAL MEDICAL CENTER,nan
LACSAMANA ROSELLE,PROVIDENCE HOSPITAL,nan
LIGON ROLANDO,VETERANS MEMORIAL MEDICAL CENTER,nan
LIM ARNEL,PACIFIC GLOBAL MEDICAL CENTER,nan
LIM KAREN ANN,PACIFIC GLOBAL MEDICAL CENTER,nan
LIPAYON DANIEL JUDE THEDDEUS,PROVIDENCE HOSPITAL,nan
LORENZO LORENA,HEALTHWAY MEDICAL CLINIC,nan
LUMAQUE SHAKE,VETERANS MEMORIAL MEDICAL CENTER,nan
LUNA ERLINDA,ROXAS COMMUNITY MEDICAL CENTER,nan
MACALINO MELIZA,METRO NORTH MEDICAL CENTER,nan
MACAPUGAY LEORA FLOR,METRO NORTH MEDICAL CENTER,nan
MAGNO MARIE,METRO NORTH MEDICAL CENTER,nan
MALIBIRAN HENRY,MALIBIRAN MEDICAL CLINIC,nan
MAMAUAG ROLAND,ACE HOSPITAL,nan
MANINANG NOEL,CAPITOL MEDICAL CENTER,nan
MARASIGAN MECHAEL ANGELO,FRISCO HEALTH CENTER,nan
MARCOS SHALEY,PACIFIC GLOBAL MEDICAL CENTER,nan
MARTINEZ  JAYMIE,THE MEDICAL CITY,nan
MATEMATICO MICHELLE,CAPITOL MEDICAL CENTER,nan
MATULAC JOSE ANTONIO,MATULAC CLINIC,nan
MEDRANO ANA BEATRIZ,PACIFIC GLOBAL MEDICAL CENTER,nan
MENDOZA KEISHA,QUEZON CITY GENERAL HOSPITAL,nan
MENDOZA RAMON CHRISTOPHER,ACE HOSPITAL,nan
MERIS EARL,QUEZON CITY GENERAL HOSPITAL,nan
MONTES CRISTINA,ACE HOSPITAL,nan
NAVARETTE EDGARDO,CAPITOL MEDICAL CENTER,nan
NAVIDAD NOEL,METRO NORTH MEDICAL CENTER,nan
NEPOMUCENO  ALYSSA MARIE,CAPITOL MEDICAL CENTER,nan
NERRY NAIKO VES,KAISER DIAGNOTIC CLINIC,nan
NIEVA STANLEE JAMES,ACE HOSPITAL,nan
NONIFARA ANA MARIA,HEALTHWAY MEDICAL CLINIC,nan
NONIFARA JESTYN,MYHEALTH CLINIC,nan
NUNEZ NOEMI ANGELA,PROVIDENCE HOSPITAL,nan
OBISPO ALEX,HEALTHQUEST DIAGNOSTIC CENTER CLINIC,nan
OMBAO JOEL SON,DR. OMBAO CLINIC,nan
ORTIZ ELVIN,CAPITOL MEDICAL CENTER,nan
OYEK JENNILYN,CAPITOL MEDICAL CENTER,nan
PADILLA REVELYN,MEDAVENUE CLINIC,nan
PADILLA RUFINO,MEDAVENUE CLINIC,nan
PAINAGAN ANGELICA,QUEZON CITY GENERAL HOSPITAL,nan
PAMA ANTHONY,HEALTHQUEST DIAGNOSTIC CENTER CLINIC,nan
PAMINTUAN CARLO FRANCO PHILIPPE,THE MEDICAL CITY,nan
PANLILIO CHERISSE ANN,PROVIDENCE HOSPITAL,nan
PARAGUAS STEFANNI,HEALTHWAY MEDICAL CLINIC,nan
PERALTA ESTHER,MATULAC CLINIC,nan
PEREZ RONALD,CAPITOL MEDICAL CENTER,nan
PEREZ TRAJANO EUNICE,CAPITOL MEDICAL CENTER,nan
PICHAY ETHELYN JOY,THE MEDICAL CITY,nan
PLAMERAZ GERTIE MAY,PACIFIC GLOBAL MEDICAL CENTER,nan
PRINCESA MA. CONCEPCION,METRO NORTH MEDICAL CENTER,nan
QUIAMBAO CESAR,CAPITOL MEDICAL CENTER,nan
QUIWA LESLIE,METRO NORTH MEDICAL CENTER,nan
RAMIREZ DANIVIC,DR. JESUS DELGADO MEMORIAL HOSPITAL,nan
RAMOS AI,HEALTHRIGHT CLINIC,nan
REGINALDO MIA,METRO NORTH MEDICAL CENTER,nan
REJANTE LARRAINE,HEALTHRIGHT CLINIC,nan
REYES ARISTOTLE,QUEZON CITY GENERAL HOSPITAL,nan
RIAZONDA JULIUS,VETERANS MEMORIAL MEDICAL CENTER,nan
ROLEDA KARLEEN LOUISE,QUEZON CITY GENERAL HOSPITAL,nan
ROLLAN ROHANNA,PROVIDENCE HOSPITAL,nan
RUIZ MA. MABEL,THE MEDICAL CITY,nan
SABA JOHN PAULO,METRO NORTH MEDICAL CENTER,nan
SABANGAN JOEL,METRO NORTH MEDICAL CENTER,nan
SABINIANO KATHLEEN,HEALTHWAY MEDICAL CLINIC,nan
SALCEDO KARL,PROVIDENCE HOSPITAL,nan
SALCEDO VON EDWARD,METRO NORTH MEDICAL CENTER,nan
SALES RAIZA,CAPITOL MEDICAL CENTER,nan
SALES ALFREDO,HEALTHWAY MEDICAL CLINIC,nan
SAMONTE PRECIOUS,PROVIDENCE HOSPITAL,nan
SAMSON LYNDON,DR. JESUS DELGADO MEMORIAL HOSPITAL,nan
SANCHEZ JEANNE LOU,TSORA MED CLINIC,nan
SANTOS CLARICE,CAPITOL MEDICAL CENTER,nan
SANTOS CRUZ  ROMA ELAINE,CAPITOL MEDICAL CENTER,nan
SARMIENTO ANNIE JANE,HEALTHWAY MEDICAL CLINIC,nan
SATO KENJI,PROVIDENCE HOSPITAL,nan
SAYO JOSEPH MAURO,PROVIDENCE HOSPITAL,nan
SAYSON JOBERLY,DR. JESUS DELGADO MEMORIAL HOSPITAL,nan
SENGSON  ALTHEA LOURESE,CAPITOL MEDICAL CENTER,nan
SERAFICO VERNON,SERAFICO CLINIC,nan
SERAFICO ADELAIDA,SERAFICO CLINIC,nan
SERON MARIEL ANNE,CAPITOL MEDICAL CENTER,nan
SIA RALPH JOSEPH,METRO NORTH MEDICAL CENTER,nan
SICAT MA. THERESA,PACIFIC GLOBAL MEDICAL CENTER,nan
STA. ISABEL MARY ANNE GRACE,QUEZON CITY GENERAL HOSPITAL,nan
SUMILONG ROMMEL PAOLO,PROVIDENCE HOSPITAL,nan
SY EMMANUEL,GOY GERTUD CLINIC,nan
TABANDA JOEMA,PROVIDENCE HOSPITAL,nan
TAN CATHERINE,METRO NORTH MEDICAL CENTER,nan
TAN RIMA,CAPITOL MEDICAL CENTER,nan
TAN REAGAN,THE MEDICAL CITY,nan
TAN FREDERICK,METRO NORTH MEDICAL CENTER,nan
TAN DIANNE JASMIN,CAPITOL MEDICAL CENTER,nan
TANG  IRENE SUSANA,HEALTHWAY MEDICAL CLINIC,nan
TANSECO VICENTE,CAPITOL MEDICAL CENTER,nan
TAPANG CLARIZZE FRANCESCA,HEALTHWAY MEDICAL CLINIC,nan
TONGSON LUINIO,CAPITOL MEDICAL CENTER,nan
TRIA RAMONCITO,CAPITOL MEDICAL CENTER,nan
TRONCALES AURA,METRO NORTH MEDICAL CENTER,nan
TURALBA MANOLITO,PROVIDENCE HOSPITAL,nan
TURALBA MARY ANN,HEALTHWAY MEDICAL CLINIC,nan
UY MELISSA  CLAIRE,DR. JESUS DELGADO MEMORIAL HOSPITAL,nan
VALDEZ MARIAM,HEALTHQUEST DIAGNOSTIC CENTER CLINIC,nan
VALENCIA CYRIN,HEALTHWAY MEDICAL CLINIC,nan
VANADERO PAULEEN ANNE,CAPITOL MEDICAL CENTER,nan
VERIDIANO AIMEE,THE MEDICAL CITY,nan
VICENTE FREDERICK,HEALTHWAY MEDICAL CLINIC,nan
VILLAPANDO ANGELO,HEALTHWAY MEDICAL CLINIC,nan
VILLARDO MARIO VICTOR,CAPITOL MEDICAL CENTER,nan
YAP CHRISTINE,HEALTHWAY MEDICAL CLINIC,nan
YASON JOSE,METRO NORTH MEDICAL CENTER,nan
ZACARIAS MARY CLAIRE,CAPITOL MEDICAL CENTER,nan
AGONCILLO  ANDRE LUIS,De La Salle University Medical Center,nan
AGUILAR  MON KENNETH,GentriMedical Center and Hospital Inc.,nan
ALANO ORLANDO,Gen. Trias Doctors,nan
ALCAUSIN DENISE ANNE,Gen Emilio Aguinaldo Memorial Hospital,nan
ALCERA RAIGEL KENT,De La Salle University Medical Center,nan
ALTO CRIS,Wellcare Dasma Walter,nan
AMANTE PAOLO JORGE,Emilio Aguinaldo College Medical Center,nan
AMBAGAN SUZETTE,De La Salle University Medical Center,nan
AMORA JONAH,De La Salle University Medical Center,nan
ANG-MANUEL GRETCHEN,De La Salle University Medical Center,nan
BAIYA JANET,Silang Specialist Medical Center Inc,nan
BALALTA CRISANTO,Balalta Family Clinic,nan
BALALTA CRISTINE JOY,De La Salle University Medical Center,nan
BALIDIO-LEONES MARY JANE,Klinikalidad Clinic,nan
BANTOLINAO FELICIDAD,Rosal Clinic,nan
BANTOLINAO  MAUI FREDERICK,Rosal Clinic,nan
BARNES MANUEL MIGUEL,De La Salle University Medical Center,nan
BASTON AGNES,Emilio Aguinaldo College Medical Center,nan
BASTONA JOHN NEAL,De La Salle University Medical Center,nan
BAUTISTA JOSE MARIANO,De La Salle University Medical Center,nan
BAWALAN HEINRICH,Klinikalidad Clinic,nan
BAYBAY DANIELLE,De La Salle University Medical Center,nan
BERATIO LORENA,Gen Emilio Aguinaldo Memorial Hospital,nan
BERATIO LAKAN,Gen Emilio Aguinaldo Memorial Hospital,nan
BERNABE KRIS ANNE,Tagaytay Medical Center,nan
BICOL JENNY,De La Salle University Medical Center,nan
BLANCA ANDREA,Carbon-Celiz Clinic,nan
BOBADILLA JOENA,San Miguel Corp,nan
BUHAY ROSS,De La Salle University Medical Center,nan
CABAGYO NESCIREE,De La Salle University Medical Center,nan
CABIDA CHRISTOPHER,Tagaytay Medical Center,nan
CABRERA MARGARITA,Silang Specialist Medical Center Inc,nan
CABUJAT ROEHLL JOHN,De La Salle University Medical Center,nan
CALMA MERLISA,Victor C. Velazco Pharmacy and Hospital,nan
CANDING RENAN,Ospital ng Tagaytay,nan
CANTO ABIGAIL,De La Salle University Medical Center,nan
CAPULONG ERIC,De La Salle University Medical Center,nan
CARBON GINA,Carbon-Celiz Clinic,nan
CARLOS GARY,De La Salle University Medical Center,nan
CARLOS JOEL,Dasmariñas City Medical Center,nan
CASTILLO EUGENE,De La Salle University Medical Center,nan
DAEZ ANGELO,Ospital ng Tagaytay,nan
DAVILLA BRIAN,Victor C. Velazco Pharmacy and Hospital,nan
DAYRIT GIANN FAITH,Gen Emilio Aguinaldo Memorial Hospital,nan
DE GUZMAN GEELA,Emilio Aguinaldo College Medical Center,nan
DELFINO JEAN PAOLO,Silang Specialist Medical Center Inc,nan
DILOY SHEENA,De La Salle University Medical Center,nan
DIMAGUIBA IVY,De La Salle University Medical Center,nan
DOMINGUEZ ARDITH,Emilio Aguinaldo College Medical Center,nan
DOYAOEN  ADRIAN,Klinikalidad Clinic,nan
EBAL RUTH MICHELLE,Emilio Aguinaldo College Medical Center,nan
ENERO REYIA JOIE,De La Salle University Medical Center,nan
ESGUERRA  KEVIN,Wellcare Dasma Walter,nan
EVANGELISTA LAUREN KAY,De La Salle University Medical Center,nan
FABELLA-NARCISO CHARLENE,Fabella-Narciso Clinic,nan
FAIGAO RAYMUND,Emilio Aguinaldo College Medical Center,nan
FELICIANO OSCAR,De La Salle University Medical Center,nan
FERRER JOHN MICHAEL,Emilio Aguinaldo College Medical Center,nan
FORONDA SHERWIN,Victor C. Velazco Pharmacy and Hospital,nan
FRANCISCO DANICA,De La Salle University Medical Center,nan
GABAT-TAN JULIE,De La Salle University Medical Center,nan
GACUSAN MARY ANN,GentriMedical Center and Hospital Inc.,nan
GO-LOPEZ EUNICE BERNADETTE,De La Salle University Medical Center,nan
GOZUN JACEL SHAYNE,Silang Specialist Medical Center Inc,nan
GREGORIO REGINA,Tagaytay Medical Center,nan
GURANGO JOSE ARMAND,De La Salle University Medical Center,nan
GUTIERREZ JOSEPHINE,De La Salle University Medical Center,nan
HAYAG NIEL,Silang Specialist Medical Center Inc,nan
HERNANDEZ  ALLAN,Tagaytay Medical Center,nan
IDEA JEROME,Tagaytay Medical Center,nan
JARING CRISTINA,Silang Specialist Medical Center Inc,nan
JAVONILLO ROWENA,De La Salle University Medical Center,nan
JUHURI JENNY-LYN,Tagaytay Medical Center,nan
JUNGCO MARIE VIC,Gen. Trias Doctors,nan
LAFAVILLA JIMMY,Gen. Trias Doctors,nan
LAUDATO NATALIE FRANCIA,Wellcare Manggahan Gentri,nan
LEGASPI ENRICO,De La Salle University Medical Center,nan
LIM JENET,De La Salle University Medical Center,nan
LIM RICHARD,De La Salle University Medical Center,nan
LIM-DY MARIA FE,De La Salle University Medical Center,nan
MAGMA MA. LIBRADA,De La Salle University Medical Center,nan
MALAMBUT ALJUN,Tagaytay Medical Center,nan
MALIG MARIELLE,Victor C. Velazco Pharmacy and Hospital,nan
MALIG CRISTEL  MAE,Silang Clinic,nan
MANABAT JENNIFER,Cavite Health Science Institute,nan
MANANSALA RONALD,Emilio Aguinaldo College Medical Center,nan
MARINO YOUSEF,Korean Philippines Frienship Hospital/GEAMH,nan
MATANGUIHAN CARLO MIGUEL,De La Salle University Medical Center,nan
MATIRA CARLO,Gen Emilio Aguinaldo Memorial Hospital,nan
MATTUS MIGUEL MANUEL,De La Salle University Medical Center,nan
MENDOZA VICTOR,De La Salle University Medical Center,nan
MENDOZA HELEN,Emilio Aguinaldo College Medical Center,nan
MERCADO ELOISA,De La Salle University Medical Center,nan
MIKLAT ABBIGAIL,Gen Emilio Aguinaldo Memorial Hospital,nan
MISA DARWIN,Gen. Trias Doctors,nan
MONTOYA ARNULFO,Victor C. Velazco Pharmacy and Hospital,nan
NABLO MARY DAWN,De La Salle University Medical Center,nan
NICOLAS SHIKEENA,De La Salle University Medical Center,nan
OLIVEROS JOHN RONALD,Dasmariñas City Medical Center,nan
ONDA CHARLES,Wellcare Dasma Walter,nan
ORDANZA MARY JOY,Emilio Aguinaldo College Medical Center,nan
ORLINO  RAYMUND,De La Salle University Medical Center,nan
OWAY RADITO,GMF Hospital,nan
PABLO DON PEDRO,De La Salle University Medical Center,nan
PADUA EVELYN,Padua Clinic,nan
PADUA MARVIN LEE,Padua Clinic,nan
PAGSISIHAN DAVERIC,De La Salle University Medical Center,nan
PALMA REX,Tagaytay Medical Center,nan
PASCO CARLO ANTONIO,Victor C. Velazco Pharmacy and Hospital,nan
PEDRO DJHOANNA,De La Salle University Medical Center,nan
PEREZ ERICKA,De La Salle University Medical Center,nan
PEREZ MICHAEL,Tagaytay Medical Center,nan
RAZO II ROBERTO,De La Salle University Medical Center,nan
REY NANETTE,De La Salle University Medical Center,nan
REYES ANGELITO,Silang Specialist Medical Center Inc,nan
REYES GERTRUDE CAMILLE,De La Salle University Medical Center,nan
RODEROS OLIVIA,De La Salle University Medical Center,nan
ROMEN  MICHAEL,Gen. Trias Doctors,nan
RUBIO ROBERT JOSEPH,Emilio Aguinaldo College Medical Center,nan
RUBIO CHARINA,PCU Clinic,nan
SALALIMA AUGUSTO NICCOLO,Tagaytay Medical Center,nan
SALANGSANG REI,De La Salle University Medical Center,nan
SALVADOR DAVID,De La Salle University Medical Center,nan
SALVANERA JOHN VINCENT,MV SANTIAGO MEDICAL CENTER,nan
SANDOVAL MAREON,De La Salle University Medical Center,nan
SANTOS JR HARIM,De La Salle University Medical Center,nan
SCHROTH DEXTER,Gen. Trias Doctors,nan
SEE JASON,De La Salle University Medical Center,nan
SEMBRANO JOSE MARIA,Emilio Aguinaldo College Medical Center,nan
SIERRA REI FABBIE,De La Salle University Medical Center,nan
SILVA AIMEE,De La Salle University Medical Center,nan
SINGH JACOB,De La Salle University Medical Center,nan
SOLANOY KARENE,Ospital ng Tagaytay,nan
SUBONG JR NESTOR,De La Salle University Medical Center,nan
SUELA JUNAFEL,San Miguel Corp,nan
TANTECO-PATACSIL LANI,Tagaytay Medical Center,nan
TAYCO JOHN CARLO,De La Salle University Medical Center,nan
TIRONA JOSE,De La Salle University Medical Center,nan
TIU AVA KAY,Emilio Aguinaldo College Medical Center,nan
TORRELAVEGA JONIL,Silang Specialist Medical Center Inc,nan
UY- ESPERANZA  MARIA,De La Salle University Medical Center,nan
UY-REYES MICHELLE,De La Salle University Medical Center,nan
VILLAMAR ANNE MAUREEN,Korean Philippines Frienship Hospital/GEAMH,nan
ABEAR MARIA VIOLETA,LEGAZPI TERRITORIALS,nan
ABERIN ELENITA,GUINOBATAN TERRITORIALS,nan
ABREGANA JULIE,METROHEALTH SPECIALTY HOSPITAL,nan
ADVIENTO JERELYN,TANCHULING GENERAL HOSPITAL,nan
AGRIPA DOMINIC,GUBAT SORSOGON,nan
AGUIRRE NILO,MASBATE SORSOGON,nan
ALA BIENAROSA,UNIVERSITY OF STO. TOMAS HOSPITAL LEGAZPI,nan
ALDEA DOMINIQUE,CHACON GENERAL HOSPITAL,nan
ALERTA EURIC MARIO,GSAC HOSPITAL,nan
ALVAREZ ARTHUR,MMG TABACO,nan
AMADOR RAMON,TERRITORIALS,nan
AMARO JAYSON,TANCHULING GENERAL HOSPITAL,nan
ANDUEZA HAZEL,LIGAO TERRITORIALS,nan
ANTE ANGELO,ESTEVEZ MEMORIAL HOSPITAL,nan
ANTONIO  CARLSEN,ALBAY SPECIALIST,nan
ANTONIO  MELISA,ALBAY SPECIALIST,nan
APILAN NORMAN,POLANGUI TERRITORIALS,nan
APIN JAMES,SMMGHSC,nan
ARGARIN ISABEL,UNIVERSITY OF STO. TOMAS HOSPITAL LEGAZPI,nan
ARROYO ANTHONY,GUINOBATAN TERRITORIALS,nan
AZADA AUDWYN,TABACO TERRITORIALS,nan
AZOTEA KARINA,ALBAY DOCTORS,nan
BADIEE PEEMON,UNIVERSITY OF STO. TOMAS HOSPITAL LEGAZPI,nan
BADIEE ANNE LYNLET,DARAGA DOCTORS HOSPITAL,nan
BAILON CLEMENTE,SORSOGON,nan
BALMADRID DONDI,VIRAC CATANDUANES,nan
BALMES JOY,IROSIN SORSOGON,nan
BALOTA ELMER,ESTEVEZ MEMORIAL HOSPITAL,nan
BANDOLA CHARLIE,GUBAT SORSOGON,nan
BARCELLANO IRFA,LEGAZPI TERRITORIALS,nan
BELANGEL JINKY,UNIVERSITY OF STO. TOMAS HOSPITAL LEGAZPI,nan
BENEMILE MA. VICTORIA,MASBATE SORSOGON,nan
BERCES MARK,AMANDO COPE HOSPITAL,nan
BERIN MELVIN,SMMGHSC,nan
BINALLA ARNEL,TABACO TERRITORIALS,nan
BIRATA CORAZON,UNIVERSITY OF STO. TOMAS HOSPITAL LEGAZPI,nan
BIRATA FRANCO,UNIVERSITY OF STO. TOMAS HOSPITAL LEGAZPI,nan
BLANQUISO LOUREN,MMG TABACO,nan
BOLINAO ANTONIO,SMMGHSC,nan
BOLUNIA DOMINADOR,SMMGHSC,nan
BONAOBRA JOAN,UNIVERSITY OF STO. TOMAS HOSPITAL LEGAZPI,nan
BORAIS EDLYN,AMANDO COPE HOSPITAL,nan
BUFETE ERIKA,MATNOG SORSOGON,nan
BUITIZON RODEL,MMG TABACO,nan
BURCE KRIS,PTO.DIAZ SORSOGON,nan
CABACANG LOU,CLINICA LEGAZPI,nan
CABILDO EMMANUEL,METROHEALTH SPECIALTY HOSPITAL,nan
CAINDEC JUAN CARLOS,CASIGURAN SORSOGON,nan
CAMBALIZA CHEDIE,METROHEALTH SPECIALTY HOSPITAL,nan
CARPIO LEONARDO,BULAN SORSOGON,nan
CERILLO MARIO,POLANGUI TERRITORIALS,nan
CERVANTES MARK,PTO.DIAZ SORSOGON,nan
CHACON ROBERTO,CHACON GENERAL HOSPITAL,nan
CHACON ALBERTO,CHACON GENERAL HOSPITAL,nan
CHACON ELEONOR,CHACON GENERAL HOSPITAL,nan
CHACON ABBY,CHACON GENERAL HOSPITAL,nan
CHACON-CARANDANG CHRISTINE ANNE,CHACON GENERAL HOSPITAL,nan
CHAN JOSEPH,SMMGHSC,nan
CHAN BILLY,DARAGA DOCTORS HOSPITAL,nan
CHAVEZ RICO,ACE MEDICAL CENTER LEGAZPI,nan
CHUA CYRIL,ESTEVEZ MEMORIAL HOSPITAL,nan
CIOCSON JE SEAN,AMANDO COPE HOSPITAL,nan
CIOCSON THAD,TANCHULING GENERAL HOSPITAL,nan
CLEDERA ALVIN,SMMGHSC,nan
COPE CLEODOSIL,AMANDO COPE HOSPITAL,nan
COPE JOSE,AMANDO COPE HOSPITAL,nan
COSTELO GEMMA,AMANDO COPE HOSPITAL,nan
CUBIAS JASPER,SORSOGON PROVINCIAL HOSPITAL,nan
DAYTO  ELLEN,GUBAT SORSOGON,nan
DE CASTRO AHMER,SORSOGON PROVINCIAL HOSPITAL,nan
DE VERA JOEY,BULAN SORSOGON,nan
DEALCA ROLANDO,SORSOGON,nan
DEL ROSARIO ANNA LIZA CATALINA,UNIVERSITY OF STO. TOMAS HOSPITAL LEGAZPI,nan
DEL ROSARIO  MOLLY,LIGAO TERRITORIALS,nan
DEL ROSARIO  BOBBY,LIGAO TERRITORIALS,nan
DELA PENA CHONA,MASBATE SORSOGON,nan
DELOS REYES MARY ANN,UNIVERSITY OF STO. TOMAS HOSPITAL LEGAZPI,nan
DELOS SANTOS ARNEL,MASBATE SORSOGON,nan
DESPUIG ERIKA,SORSOGON PROVINCIAL HOSPITAL,nan
DIAZ SOL,BARCELONA SORSOGON,nan
DIONEDA ANTONIO,SMMGHSC,nan
DONOR DENNIS,SMMGHSC,nan
DY JOHN HOMMER,DARAGA DOCTORS HOSPITAL,nan
ENCISO LOURDES,CHACON GENERAL HOSPITAL,nan
ENCISO JOSE,LIGAO TERRITORIALS,nan
ESCANO JEROME,BULUSAN SORSOGON,nan
ESCULTURA ALMA,SMMGHSC,nan
ESCULTURA ALEXIS,SMMGHSC,nan
ESTAVILLO JOSEPHINE,METROHEALTH SPECIALTY HOSPITAL,nan
ESTEVEZ JUN,ESTEVEZ MEMORIAL HOSPITAL,nan
ESTEVEZ LIZA,ESTEVEZ MEMORIAL HOSPITAL,nan
ESTREMERA SALVEH,METROHEALTH SPECIALTY HOSPITAL,nan
FERNANDO EMMALINE,ALBAY DOCTORS,nan
FIGUERAS DORIS,SMMGHSC,nan
FRILLES GERALDINE,SORSOGON,nan
GABIONZA CECELIA,IROSIN SORSOGON,nan
GABITAN GIBS,VIRAC CATANDUANES,nan
GALINO JOY,SMMGHSC,nan
GALVEZ JOVENO,MASBATE SORSOGON,nan
GAMAD JOY VERDI,SMMGHSC,nan
GANTE PRECY,IROSIN SORSOGON,nan
GANTE NICK,IROSIN SORSOGON,nan
GAPAYAO MARLON,SORSOGON PROVINCIAL HOSPITAL,nan
GARCIA ROLANDO,AMANDO COPE HOSPITAL,nan
GARCIA QUIENNIE,SMMGHSC,nan
GARCIA PAUL,SORSOGON PROVINCIAL HOSPITAL,nan
GARRIDO LARRY,SMMGHSC,nan
GENERAL EDBERTO,UNIVERSITY OF STO. TOMAS HOSPITAL LEGAZPI,nan
GIANAN CHRISTOPHER,ESTEVEZ MEMORIAL HOSPITAL,nan
GONCERO JV,SORSOGON,nan
GOYENA MARIA,UNIVERSITY OF STO. TOMAS HOSPITAL LEGAZPI,nan
GRAGEDA RENATO,BERCES HOSPITAL,nan
GREGORIO KAREN,METROHEALTH SPECIALTY HOSPITAL,nan
HALLIG EPIFANIA,SORSOGON PROVINCIAL HOSPITAL,nan
HALUM ROANNE,SMMGHSC,nan
HALUM OSCAR,SMMGHSC,nan
HAO CHA,SMMGHSC,nan
HERMO CJ,SMMGHSC,nan
HERMO ROLANDO,SMMGHSC,nan
HIBO CLODUALDO,CASIGURAN SORSOGON,nan
HILOTIN PAWEL,METROHEALTH SPECIALTY HOSPITAL,nan
JAPSON ROMMEL,CHACON GENERAL HOSPITAL,nan
JASARENO GILBERT,MATNOG SORSOGON,nan
JOSON MARLON,BRTTH,nan
LABARETE NANCY,SMMGHSC,nan
LABITAG ARMAND,METROHEALTH SPECIALTY HOSPITAL,nan
LACHICA MYRA,METROHEALTH SPECIALTY HOSPITAL,nan
LAGUDA  ARNULFO,BULAN SORSOGON,nan
LAMBAN MARJORIE,VIRAC CATANDUANES,nan
LAMBAN ANGEL ALBERT,VIRAC CATANDUANES,nan
LIMUS JOANNA,GUINOBATAN TERRITORIALS,nan
LLANTO NEIL,TANCHULING GENERAL HOSPITAL,nan
LOPEZ AILEEN,TANCHULING GENERAL HOSPITAL,nan
LU LEONARDO,METROHEALTH SPECIALTY HOSPITAL,nan
LUBAG JOSE FERNANDO,CHACON GENERAL HOSPITAL,nan
LUCENA LYNNE LOURDES,UNIVERSITY OF STO. TOMAS HOSPITAL LEGAZPI,nan
LUSTESTICA WILMA,IROSIN SORSOGON,nan
MADLANGBAYAN RICO,ESTEVEZ MEMORIAL HOSPITAL,nan
MALAPITAN NOEL,MASBATE SORSOGON,nan
MALAPITAN DOMINGO,MASBATE SORSOGON,nan
MANALANG RUSCHELLE,PTO.DIAZ SORSOGON,nan
MANZANO NICANOR,SORSOGON,nan
MIGUEL KENNETH,GUINOBATAN TERRITORIALS,nan
MONJE NORBERTO,SORSOGON PROVINCIAL HOSPITAL,nan
MORAN ALFREDO,ESTEVEZ MEMORIAL HOSPITAL,nan
MORICO ANGELLI,ESTEVEZ MEMORIAL HOSPITAL,nan
MORTEL IRWYN,SMMGHSC,nan
MUNOZ VINCE,ESTEVEZ MEMORIAL HOSPITAL,nan
NATE ZARA,PTO.DIAZ SORSOGON,nan
NATIVIDAD GRACIANO,METROHEALTH SPECIALTY HOSPITAL,nan
NOBLEZA AIMEE,TABACO TERRITORIALS,nan
OGENA PRISCILLE,VIRAC CATANDUANES,nan
OJEDA ADELE,BULAN SORSOGON,nan
ORTILLE EVA,IROSIN SORSOGON,nan
OSIAL ROLAN LYNDON,METROHEALTH SPECIALTY HOSPITAL,nan
PACHECO LAURIE ANN,SORSOGON PROVINCIAL HOSPITAL,nan
PALACIO CRISTY,BULAN SORSOGON,nan
PENA CHRISTOPHER,CHACON GENERAL HOSPITAL,nan
PENASERADA-KABIGTING LEAH,METROHEALTH SPECIALTY HOSPITAL,nan
PENETRANTE RACHEL,ESTEVEZ MEMORIAL HOSPITAL,nan
PERETE ARBEL,ESTEVEZ MEMORIAL HOSPITAL,nan
PEREZ KHEM,METROHEALTH SPECIALTY HOSPITAL,nan
PILI LEA,MASBATE SORSOGON,nan
PRADO SYLVIA,TABACO TERRITORIALS,nan
QUILALA ALVIN,CHACON GENERAL HOSPITAL,nan
QUINTANO COLEEN,DARAGA DOCTORS HOSPITAL,nan
RECIERDO JOSEPHINE,ESTEVEZ MEMORIAL HOSPITAL,nan
REMORQUE LAARNI,TANCHULING GENERAL HOSPITAL,nan
REYES RUSSEL,ESTEVEZ MEMORIAL HOSPITAL,nan
REYES AMELITA,MASBATE SORSOGON,nan
ROA MARY ANNE,ESTEVEZ MEMORIAL HOSPITAL,nan
RODENAS JOHN,ESTEVEZ MEMORIAL HOSPITAL,nan
ROMANO ELLAINE,AMANDO COPE HOSPITAL,nan
RONAN HAROLD,SMMGHSC,nan
ROSARIO SONIA,AGO LEGAZPI,nan
RUSTIA JULIUS,UNIVERSITY OF STO. TOMAS HOSPITAL LEGAZPI,nan
SAMAR WYNN,GUINOBATAN TERRITORIALS,nan
SANTOS CYNTHIA,SORSOGON,nan
SUNGA MEGAN,AMANDO COPE HOSPITAL,nan
TAGUM NERISSA,IROSIN SORSOGON,nan
TAGURA JAYRO JEZZER,TANCHULING GENERAL HOSPITAL,nan
TAN EDWIN,METROHEALTH SPECIALTY HOSPITAL,nan
TAN GREGORIO,ALBAY DOCTORS,nan
TAPIA REYMOND,ACE MEDICAL CENTER LEGAZPI,nan
TOLEDO JEFFREY,TANCHULING GENERAL HOSPITAL,nan
VALENZUELA BENZ,TANCHULING GENERAL HOSPITAL,nan
VALEZA CARLOS,SMMGHSC,nan
VILLANUEVA ARNEL,TANCHULING GENERAL HOSPITAL,nan
VILLAROYA TERESITA,GUBAT SORSOGON,nan
VOSOTROS LESLIE ANNE,ALBAY DOCTORS,nan
WONG LORNA,ESTEVEZ MEMORIAL HOSPITAL,nan
YANEZA JEANNETH,MASBATE SORSOGON,nan
YAP LESLIE,ESTEVEZ MEMORIAL HOSPITAL,nan
ZAPANTA LAUREE,DARAGA DOCTORS HOSPITAL,nan
ZUNIEGA RUCELLE,VIRAC CATANDUANES,nan
AMADOR ASTRID,UST Hospital,nan
ANDRES STEPHANIE,UST Hospital,nan
ARCINAS RC,UST Hospital,nan
ARENAS ARNEL,Mary Johnston Hospital,nan
BLAZA PATRICK,UST Hospital,nan
BOLONG DAVID,UST Hospital,nan
BONILLA MICHAEL,UST Hospital,nan
CABARLOC - ABAN JOEANNA MARI,San Lazaro Hospital,nan
CABRA JOSHUA,UST Hospital,nan
CADUHADA JOJO,UST Hospital,nan
CANNU MA. ANGELICA GOLDAMIER,UST Hospital,nan
CARPIO GIAN,UST Hospital,nan
CAYABYAB FLORABELLE ROSE,UST Hospital,nan
CHUA MA. AUREA,San Lazaro Hospital,nan
CO ARSENIO,Chinese General Hospital,nan
CO JONARD,Chinese General Hospital,nan
CO JIO JEROME,UST Hospital,nan
CRUZ KATRINA,UST Hospital,nan
CUNANAN ELAINE,UST Hospital,nan
DALUPANG CARMELITA,UST Hospital,nan
DAVID REIGNER PAUL,San Lazaro Hospital,nan
DAVID PHILLIP,Metropolitan Hospital,nan
DE LEON FROILAN,UST Hospital,nan
DE LEON JAN GIL,UST Hospital,nan
DEL CASTILLO WELLENON,UST Hospital,nan
DELOS SANTOS FAYE,Metropolitan Hospital,nan
DEMAPILIS PAULO ANDREI,UST Hospital,nan
DICO GO JOYCE,Chinese General Hospital,nan
DIEZMOS MARIE LUCIENE,UST Hospital,nan
DULAY AFRA JOY,Chinese General Hospital,nan
DY EVELYN,Metropolitan Hospital,nan
DY FREDERICK,UST Hospital,nan
EBBA EDGARDO,UST Hospital,nan
ENGELBERT SIMON,UST Hospital,nan
ESCALLAR EDERLEEN,UST Hospital,nan
FELIPE RENE,UST Hospital,nan
FERNANDEZ PAULO,UST Hospital,nan
FERNANDEZ DENNIS,UST Hospital,nan
FONTE JAY,UST Hospital,nan
GABRIEL - CHAN ANNA LOUISE,Chinese General Hospital,nan
GARCIA JEAN ERICA,UST Hospital,nan
GAW GRACE,Chinese General Hospital,nan
GO ENGTE,Metropolitan Hospital,nan
GO RUBY,Chinese General Hospital,nan
GO MARY ANNE,Chinese General Hospital,nan
GO JENNICA,UST Hospital,nan
GO NGO KOK JAMES,Metropolitan Hospital,nan
GUINTO PAULO,UST Hospital,nan
GUTIERREZ MIGUEL,UST Hospital,nan
IBBIN MOHERNA,UST Hospital,nan
ILAYA DANIEL,Ilaya Clinic,nan
ILAYA EVELYN,Ilaya Clinic,nan
ISMAEL ALBERT,UST Hospital,nan
KHOW JO ANN,Metropolitan Hospital,nan
KOA KRISTINE,Metropolitan Hospital,nan
LACSON JO ROCEL,UST Hospital,nan
LAO BRYAN,Chinese General Hospital,nan
LASALA APOLONIO,Chinese General Hospital,nan
LAZARO JEZREEL CULATA,San Lazaro Hospital,nan
LEE NICA,Chinese General Hospital,nan
LI  KHINGBERLY,Chinese General Hospital,nan
LI ROBERT,Qualicare Diagnostic Lab & Clinic,nan
LIM CAROLINE,Metropolitan Hospital,nan
LIM CHEN PEN,Metropolitan Hospital,nan
LIM MICHAEL LOUIE,Chinese General Hospital,nan
LIM ALVIN,UST Hospital,nan
LIM DARWIN,Metropolitan Hospital,nan
LIM MARCELO,Mary Johnston Hospital,nan
LIM EDGAR,Metropolitan Hospital,nan
LO JR VIRGILIO,Chinese General Hospital,nan
LOPEZ LIZETTE,UST Hospital,nan
LOPEZ KAYE,San Lazaro Hospital,nan
LU KOH ROSIE,Chinese General Hospital,nan
LUCERO DANIELLE,UST Hospital,nan
MACALALAG MICHAEL,Chinese General Hospital,nan
MAGTIBAY ARIANNE,San Lazaro Hospital,nan
MANUEL ZACHARIAS,UST Hospital,nan
MANZO ARL ANN,UST Hospital,nan
MARCAIDA  MARISTELLA,UST Hospital,nan
MATAWARAN BIEN,UST Hospital,nan
MEDALLA JAMES MANUEL,Chinese General Hospital,nan
MEDINA KRISTEL JAYNE,UST Hospital,nan
MENORCA  DANILO,Mary Johnston Hospital,nan
NAPA JOHN MICHAEL JOSEPH,UST Hospital,nan
NARANJILLA RAYMUND,UST Hospital,nan
NAVARRO JULIET,Metropolitan Hospital,nan
NGO DENIS,UST Hospital,nan
ONA PATRICK,UST Hospital,nan
ONG EVAN,Metropolitan Hospital,nan
ONG GO ARLINKING,Metropolitan Hospital,nan
ORTIZ  JUAN MIGUEL,UST Hospital,nan
PANGANIBAN  JULIANO,Chinese General Hospital,nan
PAULINO KATRINA SARAH MAE,UST Hospital,nan
PEDREGOZA MARIE CHRIS,UST Hospital,nan
PEKAS ODESSA,Metropolitan Hospital,nan
PINEDA ALEJANDRO,UST Hospital,nan
QUE WILLY,Metropolitan Hospital,nan
QUE DEAN,Metropolitan Hospital,nan
QUINTANA JOSEPH DIONNE,UST Hospital,nan
RABOT ROLANDO,Metropolitan Hospital,nan
RAMIREZ MARCELLUS,UST Hospital,nan
REYES JOANNALYN,UST Hospital,nan
REYES - ADDATU ALMA,Chinese General Hospital,nan
ROMANO ROMMEL,UST Hospital,nan
RUIZ ESTRELLITA,UST Hospital,nan
SANCHEZ JUSTIN NIICOLE,UST Hospital,nan
SANGLAY LEEANNE,Chinese General Hospital,nan
SANTOS TRISTAN,UST Hospital,nan
SAZON JOSEPH FRANCIS,UST Hospital,nan
SEGUI JEDIDIAH,Chinese General Hospital,nan
SOLANTE RONTGENE,San Lazaro Hospital,nan
SOLIS  JANN CHRISTIAN,UST Hospital,nan
SUN TE PATRICIA,Metropolitan Hospital,nan
SUPAN FREDERICK,Mary Johnston Hospital,nan
SY ALLEN,Chinese General Hospital,nan
SY JOHNSON,Chinese General Hospital,nan
TAN JOSE,Chinese General Hospital,nan
TAN RON MICHAEL,Chinese General Hospital,nan
TAN ALEX,Mary Johnston Hospital,nan
TAN JUSTIN RYAN,Metropolitan Hospital,nan
TAN MICHAEL ALFRED,UST Hospital,nan
TAN ENRIQUEZ KEITH,Chinese General Hospital,nan
TEANO RUEL,San Lazaro Hospital,nan
UNTALAN RUSSEL,UST Hospital,nan
UY ALEXANDER,Metropolitan Hospital,nan
UY PETER,Chinese General Hospital,nan
UY RALPH ALBERT PATRICK,Metropolitan Hospital,nan
VICERA JENNIFER,UST Hospital,nan
VILLAFRANCA-CHUA JESSA MARIE,UST Hospital,nan
WONG STEPHEN,Chinese General Hospital,nan
WONG KENNETH ALFONSO,"Asiatic Medical Lab, Inc",nan
YAP FRANCES,UST Hospital,nan
YU JOHN,UST Hospital,nan
ZALAMEA CYRUS,UST Hospital,nan
ABALON MARGARITA,ZAMBOANGA DOCTORS HOSPITAL,nan
ABDULLA ADAMIER,CIUDAD MEDICAL ZAMBOANGA,nan
ABDULLA DARMIANA,ZAMBOANGA CITY MEDICAL CENTER,nan
ABDULLA CRISTINE,ZAMBOANGA PENINSULA MEDICAL CENTER,nan
ABDULMAJID MOH. KHASIM,WEST METRO MEDICAL CENTER,nan
ABUBAKAR BINNASRI,CIUDAD MEDICAL ZAMBOANGA,nan
ABUTAZIL MICHAEL,CIUDAD MEDICAL ZAMBOANGA,nan
AKMADOR NAHUDAN,ZAMBOANGA DOCTORS HOSPITAL,nan
ALAWADDIN ANAM,WEST METRO MEDICAL CENTER,nan
ALFONSO RYAN ANDREW,ZAMBOANGA DOCTORS HOSPITAL,nan
ALMONTE CIELITO,ZAMBOANGA DOCTORS HOSPITAL,nan
ALUK ROWINA,WEST METRO MEDICAL CENTER,nan
ALVIA ESPIRIDION,ZAMBOANGA CITY MEDICAL CENTER,nan
ALVIA KATHRINA,ZAMBOANGA CITY MEDICAL CENTER,nan
AMIL WALID,CIUDAD MEDICAL ZAMBOANGA,nan
AMILASAN AL-SHERE,WEST METRO MEDICAL CENTER,nan
AMIN ABDURAJIK,MINDANAO CENTRAL SANITARIUM,nan
AMMAR ANNIE ROSE,ZAMBOANGA DOCTORS HOSPITAL,nan
AMPONG JASMIN,HOFILEÑA HOSPITAL,nan
APARECE AMALIA,ZAMBOANGA SIBUGAY PROVINCIAL HOSPITAL,nan
APARECE GIOVANNI,M. SIMON HOSPITAL,nan
APARECE JENNIFER,M. SIMON HOSPITAL,nan
APOLINARIO DIONISIO,WEST METRO MEDICAL CENTER,nan
APOLINARIO ELLERY,CIUDAD MEDICAL ZAMBOANGA,nan
APOLINARIO MAE SUSAN,WEST METRO MEDICAL CENTER,nan
ARCIDILLO RAY ANTHONY,SPECIALTY DOCTORS CENTER,nan
ARNAD ED-ROBERT,CIUDAD MEDICAL ZAMBOANGA,nan
ARQUIZA NOEL,ZAMBOANGA DOCTORS HOSPITAL,nan
ASKALI RANIA,ZAMBOANGA DOCTORS HOSPITAL,nan
ASTIH ERVINA,ZAMBOANGA PENINSULA MEDICAL CENTER,106157.0
BADDIRI ABUBAKAR,WEST METRO MEDICAL CENTER,nan
BADDIRI BARCILLIN,TERRITORIALS,nan
BAHJIN DELMAR II,WEST METRO MEDICAL CENTER,nan
BALIDO MARLIZA,ZAMBOANGA PENINSULA MEDICAL CENTER,nan
BALIDO VINCENT ROBINSON,ZAMBOANGA PENINSULA MEDICAL CENTER,nan
BALUYUT ANNA MARIE,CIUDAD MEDICAL ZAMBOANGA,nan
BANCORO GINO,PAGADIAN DOCTORS HOSPITAL,nan
BANCORO WIVINA,MENDERO MEDICAL CENTER,nan
BANTALA KRISTINE,CIUDAD MEDICAL ZAMBOANGA,nan
BARCELONA WILFRIDO,ZAMBOANGA DOCTORS HOSPITAL,nan
BARRERA JEROME,ZAMBOANGA DOCTORS HOSPITAL,nan
BASIRI SHANDI MAR,TERRITORIALS,nan
BERNARDO PILAR,ZAMBOANGA DOCTORS HOSPITAL,nan
BISQUERA EDGAR,CIUDAD MEDICAL ZAMBOANGA,nan
BISQUERA NICHOLE,CIUDAD MEDICAL ZAMBOANGA,nan
CABATO EDWINA,ZAMBOANGA DOCTORS HOSPITAL,nan
CABATO MARLON VINCENT,ZAMBOANGA DOCTORS HOSPITAL,nan
CABATO PATRICIA KATHERINE,ZAMBOANGA DOCTORS HOSPITAL,nan
CADAINGAN MERIEL,ZAMBOANGA DOCTORS HOSPITAL,nan
CALONGHE EDRELUISA,M. SIMON HOSPITAL,nan
CALUNOD FIDES JOAN,OSPITAL NG KABATAAN NG DIPOLOG,nan
CAPATOY ROBERT,SPECIALTY DOCTORS CENTER,nan
CARANAY BEN JASON,TERRITORIALS,nan
CARBONELL DAVID JR,HOFILEÑA HOSPITAL,nan
CASES PAUL,CASES CLINIC,nan
CASTRO JUSTIN GERALD,WEST METRO MEDICAL CENTER,nan
CATALUNA DIANNE,M. SIMON HOSPITAL,nan
CATALUNA MIRIAM,ZAMBOANGA PENINSULA MEDICAL CENTER,nan
CHAN ANTHONY,ZAMBOANGA DOCTORS HOSPITAL,nan
CHAVES EDELISA,ZAMBOANGA PENINSULA MEDICAL CENTER,nan
CHIO JESHYA,WEST METRO MEDICAL CENTER,nan
CHIONG LOWE,WEST METRO MEDICAL CENTER,nan
CHUA GARY,CIUDAD MEDICAL ZAMBOANGA,nan
CLARIZ ANGELICA,ZAMBOANGA CITY MEDICAL CENTER,nan
CORONEL CHESYLYN,ZAMBOANGA CITY MEDICAL CENTER,nan
CORSAME LESTER JAY,ZAMBOANGA PENINSULA MEDICAL CENTER,nan
CORTEZ AUDREY ANN,ZAMBOANGA CITY MEDICAL CENTER,nan
CRISTOBAL SAMUEL,ZAMBOANGA DOCTORS HOSPITAL,nan
CRUZ JOHN PAUL,ZAMBOANGA DOCTORS HOSPITAL,nan
DELA CRUZ SEYCHELLE,ZAMBOANGA CITY MEDICAL CENTER,nan
DITTI FATIMA AL-ZAHRA,ZAMBOANGA CITY MEDICAL CENTER,nan
DOBLE GENEVIEVE,OSPITAL NG KABATAAN NG DIPOLOG,nan
ESPALDON MANUEL,WEST METRO MEDICAL CENTER,nan
ESPALDON-AQUINO ADELE,CIUDAD MEDICAL ZAMBOANGA,nan
ESPARES NURIJAM,ZAMBOANGA CITY MEDICAL CENTER,nan
ESPLANA CHRISTIAN,ZAMBOANGA PENINSULA MEDICAL CENTER,nan
FELISARIO MARIBEL,MINDANAO CENTRAL SANITARIUM,nan
FELISARIO SHERNAND,ZAMBOANGA DOCTORS HOSPITAL,nan
FERMO GEORGIA ANTONETTE,ZAMBOANGA CITY MEDICAL CENTER,nan
FLORENDO DANIEL ERNEST,WEST METRO MEDICAL CENTER,nan
GABAN DARYL,HOFILEÑA HOSPITAL,nan
GALICIA MAGGIE MAE,AGAPE CLINIC DIPOLOG CITY,nan
GALO ERIC,ZAMBOANGA DOCTORS HOSPITAL,nan
GALVAN ELLA MAE,ZAMBOANGA PENINSULA MEDICAL CENTER,nan
GAMPONG EARL REVO,RACWELL MEDICAL CLINIC AND LABORATORY,nan
GEMARINO JOSEPHINE,CIUDAD MEDICAL ZAMBOANGA,nan
GEMZON MARIO,WEST METRO MEDICAL CENTER,nan
GO ANA VICTORIA,ZAMBOANGA DOCTORS HOSPITAL,nan
GO JAYSON,CIUDAD MEDICAL ZAMBOANGA,nan
GURDIEL RONNIE,DIPAG MEDICAL CLINIC,nan
HAJILAN ALDEENA SHARA,ZAMBOANGA CITY MEDICAL CENTER,nan
HAMID SHERMALYN,ZAMBOANGA CITY MEDICAL CENTER,nan
HASHIM AL-HABSI,TERRITORIALS,nan
HERRERA NOEL,DR. HENRY M. DE VILLA MEMORIAL HOSPITAL,nan
HERRERA SUZETTE,ZAMBOANGA DOCTORS HOSPITAL,nan
HO JEROME,CIUDAD MEDICAL ZAMBOANGA,nan
HOCSON ORLANDO,WEST METRO MEDICAL CENTER,nan
HOCSON WILHEMINA,WEST METRO MEDICAL CENTER,nan
IGASAN KARNA,WEST METRO MEDICAL CENTER,nan
IMLAN JORASID,ZAMBOANGA PENINSULA MEDICAL CENTER,nan
IMLAN SAUDE,WEST METRO MEDICAL CENTER,nan
ISNANI SARAH LAIDA,ZAMBOANGA PENINSULA MEDICAL CENTER,nan
ISRAEL NURHADA,ZAMBOANGA PENINSULA MEDICAL CENTER,117805.0
ITURRALDE FREDERICK,ZAMBOANGA CITY MEDICAL CENTER,nan
IZQUIERDO PRETZY,ZAMBOANGA DOCTORS HOSPITAL,nan
JAILANI SHAMEEM,ZAMBOANGA CITY MEDICAL CENTER,nan
JAJI EVERLYN,ZAMBOANGA CITY MEDICAL CENTER,nan
JAMALUL HAZEL JOY,EJS BLDG.,nan
JAMALUL MARUNSAL,EJS BLDG.,nan
JOHAN YOLANDA,ZAMBOANGA PENINSULA MEDICAL CENTER,nan
JUHAN ABDELNASIEF,WEST METRO MEDICAL CENTER,nan
JUMAANI SALIP NASTRA,WEST METRO MEDICAL CENTER,nan
JUPLI AL-WIDZRIN,WEST METRO MEDICAL CENTER,nan
KALBI MUKTADER,CIUDAD MEDICAL ZAMBOANGA,nan
KALBIT TATAD,WEST METRO MEDICAL CENTER,nan
KALBIT JANET,WEST METRO MEDICAL CENTER,nan
KANNI JARRHUMA,CIUDAD MEDICAL ZAMBOANGA,nan
KARIM AMILBAHAR,WEST METRO MEDICAL CENTER,nan
KARIM MARIZEL,ZAMBOANGA PENINSULA MEDICAL CENTER,nan
KARIM HALIMA,ZAMBOANGA PENINSULA MEDICAL CENTER,nan
KINTANAR NOREEN,WEST METRO MEDICAL CENTER,nan
KUNTING AFDAL,TERRITORIALS,nan
LADJAHON KATRINA,DIAMETH DRUG TESTING AND CLINICAL LABORATORY,nan
LAURENTE RWIDZ SHAN,ZAMBOANGA CITY MEDICAL CENTER,nan
LEE ALMONDJIB,WEST METRO MEDICAL CENTER,nan
LEE MARDY,CIUDAD MEDICAL ZAMBOANGA,nan
LEGASPI EDGAR,PAGADIAN DOCTORS HOSPITAL,nan
LIGAS FRANKIE,SPECIALTY DOCTORS CENTER,nan
LIGAS KATHYLOU,SPECIALTY DOCTORS CENTER,nan
LIGUTOM GAUDENCIO III,WEST METRO MEDICAL CENTER,nan
LIM ALEX,CIUDAD MEDICAL ZAMBOANGA,nan
LIMSI PHILLIP,DIPOLOG MEDICAL CENTER,nan
LLEMIT KENNETH,WEST METRO MEDICAL CENTER,nan
LLENADO JOSEPH,WEST METRO MEDICAL CENTER,nan
LOPEZ BENJAMIN,CIUDAD MEDICAL ZAMBOANGA,nan
LOQUIAS MARLON,ZAMBOANGA DOCTORS HOSPITAL,nan
LORENZO ARMANDO JR.,WEST METRO MEDICAL CENTER,nan
LU GINA,TERRITORIALS,nan
LUCAS ROSS RALP,WEST METRO MEDICAL CENTER,nan
LUKMAN SHERRYL,WEST METRO MEDICAL CENTER,nan
MAALI YASHIER,WEST METRO MEDICAL CENTER,nan
MACALISANG LEI CARLO,RACWELL MEDICAL CLINIC AND LABORATORY,nan
MACROHON DENNIS,ZAMBOANGA DOCTORS HOSPITAL,nan
MAHING RUFAIDA,ZAMBOANGA CITY MEDICAL CENTER,nan
MALA PRINCESS JASMINE,WEST METRO MEDICAL CENTER,nan
MANDANGAN SHAREEFA-HUDA,WEST METRO MEDICAL CENTER,nan
MARIANITO VIRULO,PAGADIAN DOCTORS HOSPITAL,nan
MARIANO CYNTHIA,WEST METRO MEDICAL CENTER,nan
MATOLO AL-RASHEED,ZAMBOANGA CITY MEDICAL CENTER,nan
MAXINO MARITESS,BRENT HOSPITAL AND COLLEGES INC.,nan
MEMORACION CAERALYNE,CIUDAD MEDICAL ZAMBOANGA,nan
MERLIN ERVING NOEL,AISAH MEDICAL HOSPITAL,nan
MIRANDA JOSE VICENTE,ZAMBOANGA CITY MEDICAL CENTER,nan
MOHAMMAD ABDEL TAZER,ZAMBOANGA PENINSULA MEDICAL CENTER,nan
MOHAMMAD SHARIEF WAZEER,ZAMBOANGA DOCTORS HOSPITAL,nan
MOHAMMADSALI SHIRLEY,WEST METRO MEDICAL CENTER,nan
MONDARTE EMERSON,HOFILEÑA HOSPITAL,nan
MONSANTO JOVEN,CIUDAD MEDICAL ZAMBOANGA,nan
MONTECILLO MAURICE,KLINIQA SA DIPOLOG,nan
MONTECILLO MAURICE ANTHONY,KLINIQA SA DIPOLOG,nan
MONTEROLLA JACQUELINE,EL JACK PHARMACY,nan
MONZON TERESA,ZAMBOANGA PENINSULA MEDICAL CENTER,nan
MUKARAM BANISADAR,ZAMBOANGA PENINSULA MEDICAL CENTER,nan
MUSANIP HISSAM,RACWELL MEDICAL CLINIC AND LABORATORY,nan
MUTALIP AL-NASEER,WEST METRO MEDICAL CENTER,nan
NASIAD EDWARD,HOFILEÑA HOSPITAL,nan
NATIVIDAD VIDA JOSEFINA,DR. HENRY M. DE VILLA MEMORIAL HOSPITAL,nan
ONG MARK EDWARD,ZAMBOANGA CITY MEDICAL CENTER,nan
ORTIZ REYNALDO,HOFILEÑA HOSPITAL,nan
PABER FARHANA,ZAMBOANGA PENINSULA MEDICAL CENTER,nan
PABER JERNE,ZAMBOANGA DOCTORS HOSPITAL,nan
PABER JUSTIN ELFRED LAN,ZAMBOANGA DOCTORS HOSPITAL,nan
PABER ORLANDO,ZAMBOANGA DOCTORS HOSPITAL,nan
PABER JOHN LORNE,WEST METRO MEDICAL CENTER,nan
PACIENCIA SATURNINO,TERRITORIALS,nan
PADUA BENEDICT,ZAMBOANGA DOCTORS HOSPITAL,nan
PAMARAN EDNAJANE,PAGADIAN CITY MEDICAL CENTER,nan
PARAGUYA DON JERILL,ZAMBOANGA CITY MEDICAL CENTER,nan
PARAWAN JARNA,WEST METRO MEDICAL CENTER,nan
PASCUA JAYPEE,OSPITAL NG KABATAAN NG DIPOLOG,nan
PASTORIZA DELIA,PAGADIAN CITY MEDICAL CENTER,nan
PASTORIZA ROBERT,PAGADIAN CITY MEDICAL CENTER,nan
PAWAKI RAFZANJANI,ZAMBOANGA CITY MEDICAL CENTER,nan
PICHEL JAMES ROBERTSON,ZAMBOANGA DOCTORS HOSPITAL,nan
POBLETE AMELIA,MINDANAO CENTRAL SANITARIUM,nan
POLOYAPOY RAINIER,PAGADIAN CITY MEDICAL CENTER,nan
POLOYAPOY ROCHELLE,MENDERO MEDICAL CENTER,nan
PORTIA ROSE,TERRITORIALS,nan
QUIBILAN JANE,TERRITORIALS,nan
RACUYA MARITESS,RACWELL MEDICAL CLINIC AND LABORATORY,nan
RAMOS EMELY,ZAMBOANGA PENINSULA MEDICAL CENTER,nan
RENTOR CAFINO,ZAMBOANGA CITY MEDICAL CENTER,nan
REYES JONATHAN,CIUDAD MEDICAL ZAMBOANGA,nan
REYES MARIA KRISTINE ROTHESSA,CIUDAD MEDICAL ZAMBOANGA,nan
RIVERA JEJUNEE,ZAMBOANGA PENINSULA MEDICAL CENTER,nan
ROJO GEORGE,CIUDAD MEDICAL ZAMBOANGA,nan
ROMO JENEVIC,WEST METRO MEDICAL CENTER,nan
RUSTE JULIET,TERRITORIALS,nan
SABELLINA MADILOU,ZAMBOANGA DOCTORS HOSPITAL,nan
SABELLINA MANSUETA,ZAMBOANGA DOCTORS HOSPITAL,nan
SAHI SAID,ZAMBOANGA SIBUGAY PROVINCIAL HOSPITAL,nan
SAHI LIEZA,WEST METRO MEDICAL CENTER,nan
SALA SEBAR,ZAMBOANGA PENINSULA MEDICAL CENTER,nan
SALE HERMINO,M. SIMON HOSPITAL,nan
SALE LILIAN,M. SIMON HOSPITAL,nan
SANTA MARIA ANALIZA PUREZA,ZAMBOANGA PENINSULA MEDICAL CENTER,nan
SANTOS ADRIAN,WEST METRO MEDICAL CENTER,nan
SANTOS JANE,WEST METRO MEDICAL CENTER,nan
SANTOS JENNIFER,WEST METRO MEDICAL CENTER,nan
SARAPUDDIN RO-JANNA,WEST METRO MEDICAL CENTER,nan
SEBASTIAN IAN ARTHUR,ZAMBOANGA PENINSULA MEDICAL CENTER,nan
SILAO NORMAN,HOFILEÑA HOSPITAL,nan
SINET MARIBEL,BRENT HOSPITAL AND COLLEGES INC.,nan
SINGKEE NOREEN,ZAMBOANGA PENINSULA MEDICAL CENTER,nan
SINGKEE DARWISA,ZAMBOANGA PENINSULA MEDICAL CENTER,nan
SINSUAN KRISTOFFER,ZAMBOANGA DOCTORS HOSPITAL,nan
SIRIBAN MELCHOR ALAN,CIUDAD MEDICAL ZAMBOANGA,nan
SOLIS DAWN MICHAEL,ZAMBOANGA DOCTORS HOSPITAL,nan
SOLIVEN MARIA MONIQUE,ZAMBOANGA CITY MEDICAL CENTER,nan
SONGAHID GERALEN BEFINA,MENDERO MEDICAL CENTER,nan
SONTILLANO CAROLYN,HOFILEÑA HOSPITAL,nan
SORIANO LUCILLA,ZAMBOANGA DOCTORS HOSPITAL,nan
STA. TERESA KATHLEEN,ZAMBOANGA DOCTORS HOSPITAL,nan
SUAREZ LORELEI,CIUDAD MEDICAL ZAMBOANGA,nan
TAHIL SHADRINA,DIAMETH DRUG TESTING AND CLINICAL LABORATORY,nan
TAHIL AIZA MERIAM,CIUDAD MEDICAL ZAMBOANGA,nan
TAMIN JONATHAN,WEST METRO MEDICAL CENTER,nan
TAN KIM ANDRES,ZAMBOANGA CITY MEDICAL CENTER,nan
TAN KRIS MARVIN,ZAMBOANGA DOCTORS HOSPITAL,nan
TAN NEIL ALDEN,CIUDAD MEDICAL ZAMBOANGA,nan
TAWAGON VAN LUIS,OSPITAL NG KABATAAN NG DIPOLOG,nan
TINGKAHAN MOAMMAR,TERRITORIALS,nan
TORREFRANCA JEASA,WEST METRO MEDICAL CENTER,nan
TRASPORTO KENNETH MARIE,WEST METRO MEDICAL CENTER,nan
TUBLE TARA TRENT,ZAMBOANGA CITY MEDICAL CENTER,nan
ULANGHUTAN AMELYN,ZAMBOANGA DOCTORS HOSPITAL,nan
UNDAIN NELSADZRA,ZAMBOANGA CITY MEDICAL CENTER,nan
UNNOH ALYASHER,WEST METRO MEDICAL CENTER,nan
URAO ZAIDA,ZAMBOANGA DOCTORS HOSPITAL,nan
USAB AL - SAUDI,WEST METRO MEDICAL CENTER,nan
USMAN JAMASALI,CIUDAD MEDICAL ZAMBOANGA,nan
USMAN TRISHA,CIUDAD MEDICAL ZAMBOANGA,nan
UY PAUL,TERRITORIALS,nan
VALEROS MARICHELLE,ZAMBOANGA DOCTORS HOSPITAL,nan
VILLAROSA YVONNE,HOFILEÑA HOSPITAL,nan
YANG CAPRICE,PAGADIAN DOCTORS HOSPITAL,nan
YCAZA MARK PHILIP,ZAMBOANGA DOCTORS HOSPITAL,nan
YECYECAN CHRISTIAN,ZAMBOANGA DOCTORS HOSPITAL,nan
YECYECAN CRISTINE,ZAMBOANGA DOCTORS HOSPITAL,nan
YEO ELEONOR,WEST METRO MEDICAL CENTER,nan
YUSOP RIZZALYN,ZAMBOANGA CITY MEDICAL CENTER,nan
ZERRUDO ROSE PORTIA,AGAPE CLINIC DIPOLOG CITY,nan
ABAMONGA AMIRA,Village Clinical Laboratory and Drug Testing,nan
ACADEMIA FIDES JOAN,Heart and Vascular Clinic,nan
ACEDILLO REY ANTHONY,Specialty Doctors Clinic,nan
ARCILLA RUBEN,OSPITAL NG KABATAAN NG DIPOLOG,nan
BACOLOR CRISELDA,MEDINA GENERAL HOSPITAL,nan
BADIANG HONEY JIRL,TOBIAS FELICIANO FAITH GENERAL HOSPITAL,nan
BALA MISHELLE VONNABIE,MHARS MEDICAL CENTER,nan
BANCORO GINO,PAGADIAN CITY MEDICAL CENTER,nan
BANTILES ALEXANDER,Bantiles Medical Clinic,nan
BAYLON NEONITA,PDC Diagnostic Center,nan
BICLAR HAZEL EIZA,MEDINA GENERAL HOSPITAL,nan
BINAYAO MARY ISIDORE,Cartajenas Medical Clinic,nan
BLANCIA RAMON,ZAMBOANGA DEL SUR MEDICAL CENTER,nan
BLANCIA  MARIA ROVEL,ZAMBOANGA DEL SUR MEDICAL CENTER,nan
BLANCIA RAMCARL,PAGADIAN CITY MEDICAL CENTER,nan
BOAQUINA ARSE,ST. THERESE HOSPITAL,nan
BOAQUINA-CABAHUG SHEENA,ST. THERESE HOSPITAL,nan
BOMBEO BEODALDY,MEDINA GENERAL HOSPITAL,nan
CABAHUG JOHN MICHAEL,ST. THERESE HOSPITAL,nan
CABATANIA LORELIE ANN,TOBIAS FELICIANO FAITH GENERAL HOSPITAL,nan
CABRERA VICTOR,MEDINA GENERAL HOSPITAL,nan
CALISO MARK GIL,RacWell Medical Clinic and Laboratory,nan
CANEDO FRANCIS NINO,MHARS MEDICAL CENTER,nan
CANEDO MARYVIC,MHARS MEDICAL CENTER,nan
CAPATOY ROBERT,Specialty Doctors Clinic,nan
CAPUYAN SALVACION,MISAMIS COMMUNITY HOSPITAL,nan
CARBONELL DAVID,Specialty Doctors Clinic,nan
CARTAJENAS VINCENT PAUL,Cartajenas Medical Clinic,nan
CEBEDO TEOFISTO,MHARS MEDICAL CENTER,nan
CORPUZ ARIANE,Hofileña Medical Centrum,nan
CORTEZ FRANCIS CHRISTIAN,TOBIAS FELICIANO FAITH GENERAL HOSPITAL,nan
DEJELO  CARLO JAY,PAGADIAN CITY MEDICAL CENTER,nan
DELA CRUZ LEOTHY IRENE,PAGADIAN DOCTORS HOSPITAL,nan
DIAO JOSHUA JAMES,MHARS MEDICAL CENTER,nan
DOMINGO ARCHIE,MEDINA GENERAL HOSPITAL,nan
DUBLIN ROGER,The AGAPE Health Care Center,nan
EDDING ROESWIN,PDC Diagnostic Center,nan
ELUMBARING ARLENE,SALUG VALLEY MEDICAL CENTER,nan
ESPANOLA ANGELA,JAMELARIN HOSPITAL,nan
ESTELLA MARIO RAFAEL,TOBIAS FELICIANO FAITH GENERAL HOSPITAL,nan
FELICIANO JOHN MARK,TOBIAS FELICIANO FAITH GENERAL HOSPITAL,nan
FLORENDO JR FLORESTO,PAGADIAN CITY MEDICAL CENTER,nan
FLORES JUDITH,MHARS MEDICAL CENTER,nan
GALARETTA HELEN,ACE MEDICAL CENTER - DIPOLOG,nan
GALICIA MAGGIE,The AGAPE Health Care Center,nan
GALLARDO IRMAZCHELLE,PAGADIAN DOCTORS HOSPITAL,nan
GALLEGO KRISTAINE,MISAMIS UNIVERSITY MEDICAL CENTER,nan
GAMPONG EARL REVO,RacWell Medical Clinic and Laboratory,nan
GARCIA RENIMAR,The Kidney Clinic,nan
GO-ECHAVEZ KATHLEEN,Go Medical Clinic,nan
GOZO DELBERT JR.,GOZO COMMUNITY HOSPITAL,nan
HANDUMON JONA,MISAMIS UNIVERSITY MEDICAL CENTER,nan
HOFILENA JOSE,HOFILEÑA HOSPITAL,nan
JACINTO MARIA VICTORIA CHARMA,Kapatagan Provincial Hospital,nan
KYAMKO TIMOTHY JAMES,MHARS MEDICAL CENTER,nan
LAO-GO JO ANN,Lao-Go Medical Clinic,nan
LAUREL LAURENCE,TOBIAS FELICIANO FAITH GENERAL HOSPITAL,nan
LIGAS FRANKIE,Your Health Medical Clinic,nan
LIGAS KATHY LOU,Your Health Medical Clinic,nan
LIMSI PHILIP,Limsi Medical Clinic,nan
LOMANTA ASUNCIANO ARCE JR.,MHARS MEDICAL CENTER,nan
LOMANTA JAN,MEDINA GENERAL HOSPITAL,nan
LUMASAG VIOLITA,MISAMIS OCCIDENTAL PROVINCIAL HOSPITAL,nan
LUMASAG JAYSON,AISAH MEDICAL HOSPITAL,nan
MACALISANG LEI CARLO,PAGADIAN CITY MEDICAL CENTER,nan
MADERAZO ANARICA,MEDINA GENERAL HOSPITAL,nan
MALINIS MARIE,Malinis Medical Clinic,nan
MANABAT EDVEN,TOBIAS FELICIANO FAITH GENERAL HOSPITAL,nan
MARIANITO VIRULO,JAMELARIN HOSPITAL,nan
MEDINA BILLY,MHARS MEDICAL CENTER,nan
MIRANDA DONALD,HealthHub Ambulatory and Surgical Center,nan
MONDARTE EMERSON,PAGADIAN CITY MEDICAL CENTER,nan
MONTOLO ALIMYON,MHARS MEDICAL CENTER,nan
NASIAD EDWARD,AISAH MEDICAL HOSPITAL,nan
NAVARRO JAIME,PAGADIAN CITY MEDICAL CENTER,nan
ORTIZ REYNALDO,COOP Clinics,nan
PACIENCIA SATURNINO,PAGADIAN CITY MEDICAL CENTER,nan
PADAYHAG EDEM,MISAMIS UNIVERSITY MEDICAL CENTER,nan
PAMARAN EDNA JANE,JAMELARIN HOSPITAL,nan
PASCUA JAYPEE,Dipolog Doctors Medical & Diagnostic Clinic,nan
PEPITO SANTINO MIGUEL,TOBIAS FELICIANO FAITH GENERAL HOSPITAL,nan
PEREZ LADY MIRE NOVO,MISAMIS UNIVERSITY MEDICAL CENTER,nan
PILAYRE ANNE ZYRA,ACE MEDICAL CENTER - DIPOLOG,nan
PINTACASI RAFAEL,MEDINA GENERAL HOSPITAL,nan
POLOYAPOY RANIER,PAGADIAN CITY MEDICAL CENTER,nan
PUNSALAN JOVER,PAGADIAN CITY MEDICAL CENTER,nan
QUITCO PHILIP,MMGHHSCP - ZAMBOANGA DEL NORTE SERVICE COOPERATIVE HOSPITAL,nan
RACUYA MARITES,RacWell Medical Clinic and Laboratory,nan
RAMO IDA GRACE,The AGAPE Health Care Center,nan
RAMOS MICHELLE DAWN,Hofileña Medical Centrum,nan
REALIZA GENESIS,Dipag Medical Clinic,nan
RODRIGUEZ BEN JOSEPH,TOBIAS FELICIANO FAITH GENERAL HOSPITAL,nan
ROSALES LUZVIMINDA,PAGADIAN CITY MEDICAL CENTER,nan
SALIGAN JOSEPHINE,Saligan Heart Vascular & Arrythmia Clinic,nan
SALOMON JOHNRIE,MHARS MEDICAL CENTER,nan
SARINGUMBA MARION,TOBIAS FELICIANO FAITH GENERAL HOSPITAL,nan
SENDAD ALMAZHOR,AISAH MEDICAL HOSPITAL,nan
SINGIDAS ROMEO,MISAMIS UNIVERSITY MEDICAL CENTER,nan
SONGAHID GERALEN,PAGADIAN CITY MEDICAL CENTER,nan
TAGALOG OSCAR,MISAMIS UNIVERSITY MEDICAL CENTER,nan
TAN GERARD,ST. THERESE HOSPITAL,nan
TAWAGON VAN LINUS,OSPITAL NG KABATAAN NG DIPOLOG,nan
TEUS MERRY ANN,ACE MEDICAL CENTER - DIPOLOG,nan
TIU JESSIE,St. Martin Medical Clinic,nan
TIU VALENTINO,Dr. Val Tiu's Medical Clinic,nan
UGDAMINA  FRITZIE,Neuro Diagnostic Clinic,nan
UY SERAFIN,OSPITAL NG KABATAAN NG DIPOLOG,nan
VELASCO HORACIO,Velasco Medical Clinic,nan
VILLEGAS COOKIE PIE,Apex Heart Care Clinic,11436.0
VILLEJO ROIMM,The AGAPE Health Care Center,nan
VISTA GIOVANNI,Specialty Doctors Clinic,nan
VISTA GIOVANNI,PAGADIAN CITY MEDICAL CENTER,nan
WONG MARIE,MEDINA GENERAL HOSPITAL,nan
YANO MARK,QCheck Laboratory Inc.,nan
YAP LIZA MARIE,St. Padre Pio Medical Clinic,nan
ZERRUDO-OMPOY ROSE,The AGAPE Health Care Center,nan
ACUNA ROBERT,BERNARDINO GENERAL HOSPITAL,nan
ADAMOS EMMYLOU,HOPE GENERAL HOSPITAL,nan
AFABLE MA LUISA,ACE DIAGNOSTIC,nan
ALAN PICHY ANN,GRACE GENERAL HOSPITAL,nan
ALCANTARA DANILO,BERNARDINO GENERAL HOSPITAL,nan
ALMAZAR JOHANN PAOLO,CAMARIN DOCTORS HOSPITAL,nan
AMPATI BONNIE,CAMARIN DOCTORS HOSPITAL,nan
AMPIL ARIEL,FEU NICANOR REYES MEDICAL FOUNDATION,nan
ANDAYA TRISHA,NOVADECI,nan
ANTOLIN MARCO,COMMONWEALTH HOSPITAL AND MEDICAL CENTER,nan
AQIONO JULIUS,CAMARIN DOCTORS HOSPITAL,nan
AQUINO ANGELO,AQUINO MEDICAL CLINIC,nan
ARANAS ELLEN GLORIA,COMMONWEALTH HOSPITAL AND MEDICAL CENTER,nan
BABIERA JR TITO CORPUZ,BABIERA MEDICAL CLINIC,nan
BAGOS JOHN PAUL,TWIN HEARTS MEDICAL CLINIC,nan
BALLA DESRIE,CAMARIN DOCTORS HOSPITAL,nan
BARCELONA ANTONIO,NOVADECI,nan
BAUTISTA RONALYN,THE MEDICAL CITY FAIRVIEW,nan
BAYAN LEAH JENETTE,COMMONWEALTH HOSPITAL AND MEDICAL CENTER,nan
BENTERO SHARON,FEU NICANOR REYES MEDICAL FOUNDATION,nan
BERMUDEZ GHERALD,FEU NICANOR REYES MEDICAL FOUNDATION,nan
BERNARDINO RANHEL,BERNARDINO GENERAL HOSPITAL,nan
BITONG ESTRELITA,COMMONWEALTH HOSPITAL AND MEDICAL CENTER,nan
BOGNOT CIRILO,BERNARDINO GENERAL HOSPITAL,nan
BRINEZ MICHEAL ANGELO,CAMARIN DOCTORS HOSPITAL,nan
BRINGAS MIABELLE,BRINGAS MEDICAL CLINIC,nan
BUNYI MA. LOURDES,COMMONWEALTH HOSPITAL AND MEDICAL CENTER,nan
BUNYI ALBERTO,COMMONWEALTH HOSPITAL AND MEDICAL CENTER,nan
CABADING IAN HENRICK,BERNARDINO GENERAL HOSPITAL,nan
CABALLERO TRIFON,NOVA GENERAL HOSPITAL,nan
CABAS LOUIE,CAMARIN DOCTORS HOSPITAL,nan
CABASAN GINGER,BERNARDINO GENERAL HOSPITAL,nan
CADIENTE MARY JANE,HOPE GENERAL HOSPITAL,nan
CALA CATHYLEEN,HOPE GENERAL HOSPITAL,nan
CANAS JOEL,CAMARIN DOCTORS HOSPITAL,nan
CANDAVA JOHNEL,COMMONWEALTH HOSPITAL AND MEDICAL CENTER,nan
CARANDANG RALPH CARANDANG,BERNARDINO GENERAL HOSPITAL,nan
CARANDANG DEANNE,CAMARIN DOCTORS HOSPITAL,nan
CARPIO BERNARDO,CAMARIN DOCTORS HOSPITAL,nan
CASERIA SUSAN,NOVA GENERAL HOSPITAL,nan
CASIGURAN VIOLETA,CARITAS CLINIC LAGRO,nan
CASTRO RAY,HOPE GENERAL HOSPITAL,nan
CATILLO MYLA,CAMARIN DOCTORS HOSPITAL,nan
CEREZO FREMAN,ACE DIAGNOSTIC,nan
CHING CHERYL,NOVA GENERAL HOSPITAL,nan
CHUA ANETTE,THE MEDICAL CITY FAIRVIEW,nan
CHUA RONALD,NOVA GENERAL HOSPITAL,nan
CLARA MEA LOVELLA,TWIN HEARTS MEDICAL CLINIC,nan
CONSUL JARET,CAMARIN DOCTORS HOSPITAL,nan
CORALES FLORO,CRISANTO CLINIC,nan
CORTES CHRISTOPHER,NOVA GENERAL HOSPITAL,nan
CRISANTO JEAN,CRISANTO CLINIC,nan
CRISOSTOMO MA LUISA,CAMARIN DOCTORS HOSPITAL,nan
CRUZ YOLANDA,NOVADECI,nan
CUA RODRIGO,CUA MEDICAL CLINIC,nan
DACANAY JESSAMINE,BERNARDINO GENERAL HOSPITAL,nan
DALUMPINES ARVN,BERNARDINO GENERAL HOSPITAL,nan
DAVE DE CASTRO,BERNARDINO GENERAL HOSPITAL,nan
DAVID ARWIN,GRACE GENERAL HOSPITAL,nan
DAYRIT GREG,COMMONWEALTH HOSPITAL AND MEDICAL CENTER,nan
DAYRIT RHIA JOY,THE MEDICAL CITY FAIRVIEW,nan
DE LEON JERICHO,BERNARDINO GENERAL HOSPITAL,nan
DE TORRES MARIA THERESA,NOVA GENERAL HOSPITAL,nan
DEL POSO WILLIAM,COMMONWEALTH HOSPITAL AND MEDICAL CENTER,nan
DELA CRUZ KATHERINE,THE MEDICAL CITY FAIRVIEW,nan
DIAZ REI POLO,COMMONWEALTH HOSPITAL AND MEDICAL CENTER,nan
DOMINGO MARIO,FAMILY CARE CLINIC,nan
DOMINGUEZ PAULETTE,THE MEDICAL CITY FAIRVIEW,nan
DULAY KING,NOVA GENERAL HOSPITAL,nan
ESTEPA LILLYBEL,TWIN HEARTS MEDICAL CLINIC,nan
EVANGELISTA RYAN,BERNARDINO GENERAL HOSPITAL,nan
EVANGELISTA PHILIP,CAMARIN DOCTORS HOSPITAL,nan
FABON JEHIEL,COMMONWEALTH HOSPITAL AND MEDICAL CENTER,nan
FABUL MERMA,AQUINO MEDICAL CLINIC,nan
FLORES ANN MARGARET,FEU NICANOR REYES MEDICAL FOUNDATION,nan
FUENTES ALLEN,NOVA GENERAL HOSPITAL,nan
FUGUIAO JR ROGELIO,NOVADECI,nan
FUNDIMERA WIVINA,BERNARDINO GENERAL HOSPITAL,nan
GALLINERA CRISTINA,BERNARDINO GENERAL HOSPITAL,nan
GARCIA MARY GRACE,COMMONWEALTH HOSPITAL AND MEDICAL CENTER,nan
GUEVARAA MARIE CRISTINE,BERNARDINO GENERAL HOSPITAL,nan
INES ROLANDO,NOVADECI,nan
INTING ALETHA,THE MEDICAL CITY FAIRVIEW,nan
ISAMEL NURHAYA,NOVA GENERAL HOSPITAL,nan
ISIDRO WIVINA,BERNARDINO GENERAL HOSPITAL,nan
JUMANGIT JOYCE,CARITAS CLINIC LAGRO,nan
LABAJO HANNAH,BERNARDINO GENERAL HOSPITAL,nan
LAPUS ISMAEL,NOVA GENERAL HOSPITAL,nan
LATONIO JONATHAN,COMMONWEALTH HOSPITAL AND MEDICAL CENTER,nan
LAURADO TERESITA,CAMARIN DOCTORS HOSPITAL,nan
LIM  ARNEL,HOPE GENERAL HOSPITAL,nan
LINGA ROWENA,COMMONWEALTH HOSPITAL AND MEDICAL CENTER,nan
LOGRONIO AURA,FAMILY CARE CLINIC,nan
LUANSING CHARLENE,BERNARDINO GENERAL HOSPITAL,nan
MADRID JOHN,COMMONWEALTH HOSPITAL AND MEDICAL CENTER,nan
MALILAY ARLENE,THE MEDICAL CITY FAIRVIEW,nan
MALUNDO JOHN,WELL OF LIFE CLINIC,nan
MANALO JOYCE,NOVA GENERAL HOSPITAL,nan
MANICAD MARLON,COMMONWEALTH HOSPITAL AND MEDICAL CENTER,nan
MANINANG NOEL,BERNARDINO GENERAL HOSPITAL,nan
MANINGAS DON,FEU NICANOR REYES MEDICAL FOUNDATION,nan
MAPANAO DAISY,COMMONWEALTH HOSPITAL AND MEDICAL CENTER,nan
MARCELLANO RACHELL,CAMARIN DOCTORS HOSPITAL,nan
MARCUS SHALEY,NOVA GENERAL HOSPITAL,nan
MARTIN GUIA,THE MEDICAL CITY FAIRVIEW,nan
MEDEL IDA,MEDEL MEDICAL CLINIC,nan
MEDINA NIMFA,THE MEDICAL CITY FAIRVIEW,nan
MEJARITO SHEREE,CAMARIN DOCTORS HOSPITAL,nan
MILAGROS NERI,THE MEDICAL CITY FAIRVIEW,nan
MIRANO CARA,ACE DIAGNOSTIC,nan
NATIVIDAD PORSHIA,NOVA GENERAL HOSPITAL,nan
NEPOMUCENO ARNEL,GRACE GENERAL HOSPITAL,nan
NG CYBELLE,CAMARIN DOCTORS HOSPITAL,nan
NITAFAN CHRISTOPHER,COMMONWEALTH HOSPITAL AND MEDICAL CENTER,nan
NUNEZ NOEMI,THE MEDICAL CITY FAIRVIEW,nan
ONG MARISSA,NOVA GENERAL HOSPITAL,nan
PADRON CHERRY,PADRON MEDICAL CLINIC,nan
PADUA LOUELLA,COMMONWEALTH HOSPITAL AND MEDICAL CENTER,nan
PADUA OFELIA,AQUINO MEDICAL CLINIC,nan
PALILEO NYSSA,CAMARIN DOCTORS HOSPITAL,nan
PANALIGAN ROLAND,NOVA GENERAL HOSPITAL,nan
PANGANIBAN RHANDY,BERNARDINO GENERAL HOSPITAL,nan
PANGANIBAN GINO IVAN,NOVA GENERAL HOSPITAL,nan
PAPIN ROSENDO,BERNARDINO GENERAL HOSPITAL,nan
PAPIN  JOSEPHINE,BERNARDINO GENERAL HOSPITAL,nan
PERALTA RAEL JOSE,CAMARIN DOCTORS HOSPITAL,nan
PEREZ CECILIA,NOVADECI,nan
PEREZ MELCO,THE MEDICAL CITY FAIRVIEW,nan
PERILLA HAZEL,NOVA GENERAL HOSPITAL,nan
PRINCIPE DON,BERNARDINO GENERAL HOSPITAL,nan
QUILICOT CHRISLEEN,AQUINO MEDICAL CLINIC,nan
QUILICOT SISINIO,AQUINO MEDICAL CLINIC,nan
QUINTOS CATHERINE,GRACE GENERAL HOSPITAL,nan
QUIZON LENDRY,BERNARDINO GENERAL HOSPITAL,nan
RAMOS MARK,CAMARIN DOCTORS HOSPITAL,nan
RAYOS DANILO,NOVA GENERAL HOSPITAL,nan
REALCE TRISTAN,NOVADECI,nan
REFUERZO FRANCIS,BERNARDINO GENERAL HOSPITAL,nan
ROBERTS STEPHEN,BERNARDINO GENERAL HOSPITAL,nan
ROSARIO MICHAEL,BERNARDINO GENERAL HOSPITAL,nan
SABINIANO KATHLEEN,CARITAS CLINIC LAGRO,nan
SABTULA AL NAZAR,CAMARIN DOCTORS HOSPITAL,nan
SALINAS BHENELYNE,CAMARIN DOCTORS HOSPITAL,nan
SALVADOR NATHANIEL,WELL OF LIFE CLINIC,nan
SANCHEZ KATARINA,CAMARIN DOCTORS HOSPITAL,nan
SANTIAGO AIMEE,CAMARIN DOCTORS HOSPITAL,nan
SANTOS MARICEL,NOVA GENERAL HOSPITAL,nan
SANTOS ERVIN,CAMARIN DOCTORS HOSPITAL,nan
SAYSON  JOBELYN,CAMARIN DOCTORS HOSPITAL,nan
SERA JOSE MICHELLE,CAMARIN DOCTORS HOSPITAL,nan
SEVILLA EZRA,CAMARIN DOCTORS HOSPITAL,nan
SHARMY ARCILLA,SAN LORENZO HOSPITAL,nan
SINAY VINCENT,THE MEDICAL CITY FAIRVIEW,nan
SO EDISON,COMMONWEALTH HOSPITAL AND MEDICAL CENTER,nan
SUNGA YORADYL,CAMARIN DOCTORS HOSPITAL,nan
SYQUIAN HAROLD,BERNARDINO GENERAL HOSPITAL,nan
TAN REYGAN,THE MEDICAL CITY FAIRVIEW,nan
TANHUECO SERGIO,THE MEDICAL CITY FAIRVIEW,nan
TANTENGO VENERANDO,DR JOSE N RODRIGUEZ HOSPITAL,nan
TEJADA JASON,BERNARDINO GENERAL HOSPITAL,nan
TIANGCO MARY,CAMARIN DOCTORS HOSPITAL,nan
TIANGCO NIEL,THE MEDICAL CITY FAIRVIEW,nan
TONGSON RALLYMAR,COMMONWEALTH HOSPITAL AND MEDICAL CENTER,nan
TORAL VICTOR JOHN,CAMARIN DOCTORS HOSPITAL,nan
VEGA JOSE LAMBERTO,FAIRVIEW GENERAL HOSPITAL,nan
VIVAR BENJAMIN,FRIENDLY CARE CLINIC,nan
YORO YOLANDA,BERNARDINO GENERAL HOSPITAL,nan
YU KATH NICOLE,NOVA GENERAL HOSPITAL,nan
ZALES JOEFFREY,CAMARIN DOCTORS HOSPITAL,nan
ABALOS ARLENE,CALAMBA MEDICAL CENTER,nan
ABEJO JUAN TEOFILO,CALAMBA MEDICAL CENTER,nan
ABINOJA JOSE,SRHMC,nan
AGONCILLO KAREN,SRHMC,nan
AGUILAR HARVEY,EVANGELISTA HOSPITAL,nan
ALVER HARREL,CALAMBA DOCTORS HOSPITAL,nan
AMORANTO REGELIO,SRHMC,nan
ANCHETA JESUS JULIO,SRHMC,nan
ANDAYA ROMEO,ANDAYA CLINIC,nan
ARAMBULO NORBERTO,CALAMBA MEDICAL CENTER,nan
ARCEGONO MARLON,WESTLAKE HOSPITAL,nan
ARGAMOSA ALLAN,LAGUNA DIAGNOSTICS CLINIC,nan
ARROYO MARY JANE,SRHMC,nan
BANATIN JEROME,CALAMBA DOCTORS HOSPITAL,nan
BLANCO FRANK,SRHMC,nan
BONAGUA AIREEN,CALAMBA DOCTORS HOSPITAL,nan
BRILLANTES AMELITA,BRILLANTES CLINIC,nan
BRIONES MYLEN,CALAMBA MEDICAL CENTER,nan
CAMPOS MARK KEVIN,CALAMBA DOCTORS HOSPITAL,nan
CARREON MA ISABEL,TMS DIALYSIS,nan
CASIPIT HELENA MICHELLE,QUALIMED,nan
CO RAULITO,SRHMC,nan
CUERDO ANNA ROSA,CALAMBA DOCTORS HOSPITAL,nan
CUEVAS MONALISA,CALAMBA DOCTORS HOSPITAL,nan
DEL FUERTE ENRIQUE,CALAMBA DOCTORS HOSPITAL,nan
DEL FUERTE HEIDEE,CALAMBA DOCTORS HOSPITAL,nan
DELA CRUZ PRINZ,QUALIMED,nan
DELA VINA MERCEDES,CALAMBA MEDICAL CENTER,nan
DELOS REYES VICTORINO,FAMILY CARE,nan
DESCARTIN LHEA,SRHMC,nan
DESTRIZA JOHANNA,EVANGELISTA HOSPITAL,nan
DOMINGUITA ARLENE,CALAMBA DOCTORS HOSPITAL,nan
EBISON ANDRES,QUALIMED,nan
ELAZEGUI DENISE MARION,CALAMBA MEDICAL CENTER,nan
EMBRY ANGELICA,AQE MEDICAL CLINIC,nan
ESCASURA MARIAN IRENE,SRHMC,nan
ESTRADA JESSIE,CALAMBA MEDICAL CENTER,nan
ESTRADA MARY GENEVIEVE,CALAMBA MEDICAL CENTER,nan
ESTRELLA NOEL,SRHMC,nan
FARENAS EUFRA,CALAMBA DOCTORS HOSPITAL,nan
FERRER FRANKLIN,CALAMBA DOCTORS HOSPITAL,nan
GALICIA MICHAEL,CALAMBA MEDICAL CENTER,nan
GERODIAS FERDINAND,GERODIAS CLINIC,nan
GERODIAS MARIA SALOME,GERODIAS CLINIC,nan
GINES MARIAN,QUALIMED,nan
GOLFO VICTORIA,ASSOCIATED DOCTORS,nan
GRAN MARIA CYREN,SRHMC,nan
GURANGO AMADO,CALAMBA MEDICAL CENTER,nan
GUTIERREZ JO CRIS,CALAMBA DOCTORS HOSPITAL,nan
HERBOLARIO ALLAN ANDREW,QUALIMED,nan
HERNANDEZ JOY ABIGAIL,CALAMBA DOCTORS HOSPITAL,nan
HICETA FREDDIE,CALAMBA MEDICAL CENTER,nan
JAVIER JOHN JOEL,CALAMBA DOCTORS HOSPITAL,nan
JIMENEZ KATHRYN,CALAMBA MEDICAL CENTER,nan
JUSTIMBASTE ANA RIZZA,EVANGELISTA HOSPITAL,nan
LAT DANDRO,QUALIMED,nan
LAYUG ARMAND,WESTLAKE HOSPITAL,83461.0
LAYUG MADELEINE,SRHMC,nan
LAZCONA ANECELINE,SAMANIEGO CLINIC,nan
LEAGUE JULIE,QUALIMED,nan
LIMOSNERO SHIELA,QUALIMED,nan
LODRONO IVAN,SRHMC,nan
MACALALAG ROLANDO,EVANGELISTA HOSPITAL,nan
MADLANGAWA GERBERT,EVANGELISTA HOSPITAL,nan
MAGNAYE FRANZ,CALAMBA MEDICAL CENTER,nan
MALIGSAY JOYCELYN,OSPITAL NG CABUYAO,nan
MANASAN CHESKA,CALAMBA DOCTORS HOSPITAL,nan
MARBELLA RAPHAEL,MARBELLA CLINIC,nan
MASBAD DOMINIQUE,EVANGELISTA HOSPITAL,nan
MONTECILLO MONICA PIA,QUALIMED,nan
MORDENO RIZALITO,SRHMC,nan
MORTEL RYAN OLIVER,WESTLAKE HOSPITAL,nan
MULLANEDA RHOWENA,WESTLAKE HOSPITAL,nan
NAGUIT REGINA,QUALIMED,nan
OCAMPO CARLOS,SRHMC,nan
ORONCE ARMAN,WESTLAKE HOSPITAL,nan
PABELICO JOSE,SRHMC,nan
PADUA RYAN NINO,SRHMC,nan
PAJANEL MARGARETTE,CALAMBA DOCTORS HOSPITAL,nan
PALABRICA FAE,CALAMBA MEDICAL CENTER,nan
PALANGINAN MARK,CALAMBA MEDICAL CENTER,nan
PANGAN TALIA,QUALIMED,nan
PASAYAN MARK KRISTOFFER,CALAMBA MEDICAL CENTER,nan
PASCARAN JOYCE,CALAMBA MEDICAL CENTER,nan
PEREZ JAYPEE,QUALIMED,nan
POTENCIANO NORMAN,CALAMBA DOCTORS HOSPITAL,nan
PULUMBARIT ANNA SARAH,CALAMBA MEDICAL CENTER,nan
QUING ARABELLA,CALAMBA DOCTORS HOSPITAL,nan
QUINONES VALERIE,ASSOCIATED DOCTORS,nan
RABUSA VERONICA,CALAMBA MEDICAL CENTER,nan
RAMOS RIZA,WESTLAKE HOSPITAL,nan
RAMOS GLENN,CALAMBA DOCTORS HOSPITAL,nan
REANO JOAN DYMPHNA,CALAMBA DOCTORS HOSPITAL,nan
REGINO GELAINE,EVANGELISTA HOSPITAL,nan
RESURRECION ROY,CALAMBA MEDICAL CENTER,nan
RETUSTO PATRICIO,CALAMBA MEDICAL CENTER,nan
REYES NICOLAS,CALAMBA DOCTORS HOSPITAL,nan
RIMURIN ANTHONY,EVANGELISTA HOSPITAL,73014.0
SAMANIEGO ISABELITA,SAMANIEGO CLINIC,nan
SAMANIEGO CHERRY,SAMANIEGO CLINIC,nan
SANTOS RITA,EVANGELISTA HOSPITAL,nan
SANTOS  ROMAN,SRHMC,nan
SASTRE FABIAN,CALAMBA DOCTORS HOSPITAL,nan
SIA ERNESTO,EVANGELISTA HOSPITAL,nan
SIATAN EDWIN,CALAMBA DOCTORS HOSPITAL,nan
SOLDIVILLO LYNN MICHELLE,CYGNETMED,nan
TABUCAN CRISTINA,SRHMC,nan
TALLA CYNTHIA,CALAMBA MEDICAL CENTER,nan
TAN  EDILBERTO,CALAMBA DOCTORS HOSPITAL,nan
TANCHANCO HAROLD,CALAMBA MEDICAL CENTER,nan
TINOCO EMELROSE,SRHMC,nan
TOLENTINO PORTIA,CALAMBA DOCTORS HOSPITAL,nan
UMALI PERCIVAL,SRHMC,nan
UY MYRON JEFFREY,CALAMBA MEDICAL CENTER,nan
VALDEZ ENRICO,VALDEZ CLINIC,nan
VERACRUZ MARCO GIL,WESTLAKE HOSPITAL,nan
WILLIS ROCKY DANILO,CALAMBA DOCTORS HOSPITAL,nan
YU RODOLFO,THERESIANA POLYCLINIC,nan
ZABLAN ANDREA,SRHMC,nan
ABUNDO  CELESTE,City Health Office Batac,nan
ACOSTA TOM-LOUIE,Ilocos Sur MedicalCenter Candon,nan
ACUNAN GRACHELLE CHARM,Mariano Marcos Medical Hospital and Medical Center,nan
AGBAYANI ALICIA,Agbayani Clinic,nan
AGDAMAG PEEBLE NARITA,Metro Vigan Cooperative Hospital,118004.0
AGNO RHEMA,Agno Clinic,nan
AGULLANA CRISLIE CRISPIN,Agullana Medical Clinic,nan
ALBANO VINCENZO ANGELO,Albano Medical Clinic,nan
ALQUIZA MARIA TERESA,Alquiza Medical Clinic,nan
ALZATE MILAGROS,Valera Hospital,nan
ANDAL VIDA,Metro Vigan Cooperative Hospital,nan
ANDAL GEORGINA,Andal Medical Clinic,nan
ANTONIO ABEGAIL,Ilocos Sur MedicalCenter Candon,nan
ARELLANO STEVE,Northside Doctors Hospital,99774.0
ARTAJOS GODARD,Metro Vigan Cooperative Hospital,127299.0
ARTAJOS FRANCES,Metro Vigan Cooperative Hospital,nan
ASUNCION MARY GRACE,Ilocos Sur Disrict Hospital Narvacan,nan
ASUNCION- VIADO LESLIE,Asuncion Medical Clinic,105690.0
AUSTRIA AUBERON,Ilocos Sur Cooperative Medical Mission Hospital,114472.0
BALLO RICHARD,Abra Provincial Hsopital,nan
BANGLAY JUNIPER,Candon General Hospital,nan
BANGLAY  JUNIPER,Candon General Hospital,nan
BARBERO GENE BEDE,Barbero Clinic,nan
BARENG EMMA JOY,Family Wellness Clinic,nan
BARROGA MELODY,Candon General Hospital,78627.0
BATTAD GLEN,Saint James Hospital,nan
BATULAN GAY LAARNI,Molina- Med Clinic,133315.0
BIGORNIA AUGUSTUS CAESAR,Adult Wellness Clinic,nan
BILGERA RODAN ARJAE,Metro Vigan Cooperative Hospital,1050992.0
BLAS DELOS SANTOS LUTECE KRYSTLE,Black Nazarene Hospital,nan
BRINGAS JOSELITO,Bringas Medical Clinic,nan
BUMANGLAG ALLAN,Corpuz Clinic Hospital,nan
BUMANGLAG CASTOR,Bumanglang Clinic Hospital,nan
BURGOS FELINO,Assumpta Hospital,nan
BURGOS MILAGROS,Assumpta Hospital,nan
BURGOS FRANZ MARI,Assumpta Hospital,nan
BURGOS MARIANE,Assumpta Hospital,nan
BUTARDO MAX GERONIMO,Saint James Hospital,80913.0
CABINIAN CARIE RAPISURA,Saint Camillus Hospital,nan
CABUENA MARSHA MICHELLE,UNP Hospital,nan
CAJIGAL EMMANUEL,Emmanuel Medical Clinic,nan
CAMCAM MILCA,Abra Provincial Hsopital,nan
CAPALUNGAN JANN MARK,Karmelli Hospital,nan
CARIAGA-MANALO AGNES,Black Nazarene Hospital,nan
CARINGAL JEAN ABEGAIL,Saint Martin De Porres Hospital,110733.0
CASTILLO NOEL,Ramajo Medical Clinic,nan
CATCATAN HELEN,Laoag City General Hospital,nan
CIRIACO MARIE CRISTE,Saint Martin De Porres Hospital,nan
CORPUZ FLORINA,Klinika Corpuz,nan
CORPUZ MARTIN,Corpuz Clinic Hospital,nan
CORPUZ-CANDELARIO JAMIA,Corpuz Clinic Hospital,nan
CORRALES  MICHELLENE,Metro Vigan Cooperative Hospital,nan
CORTES GLYCORIC,Abra Provincial Hsopital,nan
CRISTOBAL JUDITH RUTH,Metro Vigan Cooperative Hospital,nan
CRUCES TEOFANES,Cruces Medical Clinic,nan
DACUYCUY FRANCISCO,C & A Medical Clinic Pasuquin,nan
DATU OFELIA,Mariano Marcos Medical Hospital and Medical Center,nan
DAUZ EUGENE,Dauz Medical Clinic,nan
DE ASIS ARIANE,Holy Family Medical Clinic,nan
DE ASIS EVELYN,Holy Family Medical Clinic,nan
DE GUZMAN EVANGELINE,Ramajo Medical Clinic,nan
DE LEON JOHN CLEMENTE,Northside Doctors Hospital,nan
DEL CASTILLO EVELYN,City Health Office Vigan,nan
DELA CUADRA LEILANI,City Health Office Vigan,nan
DIVINA MARY ALMIRA,Metro Vigan Cooperative Hospital,122130.0
DOMINGO ALFREDO,Rural Health Unit Paoay,nan
DULAY MARIA CRISTINA,Mariano Marcos Medical Hospital and Medical Center,nan
ELLORIN NORA,Ellorin Clinic,nan
ENERVA LOUI JOHN,Abra Provincial Hsopital,nan
FABI ANNA MARIE,Ramajo Medical Clinic,nan
FADULLA KATRINA JANEL,Fadulla Medical Clinic,nan
FADULLA ROLANDO,Fadulla Medical Clinic,nan
FERI CHRISTIAN DALE,Ilocos Sur Cooperative Medical Mission Hospital,nan
FERI JELNA SHANE,Ilocos Sur Cooperative Medical Mission Hospital,nan
FERNANDEZ DENNIS,Karmelli Hospital,nan
FLOR BENJAMIN JUAN,Flor Medical Clinic,nan
FLOR LANI,Flor Medical Clinic,nan
FORMOSO MARIAN GRACE,Ilocos Norte Provincial Hospital,nan
FRAGANTE MARJORIE,Metro Vigan Cooperative Hospital,nan
FUSILERO MARCELYN,Ilocos Sur MedicalCenter Candon,nan
GABUAT MARIANNE,Ilocos Sur MedicalCenter Candon,nan
GALERA LORALIE,Candon General Hospital,nan
GALLERO MELANIE,Candon General Hospital,nan
GARCHITORENA ROSEMARIE,Garganta Clinic Batac,nan
GARGANTA EMMA,Garganta Clinic Batac,nan
GARGANTA ESTRELLA,Garganta Clinic Laoag,nan
GARVIDA ROSANNA,Ramajo Medical Clinic,nan
GATUZ MARLON,Ilocos Sur MedicalCenter Candon,nan
GERTES GERMINIANO,Gertes Medical Clinic,nan
GORGONIO PRINCESS,Dingras Ilocos Norte,nan
GRAD LYNN,Saint Martin De Porres Hospital,nan
GUERRERO MARIO JOEL,Northside Doctors Hospital,nan
GUTIERREZ  STEPHANIE,Ilocos Sur MedicalCenter Candon,nan
GUZMAN LOURDES,Rural Health Unit Sto Domingo,nan
HADLOC- TIU MARIA ALOIZA,Saint Martin De Porres Hospital,nan
HERRERA KATRINA,Metro Vigan Cooperative Hospital,nan
LACASANDILE KAREEN ALNA,Lacasandile Hospital,nan
LAHOZ GLORIA,Lahoz Hospital,nan
LAURIN GLOFE MARIE MONICA,RS Specialty Clinic,115274.0
LAZO JR. REYNALDO,Saint Camillus Hospital,nan
LIM DIANA,Lim Clinic,nan
LIM  ROBERT,Metro Vigan Cooperative Hospital,nan
LU JANE WENDDYN,Karmelli Hospital,nan
LUZOD ROBERT FRANCIS,Laoag City General Hospital,nan
MABANAG STELLA MARIE,Candon General Hospital,nan
MADAMBA BERNADETTE MEIFEL,Saint Camillus Hospital,nan
MANUEL JOVIE JOY,Laoag City Diagnostic Clinic,nan
MARAPAO JESSA MARISSE,Black Nazarene Hospital,nan
MARASIGAN VIRGILIO,Marasigan Medical Clinic,nan
MARASIGAN CORILINE GRACE,Marasigan Medical Clinic,nan
MARTIN TERISITA,Realin Medical Clinic Hospital,nan
MATIAS AUREA,Sto Niño Hospital,nan
MEJIA- TUMANENG CRISTAL RANDLINE,Black Nazarene Hospital,nan
MORALES GRACE,Metro Vigan Cooperative Hospital,nan
NABLO MICHELLE,City Candon Hospital,nan
NARAG AMOR RHEA,Metro Vigan Cooperative Hospital,nan
NAVARRO  RAINICK BRENHIZAR,Metro Vigan Cooperative Hospital,nan
NOBLE  JONATHAN,Black Nazarene Hospital,nan
ONG ELTON,Saint James Hospital,nan
ONILLA JOHN CHRISTOPHER,Black Nazarene Hospital,nan
ORTIZ DENISE AYN,Bangued Christian Hospital,nan
PACIS RHOME,Ilocos Norte Provincial Hospital,nan
PACQUING JONATHAN,Saint Martin De Porres Hospital,nan
PACQUING IRENE,Saint Martin De Porres Hospital,nan
PAHINAG MARIE CRIS,Mariano Marcos Medical Hospital and Medical Center,nan
PALOMARES ELLEN,Palomares Clinic,nan
PASCUA JOSEPH,JLP Medical Clinic,nan
PASCUA MARIA EILEEN,JLP Medical Clinic,nan
PAZ-TAN LIZA MARIE,Karmelli Hospital,nan
PIPO EVANGELIINA,Northside Doctors Hospital,nan
PIPO ANGELA,Ilocos Sur MedicalCenter Candon,nan
PIZARRO JOHN GEDRICK,Ilocos Sur Provincial Hospital Gabriela Silang,nan
PIZARRO NIJELL,Northside Doctors Hospital,nan
POLIDO HELEN,Ilocos Sur Provincial Hospital Gabriela Silang,nan
PRADO BLEESINGS,Tipallo Mobile Clinic,nan
PRODENCIO DEBBIE,City Health Office Vigan,nan
PUMARAS EMELY,Ilocos Norte Provincial Hospital,nan
QUEJA NEMA,Ilocos Norte Provincial Hospital,nan
QUERUBIN JAN REYNOLD,City Candon Hospital,nan
QUETURAS REGINALD,Black Nazarene Hospital,nan
QUILALA KEVIN JAKE,Mariano Marcos Medical Hospital and Medical Center,nan
QUISMORIO JOSE,Quismorio Medical Clinic,nan
QUISMORIO JOYCE,Quismorio Medical Clinic,nan
RABAGO NORMAN,Karmelli Hospital,nan
RABAGO LILIBETH,Karmelli Hospital,nan
RABANG JOANAH,Metro Vigan Cooperative Hospital,nan
RABARA  CHARLES HUBERT,Rabara Medical Clinic Hospital,nan
RABARA  ELYZEL,Rabara Medical Clinic Hospital,nan
RABENA EDNA,Rural Health Unit Caoayan,nan
RAFANAN LESLIE,Metro Vigan Cooperative Hospital,nan
RAGASA LILIBETH,City Health Office Vigan,nan
RAMAJO ERROL,Ramajo Medical Clinic,nan
RAMOS MELINDA,Ilocos Sur Disrict Hospital Narvacan,nan
RANADA FRANCISCO,Ranada Hospital,nan
RANADA GRETCHEN,Mariano Marcos Medical Hospital and Medical Center,nan
RANCHES LOIDA,City Health Office Vigan,nan
RETUTA SILVERIO,Reasonable Hospital,nan
RIALUBIN ROSITA,Northside Doctors Hospital,nan
RIAMBON MARVIN,Northside Doctors Hospital,nan
ROSARIO  EMILIO,Rosario Medical Clinic- Badoc,nan
ROSARIO LERIDA,Rosario Medical Clinic,nan
SABATEN MARIA FATIMA,Northside Doctors Hospital,nan
SAMONTE WALBERG,Ramajo Medical Clinic,nan
SANIDAD SUSANA SANDRA,Ilocos Sur MedicalCenter Candon,nan
SARAOS DEXTER,Metro Vigan Cooperative Hospital,nan
SARIAN CORAZON,Ilocos Sur Cooperative Medical Mission Hospital,nan
SEARES ROSAURO VINCENT,Seares Hospital,nan
SEARES VOLTAIRE,Seares Hospital,nan
SUERO DIOCAESAR,Suero Hospital,nan
SUERO CHITA,Suero Hospital,nan
SUNIO RUEL,Ilocos Sur Provincial Hospital Gabriela Silang,nan
SY FERNANDO,Pira Hospital,nan
SY  MIMI,Pira Hospital,nan
TAYLAN ALLAN,Saint Camillus Hospital,nan
TIPALLO JOHANNA,Tipallo Mobile Clinic,nan
TOLENTINO LIOBA,Rural Health Unit Bantay,nan
TOLENTINO CAMILLE,Tolentino Hospital,nan
TOLENTINO JOY,Realin Medical Clinic Hospital,nan
TOLENTINO III BENJAMIN,Tolentino Hospital,nan
TOMAS GLORIA,Tomas Medical Clinic,nan
TOMAS JR. ARNOLFO,Mariano Marcos Medical Hospital and Medical Center,nan
TRINIDAD ANGEL,Ilocos Sur MedicalCenter Candon,nan
TUMANENG EXEQUIELSON,Black Nazarene Hospital,nan
UY CELESTE,Molina- Med Clinic,nan
VALDEZ MELANIE,Hi-Precision Clinic San Nicolas,nan
VALENTIN- MIGUEL MAUREEN,Karmelli Hospital,nan
VIDAD ARON CHRISTIAN,Hi-Precision Clinic San Nicolas,nan
VIESTA AMADO,Rural Health Unit San Vicente,nan
VITAMOG MARINELA,Northside Doctors Hospital,nan
YUMUL SACHI,Black Nazarene Hospital,nan
ZAPATA- LAPIRA JEANNE ZHERLUCK,Sto Cristo Hospital,nan
ZARA ROLAND,Metro Vigan Cooperative Hospital,nan
ADRIANO ZENAIDA,CRISTO REY,nan
BAGNI ALLEN,CALOOCAN CITY MEDICAL CENTER,nan
BORBE RENE,CENTRALLE,nan
CANLAS RUTH,CENTRALLE,nan
CRUZ EMERITO,CENTRALLE,nan
DACAYAN MARY ANNE,CENTRALLE,nan
DE GUZMAN BORIS,CITI DOCTORS MEDICAL CLINIC,nan
DE JESUS ARLENE,FATIMA MEDICAL CENTER,nan
DE LEON NOEL,DE LEON CLINIC,nan
DEDUYO ORLANDO,FATIMA MEDICAL CENTER,nan
DEDUYO ROLANDO,FATIMA MEDICAL CENTER,nan
DICO-GO JOYCE,CENTRALLE,nan
ENRIQUEZ GERIANNE,VALENZUELA EMERGENCY HOSPITAL,nan
FAIGAO GIENAH,CHERRY LAB DIAGNOSTIC CLINIC,nan
FERNANDEZ ROSARIO,FERNADEZ CLINIC,nan
FERRER KRISHIA,CALOOCAN CITY MEDICAL CENTER,nan
FLORES BERWIN,MEDCARE,nan
FORTUNA PRISCILA,VALENZUELA EMERGENCY HOSPITAL,nan
FORTUNO EDWIN,FATIMA MEDICAL CENTER,nan
GILLESANIA KATRINA LEI,ROQUERO CLINIC,nan
GONZALES JOYLYNN,CRISTO REY,nan
GUMAYAGAY ROMAN,CALOOCAN CITY MEDICAL CENTER,nan
JUSAYAN LENY ALDA,FATIMA MEDICAL CENTER,nan
LALIC ALMA,NAVOTAS CENTER,nan
LOZANO JESUS,3 KINGS CLINIC,nan
MANGASER ARLYNN,NORTHERNHEALTH CLINIC,nan
MARCIANO MANOLITO,MBS CLINIC,nan
MICLAT NOLI,MICLAT CLINIC,nan
MIRALLO ALFRED,SULITMEDLAB,nan
MIRANDA EMMA,FATIMA MEDICAL CENTER,nan
NALLAS GERARDO,CITI DOCTORS MEDICAL CLINIC,nan
NAZAL VIRGINIA,NAZAL CLINC,nan
NOCOM PAOLO,MANILA CENTRAL UNIVERSITY,nan
PAMPLONA ALDWIN RAY,FATIMA MEDICAL CENTER,nan
PAZON RUBY,SPECTRUM DRUGSTORE,nan
PAZON ANDREW,SPECTRUM DRUGSTORE,nan
PIPO MICHELLE,PARADA CLINIC-CROSSMART PHARMACY,nan
QUIMBA NEIL,VALENZUELA EMERGENCY HOSPITAL,nan
RAGOS EVELYN,CENTRALLE,nan
REBOLIDO PAUL,CALOOCAN CITY MEDICAL CENTER,nan
REGINALD MIA,MARTINEZ MEMORIAL HOSPITAL,nan
REYES AURELIO,MALABON HOSPITAL AND MEDICAL CENTER,nan
RICO MARIUS,MEDCARE,nan
ROMERO ALLAN,MALABON SPECIALTY CLINIC,nan
RUIZ JASON,MALABON HOSPITAL AND MEDICAL CENTER,nan
SABANGAN JOEL,MANILA CENTRAL UNIVERSITY,nan
SALAZAR THERESA,FERNADEZ CLINIC,nan
SALVADOR RICARDO,SALVADOR CLINIC,nan
SANTIAGO ROEL,ACUNA SANTIAGO CLINIC,nan
SANTOS HANSEL,CALOOCAN CITY MEDICAL CENTER,nan
SANTOS ERVIN,MANILA CENTRAL UNIVERSITY,nan
SAYO AILEEN,SAYO CLINIC,nan
SERRANO JOCELYN,SERRANO CLINIC,nan
SIAPNO MEARILLE,NAVOTAS CENTER,nan
SOLIMAN PAOLO,CALOOCAN CITY MEDICAL CENTER,nan
SOLORIA JAQUILINE,JCS CLINIC,nan
STA. ANA HERMINE,STA ANA CLINIC,nan
STA. ANA JARDINE,STA ANA CLINIC,103229.0
TAN-CO JOYCE,NOY MEDICAL CENTER,nan
TING DONATO,FATIMA MEDICAL CENTER,nan
TUMBOCON ANTONIO,TUMBOCON CLINIC,nan
TUMBOCON ELIZABETH,TUMBOCON CLINIC,nan
VERGARA LARRAINE,FATIMA MEDICAL CENTER,nan
ABILLAR ALLYSA CLARIZ,SILLIMAN MEDICAL CENTER,nan
ALBACETE CAROLINE,HOLY CHILD HOSPITAL,nan
ALCANTARA EDNA,HOLY CHILD HOSPITAL,nan
ALOJADO JESSICA,SILLIMAN MEDICAL CENTER,nan
AMANTE LOUIE JAY,SILLIMAN MEDICAL CENTER,nan
AMANTE III JONATHAN,SILLIMAN MEDICAL CENTER,nan
ARANETA MARIA GRACE,RAMIRO COMMUNITY HOSPITAL,nan
ARANETA MA. GRACE,RAMIRO COMMUNITY HOSPITAL,nan
ARCO DIAMOND,SILLIMAN MEDICAL CENTER,nan
ARCO MA. ISABEL,SILLIMAN MEDICAL CENTER,nan
ASCANO ANTONIO,DUMAGUETE TERRITORIALS,nan
AUM MAE ANN,SILLIMAN MEDICAL CENTER,nan
AWIL EDEN RUTH,ACE DOCTORS HOSPITAL-BOHOL,nan
BACOLOD KATHRINA,TANJAY TERRITORIALS,nan
BACOLOD CHUCKIE,SILLIMAN MEDICAL CENTER,nan
BALURAN STEFI,SILLIMAN MEDICAL CENTER,nan
BALUYOT KAZAN,BORJA FAMILY HOSPITAL,nan
BANDOY MA. LIZ AGNES,SILLIMAN MEDICAL CENTER,nan
BARRANDA KRYSTILL JOY,SILLIMAN MEDICAL CENTER,nan
BATOON DENNIS,TANJAY TERRITORIALS,nan
BERMEJO KATHRINA,HOLY CHILD HOSPITAL,nan
BESARIO FE,DUMAGUETE TERRITORIALS,nan
BUMANGLAG BEN,TANJAY TERRITORIALS,nan
CABACES NENITA,HOLY CHILD HOSPITAL,nan
CABALLES GIDEON,SILLIMAN MEDICAL CENTER,nan
CABLAO MA. CORAZON,BAIS TERRITORIALS,nan
CALINAWAGAN BRYAN JOSEPH,DUMAGUETE TERRITORIALS,nan
CARDINO MARBERT JOHN,TAGBILARAN COMMUNITY HOSPITAL,nan
CARDINO MERBERT JOHN,TAGBILARAN COMMUNITY HOSPITAL,nan
CASAMAYOR CRISTIAN,SILLIMAN MEDICAL CENTER,nan
CASTILLO DIVINE,SILLIMAN MEDICAL CENTER,nan
CATACUTAN CANDACE,DIAGCARE CLINIC,nan
CATACUTAN CARMEL,TANJAY TERRITORIALS,nan
CATURAY BENJU,DUMAGUETE TERRITORIALS,nan
CEPEDOZA BRYAN,RAMIRO COMMUNITY HOSPITAL,nan
CHIO MITZI,SILLIMAN MEDICAL CENTER,nan
CHIPOPO AMIEL,SILLIMAN MEDICAL CENTER,nan
CHUA MELANIE,SILLIMAN MEDICAL CENTER,nan
CONGJUICO CARA KRISTY,SILLIMAN MEDICAL CENTER,nan
COO KENNETH,HOLY CHILD HOSPITAL,nan
CORREOS NICOLE,SILLIMAN MEDICAL CENTER,nan
CORSINO JOVILYN,SILLIMAN MEDICAL CENTER,nan
CRESCENCIO VIDAL,DIAGCARE CLINIC,nan
CUYACOT DEHUEL,SILLIMAN MEDICAL CENTER,nan
DAMALERO ZEPHYR,BAIS TERRITORIALS,nan
DAPLAS ANTONIO,ST. JUDE HOSPITAL,nan
DEGUIA KRISTINA,BAIS TERRITORIALS,nan
DELA CRUZ CINDY,HOLY NAME UNIVERSITY MEDICAL CENTER,nan
DELOS SANTOS LALAINE,RAMIRO COMMUNITY HOSPITAL,nan
DEMERRE KIAN,SILLIMAN MEDICAL CENTER,nan
DENURA SUSAN MICHAELA,HOLY CHILD HOSPITAL,nan
DENURA MIKHAIL,SILLIMAN MEDICAL CENTER,nan
DIANA RANEE,DIAGCARE CLINIC,nan
DIAO AARON,SILLIMAN MEDICAL CENTER,nan
DIONALDO KATHRYN,SILLIMAN MEDICAL CENTER,nan
DIPUTADO BRENDA,DUMAGUETE TERRITORIALS,nan
DOLLETE YRVIEROSE,SILLIMAN MEDICAL CENTER,nan
DURAN ANGELIQUE,SILLIMAN MEDICAL CENTER,nan
DY LOVELY,SILLIMAN MEDICAL CENTER,nan
ELECTONA ANGELO NEIL,DUMAGUETE TERRITORIALS,nan
ELLYN CUNANAN,TAGBILARAN TERRITORIALS,nan
EMPERADO JENNIFER,HOLY CHILD HOSPITAL,nan
ESMERALDA RANDY,SILLIMAN MEDICAL CENTER,nan
EVARDONE JOSE SOCRATES,RAMIRO COMMUNITY HOSPITAL,nan
EVASAN AGNES LORRAINE,SILLIMAN MEDICAL CENTER,nan
FONTELO RAFONZEL,HOLY CHILD HOSPITAL,nan
FONTINI CRUZ,DUMAGUETE TERRITORIALS,nan
GABO EDITH JANE,SILLIMAN MEDICAL CENTER,nan
GACAYAN RYAN JAMES,RAMIRO COMMUNITY HOSPITAL,nan
GADINGAN ZB,SILLIMAN MEDICAL CENTER,nan
GANTALAO THERESITA,BAIS TERRITORIALS,nan
GARCIA GAMALIEL,SILLIMAN MEDICAL CENTER,nan
GARUPA DAWN,SILLIMAN MEDICAL CENTER,nan
GICA LOVE,SILLIMAN MEDICAL CENTER,nan
GONZALES MILA ROSE,SILLIMAN MEDICAL CENTER,nan
GUBANTES KERWIN,SILLIMAN MEDICAL CENTER,nan
GUMBAN MANSUETO,HOLY CHILD HOSPITAL,nan
HITOSIS JULIEN MARIE,NEGROS ORIENTAL PROVINCIAL HOSPITAL,nan
HITOSIS MARIE JULIEN,NEGROS ORIENTAL PROVINCIAL HOSPITAL,nan
JABONI JUDITHA,DUMAGUETE TERRITORIALS,nan
LASPINAS MA. RONABEL,SILLIMAN MEDICAL CENTER,nan
LECHAGO ANGELITO,RAMIRO COMMUNITY HOSPITAL,nan
LIGO JULIUS CEASAR ANTONIO,HOLY CHILD HOSPITAL,nan
LIM CORAZON,RAMIRO COMMUNITY HOSPITAL,nan
LIM-JUAN ERLINDA,SILLIMAN MEDICAL CENTER,nan
LIMBAGA CARLO,SILLIMAN MEDICAL CENTER,nan
LIU KRISKA MARIE,SILLIMAN MEDICAL CENTER,nan
MACAPAZ JEANETE,RAMIRO COMMUNITY HOSPITAL,nan
MACARINE ANN DAWN,SILLIMAN MEDICAL CENTER,nan
MAGBANUA JUANITO,SILLIMAN MEDICAL CENTER,nan
MANANQUIL CAROLYN,BAIS TERRITORIALS,nan
MARCELO  RAQUEL,HOLY NAME UNIVERSITY MEDICAL CENTER,nan
MARTIN MA. THERESA,RAMIRO COMMUNITY HOSPITAL,nan
MERECIDO JENNIFER,HOLY CHILD HOSPITAL,nan
MICUBO JOSE PERNEL,SILLIMAN MEDICAL CENTER,nan
MINON RICHIELYN MAE,SILLIMAN MEDICAL CENTER,nan
MOLETA  ELIZABETH,SILLIMAN MEDICAL CENTER,nan
NAZARENO MARIVIC,ST. JUDE HOSPITAL,nan
NAZARENO NAPOLEON,ST. JUDE HOSPITAL,nan
NICOLAS DARIAN,BAIS TERRITORIALS,nan
NUDALO  QUESTOR,HOLY NAME UNIVERSITY MEDICAL CENTER,nan
OLIVEROS JOAN MAE,SILLIMAN MEDICAL CENTER,nan
OMANDAM JACKY VINCENT,SILLIMAN MEDICAL CENTER,nan
OMO BIENVENIDO,HOLY NAME UNIVERSITY MEDICAL CENTER,nan
OZOA ROBERT,SILLIMAN MEDICAL CENTER,nan
PACANA MA. ALFINA DIANA,SILLIMAN MEDICAL CENTER,nan
PACARRO  KEITH,SILLIMAN MEDICAL CENTER,nan
PACATANG MAURIECE GUILLENE,SILLIMAN MEDICAL CENTER,nan
PALOMAR  JOSE,SILLIMAN MEDICAL CENTER,nan
PANABANG KATHLEEN,SILLIMAN MEDICAL CENTER,nan
PASTILLOS PATRICK,BORJA FAMILY HOSPITAL,nan
PATINDOL LILIOSA,BORJA FAMILY HOSPITAL,nan
PELIGRINO GILBERT,HOLY NAME UNIVERSITY MEDICAL CENTER,nan
PETALCORIN JONATHAN,RAMIRO COMMUNITY HOSPITAL,nan
PIZZARAS SARA,RAMIRO COMMUNITY HOSPITAL,nan
RAMIREZ JOYCE,SILLIMAN MEDICAL CENTER,nan
RAMIRO JANE,RAMIRO COMMUNITY HOSPITAL,nan
RAMIRO VALERIE,RAMIRO COMMUNITY HOSPITAL,nan
REBANA CRESANA,SILLIMAN MEDICAL CENTER,nan
RECONO  TROY,TANJAY TERRITORIALS,nan
REGALADO FEDERITO,BESARIO CLINIC,nan
REGALADO ROLANDO,SILLIMAN MEDICAL CENTER,nan
RELAMPAGOS JASMIN,RAMIRO COMMUNITY HOSPITAL,nan
REYES VERNA,SILLIMAN MEDICAL CENTER,nan
REYES  EDESA,SILLIMAN MEDICAL CENTER,nan
ROLUNA IVORY,RAMIRO COMMUNITY HOSPITAL,nan
ROSALES JAMES JED,TANJAY TERRITORIALS,nan
ROSARIO SILAHIS,SILLIMAN MEDICAL CENTER,nan
ROSARIO GAUDIOSA,SILLIMAN MEDICAL CENTER,nan
RYLONA IVORY,TANJAY TERRITORIALS,nan
SALES RONALD JOHN,RAMIRO COMMUNITY HOSPITAL,nan
SAMARES ROWENA,SILLIMAN MEDICAL CENTER,nan
SARIGUMBA JANICE MITCHELLE,RAMIRO COMMUNITY HOSPITAL,nan
SASING  GEORGITHA,SILLIMAN MEDICAL CENTER,nan
SAYSON KAREN MAE,HOLY CHILD HOSPITAL,nan
SAYSON MARIBEL,BAIS TERRITORIALS,nan
SEPE ENRIQUETE,RAMIRO COMMUNITY HOSPITAL,nan
SEPE VALERIE,RAMIRO COMMUNITY HOSPITAL,nan
SISONA GIAN PAOLO,SILLIMAN MEDICAL CENTER,nan
SOBRE-YU KARENMAE,DUMAGUETE TERRITORIALS,nan
SORIA MA. LUZ,RAMIRO COMMUNITY HOSPITAL,nan
SY BOBBIN,SILLIMAN MEDICAL CENTER,nan
SYLVERNON ISRAEL,RAMIRO COMMUNITY HOSPITAL,nan
TABASA  ISABEL,SILLIMAN MEDICAL CENTER,nan
TAGIMACRUZ FE,NEGROS ORIENTAL PROVINCIAL HOSPITAL,nan
TAN HENRY,HOLY CHILD HOSPITAL,nan
TENORIO JEHAILA,SILLIMAN MEDICAL CENTER,nan
TEVES DANIELLE,BAIS TERRITORIALS,nan
TIAMZON SHERWIN,DIAGCARE CLINIC,nan
TIROL JAM,RAMIRO COMMUNITY HOSPITAL,nan
TORRES JOSCEL,SILLIMAN MEDICAL CENTER,nan
TORRES JOSHUA,SILLIMAN MEDICAL CENTER,nan
TUBOG JOY ROXANNE,HOLY CHILD HOSPITAL,nan
UDARBE PROCESO MARC,SILLIMAN MEDICAL CENTER,nan
UGPO JOSE ANTONIETO,TAGBILARAN TERRITORIALS,nan
UNG PRECY,TANJAY TERRITORIALS,nan
URSOS WALDEN,SILLIMAN MEDICAL CENTER,nan
URSOS MARIA LOURDES,SILLIMAN MEDICAL CENTER,nan
UY MILAGROS,HOLY CHILD HOSPITAL,nan
UY CORAZON,SILLIMAN MEDICAL CENTER,nan
UY MICHAEL,TAGBILARAN TERRITORIALS,nan
VALENCIA AMETHYS,SILLIMAN MEDICAL CENTER,nan
VALIENTE  ROVIE,SILLIMAN MEDICAL CENTER,nan
VERDILLO LEAH NITA,HOLY CHILD HOSPITAL,nan
VIDAL RODELIA,TANJAY TERRITORIALS,nan
VILLARIN FLOYD,HOLY CHILD HOSPITAL,nan
VILLO JUHNE,HOLY CHILD HOSPITAL,nan
WONG ANDREW,SILLIMAN MEDICAL CENTER,nan
YAMBAO LADY IVY,SILLIMAN MEDICAL CENTER,nan
YAP JR. SIMPLICIO,RAMIRO COMMUNITY HOSPITAL,nan
YBANES MAYIDA,SILLIMAN MEDICAL CENTER,nan
YEE JOHNNY,HOLY CHILD HOSPITAL,nan
ABAD AUGUSTO,TRICITY HOSPITAL,nan
ABARQUEZ ANNA,MISSION HOSPITAL,nan
ABDON SARAH,HEALTHWAY,nan
ABDULLAH PRINCESS,OSMAK,nan
ADAP MERRY DAY,OSMAK,nan
AGUSTIN MA. THERESA,HEALTHWAY,nan
ALFARAZ LIEZEL,TMC MARKET,nan
ALIMO-OT DEXTER,HEALTHWAY,nan
ALVAREZ ROMEO,PEMBO DOCTORS,nan
ANTONIO ANGELA,OSMAK,nan
ARCENIO RODOLFO,AGH,nan
ARELLANO FLORENECE,Meralco,nan
AVILES EDNALYN,TRICITY HOSPITAL,nan
BAUTISTA ALBERT,THE MEDICAL CITY,nan
BITONG MARK,TRICITY HOSPITAL,nan
BONGON CRISTINE,MCT,nan
BONIFACIO TANIA,OSMAK,nan
BONOAN ZENAIDA,HEALTHWAY,nan
BONTO EDGAR,TRICITY HOSPITAL,nan
BUMAGAT LORAIN,OSMAK,nan
BUNDALIAN IRWIN,TMC EAST ORTIGAS,nan
BUTUI CHRISTIAN,OSMAK,nan
CABALLES ADRIENNE,Meralco,nan
CALLE RONALD,TRICITY HOSPITAL,nan
CAPALARAN DIVINE,OSMAK,nan
CARLOS CATHERINE,ROQUE CLINIC,nan
CARVAJAL JONJON,TRICITY HOSPITAL,nan
CHENG PATRICIA,THE MEDICAL CITY,nan
CHUA LEO,OSMAK,nan
CHUA DARWISH,OSMAK,nan
COMPETENTE LOVERIA,OSMAK,nan
CONSOLACION VALERIE,SMC,nan
CRISTOBAL DONALD,MCT,nan
CUEVAS KASANDRA,OSMAK,nan
DATU BEATRIZE,Meralco,nan
DE JESUS ALVIN,ROQUE CLINIC,nan
DE SAHAGUN ARDNINEL,TRICITY HOSPITAL,nan
DELA CUESTA GERARD,MISSION HOSPITAL,nan
DORADO JIN,OSMAK,nan
ERIC SANDICO PASCUAL,THE MEDICAL CITY,nan
ESGUERRA CARLOS,THE MEDICAL CITY,nan
ESGUERRA ACHILLES,THE MEDICAL CITY,nan
ESTANISLAO JASMIN,THE MEDICAL CITY,nan
FAMADOR GENALDO,AGH,nan
FERNANDEZ ROBINZON,THE MEDICAL CITY,nan
FERNANDEZ FRANCIS CHARLES,THE MEDICAL CITY,nan
FLORES SHARON ROSE,SHARON FLORES POLYCLINIC,104635.0
FLORES REYNALDO,PATEROS,nan
FONTE JAY,ARDI MALINAO,98284.0
FORONDA EDGARD,TRICITY HOSPITAL,nan
FORTUNO AGAPITO,THE MEDICAL CITY,nan
GALANG DAN BRIAN,TRICITY HOSPITAL,nan
GARCIA NATHANIEL,ACE Medical Center Pateros,nan
GARCIA KATRINA,THE MEDICAL CITY,nan
GINA ALEMANY,THE MEDICAL CITY,nan
GONZALES MARIA ROSARIO,HEALTHWAY,nan
GUERRERO ADRIEL,ARDI MERCEDES,57569.0
HABANA LUIS MARTIN,THE MEDICAL CITY,nan
HERRADURA ANTONIO,ARDI MERCEDES,nan
HEYRES JOSELITO,CLINICA HEYRES,nan
IBANEZ ELA,HEALTHWAY,nan
JADWANI JAVISH,OSMAK,nan
JAVALERA EIVERENE,Meralco,nan
JURADO NORMAN,THE MEDICAL CITY,nan
KIE JASON,Galo Clinic,nan
LAGROSA RODERICK,COUNTRYSIDE MEDICAL CLINIC,93355.0
LAYOSO DARLA,SMC,nan
LERIOS JEANNICA,THE MEDICAL CITY,nan
LEYBAG BRIAN ALFRED,MISSION HOSPITAL,nan
LICERIO ROB,OSMAK,nan
LIM DIANE,SMC,nan
LIO RIZZA,MERCI HUB,nan
LONTOC ANTHONY,ROQUE CLINIC,nan
MACABEO RENELENE,MCT,nan
MANALO JOANNA,HEALTHWAY,nan
MANUEL SOCRATES,CITY HEALTH OFFICE PASIG,73566.0
MARCELO JOSEPHINE,TMC EAST ORTIGAS,nan
MARIE CASSANDRA,OSMAK,nan
MARTINEZ GREGORIO,THE MEDICAL CITY,nan
MELWANI ZARINA,THE MEDICAL CITY,nan
MERCADAL GERARD,THE MEDICAL CITY,107677.0
MINOZA NESOFORA,Miñoza Medical and Pediatric Clinic,nan
MINOZA SIMON,Miñoza Medical and Pediatric Clinic,nan
MORDENO MICAH,SMC,nan
MORENO SHARON,THE MEDICAL CITY,nan
MUNOZ ALFRED,THE MEDICAL CITY,nan
MURILLO CRISSA,Meralco,nan
NATIVIDAD RUDY,MCT,nan
NAZAL CHRISTOPHER,THE MEDICAL CITY,nan
NICOLAS ANA MARIA,HEALTHWAY,nan
NOOR JALELAH,Alfonso Specialist Clinic,nan
OGBAC FREDERICK,MCT,nan
PADILLA LOURDES,MERCI HUB,nan
PAMA WILFRED,CRUZ-RABE,nan
PENA CHERRY,MCT,nan
PIZZARO HAROLD,Meralco,nan
RAMIREZ MARK,TRICITY HOSPITAL,nan
RAMOS EUGENIO,THE MEDICAL CITY,nan
RAPADA JOSEPHINE,PATEROS,nan
RELOJ NEVA,TRICITY HOSPITAL,nan
RIGOR ZENAIDA,RIGOR MEDICAL CLINIC,nan
RODRIGUEZ JENNIFER,CRUZ-RABE,nan
SABAS MICHAEL,THE MEDICAL CITY,nan
SALALIMA AILEEN,SMC,nan
SALAZAR RICEL,MCT,nan
SANCHEZ IREENE,ST CAMILLUS POLYCLINIC,72601.0
SANDOVAL VINCENT,MCT,nan
SANTOS RONALD,MISSION HOSPITAL,81802.0
SANTOS RODRIGO,THE MEDICAL CITY,nan
SEGUNDO LUIGI,THE MEDICAL CITY,nan
SHIBATA PRINCESS,CRUZ-RABE,nan
SOYANGCO RENZ,OSMAK,nan
STA ANA CONRADO,THE MEDICAL CITY,nan
SUGUITAN DANILO,PERALTA POLYCLINIC,89970.0
TAMAYO KEVIN,Miñoza Medical and Pediatric Clinic,nan
TAMONDONG HILARIO,ARDI MALINAO,nan
TAN FREDERICK,TRICITY HOSPITAL,nan
TAN ERWIN,Meralco,nan
TARAYAO DERICK,SMC,nan
TENSUAN ALFREDO,PATEROS,nan
TESTON RAYMOND,PATEROS,nan
TOLENTINO ARTURO,TMC EAST ORTIGAS,nan
TUAZON MYLAH,SMC,nan
VERGARA ALVIN,Alfonso Specialist Clinic,nan
VIADO GREG,THE MEDICAL CITY,nan
VICTOR LAZARO,THE MEDICAL CITY,nan
VIERNES CARMEN,HEALTHWAY,nan
VILLA MICHAEL,THE MEDICAL CITY,nan
VILLANO EDGAR,THE MEDICAL CITY,nan
VILLON BRENT,OSMAK,nan
WONG MICHELLE,HEALTHWAY,nan
ZAPANTA JOSEPH,OSMAK,nan
DE GUZMAN WILFREDO,De Guzman Clinic,nan
DE GUZMAN DAISY,De Guzman Clinic,nan
DE LEON DONNAH,TRICITY MEDICAL CENTER,nan
ABAD  AUGUSTO,TRICITY MEDICAL CENTER,nan
AMBA NEIL,MARIKINA VALLEY MEDICAL CENTER,nan
AMBROCIO DOREEN,TRICITY MEDICAL CENTER,nan
ARFRITZ CHEONG,TRICITY MEDICAL CENTER,nan
BALSE-SANTOS DULCINEA,TRICITY MEDICAL CENTER,nan
BARSANA CORMEILY ENAJE,TRICITY MEDICAL CENTER,nan
BASA MICHAEL ALLAN,TRICITY MEDICAL CENTER,nan
BATUAMPAR JOSEPHINE,P. Gonzales Hospital,nan
BAUTISTA AUGUSTIN,Bautista Clinic,nan
BAUTISTA FELY,Tahir Clinic,nan
BAYAUA RAYMUND,MARIKINA VALLEY MEDICAL CENTER,nan
BINOYA NERISSA,MARIKINA VALLEY MEDICAL CENTER,nan
BITONG MARK JOSEPH,TRICITY MEDICAL CENTER,nan
BONGAT EDGAR ALLAN,TRICITY MEDICAL CENTER,nan
BRAVO MARJORIE,MARIKINA VALLEY MEDICAL CENTER,nan
BUENO DOMINADOR,STONE AND PROSTATE CENTER,nan
CABANGON MYL,City Health Office of Marikina,nan
CABRERA EDGARDO,MARIKINA VALLEY MEDICAL CENTER,nan
CACAL JOVONIE,MARIKINA VALLEY MEDICAL CENTER,nan
CACHIAPERO LUIS VICTOR,St. Camillus Medical Center,nan
CALAYAG GLENFORD,City Health Office of Marikina,nan
CALAYAG GLENFORD,MARIKINA VALLEY MEDICAL CENTER,nan
CALDERON ALEXANDERR,MARIKINA VALLEY MEDICAL CENTER,nan
CALLE RONALD,TRICITY MEDICAL CENTER,nan
CAPINPIN MELISSA,ST VINCENT GENERAL HOSPITAL,nan
CARVAJAL JON,TRICITY MEDICAL CENTER,nan
CASINO RODRIGO,St. Camillus Medical Center,nan
CASTILLO MARCO,TRICITY MEDICAL CENTER,nan
CASTILLON CZARINE,AMANG RODRIGUEZ MEDICAL CENTER,nan
CAWALING MARY GRACE,MARIKINA VALLEY MEDICAL CENTER,nan
CHANYUNGCO JOEY,MARIKINA VALLEY MEDICAL CENTER,nan
CHANYUNGCO MA. CELESTE,MARIKINA VALLEY MEDICAL CENTER,nan
COCJIN GERALD,Bautista Clinic,nan
CRISOSTOMO MARIETTA,MARIKINA VALLEY MEDICAL CENTER,nan
CRUZ OLIVER,MARIKINA VALLEY MEDICAL CENTER,nan
DE GULA DEBORAH,TRICITY MEDICAL CENTER,nan
DE GUZMAN JOANN,Tumana Heealth Center,nan
DE GUZMAN EDWARD ROY,MARIKINA VALLEY MEDICAL CENTER,nan
DE LEON FROILAN,TRICITY MEDICAL CENTER,nan
DELA PAZ POPPER JOHN,MARIKINA VALLEY MEDICAL CENTER,nan
DELA PENA  DIVINE,AMANG RODRIGUEZ MEDICAL CENTER,nan
DELFIN MICHELLE,MARIKINA VALLEY MEDICAL CENTER,nan
DELFIN ROBERT MELVIN,MARIKINA VALLEY MEDICAL CENTER,nan
DEQUIROS SYRINE,Bautista Clinic,nan
DIZON ROCKY,MARIKINA VALLEY MEDICAL CENTER,nan
DOFILES MARIGIL,MARIKINA VALLEY MEDICAL CENTER,nan
DOMINGO NORBERT,TRICITY MEDICAL CENTER,nan
ENRIQUEZ ALVIN,MARIKINA VALLEY MEDICAL CENTER,nan
FABROS CHALITA,MARIKINA VALLEY MEDICAL CENTER,nan
FIDEL CESAR,St. Camillus Medical Center,nan
GAN LAM  MARI ANNE,TRICITY MEDICAL CENTER,nan
GARCIA MARY ROSE,Victory Clinic,nan
GARCIA MARK,St. Vincent Medical Center,nan
GARNER JAVIER,City Health Office of Marikina,nan
GROSPE-HOLGADO NAOMI,MARIKINA VALLEY MEDICAL CENTER,nan
GULA RENEE,MARIKINA VALLEY MEDICAL CENTER,nan
GUZMAN EDWARD,MARIKINA VALLEY MEDICAL CENTER,nan
JARAVATA-SASTRE VICTORY,Victory Clinic,nan
JOPSON JONMARC,AMANG RODRIGUEZ MEDICAL CENTER,nan
JOSEF CHERIDINE,MARIKINA VALLEY MEDICAL CENTER,nan
JUBILADO JEFF PETER,STONE AND PROSTATE CENTER,nan
JULIAN  JOEL,MARIKINA VALLEY MEDICAL CENTER,nan
KATHRYN MAE AFRICA,MARIKINA VALLEY MEDICAL CENTER,nan
LEGASTO GRACE MARIE,MARIKINA VALLEY MEDICAL CENTER,nan
LEVOSADA RENE VINCENT,TRICITY MEDICAL CENTER,nan
LEYBAG BRIAN ALFRED,TRICITY MEDICAL CENTER,nan
LIM RYAN HENSON,CORPORATE WELLNESS CENTER (MERALCO),nan
MA CORAZON CASTIGADOR,MARIKINA VALLEY MEDICAL CENTER,nan
MACALLA JOSEPH,TRICITY MEDICAL CENTER,nan
MALAYA BENJAMINE EDSEL,MARIKINA VALLEY MEDICAL CENTER,nan
MALIJAN MA. LUISA,MARIKINA VALLEY MEDICAL CENTER,nan
MAPANAO DAISY,St. Vincent Medical Center,nan
MARIANO PATRICIA MAE,MARIKINA VALLEY MEDICAL CENTER,nan
MARINAS JOHN PAUL,STONE AND PROSTATE CENTER,nan
MASCARENAS JESSA MARIE,AMANG RODRIGUEZ MEDICAL CENTER,nan
MONTERO  AJA,AMANG RODRIGUEZ MEDICAL CENTER,nan
MURILLO GREGORIO,Dr. Goodhealth Fam Clinic,nan
NEMENO STEFFI HEIDIE,Dr. Goodhealth Fam Clinic,nan
OLMO BERNADETTE,TRICITY MEDICAL CENTER,nan
ORTIZ MA. AURORA CARLA,St. Camillus Medical Center,nan
PAJARILLO CARLITO,Bautista Clinic,nan
PALISOC JOHN GEOFFREY,TRICITY MEDICAL CENTER,nan
PANAY MAYDEN,MARIKINA VALLEY MEDICAL CENTER,nan
PANGANIBAN  IVAN,City Health Office of Marikina,nan
PASAMANTE JANE,TRICITY MEDICAL CENTER,nan
PATIO ANTOINETTE,St. Camillus Medical Center,nan
PELAYO LOUIE,MARIKINA VALLEY MEDICAL CENTER,nan
PEÑA DIGNA,CORPORATE WELLNESS CENTER (MERALCO),nan
PENA DIGNA,TRICITY MEDICAL CENTER,nan
PERALTA MARK LOISE,AMANG RODRIGUEZ MEDICAL CENTER,nan
PONTERES REYNALDO,Concepcion Health Center,nan
PULIDO REGIES RYAN,St. Camillus Medical Center,nan
PURA MA CORAZON,TRICITY MEDICAL CENTER,nan
RACADIO KRISTJAN,AMANG RODRIGUEZ MEDICAL CENTER,nan
RAMIREZ  MARK AUSTIN,TRICITY MEDICAL CENTER,nan
RAMOS RUSSEL,TRICITY MEDICAL CENTER,nan
RAMOS OMAR,TRICITY MEDICAL CENTER,nan
RELOJ NEVA JEAN,TRICITY MEDICAL CENTER,nan
ROAQUIN LILIAN,Bautista Clinic,nan
ROME KAREN,AMANG RODRIGUEZ MEDICAL CENTER,nan
ROSUMAN JEFFREY,MARIKINA VALLEY MEDICAL CENTER,nan
RUEDA RIZA,Bautista Clinic,nan
SALAZAR CLARISSA FE,AMANG RODRIGUEZ MEDICAL CENTER,nan
SAMBRANA ABEGAIL,AMANG RODRIGUEZ MEDICAL CENTER,nan
SANTIAGO ERIC,MARIKINA VALLEY MEDICAL CENTER,nan
SANTOS ALWYN,Marikina Valley,nan
SANTOS JEROME,MARIKINA VALLEY MEDICAL CENTER,nan
SANTOS MA CECILIA,AMANG RODRIGUEZ MEDICAL CENTER,nan
SAYSON PEDRO,Sayson Clinic,nan
SAYSON PETER ALBERT,Sayson Clinic,nan
SINCHONGCO DIOLINA,Sinchonngco Clinic,nan
SINGSONG VIKTORIA,AMANG RODRIGUEZ MEDICAL CENTER,nan
TAMARGO AILEEN,St. Vincent Medical Center,nan
TAN FREDERICK,TRICITY MEDICAL CENTER,nan
TAN MICHAEL,Kidney Health Care,nan
TOLENTINO RICA,TRICITY MEDICAL CENTER,nan
USERO JUVENAL,AMANG RODRIGUEZ MEDICAL CENTER,nan
VICTORINO VICTOR ALEXANDER,MARIKINA VALLEY MEDICAL CENTER,nan
ZAMORA SAMUEL,P. Gonzales Hospital,nan
CARPIO GIANNE CARLO,WESLAKE MEDICAL CENTER,nan
DE VERA MARY JANE,CARMONA HOSPITAL AND MEDICAL CENTER,nan
KATIGBAK LUZVIMINDA,THE MEDICAL CITY - SOUTH LUZON,nan
MEDINA ASHLEY STEPHANIE,CARMONA HOSPITAL AND MEDICAL CENTER,nan
MORTEL  RYAN,CARMONA HOSPITAL AND MEDICAL CENTER,nan
TAN EDILBERTO,NEW SINAI  MDI,nan
TORRES  PAULINE,UNIHEALTH SOUTHWOODS HOSPITAL AND MEDICAL CENTER,nan
VALERA MELVIN,THE MEDICAL CITY - SOUTH LUZON,nan
ABINOJA JOSE JR,UNIHEALTH SOUTHWOODS HOSPITAL AND MEDICAL CENTER,nan
AGONCILLO  KAREN ELOUIE,UNIHEALTH - STA. ROSA,nan
AGUILAR HARVEY,THE MEDICAL CITY - SOUTH LUZON,nan
AGUILAR MARILYN,UNIHEALTH SOUTHWOODS HOSPITAL AND MEDICAL CENTER,nan
ALARAS ADRIAN,WESLAKE MEDICAL CENTER,nan
ALCANTARA EDUARDO,UNIHEALTH SOUTHWOODS HOSPITAL AND MEDICAL CENTER,nan
ALCANTARA MA. FRANCES,UNIHEALTH SOUTHWOODS HOSPITAL AND MEDICAL CENTER,nan
ALICAN MANUEL,UNIHEALTH - STA. ROSA,nan
ALMORO JOSE GREGORIO,GLOBAL CABUYAO HOSPITAL AND MEDICAL CENTER,nan
ALONTE-LORENZO ANGELICA,THE MEDICAL CITY - SOUTH LUZON,nan
ALPUERTO BERNARDINO,QUALIMED,nan
ALVA VIRGINIA,THE MEDICAL CITY - SOUTH LUZON,nan
AMOR ANTONIO,UNIHEALTH SOUTHWOODS HOSPITAL AND MEDICAL CENTER,nan
ANACAY CYNTHIA,UNIHEALTH SOUTHWOODS HOSPITAL AND MEDICAL CENTER,nan
ANCHETA JESUS,THE MEDICAL CITY - SOUTH LUZON,nan
ANDAYA JEROME,WESLAKE MEDICAL CENTER,nan
ANER MARQUEZ,UNIHEALTH SOUTHWOODS HOSPITAL AND MEDICAL CENTER,nan
ANGUE CINDY,GLOBAL CABUYAO HOSPITAL AND MEDICAL CENTER,nan
ANNANIAS GILBUENA,WESLAKE MEDICAL CENTER,nan
AQUINO-MATIBAG JESSICA LEIKA,QUALIMED,nan
ARMADA FRANCIS,THE MEDICAL CITY - SOUTH LUZON,nan
ARROYO MARYJANE,UNIHEALTH - STA. ROSA,nan
ARVIN ALVIN,UNIHEALTH SOUTHWOODS HOSPITAL AND MEDICAL CENTER,nan
ATIENZA MARK ANGELO,WESLAKE MEDICAL CENTER,nan
BALINGHASAY  JOHN MARTIN,NEW SINAI  MDI,nan
BALTAZAR RENE,WESLAKE MEDICAL CENTER,nan
BIAGTAN HANAH MARIE,GLOBAL CABUYAO HOSPITAL AND MEDICAL CENTER,nan
BLANCO AUGUSTUS,UNIHEALTH - STA. ROSA,nan
CABIGAN REY ALBERT,UNIHEALTH SOUTHWOODS HOSPITAL AND MEDICAL CENTER,nan
CALIMON PAOLO,UNIHEALTH SOUTHWOODS HOSPITAL AND MEDICAL CENTER,nan
CALIMON MARY ANNE,UNIHEALTH SOUTHWOODS HOSPITAL AND MEDICAL CENTER,nan
CAMANGON NATHANIEL,FIRST CABUYAO HOSPITAL AND MEDICAL CENTER,nan
CANATOY-MASBAD DOMINIQUE,EVANGELISTA MEDICAL SPECIALTY HOSPITAL,nan
CARANDANG ALMA,CARMONA HOSPITAL AND MEDICAL CENTER,nan
CARCERENY JAY MADELON,QUALIMED,nan
CARREON MA ISABEL,WESLAKE MEDICAL CENTER,nan
CASTILLO DANIEL RYAN,THE MEDICAL CITY - SOUTH LUZON,nan
CASTILLO LEX,EVANGELISTA MEDICAL SPECIALTY HOSPITAL,nan
CASTILLO KATRINA,UNIHEALTH SOUTHWOODS HOSPITAL AND MEDICAL CENTER,nan
CHAVEZ JOVERIENNE,GLOBAL CABUYAO HOSPITAL AND MEDICAL CENTER,nan
CO RAULITO,UNIHEALTH SOUTHWOODS HOSPITAL AND MEDICAL CENTER,nan
CUNTAPAY GIOMARU,NEW SINAI  MDI,nan
DAVILLA IRIS,QUALIMED,nan
DAZ MA. MELIZA,CARMONA HOSPITAL AND MEDICAL CENTER,nan
DECHAVEZ ARIZA,UNIHEALTH SOUTHWOODS HOSPITAL AND MEDICAL CENTER,nan
DELOS REYES VIC,DIVINE MERCY HOSPITAL - SAN PEDRO,nan
DESTRIZA JOANA MELISSA,EVANGELISTA MEDICAL SPECIALTY HOSPITAL,nan
DESULOC MARY ANNE,WESLAKE MEDICAL CENTER,nan
DONES DAN MICHAEL,UNIHEALTH SOUTHWOODS HOSPITAL AND MEDICAL CENTER,nan
EBISON ANDRES JR,CARMONA HOSPITAL AND MEDICAL CENTER,nan
ESCAZURA MARIAN IRENE,UNIHEALTH SOUTHWOODS HOSPITAL AND MEDICAL CENTER,nan
ESPINO JULIE ANNE,THE MEDICAL CITY - SOUTH LUZON,nan
ESTANISLAO CHRISTIAN SIEGFRIED,UNIHEALTH - STA. ROSA,nan
EUFROCINA ELAZEQUI,GLOBAL CABUYAO HOSPITAL AND MEDICAL CENTER,nan
FAJARDO MAYLYN CARAZ,UNIHEALTH SOUTHWOODS HOSPITAL AND MEDICAL CENTER,nan
FERNANDEZ OSCAR,THE MEDICAL CITY - SOUTH LUZON,nan
FERNANDEZ RIEL ISAAC,FIRST CABUYAO HOSPITAL AND MEDICAL CENTER,nan
FLORENTINO ALFONSO,FIRST CABUYAO HOSPITAL AND MEDICAL CENTER,nan
GARCIA  JOYCE,WESLAKE MEDICAL CENTER,nan
GATCHALIAN LENDELL,CARMONA HOSPITAL AND MEDICAL CENTER,nan
GENERIC MD GENERIC,GENERIC,nan
GERODIAS ANGELO,UNIHEALTH SOUTHWOODS HOSPITAL AND MEDICAL CENTER,nan
GERODIAS ANTHONY,THE MEDICAL CITY - SOUTH LUZON,nan
GERONIMO ANGELITO,UNIHEALTH SOUTHWOODS HOSPITAL AND MEDICAL CENTER,nan
GODINEZ VINCENT PAUL,UNIHEALTH SOUTHWOODS HOSPITAL AND MEDICAL CENTER,nan
GONZALES ANADOL,CARMONA HOSPITAL AND MEDICAL CENTER,nan
GRAN MARIA CYRENE,UNIHEALTH - STA. ROSA,nan
GUIANG KIMBERLY ANNE,UNIHEALTH SOUTHWOODS HOSPITAL AND MEDICAL CENTER,nan
GUINTO MA. GLENDA,FIRST CABUYAO HOSPITAL AND MEDICAL CENTER,nan
GUTTIEREZ ALFONSO,QUALIMED,nan
JOSE RAMON LENANDRO,UNIHEALTH SOUTHWOODS HOSPITAL AND MEDICAL CENTER,nan
LEBRUDO CESAR,CARMONA HOSPITAL AND MEDICAL CENTER,nan
LERPIDO ROMMEL,WESLAKE MEDICAL CENTER,nan
LI HENRY WINSTON,QUALIMED,nan
LIBROJO  RENE,THE MEDICAL CITY - SOUTH LUZON,nan
LIN TIM LAWRENCE,QUALIMED,nan
LODRONIO IVAN,UNIHEALTH - STA. ROSA,nan
LONTOC  ARMANDO,CARMONA HOSPITAL AND MEDICAL CENTER,nan
LOPEZ MARK ALLEN,THE MEDICAL CITY - SOUTH LUZON,nan
LOPEZ ELAINE,THE MEDICAL CITY - SOUTH LUZON,nan
LORAINE ANNE ADAYA,UNIHEALTH SOUTHWOODS HOSPITAL AND MEDICAL CENTER,nan
LUBATON-SACRO CHERYL ANNE,PERPETUAL HELP MEDICAL CENTER - BIÑAN,nan
MACALALAG ROLANDO,CARMONA HOSPITAL AND MEDICAL CENTER,nan
MACATULA JOELLE,FIRST CABUYAO HOSPITAL AND MEDICAL CENTER,nan
MACHUCA CASSANDRA,UNIHEALTH SOUTHWOODS HOSPITAL AND MEDICAL CENTER,nan
MAGABO MIKE,FIRST CABUYAO HOSPITAL AND MEDICAL CENTER,nan
MANLAPAZ MA. LUISA,THE MEDICAL CITY - SOUTH LUZON,nan
MANUEL PAUL ALBERT,UNIHEALTH SOUTHWOODS HOSPITAL AND MEDICAL CENTER,nan
MARBELLA  RAFAEL,UNIHEALTH SOUTHWOODS HOSPITAL AND MEDICAL CENTER,nan
MARIANO EVANELLE,FIRST CABUYAO HOSPITAL AND MEDICAL CENTER,nan
MARLON NARBARTE,UNIHEALTH SOUTHWOODS HOSPITAL AND MEDICAL CENTER,nan
MAYUGA RODELL,THE MEDICAL CITY - SOUTH LUZON,nan
MEDINA MARCO,QUALIMED,nan
MENDEZ BENJAMIN,NEW SINAI  MDI,nan
MENDOZA ROI JOSEPH,UNIHEALTH SOUTHWOODS HOSPITAL AND MEDICAL CENTER,nan
MIRANDA LEIMER,THE MEDICAL CITY - SOUTH LUZON,nan
MONTES ROMMEL,UNIHEALTH SOUTHWOODS HOSPITAL AND MEDICAL CENTER,nan
MULLANEDA ROWENA,WESLAKE MEDICAL CENTER,nan
MUTIA CARLO,UNIHEALTH SOUTHWOODS HOSPITAL AND MEDICAL CENTER,nan
NARCEDA  KRISTINE,QUALIMED,nan
NAVAROZZA ANN MARGARET,WESLAKE MEDICAL CENTER,nan
NIDO MA. THEA,GLOBAL CABUYAO HOSPITAL AND MEDICAL CENTER,nan
OLIVAREZ MICHAEL,DIVINE MERCY HOSPITAL - SAN PEDRO,nan
OLIVEROS JOHN RONALD,UNIHEALTH SOUTHWOODS HOSPITAL AND MEDICAL CENTER,nan
ORONCE ARMAN,WESLAKE MEDICAL CENTER,nan
PAJANEL MARGARETT,THE MEDICAL CITY - SOUTH LUZON,nan
PAJARILLO HANNAH,UNIHEALTH SOUTHWOODS HOSPITAL AND MEDICAL CENTER,nan
PALOMINO IMELDA,QUALIMED,nan
PARAS DANIELLE,THE MEDICAL CITY - SOUTH LUZON,nan
PICAR ROSALINDA,PERPETUAL HELP MEDICAL CENTER - BIÑAN,nan
RACPAN ARMANDO,THE MEDICAL CITY - SOUTH LUZON,nan
RAMOS  CHRISTIAN,THE MEDICAL CITY - SOUTH LUZON,nan
ROGELIO AMORANTO,UNIHEALTH - STA. ROSA,nan
ROQUE MICHALE JEREMY,FIRST CABUYAO HOSPITAL AND MEDICAL CENTER,nan
SANTOS MA RITA,CARMONA HOSPITAL AND MEDICAL CENTER,nan
SANTOS ROMAN,UNIHEALTH - STA. ROSA,nan
SAUD BASMAN,UNIHEALTH SOUTHWOODS HOSPITAL AND MEDICAL CENTER,nan
SISON JAIME,UNIHEALTH SOUTHWOODS HOSPITAL AND MEDICAL CENTER,nan
SOLDIVILLO LYNNE MICHELLE,GLOBAL CABUYAO HOSPITAL AND MEDICAL CENTER,nan
SORONIO KIM ANTHONY,UNIHEALTH SOUTHWOODS HOSPITAL AND MEDICAL CENTER,nan
TABUCAN CHRISTINA,UNIHEALTH - STA. ROSA,nan
TINOCO EMELROSE,UNIHEALTH - STA. ROSA,nan
TOLEDO GENEDEL,NEW SINAI  MDI,nan
TOLENTINO FERDINAND,DIVINE MERCY HOSPITAL - SAN PEDRO,nan
TOM LO,CARMONA HOSPITAL AND MEDICAL CENTER,nan
TORRES JEROME,ST. JAMES HOSPITAL INC. - STA. ROSA,nan
UMIL ROGELIO,UNIHEALTH SOUTHWOODS HOSPITAL AND MEDICAL CENTER,nan
VERACRUZ MARCO GIL,WESLAKE MEDICAL CENTER,nan
YNION CAROLINE,WESLAKE MEDICAL CENTER,nan
ZABLAN ANDREA,UNIHEALTH - STA. ROSA,nan
ACOSTA TOM-LOUIE,Ilocos Sur Medical City of Candon,nan
AGBAYANI ALICIA,RHU BATAC City (Edited),nan
AGDAMAG PEEBLE,Gabriela Silang Hospital,nan
AGULLANA CRISLIE CRISPIN,Laoag Provincial Hospital,nan
ALMAZAR ROMEN,St. James Hospital,nan
ANDAL VIDA,Andal Clinic Sto. Domingo I.S.,nan
ANDAL GEORGINA,Andal Clinic Sto. Domingo I.S.,nan
ANDRES XYROSE LEX DEO,Metro Vigan Cooperative Hospital,nan
ANTONIO ABIGAIL,Ilocos Sur Medical City of Candon,nan
ARELLANO STEVE,Northside Doctors Hospital,nan
ARTAJOS GODARD,Gabriela Silang Hospital,nan
ARTAJOS FRANCES,Gabriela Silang Hospital,nan
ASPIRAS IRENE,Magsingal District Hospital,nan
ASUNCION LESLIE,Northside Doctors Hospital,nan
AUSTRIA ABRAHAM,Ilocos Sur Medical Clinic and Cooperative Hospital,nan
BACCAY JENNIFER,Ilocos Sur Medical Clinic and Cooperative Hospital,nan
BACCAY MICHAEL MARTIN,Ilocos Sur Medical Clinic and Cooperative Hospital,nan
BAQUIRAN POCHOLO,Gabriela Silang Hospital,nan
BARBERO GENEBEDE,Barbero Clinic,nan
BARROGA MELODY,Candon General Hospital,nan
BARROGA PABLITO,Candon General Hospital,nan
BATTAD GLENN,St. James Hospital,nan
BAYTEC HAROLD,Suero Hospital,nan
BELLO JOSE,Candon City Hospital,nan
BIGORNIA BUTCH,Abra Provincial Hospital,nan
BILGERA ARJAY,Metro Vigan Cooperative Hospital,nan
BRINGAS JOSELITO,Abra Provincial Hospital,nan
BUENO LYNN,Pira Hospital,nan
BUMANGLAG CASTOR,Bumanglag Hospital,nan
BUMANGLAG  ALLAN,Corpuz Hospital,nan
BUNDAL LAURENCE OWEN,Gabriela Silang Hospital,nan
BURGOS ARIADNE,Assumpta Clinic Bangued,nan
BURGOS FELINO,Assumpta Clinic Bangued,nan
BURGOS MILAGROS,Assumpta Clinic Bangued,nan
BUTARDO MAX,St. James Hospital,nan
CABANG JUNEVA DAYE,Bangued Christian Hospital,nan
CABRERA JESSON DEO,Metro Vigan Cooperative Hospital,nan
CABUENA MICHELLE- LAGMAY,UNP HOSPITAL,nan
CADACIO MANUEL,Candon City Hospital,nan
CANDELARIO NIPSEY PAULO,Corpuz Hospital,nan
CARABBACAN CATHERINE,BUENO BLDG. LAOAG CITY,nan
CARDENAS MARILOU,Santa Health Center,nan
CARINGAL JEAN,Candon General Hospital,nan
CAUTON CLARO,Metro Vigan Cooperative Hospital,nan
CIRIACO MA. CRISTE,Candon City Hospital,nan
COCSON  QUINTIN,Mariano Marcos Memorial Hospital and Medical Center,nan
COMILANG ARNELIE,Abra Provincial Hospital,nan
CORPUZ FLORINA,Laoag Provincial Hospital,nan
CORPUZ MARTIN,Corpuz Hospital,nan
CORPUZ  MIA,Corpuz Hospital,nan
CORRALES-DEL ROSARIO MICHELLEEN,Gabriela Silang Hospital,nan
CRUZ VINA CUANANG,Mariano Marcos Memorial Hospital and Medical Center,nan
DALLO IMELDA,Karmelli Hospital,nan
DAUZ EUGENE,Tagudin District Hospital,nan
DE LA CRUZ JOICE,Laoag Provincial Hospital,nan
DE LEON JOHN CLEMENTE,Metro Vigan Cooperative Hospital,nan
DE PERALTA MARCELINO,Metro Vigan Cooperative Hospital,nan
DEVEZA JUDY PIPO,Northside Doctors Hospital,nan
DOMINGO ANGELICA MAE,Paoay Health Center,nan
DOMINGO ALFREDO,Paoay Health Center,nan
DULAY MA. CRISTINA,Mariano Marcos Memorial Hospital and Medical Center,nan
FADULLA ROLANDO,Black Nazarene Hospital,nan
FERI CHRISTIAN DALE,Ilocos Sur Medical Clinic and Cooperative Hospital,nan
FLOR BENJIE,Laoag Provincial Hospital,nan
FRAGANTE MARJORIE CARDENAS,Northside Doctors Hospital,nan
GALLERO MELANIE,Candon City Hospital,nan
GANANGAN SHIELA,Mariano Marcos Memorial Hospital and Medical Center,nan
GARGANTA CAMILO,Garganta Clinic Laoag,nan
GERTES ABBY,Black Nazarene Hospital,nan
GERTES GEMINIANO,Black Nazarene Hospital,nan
GONZALO DOMINETTA,Metro Vigan Cooperative Hospital,nan
GUERRERO JOEL,Gabriela Silang Hospital,nan
GUZMAN  ERWIN,Corpuz Hospital,nan
HADLOC  MARIA ALOIZA JOVEN,St. Martin De Porres Hospital,nan
LACUESTA  NICANOR,Metro Vigan Cooperative Hospital,nan
LEGASPI ERNELLI,St. Martin De Porres Hospital,nan
LIM ROBERT,Metro Vigan Cooperative Hospital,nan
LIM DIANA,Narvacan Health Center,nan
LUZADAS - FERI JELNA,Ilocos Sur Medical Clinic and Cooperative Hospital,nan
LUZOD ROBERT FRANCIS,Mariano Marcos Memorial Hospital and Medical Center,nan
MADAMBA MEIFEL JOYCE,Laoag Provincial Hospital,nan
MALVAR ROBERT,Laoag Provincial Hospital,nan
MANALO GUILLERMO,Karmelli Hospital,nan
MANALO AGNES,Karmelli Hospital,nan
MANUEL JOVIE JOY,Laoag Polyclinic,nan
MARCOS MELINDA,Narvacan District Hospital,nan
MARTIN TERESITA REALIN,Pira Hospital,nan
MAYUBAY NOREEN,Mariano Marcos Memorial Hospital and Medical Center,nan
MORALES MARY GRACE,Metro Vigan Cooperative Hospital,nan
NABLO MICHELLE,Candon City Hospital,nan
NARCELLES ZOILO,Pira Hospital,nan
NAVARRO RAINICK BRENHIZAR,Metro Vigan Cooperative Hospital,nan
OANDASAN KRISTEL,Magsingal District Hospital,nan
ONG ELTON,St. James Hospital,nan
PACQUING JONATHAN,St. Martin De Porres Hospital,nan
PALOMARES ELLEN,Mariano Marcos Memorial Hospital and Medical Center,nan
PASCUA JOSEPH,Resonable Hospital,nan
PASCUA MA. EILEEN,Resonable Hospital,nan
PATAO PETER,Northside Doctors Hospital,nan
PIPO ELIZABETH ANGELA,Metro Vigan Cooperative Hospital,nan
PIZZARO JOHN JEDRICK,Metro Vigan Cooperative Hospital,nan
PIZZARO NIJELL,St. James Hospital,nan
POLIDO HELEN JANE,Gabriela Silang Hospital,nan
PUNO CHESTER,Karmelli Hospital,nan
QUADRA CHRISTOPHER JOHN,Metro Vigan Cooperative Hospital,nan
QUILALA DEANNE,Mariano Marcos Memorial Hospital and Medical Center,nan
RABARA ELYZEL,Metro Vigan Cooperative Hospital,nan
RABARA  CHARLES HUBERT,Rabara Hospital,nan
RAFANAN  LESLIE,St. James Hospital,nan
RAGASA LILIBETH,RHU Santa Catalina,nan
REALIN NINO,Northside Doctors Hospital,nan
REFUERZO VIVENCIO,Northside Doctors Hospital,nan
RIAMBON DIANNE,Metro Vigan Cooperative Hospital,nan
RIAMBON MARVIN,Metro Vigan Cooperative Hospital,nan
RUBIO III LUIS JAKE,Corpuz Hospital,nan
SABATEN MA. FATIMA,Northside Doctors Hospital,nan
SAHAGUN MEDARD,Sahagun Clinic,nan
SALIGANAN PRINCESS,Suero Hospital,nan
SANTOS JOYCE,Mariano Marcos Memorial Hospital and Medical Center,nan
SANTOS-URNOS JOYCE,Mariano Marcos Memorial Hospital and Medical Center,nan
SARIAN  CORAZON,Ilocos Sur Medical Clinic and Cooperative Hospital,nan
SEARES ROY,Seares Hospital,nan
SERAOS DEXTER,Metro Vigan Cooperative Hospital,nan
SOLIVEN JUNARDIN,Narvacan District Hospital,nan
SUBIA DONALD,Ilocos Sur Medical Clinic and Cooperative Hospital,nan
SUERO LAURA PAULINE,Suero Hospital,nan
SUNIO RUEL,Suero Hospital,nan
SY MIMI ENA LUCIA,Pira Hospital,nan
TADEO BERNADETTE,Narvacan District Hospital,nan
TAGURDA ERNESTO,Metro Vigan Cooperative Hospital,nan
TANAWIT MIRTLE,Gabriela Silang Hospital,nan
TAYLAN ALLAN,Taylan Clinic Laoag,nan
TAYLAN LERMA FE,Mariano Marcos Memorial Hospital and Medical Center,nan
TIPALLO JOHANNA,Tagudin District Hospital,nan
TOLENTINO JOY MELCHORA,Gabriela Silang Hospital,nan
TRINIDAD ANGEL,Candon City Hospital,nan
TUGAS PORFIRIO,Gabriela Silang Hospital,nan
UGALE YVES,Mariano Marcos Memorial Hospital and Medical Center,nan
UIANO STEPHEN,Metro Vigan Cooperative Hospital,nan
URNOS JOYCE SANTOS,Mariano Marcos Memorial Hospital and Medical Center,nan
VALDEZ WINNIE,Narvacan District Hospital,nan
VELASCO LUZ,Metro Vigan Cooperative Hospital,nan
VERMUDEZ ROLANDO,Northside Doctors Hospital,nan
VIESTA AMADO,San Vicente Health Center,nan
VITAMOG MARINELLA,Gabriela Silang Hospital,nan
ZARA ROLAND,Gabriela Silang Hospital,nan
AGONCILLO ANDRE,De La Salle University Medical Center,nan
AGUILAR MON KENNETH,Gentri Medical Center and Hospital,nan
ALCAUSIN DENISE ANNE,General Emilio Aguinaldo Memorial Hospital,nan
ALTO CRISTAN,Wellcare Clinics & Lab. Inc.,nan
AMBAGAN SUZZETE,Korea-Philippines Friendship Hospital,nan
AMBAT JESUS,De La Salle University Medical Center,nan
AUSTRIA RINRI,City of General Trias Doctors Medical Center,nan
AZURIN EUNICE,Carmona Hospital and Medical Center,nan
BAUTISTA MERRY LOUISE,General Emilio Aguinaldo Memorial Hospital,nan
BELLEZA DANTE,MV Santiago Medical Center,nan
BERATIO LAKAN,Tagaytay Medical Center,nan
BERONCAL RICARDO,City of General Trias Doctors Medical Center,nan
BILLONES WILLIAM,De La Salle University Medical Center,nan
CABRERA MARGARITA,Korea-Philippines Friendship Hospital,nan
CALMA MARLISA,Korea-Philippines Friendship Hospital,nan
CASTILLO CONSTANTINO,City of General Trias Doctors Medical Center,nan
COLOBONG ARIANA,General Emilio Aguinaldo Memorial Hospital,nan
CONDE CHARLENE,Affordacare Diagnostics and Medical Clinic,nan
CORPUZ VICTORINO,Carmona Hospital and Medical Center,nan
CORTEZ MARC MILAN,General Emilio Aguinaldo Memorial Hospital,nan
CRISOSTOMO RHETT,Korea-Philippines Friendship Hospital,nan
DAYAOEN ADRIAN,Klinikalidad Medical Clinic and Laboratories,nan
DAYRIT GIANN FAITH,General Emilio Aguinaldo Memorial Hospital,nan
DE CASTRO RODERICK,Carmona Hospital and Medical Center,nan
DE LEMOS DIORDAN,Gentri Medical Center and Hospital,nan
DE VERA MARY JANE,Carmona Hospital and Medical Center,nan
DE VILLA IRIS,Carmona Hospital and Medical Center,nan
DIAMANTE ALVIN,Multilab Diagnostic And Health Services Clinic,nan
DIMAGIBA IVY,Gentri Medical Center and Hospital,nan
DOLOR ENINA,Multilab Diagnostic And Health Services Clinic,nan
FEROLLINO BRENDAN,De La Salle University Medical Center,nan
FERROLINO JOSE BRIAN,De La Salle University Medical Center,nan
FORONDA SHERWIN,City of General Trias Doctors Medical Center,nan
GACUSAN MARRY ANNE,Gentri Medical Center and Hospital,nan
GASTARDO ERICK JAMES,Velazco Hospital,nan
GO EUNICE,MV Santiago Medical Center,nan
GUEVARA LEMUEL,Tagaytay Medical Center,nan
GULAY COLEEN,De La Salle University Medical Center,nan
HAYAG NEILL ELVIN,City of General Trias Doctors Medical Center,nan
HERNANDEZ CRISTINA,Tagaytay Medical Center,nan
HERNANDEZ ANGELO,De La Salle University Medical Center,nan
HICAP REALINA,General Emilio Aguinaldo Memorial Hospital,nan
IDEA JEROME,City of General Trias Doctors Medical Center,nan
JARING CRISTINA,Tagaytay Medical Center,nan
JUNGCO MARIE VIC,City of General Trias Doctors Medical Center,nan
LAFAVILLA JIMMY,Tagaytay Medical Center,nan
LAGAJINO STEPHEN,General Emilio Aguinaldo Memorial Hospital,nan
LAPITAN JEMELYN,De La Salle University Medical Center,nan
LAUDATO NATALIE,Wellcare Clinics & Lab. Inc.,nan
LAYUG ARMANDO,Carmona Hospital and Medical Center,nan
LERPIDO ROMMEL,Carmona Hospital and Medical Center,nan
LIM ANNA,Healthmed Specialist Multi-Specialty Clinic,nan
LIM WENDELL,Velazco Hospital,nan
LIM BONIFACIO,Carmona Hospital and Medical Center,nan
LIMPO CZARINA ANNE,General Emilio Aguinaldo Memorial Hospital,nan
LOPEZ ROBERTO GABRIEL,De La Salle University Medical Center,nan
LOPEZ SHAHANIE,Sail Clinic,nan
LUMUBOS IRENEO,Korea-Philippines Friendship Hospital,nan
MAGNO CRISTINA,De La Salle University Medical Center,nan
MALAYAN GRACE,Carmona Hospital and Medical Center,nan
MALIG MARIELLE,Tagaytay Medical Center,nan
MANDIGMA GIA,Tagaytay Medical Center,nan
MANGAYA KNILLE ALLEN,Tagaytay Medical Center,nan
MANGUIAT KEANU AUGUSTO,General Emilio Aguinaldo Memorial Hospital,nan
MANTARING DAN MEYNARD,MV Santiago Medical Center,nan
MARASIGAN JASMIN,GMF Hospital,nan
MARAVILLOSA DGEORGE RAY,De La Salle University Medical Center,nan
MARFORI MICHAEL,De La Salle University Medical Center,nan
MARINO YOUSEF,Korea-Philippines Friendship Hospital,nan
MARQUEZ CHONA,R.S. Punzalan Multispecialty and Diagnostic Clinic,nan
MASBAD DOMINIQUE,Carmona Hospital and Medical Center,nan
MATANGUIHAN CARLO,De La Salle University Medical Center,nan
MATIRA JOHN KARLO,General Emilio Aguinaldo Memorial Hospital,nan
MENDOZA DANIEL JOSE,De La Salle University Medical Center,nan
MICLAT ABBIGAIL,General Emilio Aguinaldo Memorial Hospital,nan
MILLORA VON,City of General Trias Doctors Medical Center,nan
MINALDO FRANCIS JAN,General Emilio Aguinaldo Memorial Hospital,nan
MIRANDA LIEMER,Tagaytay Medical Center,nan
MISA DARWIN,Korea-Philippines Friendship Hospital,nan
MONTOYA ARNULFO,Velazco Hospital,nan
MORATO GERARDO,Korea-Philippines Friendship Hospital,nan
MORTEL RYAN,Carmona Hospital and Medical Center,nan
NAZARENO NEOMI GABRILLE,General Emilio Aguinaldo Memorial Hospital,nan
OLAZO DESIREE,Multilab Diagnostic And Health Services Clinic,nan
OLEA JOSSIE,GMF Hospital,nan
ONDA CHARLES,Wellcare Clinics & Lab. Inc.,nan
ORONCE ARMAN,Carmona Hospital and Medical Center,nan
OSTERIA BIANCA,General Emilio Aguinaldo Memorial Hospital,nan
PABELICO JOSE,Carmona Hospital and Medical Center,nan
PACHECO MARCELO,Tagaytay Medical Center,nan
PACIFICO JAIME,De La Salle University Medical Center,nan
PAGCALIWAGAN LORRAINE ANNE,Carmona Hospital and Medical Center,nan
PARTOSA MARIETTO,De La Salle University Medical Center,nan
PASCO CARLO,Tagaytay Medical Center,nan
PUNZALAN RUTH,R.S. Punzalan Multispecialty and Diagnostic Clinic,nan
RAGALADO JULIE ANN,De La Salle University Medical Center,nan
RAPACON JUROLY,Wellcare Clinics & Lab. Inc.,nan
REGINO NEIL,Carmona Hospital and Medical Center,nan
REMULLA FELICIDAD,Korea-Philippines Friendship Hospital,nan
RODIL JOHN PAOLO,General Emilio Aguinaldo Memorial Hospital,nan
ROMEN MICHAEL ALLAN,City of General Trias Doctors Medical Center,nan
SAGALA FAYE,Korea-Philippines Friendship Hospital,nan
SALVADOR SHERWIN,Tagaytay Medical Center,nan
SANTI RICARDO,De La Salle University Medical Center,nan
SANTI EZPERANZA,De La Salle University Medical Center,nan
SIGNH JACOB,De La Salle University Medical Center,nan
TAMANO BIENVENIDO,Tagaytay Medical Center,nan
TAN EDILBERTO,Carmona Hospital and Medical Center,nan
TAPIA MYLENE,Tagaytay Medical Center,nan
TIBUBOS MAEBRITT WINCENT,De La Salle University Medical Center,nan
TIU VILMA,Carmona Hospital and Medical Center,nan
TORELAVEGA JONIL,City of General Trias Doctors Medical Center,nan
UY EZPERANZA,De La Salle University Medical Center,nan
VIDALLO ALEXIS,Tagaytay Medical Center,nan
VILLAFLOR WALLY,Multilab Diagnostic And Health Services Clinic,nan
VILLAMAR ANNE MAUREEN,Korea-Philippines Friendship Hospital,nan
ZOPFI AGNES,Wellcare Clinics & Lab. Inc.,nan
MARQUEZ JONILYN,PLANET MCH,nan
ABASTILLAS HELENE CLAIRE,MEDICAL CENTER TAGUIG,nan
ADIAO JOSEFINO,JAPEDIA CLINIC,nan
AGDAMAG ANN MARGARET,MEDICAL CENTER TAGUIG,nan
AGSANTO PAULINE,PASAY CITY GENERAL HOSPITAL,nan
AGUILAR RHODORA,MEDICAL CENTER TAGUIG,nan
AGUIRRE-GISBERT SUZETTE MARIEFRANCES,Makati Medical Center,nan
AGUSTIN THERESITA,HEALTHWAY MARKET MARKET,nan
AHERRERA ANNEBELLE,Makati Medical Center,nan
ALAGOS ARCHAEL JUN,Makati City Hall,nan
ALAY-AY ELIZA,MEDICAL CENTER TAGUIG,nan
ALCANTARA LYDIA,MEDICAL CENTER TAGUIG,nan
ALEBIN JOVITO,Makati City Hall,nan
ALIMUOT DEXTER,HEALTHWAY MARKET MARKET,nan
ALVIA PATRICIA,Makati Medical Center,nan
ALZAGA JILLIAN  ISABEL,Ospital Ng Makati,nan
AMBROCIO REYMOND,PLANET OSMAK,nan
ANDAL MARIA FE,Rapha Maternity Clinic,nan
ANGELES CHARLENE ALEXIS,PASAY CITY GENERAL HOSPITAL,nan
ANTONIO MARY ANN,MEDICAL CENTER TAGUIG,nan
APELO MA. RIMA,MEDICAL CENTER TAGUIG,nan
AREVALO-BANAGA SANDRA,MEDICAL CENTER TAGUIG,nan
ASTUDILLO MA. VERONICA KAYE,PASAY CITY GENERAL HOSPITAL,nan
AUSTRIA MARIANNE,ST CLARE MEDICAL CENTER,nan
AVIGUETERO APRIL,SAN JUAN DE DIOS HOSPITAL,nan
BAJO JANETTE,Makati City Hall,nan
BALAO KATRINA,ARMY GENERAL HOSPITAL,nan
BALBIDO ROSABELLA,Balbido OB Clinic,nan
BALBIDO ROSEMIN,Balbido OB Clinic,nan
BALDEVARONA ERIN,MEDICAL CENTER TAGUIG,nan
BALDOS EMMARUTH,Baldos Medical Clinic,nan
BAMBALAN JHOCYLYN,HEALTHWAY MARKET MARKET,nan
BATTO SOFIA KHRISTINA,MAXICARE AYALA NORTH EXCHANGE,nan
BAUTISTA DANIEL,Harrison Medical Clinic,nan
BAUTISTA JANETTE,EC Care Clinic,nan
BONALES-CODILLA ROELA,MEDICAL CENTER TAGUIG,nan
BONOAN MARIA ZENAIDA,HEALTHWAY MARKET MARKET,nan
CABINTE JOWI,K8 Doctors,nan
CACAYURIN AIREEN,St Therese Multi specialty,nan
CAEDO-LIM MARIA SOCORRO,Makati Medical Center,nan
CALAMAY MAFIL,RECUENCO HOSPITAL,nan
CANDELARIO REUBENNE,Makati City Hall,nan
CASIHAN ADELIA,MEDICAL CENTER TAGUIG,nan
CASTRO CARLA,Makati Medical Center,nan
CEDENIO ROSCHELLE,HEALTHWAY MARKET MARKET,nan
CHOTANGCO MARIA ELLEN,Makati Medical Center,nan
CONTADO MARLENE,Contado Lying in,nan
CONTI-RAFAEL RACHEL,SAN JUAN DE DIOS HOSPITAL,nan
CORTEZ ANTONIO,PASAY CITY GENERAL HOSPITAL,nan
CRUEL ALDABELLE LABANEN,Makati Medical Center,nan
CRUZ CELINA,MAXICARE AYALA NORTH EXCHANGE,nan
CUADRA CHRISTINA,MEDICAL CENTER TAGUIG,nan
DANAO NINA RIANNA,MAXICARE AYALA NORTH EXCHANGE,nan
DE CASTRO CAMILLE,Makati Medical Center,nan
DE GRANO-MORAVE JOANNE,Makati Medical Center,nan
DE JOYA MADELENE ANG,Makati Medical Center,nan
DE QUIROS MELISSA LOURDES,Makati Medical Center,nan
DEL CASTILLO MA CRISTINA,Balbido OB Clinic,nan
DEL ROSARIO-BUSTOS RHODORA,Makati Medical Center,nan
DELOS SANTOS APPLE GREECE,PLANET MAIN SAN JUAN,nan
EBDANE GEROSALYN,PASAY CITY GENERAL HOSPITAL,nan
ESPINO MELANIE,EC Care Clinic,nan
ESTRELLANES VINELLA,K8 Doctors,nan
FELIPE GOEFFREY,Makati City Hall,nan
FERNANDO ANNE LORRAINE,Makati Medical Center,nan
FERRER KISSETE,PASAY CITY GENERAL HOSPITAL,nan
FLORES ARNIE,PASAY CITY GENERAL HOSPITAL,nan
FLORES VALERIE,MAXICARE AYALA NORTH EXCHANGE,nan
GALANG VIRGILIO,Galang Medical Clinic,nan
GALI CELESTE,Makati Medical Center,nan
GALVEZ JOBERNALYN,PASAY CITY GENERAL HOSPITAL,nan
GAMBOA GRACE,MEDICAL CENTER TAGUIG,nan
GARCIA  DORIS,MAXICARE AYALA NORTH EXCHANGE,nan
GAVIOLA CHRISTOPHER,EC Care Clinic,nan
GENEROSO JESSICA,Lords Grace Medical,nan
GLORIA ANAFE,Makati Medical Center,nan
GO-ANAT NATIVIDAD,K8 Doctors,nan
GONZALES ERICA TRICIA,Poblacion H.C,nan
GONZALES ROSARIO,HEALTHWAY MARKET MARKET,nan
GOZON-FRANCISCO MARIA LIZA,Makati Medical Center,nan
GRAVADOR JASMIN,Contado Lying in,nan
GRECIA ODETTE,MEDICAL CENTER TAGUIG,nan
GUERRERO CARMEL JOY,Lords Grace Medical,nan
GUINTO-ELARDE CHERRY LOU,MEDICAL CENTER TAGUIG,nan
HABAWEL EILEEN,Harrison Medical Clinic,nan
HABAWEL CAMILLE,Harrison Medical Clinic,nan
HENSON MARIA THERESA,Makati Medical Center,nan
HERNANDEZ SHEILA,Makati Medical Center,nan
HERRERA ALEXANDRA,Makati Medical Center,nan
HUBILLA-NAGULAT MICHELLE,MAXICARE AYALA NORTH EXCHANGE,nan
IBANEZ ELLA,HEALTHWAY MARKET MARKET,nan
IFURUNG-GONZALES ELIZABETH,Makati Medical Center,nan
IMBAO JOCELYN,MEDICAL CENTER TAGUIG,nan
IMPERIO-ONGLAO ROMELYN APRIL,Makati Medical Center,nan
INFORTUNO NINI,MEDICAL CENTER TAGUIG,nan
ISON CRISTINA,St Therese Multi specialty,nan
JAVIER MA. BARBARA,MEDICAL CENTER TAGUIG,nan
JOAQUIN MARY DENISE,PASAY CITY GENERAL HOSPITAL,nan
JOVER MA. AMELITA CORAZON,SAN JUAN DE DIOS HOSPITAL,nan
KHO PATRICIA FLORESTINE,Makati Medical Center,nan
LAPITAN RONA,Makati Medical Center,nan
LATON AUREA,Rodriguez Clinic,nan
LIM-WANG MARY ANN,Lim-Wang OB Clinic,nan
LIMSON MARGARETTE,Makati Medical Center,nan
LLAMAS-CLARK ERLIDIA,MEDICAL CENTER TAGUIG,nan
LOGRONIO MELINDA,Balbido Laboratory,nan
LUZANO RIVA,MAXICARE AYALA NORTH EXCHANGE,nan
MAKI MARGARITA,SAN JUAN DE DIOS HOSPITAL,nan
MALINAO CRISTINA,RECUENCO HOSPITAL,nan
MANAHAN MARTIN,Makati Medical Center,nan
MANAHAN MARIA REGINA,Makati Medical Center,nan
MANCE GINA,MANCE MEDICAL CLINIC,nan
MANGUBAT JOAN,MEDICAL CENTER TAGUIG,nan
MARANAN APRIL JOY,PASAY CITY GENERAL HOSPITAL,nan
MATEO SHEILA,MEDICAL CENTER TAGUIG,nan
MEDEL RAQUEL,RECUENCO HOSPITAL,nan
MEDINA CLEOFE,Makati Medical Center,nan
MENDOZA GERALDINE,Makati Medical Center,nan
MENDOZA EUGENIA,MEDICAL CENTER TAGUIG,nan
MENDOZA ROMEO,Makati Medical Center,nan
MENENDEZ BEVERLY,MAXICARE AYALA NORTH EXCHANGE,nan
MINOZA SIMON,MINOZA MEDICAL CLINIC,nan
MINOZA NICEFORA,MINOZA MEDICAL CLINIC,nan
MIRAVALLES MA. CRISTINA,Makati Medical Center,nan
MOLINA SUNSHINE,MEDICAL CENTER TAGUIG,nan
MONTENEGRO GIANNA,Makati Medical Center,nan
MORE STEPHANIE NADINE,ARMY GENERAL HOSPITAL,nan
NABONG GELOME,PASAY CITY GENERAL HOSPITAL,nan
NICOLAS ANA MARIE,HEALTHWAY MARKET MARKET,nan
NOBLE LORNA,Rodriguez Clinic,nan
OCAMPO ALTONETTE,Harrison Medical Clinic,nan
OCAMPO KRIS CELINE,PASAY CITY GENERAL HOSPITAL,nan
OCAMPO SHERYL,ARMY GENERAL HOSPITAL,nan
OCAMPO-TAPIA MINNOU,SAN JUAN DE DIOS HOSPITAL,nan
ODEVILLAS MARIA TERESA,MEDICAL CENTER TAGUIG,nan
ONGCHUAN CAMILLE,Makati Medical Center,nan
PACHECO LARA,SAN JUAN DE DIOS HOSPITAL,nan
PAGANAJE-BAYONG CLAIRE,EC Care Clinic,nan
PALALA ZEANATH,Makati Medical Center,nan
PALMA RICO,Good Palms Clinic,nan
PALMA GERALDINE,MEDICAL CENTER TAGUIG,nan
PARAGUYA LIZA,K8 Doctors,nan
PASCUAL HAZEL,MEDICAL CENTER TAGUIG,nan
PATTAUI PASCUAL,St Therese Multi specialty,nan
PELONIA MAY,ANTE MEDICAL CLINIC,nan
POBLETE JANINA,Makati Medical Center,nan
PUTERA VICTOR,EC Care Clinic,nan
RAJAGUKGUK IRMA,MEDICAL CENTER TAGUIG,nan
RAMIREZ VIANN JADE,PASAY CITY GENERAL HOSPITAL,nan
REAL BERNADETTE,MEDICAL CENTER TAGUIG,nan
RECUENCO EVELYN,RECUENCO HOSPITAL,nan
RENOVALLES LUNINGNING,ARMY GENERAL HOSPITAL,nan
REYHIPOLITO VICTORIA,SAN JUAN DE DIOS HOSPITAL,nan
REYLES RAMON,Makati Medical Center,nan
RIVERA REGINA,MEDICAL CENTER TAGUIG,nan
RIVERO JANE,Makati City Hall,nan
RIVO ANGELI,MEDICAL CENTER TAGUIG,nan
ROLDAN ELVIRA,MEDICAL CENTER TAGUIG,nan
ROSARIO HERBERT,MEDICAL CENTER TAGUIG,nan
SALANDANAN MICHELLE,MEDICAL CENTER TAGUIG,nan
SALAZAR BELINDA,MEDICAL CENTER TAGUIG,nan
SALINEL REY,Balbido Laboratory,nan
SANTOS ELEANOR,HEALTHWAY MARKET MARKET,nan
SANTOS NORA,Makati Medical Center,nan
SANTOS LORENA,ST CLARE MEDICAL CENTER,nan
SANTOS RACHEL,MEDICAL CENTER TAGUIG,nan
SANTUELE GERRA CARLA,PASAY CITY GENERAL HOSPITAL,nan
SERRANO SHEILA,MEDICAL CENTER TAGUIG,nan
SESE BERNARD,Makati City Hall,nan
SILONGA-ARCE HERMINIA,SAN JUAN DE DIOS HOSPITAL,nan
SILVERIO ZALDY,SAN JUAN DE DIOS HOSPITAL,nan
SOLER NATIVIDAD,Makati Medical Center,nan
STA ANA CECILE,SAN JUAN DE DIOS HOSPITAL,nan
STO. DOMINGO MARINETTE,Makati Medical Center,nan
SUSA KRISTINE,PASAY CITY GENERAL HOSPITAL,nan
TALEON EDITHA,CRUZ RABE HOSPITAL,nan
TAMAYO KEVIN,MINOZA MEDICAL CLINIC,nan
TAN KATRINA,Makati Medical Center,nan
TANCHULING RYAN,SAN JUAN DE DIOS HOSPITAL,nan
TANYAG AL,St Therese Multi specialty,nan
TIU ELISSA,SAN JUAN DE DIOS HOSPITAL,nan
TUD RAISSA,MAXICARE AYALA NORTH EXCHANGE,nan
TUMANENG-TORRE SALVE,SAN JUAN DE DIOS HOSPITAL,nan
VERGEL DE DIOS MARIA BIANCA,Makati Medical Center,nan
VIDUYA MERCEDES,Makati Medical Center,nan
VIERNES CARMEN,HEALTHWAY MARKET MARKET,nan
VILLAFRIA FE,Makati Medical Center,nan
VILLANUEVA GENEVIEVE,MEDICAL CENTER TAGUIG,nan
VILLARUEL-VIDAMO MAYBELLE,K8 Doctors,nan
VILLEGAS PAULITA ANOVER,Makati Medical Center,nan
VILLEGAS SOPHIA,Makati Medical Center,nan
VINEGAS ELY AMOR,MEDICAL CENTER TAGUIG,nan
YOUNG MAE SYKI,Makati Medical Center,nan
YU NINA ROJANA,Balbido OB Clinic,nan
ZABALLA JOAN,MEDICAL CENTER TAGUIG,nan
ZSHORNACK EMMAN,PLANET MAIN SAN JUAN,nan
ABANTAO MARILYN,MARBEL KORONADAL DIAGNOSTIC,nan
ABDULA SIRIKIT,COTABATO PROCARE DIAGNOSTICS,nan
ALCOVER JEAN,GENSAN SOCSARGEN COUNTY HOSPITAL,102886.0
AMOROSO GAUDIOSO,MARBEL KORONADAL PROVINCIAL HOSPITAL,nan
ANDRES MARK DONN,ISULAN VITAL HEALTH,nan
ANG  JOANNE,GENSAN DOCTORS HOSPITAL,nan
ANGDAGCO CLAIRE,GENSAN DOCTORS HOSPITAL,nan
APOSTOL ARCHIE,MARBEL MD SQUARE CLINICS,nan
ARIAS  MELANNIE MARIE,GENSAN ST.ELIZABETH HOSPITAL,44716.0
ARTES WENG,KIDAPAWAN ARTES MEDICAL CLINIC,nan
BEDOL LINTANG,COTABATO TERRITORIALS,nan
BENDITA JESSON,MARBEL ALLAH VALLEY HOSPITAL,nan
BILLENA SALVACION,GENSAN DOCTORS HOSPITAL,nan
BOLOICO BOMBISHAZZAR,GENSAN MEDICAL AND DIAGNOSTIC NEAR MANDAUE FOAM,nan
BUENAFLOR FASL,COTABATO CRMC,nan
BUENAFLOR KAY,MARBEL BUENAFLOR MEDICAL CLINIC,nan
CABRILES MYLINA,KIDAPAWAN CABRILLES MEDICAL,nan
CABRILES EMMANUEL,KIDAPAWAN CABRILLES MEDICAL,nan
CAMBRONERO RODOLFO,MIDSAYAP TERRITORIALS,nan
CANDA ANTHONY,GENSAN SPEACIALIST CLINICS,nan
CAOAGDAN EMILIO,CAOAGDAN CLINIC,72789.0
CATHEDRAL LANCE,MARBEL MD SQUARE CLINICS,nan
CEREZO CYRILLE,MARBEL QUALITY HEALTH CLINIC,nan
CHEN CHUA,KIDAPAWAN MADONA HOSPITAL,nan
COPIA CARLO MARTIN,GENSAN SOCSARGEN COUNTY HOSPITAL,nan
CORNELIO ELY,GENSAN DOCTORS HOSPITAL,nan
CORNELIO LEX THADDEUS,GENSAN SPEACIALIST CLINICS,103107.0
DAGANG DARYL JADE,MARBEL DAGANG CLINIC,nan
DAGANG VERNIE,MARBEL DAGANG CLINIC,nan
DALAPO GEMA,KIDAPAWAN SPECIALIST CLINICS,nan
DATUKON RON,COTABATO CDC,nan
DE CASTRO FROILAN,GENSAN ST.ELIZABETH HOSPITAL,nan
DECOLONGON REX,GENSAN ST.ELIZABETH HOSPITAL,nan
DELA CRUZ GENEVIEVE,LIBUNGAN MOUNT OF BLESSING HOSPITAL,nan
DELA CRUZ WETZEL,LIBUNGAN MOUNT OF BLESSING HOSPITAL,nan
DELOS REYES DENESE,KIDAPAWAN MADONA HOSPITAL,nan
DERECHO DYMPHNA,ISULAN VITAL HEALTH,nan
DICCION  FLOHERNA,MARBEL KORONADAL DIAGNOSTIC,109273.0
DIDELES ALLAN,MARBEL TERRITORIAL CLINICS,nan
DIMAANO EXEQUIEL,KIDAPAWAN MADONA HOSPITAL,nan
DINAH SATO,KIDAPAWAN CABRILLES MEDICAL,nan
DIPANTAR NAJMAH,COTABATO UDH,nan
DIZOR EMILY,MIDSAYAP TERRITORIALS,93147.0
DOMINISAC ROCHELLE ANN,GENSAN DOCTORS HOSPITAL,nan
DONASCO DANIEL,GENSAN TERRITORIAL CLINICS,68873.0
DUMAMA SHANA RIZZA,COTABATO POLYCLINIC,111478.0
EMBALSADO CHRISTOPHER,KIDAPAWAN SPECIALIST CLINICS,nan
ESCOTE LAILA,POLOMOLOK ESOTE MEDICAL CLINIC,nan
ESTACION EXCEL,MARBEL MD SQUARE CLINICS,nan
FLORES BRYAN,TACURONG ST. LOUIE HOSPITAL,67835.0
GALAEZ RONALD,POLOMOLOK HERAMIL HOSPITAL,nan
GALANG DANILLE EMERALD,MARBEL TERRITORIAL CLINICS,nan
GALIA ANALYZA,GENSAN ST.ELIZABETH HOSPITAL,nan
GUAZO AILEEN,GENSAN SPEACIALIST CLINICS,nan
GUERRERO RUBY JANE,TACURONG ST. LOUIE HOSPITAL,nan
GUINMAPANG AMOR,MIDSAYAP TERRITORIALS,nan
GUINZON ABDULNHOK,COTABATO BANGSAMORO HOSPITAL,nan
GULENG-GAEL HAZEL MAE,MIDSAYAP TERRITORIALS,nan
HERAMIL HILARION,POLOMOLOK HERAMIL HOSPITAL,nan
HUDIERES CHERYL,GENSAN SOCSARGEN COUNTY HOSPITAL,nan
IBRAHIM BAI SHALIMAR,COTABATO CDC,nan
IBRAHIM PRINCE SYDREY,COTABATO BANGSAMORO HOSPITAL,nan
INAMAC JOHNOR,GENSAN POLYCLINIC,nan
JACOBO CELBERT,MIDSAYAP ST.PIUS HOSPITAL,nan
JACOBO FLORA MAE,MIDSAYAP ST.PIUS HOSPITAL,nan
KRISTINE REYES,KIDAPAWAN SPECIALIST CLINICS,nan
LACSAMAN MICHAEL VAL ANGELO,POLOMOLOK ESOTE MEDICAL CLINIC,nan
LAFORTEZA ALEXIS ROBERTO,KIDAPAWAN SPECIALIST CLINICS,nan
LAGUMEN TENCH,ISULAN VITAL HEALTH,nan
LAO DICKSON,COTABATO POLYCLINIC,78249.0
LAUBAN CHEERILOU,COTABATO UDH,nan
LAY EDUARDO,MARBEL TERRITORIAL CLINICS,nan
LAY MICHAEL EDWARD,MARBEL TERRITORIAL CLINICS,nan
LIZARDO ROSAMINDA,GENSAN POLYCLINIC,nan
LU MARY ANNE,COTABATO TERRITORIALS,nan
LUCERO MYLEEN,GENSAN DOCTORS HOSPITAL,nan
MACADATO BAI TARJATA,COTABATO CDC,80715.0
MACAILING JURINA,NOT SPECEFIED,nan
MAGBANUA CHERRY,NOT SPECEFIED,nan
MAGBANUA RONALD,NOT SPECEFIED,nan
MALALUAN NAMPHRIL,KIDAPAWAN MADONA HOSPITAL,nan
MAMADRA LOIQUI JANE,COTABATO CDC,nan
MAMALUBA PAMELA,COTABATO CRMC,104760.0
MANCERA JANSEN,MARBEL PINGGOY HOSPITAL,nan
MANGELEN FARISHA,COTABATO UDH,59020.0
MARTINEZ ELNA,MARBEL TERRITORIAL CLINICS,74955.0
MAZO JOLYLE,GENSAN MEDICAL AND DIAGNOSTIC NEAR MANDAUE FOAM,57349.0
MENGUITA MARK,MARBEL TERRITORIAL CLINICS,nan
MILLENDEZ ELEAZAR,MARBEL QUALITY HEALTH CLINIC,nan
MIRABUENO NINA KATHRINA,GENSAN SOCSARGEN COUNTY HOSPITAL,nan
MOJICA MA.JOSEFA,KIDAPAWAN SPECIALIST CLINICS,nan
MOKAMMAD JEHAN,COTABATO UDH,nan
MONTECILLO ACHILLES,GENSAN MEDICAL AND DIAGNOSTIC NEAR MANDAUE FOAM,nan
MONTECILLO MAX JOSEPH,GENSAN MEDICAL AND DIAGNOSTIC NEAR MANDAUE FOAM,nan
MONTECILLO REX,GENSAN MEDICAL AND DIAGNOSTIC NEAR MANDAUE FOAM,nan
MUDANZA SHERYL GRACE,KIDAPAWAN SPECIALIST CLINICS,nan
MUDANZA HENRY,KIDAPAWAN SPECIALIST CLINICS,nan
NIEL HUMPREY LAQUIHON,KIDAPAWAN MADONA HOSPITAL,nan
NON CARLO,MARBEL KORONADAL DIAGNOSTIC,nan
ODI ANTONIETTA,GENSAN TERRITORIAL CLINICS,nan
PADILLA JORGE,COTABATO CRMC,nan
PADUA ALFREDO,MIDSAYAP TERRITORIALS,nan
PARAS KATHERINE,NOT SPECEFIED,nan
PARAS BARBARA,MARBEL KORONADAL DIAGNOSTIC,nan
PASCASIO BELEN,TACURONG TERRITORIAL CLINICS,nan
PASCUAL MA. THERESA,MARBEL JEEL MEDICAL CLINIC,nan
PATINO MIGUELITA,MIDSAYAP TERRITORIALS,nan
PELERE DAVE MAR,MARBEL KORONADAL DIAGNOSTIC,nan
PEREZ MARK ANDREW,GENSAN SPEACIALIST CLINICS,nan
PILLORA VIMA,GENSAN ST.ELIZABETH HOSPITAL,94799.0
PONCE NIMROD,GENSAN ST.ELIZABETH HOSPITAL,nan
RANGGAN KIM,MARBEL KORONADAL DIAGNOSTIC,nan
RETIRADO MELGAR,ISULAN DOCTORS HOSPITAL,nan
REYES JERRY,KIDAPAWAN SPECIALIST CLINICS,nan
REYES JENNIFER LEE,MARBEL PINGGOY HOSPITAL,nan
SALCEDO HIMAYA,MARBEL KORONADAL PROVINCIAL HOSPITAL,nan
SAMANODI SAMANTHA,COTABATO BANGSAMORO HOSPITAL,nan
SANCHEZ ARIANNE,MARBEL PINGGOY HOSPITAL,nan
SEGOCIO GLEN,KIDAPAWAN SPECIALIST CLINICS,nan
SERENCIO LUCILE,MIDSAYAP TERRITORIALS,nan
SINARIMBO RAJMOHAN,COTABATO BANGSAMORO HOSPITAL,nan
SINSUAT BAI SCHAILA,COTABATO DOCTORS CLINIC,nan
SINSUAT BAI NAIDA,COTABATO CDC,nan
SOLAIMAN BAI RAMLYN,COTABATO BANGSAMORO HOSPITAL,nan
TANTAY VAL ANDREW,GENSAN SPEACIALIST CLINICS,nan
TANUDTANUD LEILA,MIDSAYAP TERRITORIALS,nan
TARONGOY ELY,MIDSAYAP TERRITORIALS,nan
TEJADA JOSEPH,COTABATO NDH,nan
TORRES EUNICE,COTABATO NDH,nan
TUMABIENE KRISTINE,TACURONG ST. LOUIE HOSPITAL,nan
UNDANGAN ROCKY,GENSAN TERRITORIAL CLINICS,nan
USON CONRAD,COTABATO NDH,nan
UY CASILDA,MARBEL KORONADAL DIAGNOSTIC,nan
UY KHRISTINE,GENSAN SOCSARGEN COUNTY HOSPITAL,84518.0
VARGAS PAULINE JEA,KIDAPAWAN ST.PEREGRINE HOSPITAL,nan
VILLALON JANIZA,KIDAPAWAN SPECIALIST CLINICS,nan
YAP JOANNE KRISTINE,TACURONG ST. LOUIE HOSPITAL,nan
YAP LUCY ANN,TACURONG ST. LOUIE HOSPITAL,nan
YOUNG JAMES,KIDAPAWAN SPECIALIST CLINICS,nan
ADARNA ANDREW,CLINICA ADARNA,nan
ALCID MARK ALDRIN,DR. JOSE C. DELGADO MEMORIAL HOSPITAL,nan
ALMAZAN NATIVIDAD,ST. LUKE'S MEDICAL CENTER,nan
ALMONTE RENERIO,ST. LUKE'S MEDICAL CENTER,nan
ALONSO JEAN ROSCHELLE,TMC GATEWAY,nan
ANG CATHERINE,DR. JOSE C. DELGADO MEMORIAL HOSPITAL,nan
APALE NEIL LOUIS,ST. LUKE'S MEDICAL CENTER,nan
ARANAS JOSEPH ANTHONY,ST. LUKE'S MEDICAL CENTER,nan
ARANAS ELLEN GLORIA,MEGACENTER DIAGNOSTIC,nan
ATIENZA JOANNE ELIZABETH,ST. LUKE'S MEDICAL CENTER,nan
BACANI HAZEL,AFP GENERAL HOSPITAL,nan
BACOLCOL SILVEROSE ANNE,ST. LUKE'S MEDICAL CENTER,nan
BALANKIG MERCEDES,SSS CUBAO,nan
BALCONADO ALICIA,ST. LUKE'S MEDICAL CENTER,nan
BARCEBAL JENNIFER,BARCEBAL CLINIC,nan
BARRERA FELIX,QUEZON INSTITUTE,nan
BARRIGA MACRINA,MEDISPECIALIST CENTER,nan
BERNARDO PAOLO MIGUEL,ST. LUKE'S MEDICAL CENTER,nan
BIASON MELISSA,ST. LUKE'S MEDICAL CENTER,nan
BONGALOS GAIL ANN,ST. LUKE'S MEDICAL CENTER,146363.0
BONGOSIA MARY ARLENE,ST. LUKE'S MEDICAL CENTER,nan
BUMATAY JEROME,ST. LUKE'S MEDICAL CENTER,nan
CABURNAY ELOISE ARABELLE,ST. LUKE'S MEDICAL CENTER,nan
CALICA CHRISTINE,FRIENDLY CARE CLINIC,nan
CALLEJA HENRY GERARD,ST. LUKE'S MEDICAL CENTER,nan
CAMPOMANES CELESTE MAE,ST. LUKE'S MEDICAL CENTER,nan
CARPELA ALLAN,ST. LUKE'S MEDICAL CENTER,nan
CASILE RAY,ST. LUKE'S MEDICAL CENTER,nan
CASTILLO RANDY,ST. LUKE'S MEDICAL CENTER,nan
CHAN PENNY,ST. LUKE'S MEDICAL CENTER,nan
CHUA JEZREEL,ST. LUKE'S MEDICAL CENTER,nan
CO GLORIA,TMC GATEWAY,nan
COLMENAR MANUEL TOMAS,ST. LUKE'S MEDICAL CENTER,nan
COLOMA MONETTE,DR. JOSE C. DELGADO MEMORIAL HOSPITAL,nan
CORONEL MARY CLARE CARMELLE,DELOS SANTOS HOSPITAL,nan
CRUZ TEODORO,ST. LUKE'S MEDICAL CENTER,nan
DAMPIL OLIVER ALLAN,ST. LUKE'S MEDICAL CENTER,nan
DAYRIT RHIA JOY,THE MEDICAL CITY CYBERPARK,nan
DE BELEN RUFILY ANNE,DR. JOSE C. DELGADO MEMORIAL HOSPITAL,nan
DE LEON GABRIEL,DR. JOSE C. DELGADO MEMORIAL HOSPITAL,nan
DE LEON SONIA,"MADRID POLYCLINIC AND DIAGNOSTIC CENTER, INC.",nan
DE LUNA ANNA VICTORIA,THE MEDICAL CITY CYBERPARK,nan
DEL ROSARIO LAURA,CARITAS HEALTH SHIELD E. RODRIGUEZ,nan
DELA CRUZ ROGELIO,NEPHROCARE,nan
DIOLA RIOLOIDA,ST. LUKE'S MEDICAL CENTER,nan
DOLOR MARRINEL,"MADRID POLYCLINIC AND DIAGNOSTIC CENTER, INC.",nan
DUMIA MARIANO,ST. LUKE'S MEDICAL CENTER,nan
DUMO CRISTOBAL JR.,ST. LUKE'S MEDICAL CENTER,nan
DY ALEXANDER EDWARD,ST. LUKE'S MEDICAL CENTER,nan
ENRIQUEZ JHON RYAN,ST. LUKE'S MEDICAL CENTER,nan
ESPOSO EVELYN,MEGACENTER DIAGNOSTIC,nan
ETOR WENZYL JEAN,AFP GENERAL HOSPITAL,nan
EUROPA GILLY MAY,ST. LUKE'S MEDICAL CENTER,nan
FAJARDO RONALD,ST. LUKE'S MEDICAL CENTER,nan
FORMALEJO JOHN PAUL,THE MEDICAL CITY CYBERPARK,nan
GABALDON WILLIAM,QUEZON INSTITUTE,nan
GADDI ADELAIDA,ST. LUKE'S MEDICAL CENTER,nan
GOLPEO KIRSTEN,"MADRID POLYCLINIC AND DIAGNOSTIC CENTER, INC.",nan
GONZALES MA. NERISSA,THE MEDICAL CITY CYBERPARK,nan
GREGORIO RICHMOND,ST. LUKE'S MEDICAL CENTER,nan
GUAIB NORBERT,ST. LUKE'S MEDICAL CENTER,nan
GUEVARA EMMA,ST. LUKE'S MEDICAL CENTER,nan
HAWSON FREDERICK,ST. LUKE'S MEDICAL CENTER,nan
HUFANO MA.CHARMAIN,DE LOS SANTOS MEDICAL CENTER,nan
JACER EDITHA,AFP GENERAL HOSPITAL,nan
JURILLA RAYMOND VINCENT,ST. LUKE'S MEDICAL CENTER,nan
LACSAMANA ROSELLA,ST. LUKE'S MEDICAL CENTER,nan
LAGMAN CARLOS,WORLD CITI MEDICAL CENTER,nan
LAIGO ALLEN ALBERT,"MADRID POLYCLINIC AND DIAGNOSTIC CENTER, INC.",nan
LAO JAMES MICHAEL,"AVENTUS MEDICAL CARE, INC.",nan
LIM PATRICK JAN,DR. JOSE C. DELGADO MEMORIAL HOSPITAL,nan
LUMANANG LESLYNE,ST. LUKE'S MEDICAL CENTER,nan
MALLORCA TRACY,ST. LUKE'S MEDICAL CENTER,146844.0
MANGASER MICHELLE,ST. LUKE'S MEDICAL CENTER,nan
MARIANO MARIA CRISTINA,ST. LUKE'S MEDICAL CENTER,nan
MASBANG ARMIN,ST. LUKE'S MEDICAL CENTER,nan
MORA MICHELLE,KERALTY CLINIC,nan
MORA MARIE ANGELINE,ST. LUKE'S MEDICAL CENTER,156806.0
NOLIDO RIZAL ALBERTO,ST. LUKE'S MEDICAL CENTER,nan
OARDE VERONICA,SSS CUBAO,nan
OLIVEROS KIMBERLY ROSE,ST. LUKE'S MEDICAL CENTER,142896.0
ORONG MARIE KATHERENE,AFP GENERAL HOSPITAL,nan
ORTIZ ARNOLD,QUEZON INSTITUTE,nan
PABAYO VICTORINA,THE MEDICAL CITY CYBERPARK,nan
PADILLA CYNTHIA,"MADRID POLYCLINIC AND DIAGNOSTIC CENTER, INC.",nan
PALILEO AMELIA,"MADRID POLYCLINIC AND DIAGNOSTIC CENTER, INC.",nan
PARAGAS SAHRA,THE MEDICAL CITY CYBERPARK,nan
PAYUMO RONALD ALLAN,ST. LUKE'S MEDICAL CENTER,nan
PERALTA MARK,DR. JOSE C. DELGADO MEMORIAL HOSPITAL,nan
RAFANAN FROILAN,ST. LUKE'S MEDICAL CENTER,nan
RAGASA  ELEANOR BEATRIZ,ST. LUKE'S MEDICAL CENTER,nan
RAMOS NICOLE ROSE,ST. LUKE'S MEDICAL CENTER,nan
REGALA CANDICE MARIE,ST. LUKE'S MEDICAL CENTER,nan
REYES RENE,MEGACENTER DIAGNOSTIC,nan
ROMERO CHRISTIAN NEIL,"MADRID POLYCLINIC AND DIAGNOSTIC CENTER, INC.",nan
ROSARIO MINETTE CLAIRE,ST. LUKE'S MEDICAL CENTER,nan
RUEDA CARMENCHU,DE LOS SANTOS MEDICAL CENTER,nan
RUSTIA MARIE JOSEPHINE ROSE,MEGACENTER DIAGNOSTIC,nan
SALAS BELINDA,SALAS CLINIC,nan
SALCEDO KARL MARTIN,DR. JOSE C. DELGADO MEMORIAL HOSPITAL,nan
SAMSON LYNDON,DR. JOSE C. DELGADO MEMORIAL HOSPITAL,nan
SAMSON MA.JANETH,ST. LUKE'S MEDICAL CENTER,nan
SANTOCILDES ABREN,THE MEDICAL CITY CYBERPARK,nan
SANTOS ALBINO,AFP GENERAL HOSPITAL,nan
SANTOS JOANA MARGARITA,ST. LUKE'S MEDICAL CENTER,nan
SAVELLANO ELIZABETH,"AVENTUS MEDICAL CARE, INC.",nan
SIASOCO MA. BELLA,ST. LUKE'S MEDICAL CENTER,nan
SILVA JOHN,DR. JOSE C. DELGADO MEMORIAL HOSPITAL,nan
SORIANO RONALDO,ST. LUKE'S MEDICAL CENTER,nan
STA. MARIA JOYCELYN,MEGACENTER DIAGNOSTIC,nan
SUACO JANE,ST. LUKE'S MEDICAL CENTER,nan
TADAY JOHN PAUL,ST. LUKE'S MEDICAL CENTER,147969.0
TAPNIO MA. GEMMA,AFP GENERAL HOSPITAL,nan
TATUM BARENG,DR. JOSE C. DELGADO MEMORIAL HOSPITAL,nan
TIBAYAN CHRISTOPHER JOHN,ST. LUKE'S MEDICAL CENTER,nan
TORRES REY CHRISTOPHER,DR. JOSE C. DELGADO MEMORIAL HOSPITAL,nan
TUANDA MA. LUISA,ST. LUKE'S MEDICAL CENTER,nan
UMIL MARJI,ST. LUKE'S MEDICAL CENTER,151813.0
UY CHERYL,ST. LUKE'S MEDICAL CENTER,nan
UY ALMIRA,ST. LUKE'S MEDICAL CENTER,nan
VER MIKHAIL LEW,ST. LUKE'S MEDICAL CENTER,nan
VICENTE GIL MARTINEZ,ST. LUKE'S MEDICAL CENTER,nan
VIDAL JACLYN LEIGH,ST. LUKE'S MEDICAL CENTER,nan
VILLAREAL KATHLEEN NIKKO,AFP GENERAL HOSPITAL,nan
VILLARUEL MA. KATHYLEEN,ST. LUKE'S MEDICAL CENTER,nan
YOON JENNY MAE,DR. JOSE C. DELGADO MEMORIAL HOSPITAL,nan
YU FRANKLIN,ST. LUKE'S MEDICAL CENTER,nan
ZABAT GELZA MAE,ST. LUKE'S MEDICAL CENTER,nan
ZOTOMAYOR RICARDO,ST. LUKE'S MEDICAL CENTER,nan
ZUBIRI YSABEL MARIE,ST. LUKE'S MEDICAL CENTER,nan
ABALOS ARLENE,LAGUNA DOCTORS HOSPITAL,nan
ABCEDE JEROME,MMG PLAZA,nan
ALCANTARA GISEELE,UPLB INFIRMARY,nan
ALCANTARA MELODY,SAN PABLO MEDICAL CENTER,nan
ALIDIO NORMAN,SAN PABLO MEDICAL CENTER,nan
ALPAPARA DANILO,CALAMBA MEDICAL CENTER,nan
ANDOR JULIUS,SAN PABLO MEDICAL CENTER,nan
ANG SANTO LAFAYETTE,HOLY FAMILY HOSPITAL,nan
AQUINO JAYZEL,UPLB INFIRMARY,nan
ARCEO ROY,MOUNT CARMEL,nan
ARELLANO LUISA,SAN PABLO MEDICAL CENTER,nan
ASCARATE MARIA,SAN PABLO COMMUNITY HOSPITAL,nan
ATIENZA RHODORA,SAN PABLO MEDICAL CENTER,nan
BADULIS RAY,HOLY FAMILY HOSPITAL,nan
BALDOVINO ROGELIO,HOLY FAMILY HOSPITAL,nan
BAMBO VIEL ANGELO,PILA TERRITORIALS,nan
BASKINAS-ISIDORO LYGIA,HEALTHSERV MEDICAL CENTER,nan
BAUTISTA MARVIN,SAN PABLO MEDICAL CENTER,nan
BILON ADONIS,HOLY FAMILY HOSPITAL,nan
BONQUIN MARLANE,SAN PABLO MEDICAL CENTER,nan
BRIONES  ELAINE,SAN PABLO MEDICAL CENTER,nan
BUENASEDA MA. MELISSA,NAGCARLAN TERRITORIALS,nan
CABUYAO ANGEL BRYAN,LUCENA UNITED HOSPITAL,nan
CARRASCO VERONICA,HOLY FAMILY HOSPITAL,nan
CARRASCO MAR ANGELO,SAN PABLO COMMUNITY HOSPITAL,nan
CERDA MAROL,SAN PABLO COMMUNITY HOSPITAL,nan
CHITO RUTCHILL,LUCENA UNITED HOSPITAL,nan
CHUA ABIGAEL,HOLY FAMILY HOSPITAL,nan
CHUA ANTONIO,HOLY FAMILY HOSPITAL,nan
COMISO CARMENCITA,MOUNT CARMEL,nan
CONCEPCION JEFFREY,HOLY FAMILY HOSPITAL,nan
CORCUERA MARISTEL,HEALTHSERV MEDICAL CENTER,nan
CUSTODIO JOHN CARLO,MOUNT CARMEL,nan
DALMACIO ANTHONY,HEALTHSERV MEDICAL CENTER,nan
DAYAHAN EDWIN,MOUNT CARMEL,nan
DE CASTRO GENER,SAN PABLO MEDICAL CENTER,nan
DE LEON KAREN,HOLY FAMILY HOSPITAL,nan
DE LEON ANGELICA,SAN PABLO DOCTORS HOSPITAL,nan
DELA ROCA ANNABELLE,SAN PABLO MEDICAL CENTER,nan
DOMINGO REYA,NAGCARLAN TERRITORIALS,nan
DORADO ARGINIO ROMEO,HEALTHSERV MEDICAL CENTER,nan
DY CHUEN,MOUNT CARMEL,nan
ENTERIA MARY ANN,SAN PABLO MEDICAL CENTER,nan
ESCLANDA BERNADETTE,SAN PABLO DOCTORS HOSPITAL,nan
ESCLANDA PROSPERO,SAN PABLO DOCTORS HOSPITAL,nan
ESLAVA ERWIN,HEALTHSERV MEDICAL CENTER,nan
ESTERN EBUENGA,HEALTHSERV MEDICAL CENTER,nan
FARINAS GIRANI,SINILOAN TERRITORIALS,nan
FLORES BONIFACIO,HOLY FAMILY HOSPITAL,nan
FORONDA DINO OLIVER,LAGUNA DOCTORS HOSPITAL,nan
GABRILLO CLAUDETTE,HEALTHSERV MEDICAL CENTER,nan
GASACAO ROSE MARIE,MOUNT CARMEL,nan
GASACAO RYAN,MMG PLAZA,nan
GASPAR JONATHAN,HEALTHSERV MEDICAL CENTER,nan
GLORIA  JOSEPH,SAN PABLO MEDICAL CENTER,nan
GOROSIN SHARON,HEALTHSERV MEDICAL CENTER,nan
GUIA ELLA LORAINE,SAN PABLO MEDICAL CENTER,nan
GUINTO CESAR,MMG PLAZA,nan
GUTTIEREZ THERESE MONIQUE,SAN PABLO MEDICAL CENTER,nan
GUTTIEREZ HERBERT,HOLY FAMILY HOSPITAL,nan
GUTTIEREZ JERICO,SAN PABLO COMMUNITY HOSPITAL,nan
GUTTIEREZ DIONISIO,SAN PABLO DOCTORS HOSPITAL,nan
ISIDORO ALVIN,HEALTHSERV MEDICAL CENTER,nan
JALOTJOT AILAH,HEALTHSERV MEDICAL CENTER,nan
JAMIAS MARTIN,SAN PABLO COMMUNITY HOSPITAL,nan
JARA BON,HOLY FAMILY HOSPITAL,nan
JAVIER MILDRED,SINILOAN TERRITORIALS,nan
JUSI RHEA,MOUNT CARMEL,nan
LAGRIMAS MA ISABEL,SAN PABLO MEDICAL CENTER,nan
LAMAR LOURDES,LAGUNA DOCTORS HOSPITAL,nan
LO OLIVIA,HEALTHSERV MEDICAL CENTER,nan
MADULID DENNIS,MADULID CLINIC,nan
MALIWAT ROJOHN,LAGUNA DOCTORS HOSPITAL,nan
MANALO JOHN,PAGSANJAN GENERAL HOSPITAL,nan
MANTALA JOSEPH,PAGSANJAN GENERAL HOSPITAL,nan
MANZANERO REYNALDO,SAN PABLO COMMUNITY HOSPITAL,nan
MARANAN MA. LUISA,HEALTHSERV MEDICAL CENTER,nan
MARINO SHEILA TAN,LUCENA UNITED HOSPITAL,nan
MASANGA LEANDRO,SAN PABLO MEDICAL CENTER,nan
MERCA MICHELLE,LOS BANOS DOCTORS HOSPITAL,nan
MERCADO ROSALIE,SAN PABLO MEDICAL CENTER,nan
MERCADO ALVIN,SAN PABLO MEDICAL CENTER,nan
MERIN EDELWEISE,HEALTHSERV MEDICAL CENTER,nan
NAPIL TERESITA,PILA TERRITORIALS,nan
NERI VAL,SAN PABLO MEDICAL CENTER,nan
NOBLEJAS EDGARDO,SAN PABLO MEDICAL CENTER,nan
NOBLEJAS JEAN FRANCES,SAN PABLO MEDICAL CENTER,nan
ONA DENNIS,MOUNT CARMEL,nan
ONIA ALMIRA,HEALTHSERV MEDICAL CENTER,nan
PAJARILLO PIO,MOUNT CARMEL,nan
PALABRICA FAE,HEALTHSERV MEDICAL CENTER,nan
PALMA MARINICA,HOLY FAMILY HOSPITAL,nan
PANINGBATAN JAMES,HOLY FAMILY HOSPITAL,nan
PARINAS II ORLANDO,LUCENA UNITED HOSPITAL,nan
PETEZA MARTIN,MOUNT CARMEL,nan
PINEDA SALVADOR,HOLY FAMILY HOSPITAL,nan
QUETULIO JESSICA,SAN PABLO COMMUNITY HOSPITAL,nan
RAGO  KRISTEL MAE,MOUNT CARMEL,nan
RAGOTERO MA. YVETTE,LAGUNA DOCTORS HOSPITAL,nan
RAMOS GLENN MICHAEL,HEALTHSERV MEDICAL CENTER,nan
RAMOS VALENTIN,VICTORIA TERRITORIALS,nan
RAMOS FLORY JANE,CALAMBA DOCTORS HOSPITAL,nan
RAYMUNDO  JOHN ERIC,SAN PABLO MEDICAL CENTER,nan
RESUBAL RAFAEL,HEALTHSERV MEDICAL CENTER,nan
REYES ERWIN,MOUNT CARMEL,nan
REYES VIOLETA,MOUNT CARMEL,nan
REYES ANGELA PEARL,MOUNT CARMEL,nan
ROLDAN CRISTINA,SAN PABLO DOCTORS HOSPITAL,nan
SARMIENTO HAYDEE,SAN PABLO DOCTORS HOSPITAL,nan
SAUL MA. KRISTINE,UPLB INFIRMARY,nan
STA. CRUZ ACHILLES,CALAMBA MEDICAL CENTER,nan
SUMINISTRADO MA. SERRIE,HOLY FAMILY HOSPITAL,nan
TEJERERO FILIPINA,UPLB INFIRMARY,nan
TIONGSON MARK DENVER,HEALTHSERV MEDICAL CENTER,nan
TORRES TRISTAN,CALAMBA MEDICAL CENTER,nan
TRINIDAD RANDOLPH,UPLB INFIRMARY,nan
TUSI CAROL,HOLY FAMILY HOSPITAL,nan
VALTE ERIC,SAN PABLO MEDICAL CENTER,nan
VERGARA RITA MARIE,HEALTHSERV MEDICAL CENTER,nan
VILLALOBOS EUFROCINIO,LAGUNA PROVINCIAL HOSPITAL,nan
VILLALUNA HONESTA,LUCENA UNITED HOSPITAL,nan
VILLANUEVA CHARITY,SAN PABLO COMMUNITY HOSPITAL,nan
YOUNG GRACE,VICTORIA TERRITORIALS,nan
AGUDA RIAH CONCEPCION,BATANGAS CITY HEALTH OFFICE,nan
ALCARAZ LEAH,ALCARAZ MEDICAL CLINIC,nan
ALCARAZ JOHN DENNIS,ALCARAZ MEDICAL CLINIC,nan
ALDOVINO-ESPINO CYNTHIA,BATANGAS HEALTHCARE SPECIALIST MEDICAL CENTER,nan
ALEGRE ANGELA GRACIA,BATANGAS CITY HEALTH OFFICE,nan
ALVEZ LOLITA,BATANGAS HEALTHCARE SPECIALIST MEDICAL CENTER,nan
AMADOR ROWENA,BARRITO-AMADOR MEDICAL AND HEART CLINIC,nan
ARAJA ADVENT GENESIS,METRO BALAYAN MEDICAL CENTER,nan
ARANEZ RACHELLE ANN MAE,"CALAPAN, ORIENTAL MINDORO",nan
ATIENZA MARIA CRISTINA,OUR LADY OF CAYSASAY MEDICAL CENTER,nan
BACAL REINNA FRANCESCA,GOLDEN GATE HOSPITAL,nan
BADILLO LAWRENCE ALBERT,BATANGAS CITY HEALTH OFFICE,nan
BARRIENTOS ALFONSO,"CALAPAN, ORIENTAL MINDORO",nan
BARRION ROSANNA CARMELITA,BATANGAS CITY HEALTH OFFICE,nan
BASTONA JOHN NEAL,METRO BALAYAN MEDICAL CENTER,nan
BAUTISTA OLIVER,CENTER FOR DIABETES CARE - SAN PASCUAL,nan
BAUTISTA ARIES,BAUAN DOCTORS GENERAL HOSPITAL,nan
BELVIZ PETER SIMON,MEDICAL CENTER WESTERN BATANGAS,nan
BERON ALFREDO,CITYLAB BATANGAS,nan
BERON EMILIA GRACIA,UNITED DOCTORS OF ST. CAMILLUS DE LELLIS MEDICAL CENTER,nan
BESOL ANNA KARISSA,BATANGAS CITY HEALTH OFFICE,nan
BOOL KATHLEEN,BATANGAS HEALTHCARE SPECIALIST MEDICAL CENTER,nan
BROWN SHEERA,GOLDEN GATE HOSPITAL,nan
BRUCAL ROXANNE,BATANGAS HEALTHCARE SPECIALIST MEDICAL CENTER,nan
BULANHAGUI AARON,UNITED DOCTORS OF ST. CAMILLUS DE LELLIS MEDICAL CENTER,nan
CABADDU JEFFREY,BATANGAS HEALTHCARE SPECIALIST MEDICAL CENTER,nan
CALANGI EUNICE,BATANGAS HEALTHCARE SPECIALIST MEDICAL CENTER,nan
CALANGI MINRADO,LEMERY DOCTORS MEDICAL CENTER,nan
CALINGASAN DANDY IAN NINO,BATANGAS CITY HEALTH OFFICE,nan
CARINGAL EDEN,CARINGAL MEDICAL CLINIC,nan
CASTILLO LIWANAG,BATANGAS CITY HEALTH OFFICE,nan
CHAVEZ PATRICK RUEL,BATANGAS CITY HEALTH OFFICE,nan
COMO CHRISTIAN RICO,THE CLINIC AT SHALOM - BATANGAS CITY,nan
CUSI GIAN CARLO,BATANGAS HEALTHCARE SPECIALIST MEDICAL CENTER,nan
DATINGALING ANTERO,A. DATINGALING MEDICAL CLINIC,nan
DE GUIA MIGUEL ANGEO,ST. PATRICKS HOSPITAL MEDICAL CENTER,nan
DE JESUS CYNTHIA,C. DE JESUS MEDICAL CLINIC,nan
DE JESUS FELIX,F. DE JESUS MEDICAL CLINIC,nan
DE JESUS ELEANOR,E. DE JESUS MEDICAL CLINIC,nan
DE JESUS JOEL,BATANGAS HEALTHCARE SPECIALIST MEDICAL CENTER,nan
DE LAS ALAS MARIA EVELYN,ST. JOSEPH MARY MEDICAL CLINIC,nan
DE VILLA KIM BYRON,METRO LEMERY MEDICAL CENTER,nan
DIMALIBOT JAN ELIZON,BATANGAS HEALTHCARE SPECIALIST MEDICAL CENTER,nan
DIMALIBOT REUEL,BAUAN DOCTORS GENERAL HOSPITAL,nan
DIMAUNAHAN DIANNE CHARLOTTE,METRO BALAYAN MEDICAL CENTER,nan
DIMAYACYAC JOSE RIO,"CALAPAN, ORIENTAL MINDORO",nan
DIMAYUGA DIANA COLLEEN,BATANGAS HEALTHCARE SPECIALIST MEDICAL CENTER,nan
DOLOR MANOLO,SAN PASCUAL RURAL HEALTH UNIT,nan
ENCARNACION RAYMOND,CLINICA ENCA,nan
ENCARNADO MYLA,LEMERY DOCTORS MEDICAL CENTER,nan
ENDAYA ORLANDO,CITYLAB BATANGAS,nan
ESCALONA CHARLYNE MAE,SHALOM DIAGNOSTIC MEDICAL CLINIC - BAUAN,nan
FALTADO JR.. ANTONIO,UNITED DOCTORS OF ST. CAMILLUS DE LELLIS MEDICAL CENTER,nan
FLORES MARIA NONETTE,ST. PATRICKS HOSPITAL MEDICAL CENTER,nan
FLORES KATHLEEN JOY,BATANGAS HEALTHCARE SPECIALIST MEDICAL CENTER,nan
FLORES JOY,BATANGAS HEALTHCARE SPECIALIST MEDICAL CENTER,nan
FRANCISCO DIVINA GRACIA,ST. PATRICKS HOSPITAL MEDICAL CENTER,nan
GARCIA ELVIN,BATANGAS HEALTHCARE SPECIALIST MEDICAL CENTER,nan
GARCIA CHIELA,BATANGAS HEALTHCARE SPECIALIST MEDICAL CENTER,nan
GERON FRANCO,GOLDEN GATE HOSPITAL,nan
GERON ELEANOR,ST. JUDE AMBULATORY MULTI-SPECIALTY CLINIC,nan
GNILO-DIMACULANGAN MARIA DARLENE,BATANGAS HEALTHCARE SPECIALIST MEDICAL CENTER,nan
GOCO-MALAPITAN MA. CHRISTIA,"CALAPAN, ORIENTAL MINDORO",nan
GOCO-MARASIGAN MA. ESTRELLA,"CALAPAN, ORIENTAL MINDORO",nan
GONZALES EDDIESON,E. GONZALES MEDICAL CLINIC,nan
GONZALES REYNALDO,R. GONZALES MEDICAL CLINIC,nan
GONZALES ANDREW,GOLDEN GATE HOSPITAL,nan
GONZALES LIZA,BATANGAS CITY HEALTH OFFICE,nan
HIZON MA. BELEN,METRO LEMERY MEDICAL CENTER,nan
HUMARANG JEFFREY,OUR LADY OF CAYSASAY MEDICAL CENTER,nan
ILLUSTRE APRILLE KIRSTEN,BATANGAS HEALTHCARE SPECIALIST MEDICAL CENTER,nan
INCIONG LESLIE,INCIONG MEDICAL CLINIC,nan
JACOB EMMA ANGELA,UNITED DOCTORS OF ST. CAMILLUS DE LELLIS MEDICAL CENTER,nan
KAHULUGAN JANICE,ST. THOMAS MEDICAL CLINIC,nan
LABAGUIS ZERNAN,"CALAPAN, ORIENTAL MINDORO",nan
LACSAMANA ZANDRO,BAUAN DOCTORS GENERAL HOSPITAL,nan
LACSAMANA MARCO SEBASTIAN,BATANGAS CITY HEALTH OFFICE,nan
LANDICHO RUEL,OUR LADY OF CAYSASAY MEDICAL CENTER,nan
LANZON ALLAN,ST. JUDE AMBULATORY MULTI-SPECIALTY CLINIC,nan
MAALA NICANOR,JESUS OF NAZARETH HOSPITAL,nan
MACARAIG BABYLEEN,BATANGAS HEALTHCARE SPECIALIST MEDICAL CENTER,nan
MACASAET DONNAZON,BATANGAS HEALTHCARE SPECIALIST MEDICAL CENTER,nan
MADLA-RAMOS MERCEDITA,"CALAPAN, ORIENTAL MINDORO",nan
MAGSUCI MARY ANNE,"CALAPAN, ORIENTAL MINDORO",nan
MANALO DARREN JANSEN,UNITED DOCTORS OF ST. CAMILLUS DE LELLIS MEDICAL CENTER,nan
MANDIGMA DENNIS,ST. DENNIS MEDICAL CLINIC,nan
MANDIGMA JR. BIENVENIDO,UNITED DOCTORS OF ST. CAMILLUS DE LELLIS MEDICAL CENTER,nan
MARASIGAN VINA,JESUS OF NAZARETH HOSPITAL,nan
MARASIGAN AL JOSEF,JESUS OF NAZARETH HOSPITAL,nan
MARQUEZ MARY GRACE,SHALOM DIAGNOSTIC MEDICAL CLINIC - BAUAN,nan
MARQUEZ-MATAWARAN REYSHELLE ANN,BATANGAS CITY HEALTH OFFICE,nan
MASAGA EUNIS CRYSTIA,"CALAPAN, ORIENTAL MINDORO",nan
MATAWARAN LUIS PAOLO,BATANGAS CITY HEALTH OFFICE,nan
MATIENZO LOVELYN,UNITED DOCTORS OF ST. CAMILLUS DE LELLIS MEDICAL CENTER,nan
MELO MARIA VICTORIA,UNITED DOCTORS OF ST. CAMILLUS DE LELLIS MEDICAL CENTER,nan
MENDOZA MA. JENNY,BATANGAS HEALTHCARE SPECIALIST MEDICAL CENTER,nan
MENDOZA KATHLEEN,"CALAPAN, ORIENTAL MINDORO",nan
MONTEMAR LUISITO MARLEX,ST. FRANCIS XAVIER MEDICAL CLINIC,nan
MULI-MARCOS JOCELYN,"CALAPAN, ORIENTAL MINDORO",nan
MULSID ALFRAYZAR,BATANGAS CITY SENIOR CITIZEN OFFICE,nan
MULSID TEOFISTA,BATANGAS CITY SENIOR CITIZEN OFFICE,nan
NAPA RACHEL ANN,BATANGAS HEALTHCARE SPECIALIST MEDICAL CENTER,nan
NAVARRO ALEXIS GENESIS,"CALAPAN, ORIENTAL MINDORO",nan
NOCHE GERMAN,JESUS OF NAZARETH HOSPITAL,nan
NOCHE III ROBERTO,METRO BALAYAN MEDICAL CENTER,nan
PAGLINAWAN FRANCISCA,HOLY QUEEN MEDICAL CLINIC,nan
PATAL PERPETUA,BAUAN DOCTORS GENERAL HOSPITAL,nan
PLATON DULCE,METRO LEMERY MEDICAL CENTER,nan
PRIELA INGRID JULIA,"CALAPAN, ORIENTAL MINDORO",nan
PUBLICO AMIEL,ST. PATRICKS HOSPITAL MEDICAL CENTER,nan
RAMOS MARIA NATIVIDAD,RAMOS MEDICAL CLINIC,nan
REYES MERRY CHRIS,BATANGAS HEALTHCARE SPECIALIST MEDICAL CENTER,nan
REYES DOLORES,"CALAPAN, ORIENTAL MINDORO",nan
REYES MA. LAURA BIELLE,METRO LEMERY MEDICAL CENTER,nan
RIVERA NENA NOEMI,BATANGAS HEALTHCARE SPECIALIST MEDICAL CENTER,nan
ROMAN CHRISTINE YSABELLE,JESUS OF NAZARETH HOSPITAL,nan
ROSALES ROMULO,GOLDEN GATE HOSPITAL,nan
ROSALUNA AIMEE,BATANGAS CITY HEALTH OFFICE,nan
RUBION LOU ERIKA,BATANGAS HEALTHCARE SPECIALIST MEDICAL CENTER,nan
RUIZ MARK,OUR LADY OF CAYSASAY MEDICAL CENTER,nan
SANTOS FLORENCE,DIABETES AND ENDOCRINE AMBULATORY CARE CENTER,nan
SANTOS ALLEN,BATANGAS CITY HEALTH OFFICE,nan
SANTOS JERONIMO,"CALAPAN, ORIENTAL MINDORO",nan
SEBASTIAN ROSALYN,"CALAPAN, ORIENTAL MINDORO",nan
SUPNET JOYCE KARLA,METRO LEMERY MEDICAL CENTER,nan
TENORIO BASIL ERIC,CLINICA TENORIO,nan
TORANEO CHRISTIAN ARNE,BATANGAS CITY HEALTH OFFICE,nan
UNTALAN DON ERIC,BATANGAS CLINICAL LABORATORY,nan
VALDEZ JOE VINCENT,COMMUNE MEDICAL CLINIC,nan
VALDEZ MA. CHERYL,COMMUNE MEDICAL CLINIC,nan
VALENTON NIELSEN,BATANGAS CITY HEALTH OFFICE,nan
VALENTON JOSE GREGORIO,BATANGAS CITY HEALTH OFFICE,nan
VALLES MARY JANE,LEMERY DOCTORS MEDICAL CENTER,nan
VASQUEZ VINA,OUR LADY OF CAYSASAY MEDICAL CENTER,nan
VICENTE MARK,OUR LADY OF CAYSASAY MEDICAL CENTER,nan
VILLAREZ LIVIA APOLONIA,ST. THERESE OF THE CHILD JESUS MEDICAL CLINIC,nan
VILLAVICENCIO JAYSON,OUR LADY OF CAYSASAY MEDICAL CENTER,nan
ABANADOR YVES,St. Catherine of Alexandria Medical Center,nan
AGUILAR BERNADETTE,St. Ferdinand Medical Arts Bldg.,nan
ALBACITE DOMICIAS,Angeles University Foundation Medical Center,nan
ALFONSO GIL,Angeles Medical Center,nan
ALFONSO EDUARDO,HMG Clinic and Laboratory,nan
AMANSEC MERCEDITA,Mother Teresa of Calcutta Medical Center,nan
AMANSEC MARIA CARMINA,St. Catherine of Alexandria Medical Center,nan
ANGAD JALILLAH,JOSEMARIA ESCRIVA,nan
ANTONIO KARREN,Pampanga Premiere Medical Center,nan
APOSTOL FRANCIS JAVIER,Mother Teresa of Calcutta Medical Center,nan
ARKONCEL MA. LUISA CECILIA,Mother Teresa of Calcutta Medical Center,nan
AVENIDO CAMILLE,Sacred Heart Medical Center,nan
BADIOLA ROLANDO,St. Catherine of Alexandria Medical Center,nan
BALAJADIA EDWIN,Angeles Medical Center,nan
BALUYOT ANGELITO,St. Michael Hospital,nan
BALUYUT ABEL,Baluyut Medical Clinic,nan
BAUISTA NINES,Angeles Medical Center,nan
BAUTISTA IRMA CLAIRE,ST. JOSEPH HOSPITAL AND MEDICAL CENTER,nan
BAUTISTA EXPEDITO,BAUTISTA CLINIC,nan
BAUTISTA FRANCESCA,BAUTISTA CLINIC,nan
BRINGAS RHONDA,Pampanga Premiere Medical Center,nan
CACHO WILFREDO,Cacho Medical Clinic,nan
CALMA JACQUELINE,Apalit Doctor's Hospital,nan
CANDA JUAN,St. Ferdinand Medical Arts Bldg.,nan
CANETE LIBERTY,St. Catherine of Alexandria Medical Center,nan
CANLAS FROILAN,Angeles University Foundation Medical Center,nan
CANLAS RAYMOND,V.L. Makabali Hospital,nan
CANLAS RAUL,Sacred Heart Medical Center,nan
CANONO JOSE ANTONIO,Angeles University Foundation Medical Center,nan
CANONO RAYZEN,Carlos Medical Clinic,nan
CAPATI REYNER,MERCY CLINIC,nan
CAPULONG AIDA,Ospital Ning Angeles,nan
CARLOS ARMI DIANNE,The Medical City Clark,nan
CAROLINO LEI ANN,V.L. Makabali Hospital,nan
CARREON  CARLO RODRIGO,Angeles Medical Center,nan
CASTILLO ANTONIO,CASTILLO MEDICAL CLINIC,nan
CASTILLO EDEN,Green City Medical Center,nan
CATUNGAL MARIZEL,Dr.Amando Garcia Medical Center,nan
CAYABYAB SHIELA,CAYABYAB CLINIC,nan
CHA JOAZELLE,Ospital Ning Angeles,nan
CHIONG BENITO,Chiong Medical Clinic,nan
CHIONG PATRICK,Chiong Medical Clinic,nan
CLEMENTE CHERIE,The Medical City Clark,nan
CORDERO JOCELYN,Cordero Clinic,nan
CORTEZ-CRUZ IVY,Qualicare Family Clinic,nan
CRISOSTOMO AYSON,Ospital Ning Angeles,nan
CRUZ ISID JASON,Qualicare Family Clinic,nan
CRUZ PHILIP,Apalit Doctor's Hospital,nan
CUEVAS RONALDO,Cuevas Medical Clinic,nan
CUNANAN NICOLE ROSE,Qualicare Family Clinic,nan
CUNANAN JIM KIRVY,Ospital Ning Angeles,nan
DALUZ JOHN LEVI,Rosario Medical Center,nan
DE GUZMAN LEAH,Dr.Amando Garcia Medical Center,nan
DE GUZMAN  WILNER REINEL,St. Catherine of Alexandria Medical Center,nan
DE GUZMAN NOEL,Green City Medical Center,nan
DE VERA ARIEL,DE VERA CLINIC,nan
DECIERTO GIL,Decierto Medical Clinic,nan
DEL ROSARIO HONESTO,CLINICA DEL ROSARIO,nan
DELA CRUZ MICHAEL JAMES,Angeles Medical Center,nan
DELA CRUZ PAULA RAISA,Angeles Medical Center,nan
DELA ROSA CHARM,Mother Teresa of Calcutta Medical Center,nan
DIWA HEZEL,ST. JOSEPH HOSPITAL AND MEDICAL CENTER,nan
DIZON JUAN MIGUEL,Mother Teresa of Calcutta Medical Center,nan
DOMINGUEZ ELEANOR,ST. JOSEPH HOSPITAL AND MEDICAL CENTER,nan
DUE-ANGELES MARY LYNN,Dr.Amando Garcia Medical Center,nan
DUNGCA VANESSA AUDREY,St. Catherine of Alexandria Medical Center,nan
DUYA JOSE EDUARDO,St. Catherine of Alexandria Medical Center,nan
ESCUDERO FLORIDA,ST. JOSEPH HOSPITAL AND MEDICAL CENTER,nan
ESTANISLAO EDGARDO,Angeles Medical Center,nan
EUSTAQUIO CRISPIN,Lingap Hospital,nan
FAJARDO JEROME,Angeles University Foundation Medical Center,nan
FARAON MARGARITA,Pampanga Medical Specialists Hospital,nan
FRANCISCO ANGELYKA,St. Catherine of Alexandria Medical Center,nan
GAGUI ANJELLE ROSELLE,Angeles Medical Center,nan
GALANG ANA LUZ,Angeles Medical Center,nan
GALLARDO MICHAEL DENNIS,GALLARDO CLINIC,nan
GALLARDO AVEGAEL,GALLARDO CLINIC,nan
GARCIA LORENA,Dr.Amando Garcia Medical Center,nan
GARCIA LESLIE,PWLD,nan
GOINGCO RENEAH,ACCUMED Angeles City,nan
GOMEZ OLIVERT,HP San Fernando,nan
GOMEZ MARY GRACE,Dr.Amando Garcia Medical Center,nan
GOMEZ FEDERICO,MEDTRUST,nan
GOMEZ-TUAZON FELISSE,Angeles University Foundation Medical Center,nan
GUADALUPE POCHOLO,St. Catherine of Alexandria Medical Center,nan
GUERRERO EDISON,ISAAC CATALINA MEDICAL CENTER,nan
GUEVARRA  FERNANDO,Dr.Amando Garcia Medical Center,nan
GUIAO RONALD,Guiao clinic,nan
GUIAO FRANCISCO,Mother Teresa of Calcutta Medical Center,nan
HIZON ALICA MARIE,St. Catherine of Alexandria Medical Center,nan
HIZON MARC ANGELO,St. Catherine of Alexandria Medical Center,nan
IGNACIO ANA MARIE,Ignacio Medical Clinic,nan
ILAYA ARIEL,ILAYA MEDICAL CLINIC,nan
JOCSON GABRIEL,The Heart Specialists,nan
JOSE JHONNATAN,Sacred Heart Medical Center,nan
KIT JOHN,Ospital Ning Angeles,nan
LAGMAN ARNOLD,Qualicare Family Clinic,nan
LAXAMANA ABEL,ASCCOM Medical Center,nan
LIMJOCO JACQUELINE,Angeles Medical Center,nan
LINGAD MAJA KATHERINE,St. Catherine of Alexandria Medical Center,nan
LISING JEFFREY,LISING MEDICAL CLINIC,nan
LISING ZENAIDA,LISING MEDICAL CLINIC,nan
LISING RICHARD,LISING MEDICAL CLINIC,nan
LOGATOC GARY,Dr.Amando Garcia Medical Center,nan
LORENZO-REDOBLADO ZARINA,Green City Medical Center,nan
LULU MARY ANN,ASCCOM Medical Center,nan
LUMBOY MARIE ANTONETTE,Lumboy Medical Clinic,nan
MACADANGDANG CARLOS,MACADANGDANG CLINIC,nan
MAGCALAS JOHN ROBERT,Rosario Medical Center,nan
MAGNO JOSE DONATO,The Heart Specialists,nan
MAGPALI ADRIANO,The Heart Specialists,nan
MAGTOTO ALVIN,Pampanga Premiere Medical Center,nan
MALLARI JOY,Pampanga Premiere Medical Center,nan
MALLARI GLENN,MALLARI FAMILY CLINIC,nan
MALLARI ALLEN,Qualicare Family Clinic,nan
MALLARI KYLA,Ospital Ning Angeles,nan
MALONZO ROMMEL,Dr.Amando Garcia Medical Center,nan
MALTU ARIEL ANTHONELL,Green City Medical Center,nan
MAMAWI JASPER,Sacred Heart Medical Center,nan
MANALASTAS CRISSA MAE,Maxicare SM Clark,nan
MANALO JUANCHO,V.L. Makabali Hospital,nan
MANESE DOLORES,PWLD,nan
MANLUTAC JOSEPH,Mother Teresa of Calcutta Medical Center,nan
MARASIGAN ALISTER,MARASIGAN CLINIC,nan
MARCAIDA ALMA,ISAAC CATALINA MEDICAL CENTER,nan
MARQUEZ RAYMUNDO,Marquez Medical Clinic,nan
MATIAS CESAR,Matias Medical Clinic,nan
MEDINA ANGELITO,Angeles Medical Center,nan
MEDINA CROMWELL,Pampanga Medical Specialists Hospital,nan
MENDIOLA RENE,Rosario Medical Center,nan
MENDOZA AVIANNE KRYSTEL,The Heart Specialists,nan
MENDOZA NICHIAS,MENDOZA CLINIC,nan
MERCADO CONRADO,St. Ferdinand Medical Arts Bldg.,nan
MERCADO NATHANIEL,Ospital Ning Angeles,nan
MIRANDA LEONIEL,St. Ferdinand Medical Arts Bldg.,nan
MIRANDA PETER DANIEL,PWLD,nan
MONTENEGRO MANUEL,The Medical City Clark,nan
NALO ARISTOTLE,Nalo Medical Clinic,nan
NALO RICARDO,ACCUMED Mabalacat,nan
NG ANTHEA,The Medical City Clark,nan
NICDAO EUGENE,Nicdao Medical Clininc,nan
NICDAO RUFINO,Nicdao Medical Clininc,nan
NICDAO JOHN KEVIN,SAN FERNANDINO HOSPITAL,nan
NICOLAS EDGAR,Henson Clinic,nan
OANDASAN MARIA PAMELA,CENTRO MEDICO DE SANTISIMO ROSARIO,nan
PAMINTUAN PHIL,Maxicare SM Clark,nan
PAMINTUAN SAMANTHA,Angeles Medical Center,nan
PANGAN KIMBERLY ANNE,Qualicare Family Clinic,nan
PANGAN BAB,St. Catherine of Alexandria Medical Center,nan
PANLILIO MARIO,Panlilio Clinic,nan
PANLILIO ARISTEDES,ACCUMED Angeles City,nan
PANTIG VIRGILIO,Green City Medical Center,nan
PARAS JENIFER,My Meds / Qualicare Angeles,nan
PASAMBA EDMUNDO,Angeles Medical Center,nan
PASAMBA PIA,Angeles Medical Center,nan
PATAJO JOSE,ASCCOM Medical Center,nan
PATAWARAN  JEFFREY,Sacred Heart Medical Center,nan
PAYUMO ELAINE,Pampanga Medical Specialists Hospital,nan
PELAGIO GIL FRANCIS,Pampanga Medical Specialists Hospital,nan
PENAFIEL HAZEL,Mother Teresa of Calcutta Medical Center,nan
PENAFIEL ALVIN,St. Ferdinand Medical Arts Bldg.,nan
PINEDA JERICHO,St. Catherine of Alexandria Medical Center,nan
PINGUL PAULITA,ISAAC CATALINA MEDICAL CENTER,nan
PUNSALAN ALFREDO,Punsalan Medical Clinic,nan
PUNSALAN PORFIRIO,St. Ferdinand Medical Arts Bldg.,nan
QUIAMBAO JANELLEN,Quiambao Clinic,nan
RAZA MICHAEL,RAZA CLINIC,nan
RAZOTE GENEVIEVE,RAZOMED,nan
REBONG RITCHIE,Green City Medical Center,nan
REDOBLADO BRIAN OLIVER,Mother Teresa of Calcutta Medical Center,nan
REOYAN GIRLIE,The Medical City Clark,nan
REYES EDITH,ISAAC CATALINA MEDICAL CENTER,nan
RILLERA DOLORES,Angeles Medical Center,nan
RIVERA SALVADOR,SAN FERNANDINO HOSPITAL,nan
ROBLES MARK,Angeles University Foundation Medical Center,nan
ROMERO REIGNA,St. Catherine of Alexandria Medical Center,nan
ROZUL NESSAEL,ASCCOM Medical Center,nan
ROZUL MARIE,ASCCOM Medical Center,nan
RUBIO FERDINAND,ASCCOM Medical Center,nan
SAN JOSE CRISOSTOMO,Dr.Amando Garcia Medical Center,nan
SANTOS EDWIN,Santos Clinic,nan
SANTOS VEREDIGNA,V.S SANTOS FAMILY WELLNESS CLINIC,nan
SANTOS SHALEE,CENTRO MEDICO DE SANTISIMO ROSARIO,nan
SARMIENTO SHERWIN,Pineda Medical Clinic,nan
SERRANO MICHELLE,Rosario Medical Center,nan
SERRANO MICHELLE,Pampanga Medical Specialists Hospital,nan
SESE ALEJANDRO,Green City Medical Center,nan
SIBAL JOSEPHUS,The Heart Specialists,nan
SIMPAO LEANDER,Mother Teresa of Calcutta Medical Center,nan
SOMBILLO AIZA JOY,SAN FERNANDINO HOSPITAL,nan
SOTTO RHETT JOSEPH,Maxicare SM Clark,nan
SUAREZ RAMON JOSE,Sacred Heart Medical Center,nan
SUNGA HAROLD,Pampanga Premiere Medical Center,nan
SUSI-ROQUE FIEL MARISE,Pampanga Medical Specialists Hospital,nan
TALAVERA ANNE KATHERINE,St. Catherine of Alexandria Medical Center,nan
TAMAYO JOSEPH GEORGE,V.L. Makabali Hospital,nan
TAN MARIA JOSEFINA,Sacred Heart Medical Center,nan
TAN RAPONCEL,The Medical City Clark,nan
TAYAG SIMONETTE,CONSUNJI MEDICAL CLINIC,nan
TAYAO BLESSIE,Green City Medical Center,nan
TIGLAO ADORA GAYE,Maxicare SM Clark,nan
TIMBOL EDGAR WILSON,Dr.Amando Garcia Medical Center,nan
TIMBOL EDGARDO,Dr.Amando Garcia Medical Center,nan
TIMBOL AEDEN,Dr.Amando Garcia Medical Center,nan
TIOLECO DANIEL,Apalit Doctor's Hospital,nan
TOLEDANES HONEY GIRL,V.L. Makabali Hospital,nan
TOLEDANO BRYAN RENE,The Heart Specialists,nan
TOLENTINO TYRELL,Ospital Ning Angeles,nan
TONGOL EUGENE,Sacred Heart Medical Center,nan
TUAZON ADELFO,The Heart Specialists,nan
UDARBE DEBBIE LYN,The Heart Specialists,nan
VALDEZ ERINA,Qualicare Family Clinic,nan
VALENCIA JOSEPH,CENTRO MEDICO DE SANTISIMO ROSARIO,nan
VALERIO AMIEL,Dr.Amando Garcia Medical Center,nan
VELEZ RICHARD,Sacred Heart Medical Center,nan
VELEZ EDUARD,VELEZ CLINIC CLARK,nan
VIAR JOHN RYAN,ST. JOSEPH HOSPITAL AND MEDICAL CENTER,nan
VICTORIA ROLAND,ST. MARY BABLIBAGO,nan
VILLARIN FRANCEL,Sacred Heart Medical Center,nan
VINLUAN VIRGILIO,ISAAC CATALINA MEDICAL CENTER,nan
VIRAY DOLORES,Ospital Ning Angeles,nan
YABUT ROBERTO,Rosario Medical Center,nan
YALUNG FLORINDA,Angeles University Foundation Medical Center,nan
YU BLESSIE TAYAO,Pampanga Medical Specialists Hospital,nan
YUMANG GABROIEL,Pampanga Premiere Medical Center,nan
YUMUL NORBERTO,Sacred Heart Medical Clinic,nan
YUMUL ARVIN,Angeles University Foundation Medical Center,nan
ZAPANTA MELVIN,Dr.Amando Garcia Medical Center,nan
ABE DEOGRACIAS,MEDICAL CENTER MANILA,nan
ABRAHAN LAURO,"MANILA MEDICAL SERVICES, INC.",nan
ABUNGAN MICHAEL,CARDIAC CARE,nan
AFAGA ARLENE,"MANILA MEDICAL SERVICES, INC.",nan
AFAGA DESIREE,"MANILA MEDICAL SERVICES, INC.",nan
AGBAYANI MICHAEL,"MANILA MEDICAL SERVICES, INC.",nan
AGUATIS CHRISTINE JOY,"MANILA MEDICAL SERVICES, INC.",nan
ALAJAR ELAINE,"MANILA MEDICAL SERVICES, INC.",nan
ANG  ANDREW,OK FAMILY CLINIC,nan
ANGUS ELMER,"MANILA MEDICAL SERVICES, INC.",nan
AREVALO SIDNEY,PETRON PANDACAN,nan
ASTEJADA MINA,"MANILA MEDICAL SERVICES, INC.",nan
BANAAG ROLI JUN,OUR LADY OF LOURDES HOSPITAL,nan
BARCELON MARIEL,MEDICAL CENTER MANILA,nan
BARRIENTOS-REGALA MARIE,"MANILA MEDICAL SERVICES, INC.",nan
BAUTISTA ARISTON,MEDICAL CENTER MANILA,nan
BAUTISTA AILEEN,"MANILA MEDICAL SERVICES, INC.",nan
BENEDICTO CHARINA,MENDOZA HEALTH CENTER,nan
CABALLERO MARINELA KRIZIA,MICAH MEDICAL CLINIC,nan
CALA CATHYLEEN,MICAH MEDICAL CLINIC,nan
CAMAYO JUSTO,"MANILA MEDICAL SERVICES, INC.",nan
CASTILLO RAFAEL,"MANILA MEDICAL SERVICES, INC.",nan
CASTILLO REBECCA,FIRST MEDICAL TEAM,nan
CHAVEZ FLORENCIO,MEDICAL CENTER MANILA,nan
CHAVEZ ISRAEL,ISRAEL CHAVEZ MEDICAL CENTER,nan
CHING CECILIA,MICAH MEDICAL CLINIC,nan
CHING SOLOMON,MICAH MEDICAL CLINIC,nan
COLLANTES EPIFANIA,"MANILA MEDICAL SERVICES, INC.",nan
CRUZ FREDERICO,"MANILA MEDICAL SERVICES, INC.",nan
CUENZA LUCKY,MEDICAL CENTER MANILA,nan
DAYRIT JUAN CARLO,MEDICAL CENTER MANILA,nan
DE LEON FRANCESKA DONNAH,"MANILA MEDICAL SERVICES, INC.",nan
DE LEON LYN,CHRISTIAN MEDICAL CLINIC,nan
DELOS REYES EDUARDO,MEDICAL CENTER MANILA,nan
DOVAL- SANTOS ROSELMO,DOVAL SANTOS MEDICAL CLINIC,nan
DOVAL- SANTOS CHRISTINE,DOVAL SANTOS MEDICAL CLINIC,nan
ENAJE EUGENE,EJMC,nan
ESTANISLAO IAN HERBERT,MEDICAL CENTER MANILA,100639.0
ESTRALLADO MARIA ESTHER,MEDICAL CENTER MANILA,nan
FERNANDO KARLA,"MANILA MEDICAL SERVICES, INC.",nan
FOJAS MIA,MEDICAL CENTER MANILA,nan
FUENTES MARITA,MEDICAL CENTER MANILA,58161.0
GABIOLA ROWENA,LIFEHOUSE DRUGSTORE,nan
GATPATAN MARY JANE,OUR LADY OF LOURDES HOSPITAL,nan
GOLANGCO JOWETH,"MANILA MEDICAL SERVICES, INC.",nan
GUEVARRA DANIEL,MEDICAL CENTER MANILA,nan
GUMATAY WILBERT,"MANILA MEDICAL SERVICES, INC.",nan
HERNANDEZ EDROME,"MANILA MEDICAL SERVICES, INC.",nan
HO HERBERT,"MANILA MEDICAL SERVICES, INC.",nan
HO JEAN,"MANILA MEDICAL SERVICES, INC.",nan
IBANA SHIELA,OUR LADY OF LOURDES HOSPITAL,nan
ISIDRO JESSORE,"MANILA MEDICAL SERVICES, INC.",nan
JERUSALEM CHRISTOPHER,FIRST MEDICAL TEAM,nan
KHO HYDEN,"MANILA MEDICAL SERVICES, INC.",nan
LAUNO  MICHELLE,PACO HEALTH CENTER,nan
LICUANAN SIMOUNE RHAPAELA,MICAH MEDICAL CLINIC,nan
LIM ZENAIDA,"MANILA MEDICAL SERVICES, INC.",nan
LIM ALLAN,"MANILA MEDICAL SERVICES, INC.",nan
LLANES ELMER,"MANILA MEDICAL SERVICES, INC.",nan
MACABEO RHENELENE,OUR LADY OF LOURDES HOSPITAL,nan
MADAMBA BRYLLE,DANILO MALLARI MEDICAL CLINIC,nan
MALLARI DANILO,DANILO MALLARI MEDICAL CLINIC,nan
MARCOS JOSHUA,MEDICAL CENTER MANILA,nan
MENDOZA MARLOU,OUR LADY OF LOURDES HOSPITAL,nan
MERINO ROMEO,"MANILA MEDICAL SERVICES, INC.",nan
MIRASOL ROBERTO,"MANILA MEDICAL SERVICES, INC.",nan
MONTEMAYOR JAN ANDRE,"MANILA MEDICAL SERVICES, INC.",nan
MONTEMAYOR ELIZABETH,"MANILA MEDICAL SERVICES, INC.",nan
NARVAS NICY,MEDICAL CENTER MANILA,nan
NATIVIDAD RUDY BOY,"MANILA MEDICAL SERVICES, INC.",nan
NAVARRO MARIA ELIZA,OUR LADY OF LOURDES HOSPITAL,nan
NERI JOSEPH,VIRGEN DE MANAOG MEDICAL CLINIC,nan
OBRADO MARJORIE GAY,"MANILA MEDICAL SERVICES, INC.",nan
OCAMPO ROSITA,MEDICAL CENTER MANILA,nan
OGACO GINA,"MANILA MEDICAL SERVICES, INC.",nan
PABIS ANTONIO,UN LAB,nan
PADILLA LOURDES,"MANILA MEDICAL SERVICES, INC.",nan
PAGARA  TRISTAN,OUR LADY OF LOURDES HOSPITAL,nan
PANER MAIDENLOVE,"MANILA MEDICAL SERVICES, INC.",nan
PANTINO EVA,COURT OF APPEALS,nan
PESTANO NOEMI,"MANILA MEDICAL SERVICES, INC.",nan
PIPO MICHELLE,"MANILA MEDICAL SERVICES, INC.",nan
PUNZALAN FELIX,CARDIAC CARE,nan
QUETULIO LIZA,CARDIAC CARE,nan
QUIZON GINO REI,"MANILA MEDICAL SERVICES, INC.",nan
QUIZON OLIVE,"MANILA MEDICAL SERVICES, INC.",nan
RAMIREZ JOSEPH MICHAEL,"MANILA MEDICAL SERVICES, INC.",nan
RAMIREZ DANIVIC,OUR LADY OF LOURDES HOSPITAL,nan
RAYMUNDO ROBERTO,MEDICAL CENTER MANILA,nan
REYES EUGENE,"MANILA MEDICAL SERVICES, INC.",nan
RICAFRENTE RAMON,"MANILA MEDICAL SERVICES, INC.",nan
ROMAN ARTHUR DESSI,"MANILA MEDICAL SERVICES, INC.",nan
SAHAGUN JEREEL,MEDICAL CENTER MANILA,nan
SANTELICES CHRISTINE,"MANILA MEDICAL SERVICES, INC.",nan
SARENAS III JOSE,"MANILA MEDICAL SERVICES, INC.",nan
SISON JORGE,MEDICAL CENTER MANILA,nan
SORILLA JOSEPHINE,"MANILA MEDICAL SERVICES, INC.",nan
SUNGA GELEN,OUR LADY OF LOURDES HOSPITAL,nan
TAGUM JEROME,RAMOS NEIS CLINIC,nan
TAN JENNY,DOVAL SANTOS MEDICAL CLINIC,nan
TANGCO ROGELIO,"MANILA MEDICAL SERVICES, INC.",nan
TE CAMILO,"MANILA MEDICAL SERVICES, INC.",nan
TE BOB,MEDICAL CENTER MANILA,nan
TEVES PAUL,FIRST MEDICAL TEAM,nan
TEVES JOSEPHINE,FIRST MEDICAL TEAM,nan
TING STEPHEN,WEST ZAMORA HEALTH CENTER,nan
TING CHARRISE,OUR LADY OF LOURDES HOSPITAL,nan
TIONGCO RICHARD HENRY,"MANILA MEDICAL SERVICES, INC.",nan
TIONGSON MARC DENVER,"MANILA MEDICAL SERVICES, INC.",nan
TORRES DENNIS,"MANILA MEDICAL SERVICES, INC.",nan
TRINIDAD EMMA,"MANILA MEDICAL SERVICES, INC.",nan
TSANG CARLSBERG,"MANILA MEDICAL SERVICES, INC.",nan
VALONES ARIEL,"MANILA MEDICAL SERVICES, INC.",nan
VILLANUEVA RUSSEL,MEDICAL CENTER MANILA,nan
VISTA CELESTE AIDA,SUPREME COURT,nan
ABALOS ROSCOR,NAZARENE HOSPITAL,nan
ABALOS RANDOLF,ALAMINOS TERRITORIAL,nan
ABALOS MERILOU,TAYUG TERRITORIAL,nan
ABELLA ALDWIN,DASOL TERRITORIAL,nan
ADAN RYAN NEIL,URDANETA TERRITORIAL,nan
ADAN REGINA,URDANETA TERRITORIAL,nan
ADAN JR WALFRIDO,REGION 1 MEDICAL CENTER,nan
ADDUN JACQUELINE,NAZARETH GENERAL HOSPITAL,nan
ADIGUE ALDWIN,SACRED HEART HOSPITAL,nan
ALCANCIA JULIE,BINALONAN TERRITORIAL,nan
ALVENDIA KHRISTINE,REGION 1 MEDICAL CENTER,nan
ANDAL MANFRED,REGION 1 MEDICAL CENTER,nan
ANG KERWIN,SACRED HEART HOSPITAL,nan
APELACIO KHRISTIAN RUFFY,PRUDENTE MEDICAL DIAGNOSTIC CENTER,nan
APELLANES MARITES,TAYUG TERRITORIAL,nan
APIL JOMAR,CALASIAO TERRITORIAL,nan
AQUINO ALDRE,THE MEDICAL CITY,nan
AQUINO TESSIE,ALAMINOS TERRITORIAL,nan
AQUINO MARIVIC,MANGATAREM TERRITORIAL,nan
ARCALAS LEONIDES,CARMEN TERRITORIAL,nan
ARCALAS ROSEMARIE,ARCALAS MEDICAL CLINIC,nan
ARENOS EMMANUEL,LUZON MEDICAL CENTER,nan
AROMIN ANNA LIZA,URDANETA TERRITORIAL,nan
ARQUERO MAJORETTE,SACRED HEART HOSPITAL,nan
ARQUERO CONRADO,TAYUG TERRITORIAL,nan
ASUNCION ANGIELYN,ALAMINOS TERRITORIAL,nan
ATANACIO SHARI ANN,SACRED HEART HOSPITAL,nan
AUSA REDEN,DEL CARMEN HOSPITAL,nan
AUSA REXY,ROSALES INFIRMARY,nan
BACHAR FRANCES,JESUS HEALING HANDS HOSPITAL,nan
BAJAO JUSTIN ROSS,CALASIAO HEALTH CENTER,nan
BALATERO MARY ANN,REGION 1 MEDICAL CENTER,nan
BALDO MERCEDES,BINALONAN TERRITORIAL,nan
BALINGIT-SY JOANNA,REGION 1 MEDICAL CENTER,nan
BANEZ VENUS,VIRGEN MILAGROSA MEDICAL CENTER,nan
BARROZO-LAGUARDIA HAZEL,NAZARETH GENERAL HOSPITAL,nan
BARTE HANNAH AIDA,REGION 1 MEDICAL CENTER,nan
BARTOLOME AVEGAILE,NAZARENE HOSPITAL,nan
BARTOLOME MARCELINO,NAZARENE HOSPITAL,nan
BATULAN RICHMOND,DAGUPAN CITY HEALTH OFFICE,nan
BAUTISTA ANTHONY LAWRENCE,REGION 1 MEDICAL CENTER,nan
BAUTISTA ANGELIC RUSSEL,REGION 1 MEDICAL CENTER,nan
BAUTISTA LUCIANA,POZORRUBIO TERRITORIAL,nan
BAUTISTA BILLY,NAZARETH GENERAL HOSPITAL,nan
BELLO GRACE,REGION 1 MEDICAL CENTER,nan
BELOCURA JESS,NAZARETH GENERAL HOSPITAL,nan
BELTRAN DYAN JANE,SAN FABIAN TERRITORIALS,nan
BERGONIA JUPITER,LINGAYEN TERRITORIAL,nan
BERNAL ALFREDO,BLESSED FAMILY DOCTORS GENERAL HOSPITAL,nan
BERNAL ROSARIO,DAGUPAN DOCTORS VILLAFLOR MEMORIAL HOSPITAL,nan
BOLOS ANN THERESA,NAZARETH GENERAL HOSPITAL,nan
BOQUIREN SHARON,HI-PRECISION DIAGNOSTICS,nan
BRAVO FRANKLIN,CALASIAO TERRITORIAL,nan
BROWN SHEENA,SAN CARLOS TERRITORIAL,nan
BROWN MITA,SAN CARLOS TERRITORIAL,nan
BUADA JULIET,MANGALDAN TERRITORIAL,nan
BUDUAN MICHEL,NAZARETH GENERAL HOSPITAL,nan
BUENCONCEJO LYN,SACRED HEART HOSPITAL,nan
BUGAYONG ADRIAN,REGION 1 MEDICAL CENTER,nan
BULATAO ALFONSO,MALASIQUI TERRITORIAL,nan
CAASI MAUREEN,REGION 1 MEDICAL CENTER,nan
CABAL MARY ANGELINE,REGION 1 MEDICAL CENTER,nan
CABATBAT ULYSSES,HI-PRECISION DIAGNOSTICS,nan
CABIDA ROGELIO,BINALONAN TERRITORIAL,nan
CABRERA AL CHYDE,REGION 1 MEDICAL CENTER,nan
CABRERA JOHN AUSTIN,REGION 1 MEDICAL CENTER,nan
CABURNAY JOSEPHINE,BINALONAN TERRITORIAL,nan
CADAY ERIC JUN,REGION 1 MEDICAL CENTER,nan
CAGUIOA FATIMA,REGION 1 MEDICAL CENTER,nan
CALDONA JAMAICA,DAGUPAN CITY HEALTH OFFICE,nan
CALLANTA MARVIN,POZORRUBIO TERRITORIAL,nan
CAMAGAY KHRISTIAN,REGION 1 MEDICAL CENTER,nan
CAMPUED MARICEL,MANGALDAN,nan
CANCINO CHRISTOPHER,SAN CARLOS TERRITORIAL,nan
CANTO ALEXIS,MEDICAL CENTRUM DAGUPAN,nan
CAOLE CHRISTIANA LYN,HI-PRECISION DIAGNOSTICS,nan
CARAS FAIRLIN,MEDICAL CENTRUM DAGUPAN,nan
CARLOS SAMUEL JOSHUA,REGION 1 MEDICAL CENTER,nan
CARO MARILYN KATRINA,NAZARETH GENERAL HOSPITAL,nan
CASIL LEAH,REGION 1 MEDICAL CENTER,nan
CASIPIT RAYMUND,STO. NINO DE CASIPIT GENERAL HOSPITAL,nan
CASTRO MARIO,REGION 1 MEDICAL CENTER,nan
CASUPANG JESSE EMMANUEL,REGION 1 MEDICAL CENTER,nan
CASUPANG JESSICA,MANGALDAN TERRITORIAL,nan
CATAMBING-DAMPIL IRENE,NAZARETH GENERAL HOSPITAL,nan
CAYABYAB JEFFERSON,NAZARETH GENERAL HOSPITAL,nan
CERA MICHAEL ANGELO,REGION 1 MEDICAL CENTER,nan
CHAN MA. THERESA,CHAN MEMORIAL HOSPITAL,nan
CHUA MARTHONY,"ROSALES CHUA PUN MEMORIAL HOSPIITAL,INC",nan
CHUA CARLOS,"ROSALES CHUA PUN MEMORIAL HOSPIITAL,INC",nan
CHUA MAYUMI,DAGUPAN DOCTORS VILLAFLOR MEMORIAL HOSPITAL,nan
CONSTANTINO ALVIN,BLESSED FAMILY DOCTORS HOSPITAL,nan
COQUIA ABRAHAM,THE MEDICAL CITY,nan
CRUZ RHEA,REGION 1 MEDICAL CENTER,nan
CUA MAGIELYN,CALASIAO TERRITORIAL,nan
CUISON JENI CLAIRE,CUISON GENERAL HOSPITAL,nan
CUISON NELSON,CUISON HOSPITAL INC.,nan
CUISON CONRADO,CUISON GENERAL HOSPITAL,nan
CUNA JOHN BENISON,THE MEDICAL CITY,nan
DE GUZMAN ARLENE,MALASIQUI TERRITORIAL,nan
DE GUZMAN CRISANTE,MALASIQUI TERRITORIAL,nan
DE GUZMAN JOSE,NAZARETH GENERAL HOSPITAL,nan
DE LUNA ALLEN,DECENA GENERAL HOSPITAL,nan
DE VENECIA JULITA,DAGUPAN CITY HEALTH OFFICE,nan
DE VERA JESUS ARTURO,CALASIAO HEALTH CENTER,nan
DE VERA GLADYS,LUZON MEDICAL CENTER,nan
DECENA MADELYN,DECENA GENERAL HOSPITAL,nan
DEE ERIC ROLAND,THE MEDICAL CITY,nan
DEL ROSARIO ORLANDO,DAGUPAN DOCTORS VILLAFLOR MEMORIAL HOSPITAL,nan
DELA CRUZ EMMANUEL,SPECIALIST GROUP AND TRAUMA CENTER HOSPITAL,114882.0
DELOS SANTOS SEIDON,REGION 1 MEDICAL CENTER,nan
DICCION BIMBO,SACRED HEART HOSPITAL,nan
DIMAANO JOSEPH,"METRO URDANETA SPECIALIST MEDICAL DIAGNOSTICCENTER, INC.",nan
DIMAANO AGNES,THE MEDICAL CITY,nan
DIWA JAJA MAE,REGION 1 MEDICAL CENTER,nan
DOMINGO CHRISTINA,DEL CARMEN HOSPITAL,nan
DONATO JENELINE,SAN MANUEL TERRITORIAL,nan
DONATO MARKLIN,SAN MANUEL TERRITORIAL,nan
DONATO RIONNEL,SAN MANUEL TERRITORIAL,nan
DORIA URSUS,VIRGEN MILAGROSA MEDICAL CENTER,nan
ELECCION ANNA LIZA,NAZARETH GENERAL HOSPITAL,nan
ELINZANO VICENTE,NAZARETH GENERAL HOSPITAL,nan
ESCANO POLYANA,NAZARETH GENERAL HOSPITAL,nan
ESCUTIN NICOLE,REGION 1 MEDICAL CENTER,nan
ESIO HEINTJE,NAZARETH GENERAL HOSPITAL,nan
ESPINOZA RENATO,MALASIQUI TERRITORIAL,nan
ESTABILLO ODESON,BLESSED FAMILY DOCTORS HOSPITAL,nan
ESTOESTA HOMER,SPECIALIST GROUP AND TRAUMA CENTER HOSPITAL,nan
ESTOESTA ELIZABETH,NAZARETH GENERAL HOSPITAL,nan
ESTRADA WILFRIDO,CALASIAO TERRITORIAL,nan
ESTRADA TITUS,CARMEN TERRITORIAL,nan
EVANGELISTA MARY GRACE,REGION 1 MEDICAL CENTER,nan
FERNANDEZ MARISSA,AMANCIO-FERNANDEZ HOSPITAL,nan
FERNANDEZ MARY ANN,MALASIQUI TERRITORIAL,nan
FERNANDEZ MICHAEL,STA. BARBARA TERRITORIAL,nan
FERRER OLIVER,DAGUPAN DOCTORS VILLAFLOR MEMORIAL HOSPITAL,nan
FERRER JOSEPH RAYMUND,DAGUPAN DOCTORS VILLAFLOR MEMORIAL HOSPITAL,nan
FLORES DESIREE,REGION 1 MEDICAL CENTER,nan
FLORO VENUS,NAZARETH GENERAL HOSPITAL,nan
FLORO CHARLES,REGION 1 MEDICAL CENTER,nan
FLORO MARVIN,NAZARETH GENERAL HOSPITAL,nan
FORTUS ELAINE,MANGATAREM TERRITORIAL,nan
FRIAS NOEL,NAZARENE HOSPITAL,nan
FRONDA CHESTER MARIE,VILLASIS RHU,nan
FUERTES ARSENIO,MANGATAREM TERRITORIAL,nan
GALANG MACARIO,BOLINAO TERRITORIAL,nan
GALANG  ELVIRA,BOLINAO TERRITORIAL,nan
GALANG RESSIE,THE MEDICAL CITY,nan
GALLEGO MINERVA,BLESSED FAMILY DOCTORS GENERAL HOSPITAL,nan
GARCIA GENELYZA,DAGUPAN CITY HEALTH OFFICE,nan
GARCIA ROGELIO,REGION 1 MEDICAL CENTER,nan
GILLE MARK LAWRENCE,REGION 1 MEDICAL CENTER,nan
GIRONILLA VICTOR,STA. BARBARA TERRITORIAL,nan
GO ONASIS,NAZARETH GENERAL HOSPITAL,nan
GO PAMELA JANE,NAZARETH GENERAL HOSPITAL,nan
GOMEZ JOSEPH,POZORRUBIO TERRITORIAL,nan
GONZALES EVE MARIE,SAN FABIAN TERRITORIALS,nan
GONZALES JOHN MICHAEL,REGION 1 MEDICAL CENTER,nan
GUBATAN CONRADO,SAN FABIAN TERRITORIALS,nan
GUTIERREZ CECIL,THE MEDICAL CITY,nan
HONRADO VINA GRACE,REGION 1 MEDICAL CENTER,nan
IBUAN CRISPINO,DAGUPAN DOCTORS VILLAFLOR MEMORIAL HOSPITAL,nan
IDIA-PARAN JHOANNA GRACE,MANGALDAN HEALTH CENTER,nan
IDICA MARINO,PANGASINAN DOCTORS HOSPITAL,nan
ISLA FROELDAN,REGION 1 MEDICAL CENTER,nan
ISLA MELROSE,REGION 1 MEDICAL CENTER,nan
JACINTO JOSELITO,SACRED HEART HOSPITAL,nan
JAMANDRE REINHARD,REGION 1 MEDICAL CENTER,nan
JOVELLANOS EFREN,NAZARETH GENERAL HOSPITAL,nan
JUDE FLORENCIO,POZORRUUBIO MEDICAL SPECIALIST CLNIC AND DIAGNOSTIC CENTER,nan
LAGUARDIA ALLAN,THE MEDICAL CITY,nan
LAGUERTA SARAH,THE MEDICAL CITY,nan
LANSANGAN LALAINE,BAYAMBANG TERRITORIAL,nan
LAPENA EMILY,NAZARETH GENERAL HOSPITAL,nan
LASPENAS TERENCE,DAGUPAN CITY HEALTH OFFICE,nan
LAVARIAS BRENT,BLESSED FAMILY DOCTORS HOSPITAL,nan
LIM MARIZEN,BETHANY HOSPITAL,nan
LLAMAS JOSE ALFONSO,REGION 1 MEDICAL CENTER,nan
LLANILLO DONNAVILLA,NAZARETH GENERAL HOSPITAL,nan
LOPEZ FRANCIS GERALD,THE MEDICAL CITY,nan
LOPEZ MA. VICTORIA,DAGUPAN CITY HEALTH OFFICE,nan
LOZO GABRIEL,REGION 1 MEDICAL CENTER,nan
LUMANLAN WAIDA,NAZARETH GENERAL HOSPITAL,nan
MACAALAY JEHAN GRACE,REGION 1 MEDICAL CENTER,nan
MACARAEG RAUL,NAZARETH GENERAL HOSPITAL,nan
MACARANAS ABRAHAM,MALASIQUI TERRITORIAL,nan
MACARANAS ERIK RENZON,BLESSED FAMILY DOCTORS GENERAL HOSPITAL,nan
MALANUM MERMIA LOURE,REGION 1 MEDICAL CENTER,nan
MALBOG MILBEN,NAZARETH GENERAL HOSPITAL,nan
MAMARIL MONA,NAZARETH GENERAL HOSPITAL,nan
MANALIGOD ENRICA,SACRED HEART HOSPITAL,nan
MANALO LEOPOLDO,SAN FABIAN TERRITORIALS,nan
MANAOAT SAMUEL ADAMS,DAGUPAN CITY HEALTH OFFICE,nan
MANAOIS MICHIKO ROSE,REGION 1 MEDICAL CENTER,nan
MANAOIS GLADIOLA,BINMALEY HEALTH CENTER,nan
MANAOIS RALPH AUGUST,REGION 1 MEDICAL CENTER,nan
MANAOIS MELQUIADES,REGION 1 MEDICAL CENTER,nan
MANGAHAS MIKE,REGION 1 MEDICAL CENTER,nan
MANONGAS CLETO,REGION 1 MEDICAL CENTER,nan
MANZANO VIRGILIO,MANGALDAN HEALTH CENTER,nan
MANZANO ELENMARIE,NAZARETH GENERAL HOSPITAL,nan
MARAMBA-ABAD RIZZI MAE,DAGUPAN CITY HEALTH OFFICE,nan
MARZAN DONNA,POZORRUBIO TERRITORIAL,nan
MELENDEZ MICHELLE,NAZARETH GENERAL HOSPITAL,nan
MERMIA LOURE,REGION 1 MEDICAL CENTER,nan
MOLANO JOSEPH,DAGUPAN CITY HEALTH OFFICE,nan
MONDALA MAURO,SACRED HEART HOSPITAL,nan
MONSANTO CLEZZEL,SACRED HEART HOSPITAL,nan
MONTANO JAYSON,REGION 1 MEDICAL CENTER,nan
MORANTE GEORGE,VIRGEN MILAGROSA MEDICAL CENTER,nan
MORANTE REUBEN,NAZARETH GENERAL HOSPITAL,nan
MOYA-MENDOZA HEIDI,REGION 1 MEDICAL CENTER,nan
MUIN JENNIFER,MALASIQUI TERRITORIAL,nan
MUNOZ EFREN,BLESSED FAMILY DOCTORS GENERAL HOSPITAL,nan
NADONG JASFER,ALAMINOS TERRITORIAL,nan
NAVARRO KATE LESLIE ANN,THE MEDICAL CITY,nan
NOMER ROSARIO,REGION 1 MEDICAL CENTER,nan
NOVELOSO VICKY,REGION 1 MEDICAL CENTER,nan
OBAY SHIRLEY,MEDICAL CENTRUM DAGUPAN,nan
OCAMPO KRYSTEL MARIE,REGION 1 MEDICAL CENTER,nan
OCAMPO MIGUEL GABRIEL,REGION 1 MEDICAL CENTER,nan
OCAMPO MIGUEL JOAQUIN,STO. NINO DE CASIPIT GENERAL HOSPITAL,nan
OCTAVIANO ALLAN,NAZARETH GENERAL HOSPITAL,nan
OLIVA PHILLIP MANUEL,DAGUPAN DOCTORS VILLAFLOR MEMORIAL HOSPITAL,nan
OLIVAR TEOCELES,SACRED HEART HOSPITAL,nan
ONG DICK,THE MEDICAL CITY,nan
ONTALAN FRANCISCO,NAZARETH GENERAL HOSPITAL,nan
ORDONEZ REYNALDO,ORDONEZ HOSPITAL,nan
OROPILLA LUCILLE,REGION 1 MEDICAL CENTER,nan
ORPIANO ERVIN,SACRED HEART HOSPITAL,nan
ORTIZ JOCELINE,UMINGAN TERRITORIAL,nan
ORTIZ ANNA KARESSA,MANGALDAN TERRITORIAL,nan
OSORIO ABEGAIL ANGELYN,REGION 1 MEDICAL CENTER,nan
PAGSOLINGAN JOEL MARIO,SACRED HEART HOSPITAL,nan
PALISOC RODEL,VIRGEN MILAGROSA MEDICAL CENTER,nan
PALLINGAYAN REHANA,REGION 1 MEDICAL CENTER,nan
PARAGAS ANNE,DAGUPAN CITY HEALTH OFFICE,nan
PARAGAS CHARLES,POZORRUBIO TERRITORIAL,nan
PARAGAS KHRISTINE,REGION 1 MEDICAL CENTER,nan
PARAYNO GRETCHEN,SACRED HEART HOSPITAL,nan
PARINAS DARIUS,SACRED HEART HOSPITAL,nan
PASAG JESSEL,SACRED HEART HOSPITAL,nan
PASAOA MARIBEL,REGION 1 MEDICAL CENTER,nan
PASTORAL CHRISTINE,POZORRUBIO TERRITORIAL,nan
PATAWARAN EMERSON,SACRED HEART HOSPITAL,nan
PAZ CHRISTIAN,REGION 1 MEDICAL CENTER,nan
PEDROZO FRANCIS,TAYUG TERRITORIAL,nan
PERALTA RAYMUND,PERALTA MEDICAL CLINIC AND HOSPITAL,nan
PEREZ NIKEKIER,REGION 1 MEDICAL CENTER,nan
PEREZ  CRISTIAN,QUALICARE MEDICAL AND DIAGNOSTIC CENTER,nan
PEREZ KRISTINE,QUALICARE MEDICAL AND DIAGNOSTIC CENTER,nan
PETONIO JOMAR,REGION 1 MEDICAL CENTER,nan
PITARGUE ARTHUR,NAZARETH GENERAL HOSPITAL,nan
POSADAS LORDWIN,NAZARETH GENERAL HOSPITAL,nan
POSADAS ANTHONY,POSADAS MEDICAL CLINIC ROSALES,nan
POSADAS GEORGE,POSADAS MEDICAL CLINIC ROSALES,nan
POSADAS EMMANUEL JOHN,REGION 1 MEDICAL CENTER,nan
PRIMICIAS ALICIA,TAYUG TERRITORIAL,nan
QUIMSON-SOLAR LARA,THE MEDICAL CITY,nan
QUISIAS MARK KENNETH,REGION 1 MEDICAL CENTER,nan
RACHO EMMANUEL,BOLINAO TERRITORIAL,nan
RAFAEL RODOLFO,SAN FABIAN TERRITORIALS,nan
RAMOS RECTO,LINGAYEN TERRITORIAL,nan
RANGEL ERIKA,DAGUPAN DOCTORS VILLAFLOR MEMORIAL HOSPITAL,nan
RANGEL ROBERT,NAZARENE HOSPITAL,nan
RANGEL RICARDO,DAGUPAN DOCTORS VILLAFLOR MEMORIAL HOSPITAL,nan
RANGEL JANINE,MALASIQUI TERRITORIAL,nan
RASAY FRANCE GIL,THE MEDICAL CITY,nan
RAYOS KATHLEEN FAYE,REGION 1 MEDICAL CENTER,nan
REINOSO MARIBETH,DASOL TERRITORIAL,nan
REYES STACEY,NAZARENE HOSPITAL,nan
REYES CLARITO,SPECIALIST GROUP AND TRAUMA CENTER HOSPITAL,nan
RILLERA FREDILYN,BOLINAO TERRITORIAL,nan
RILLERA EISENHOWER,BOLINAO TERRITORIAL,nan
RITUMALTA EMELITO,REGION 1 MEDICAL CENTER,nan
RIVERA CAMILO,ALAMINOS TERRITORIAL,nan
ROQUE ARIANE,THE MEDICAL CITY,nan
ROSALES ALVIN,BAYAMBANG TERRITORIAL,nan
ROSARIO JERRY,NAZARETH GENERAL HOSPITAL,nan
ROSARIO MARITES,MANGALDAN TERRITORIAL,nan
ROSARIO MARK ROSS,REGION 1 MEDICAL CENTER,nan
ROXAS IRINA,NAZARETH GENERAL HOSPITAL,nan
SABADO SHIELA,DAGUPAN CITY HEALTH OFFICE,nan
SALVADOR RODRIGO,SACRED HEART HOSPITAL,nan
SANCHEZ ARLENE ANN,THE MEDICAL CITY,nan
SANTOS FEDERICO,THE MEDICAL CITY,nan
SARINGAN MILANIE,LINGAYEN TERRITORIAL,nan
SARITO LARRY,MANGALDAN HEALTH CENTER,nan
SEMBRANO GABRIEL,REGION 1 MEDICAL CENTER,nan
SEVIDO PAMELA,NAZARETH GENERAL HOSPITAL,nan
SIAPNO PINKIE,NAZARETH GENERAL HOSPITAL,nan
SIAPNO ISABELITA,NAZARETH GENERAL HOSPITAL,nan
SIAPNO FRANCES MOISES,REGION 1 MEDICAL CENTER,nan
SIM-APURA CHENG,MEDICAL CENTRUM DAGUPAN,nan
SISON JEROME,DAGUPAN DOCTORS VILLAFLOR MEMORIAL HOSPITAL,nan
SONGCUAN DIANA,BLESSED FAMILY DOCTORS GENERAL HOSPITAL,nan
SONGCUAN GUADALUPE,REGION 1 MEDICAL CENTER,nan
SORIANO FERNANDO,THE MEDICAL CITY,nan
SORIANO IAN ANTHONY,THE MEDICAL CITY,nan
SOTTO MARK TRINY FIL,THE MEDICAL CITY,nan
SUBIDO FAITH,LINGAYEN TERRITORIAL,nan
TAGAYO MANTER,REGION 1 MEDICAL CENTER,nan
TANDINGAN GIESON,MANGALDAN TERRITORIAL,nan
TANG PAUL,LUZON MEDICAL CENTER,nan
TANIGUE JR ROMULO,REGION 1 MEDICAL CENTER,nan
TANLAPCO EDUARDO FRANCISCO,THE MEDICAL CITY,nan
TILAN DAN ELIZEAR,REGION 1 MEDICAL CENTER,nan
TOLETE MELINDA,SAN MANUEL TERRITORIAL,nan
TORIO JOSE CHRISTOPHER,THE MEDICAL CITY,nan
TORIO ROWENA LOURDES,SPECIALIST GROUP AND TRAUMA CENTER HOSPITAL,nan
TRINIDAD POCHOLO,REGION 1 MEDICAL CENTER,nan
TUAZON ANGELA,THE MEDICAL CITY,nan
TULAGAN IDA INGRID,THE MEDICAL CITY,nan
TUMALIUAN VALERIE,REGION 1 MEDICAL CENTER,nan
ULEP ERWIN,URDANETA TERRITORIAL,nan
URSUA GILLIAN CLAIRE,MANGALDAN HEALTH CENTER,nan
UY MARIJEN,MANAOG TERRITORIAL,nan
VALDEZ CHRIS JESSA,REGION 1 MEDICAL CENTER,nan
VALENCIA RAYMUNDO,LINGAYEN TERRITORIAL,nan
VALERIO ARRIANNE,BLESSED FAMILY DOCTORS GENERAL HOSPITAL,nan
VELASQUEZ RONALD,VELASQUEZ MEDICAL CLINIC AND HOSPITAL,90900.0
VENZON ZACHARY GEORGE,REGION 1 MEDICAL CENTER,nan
VERGARA - ESTEVES JOY,REGION 1 MEDICAL CENTER,nan
VIDUYA AUDREY,BINALONAN TERRITORIAL,nan
VINLUAN ABEGAIL,NAZARETH GENERAL HOSPITAL,nan
VIRREY ROWENA,NAZARETH GENERAL HOSPITAL,nan
WI JOHANN,REGION 1 MEDICAL CENTER,nan
WI  JENNIFER,DAGUPAN DOCTORS VILLAFLOR MEMORIAL HOSPITAL,nan
WI ZENAIDES,DAGUPAN DOCTORS VILLAFLOR MEMORIAL HOSPITAL,nan
WONG KANE,NAZARETH GENERAL HOSPITAL,nan
WONG ANGELA,THE MEDICAL CITY,nan
YANES RYAN,NAZARENE HOSPITAL,nan
YAP BARBARA,MANGALDAN TERRITORIAL,71390.0
YOUNG DONNA,CHAN MEMORIAL HOSPITAL,nan
ACOSTA OLGA,MAXICARE,nan
ALVIAR TED,ALVIAR MEDICAL LABORATORIES,nan
AMOR LAURO,MAKATI MEDICAL CENTER,nan
ANSON JOSE MARIA,MAKATI MEDICAL CENTER,nan
APOSTOL ALFREDO,MAKATI MEDICAL CENTER,nan
ARELLANO FE AILLEEN,ST. CLARE MEDICAL CENTER,nan
ASETRE GOLDA,HI-PRECISION,nan
ASUNCION KATRINA,MAKATI MEDICAL CENTER,nan
BALILEA JAYBEE,ST. CLARE MEDICAL CENTER,nan
BARRIERO MA. FATIMA,HEALTH METRICS,nan
BAUTISTA RYAN,MAKATI MEDICAL CENTER,nan
BEJARIN ADRIAN,MEDICARD,nan
BELIZARIO MIGUEL,HEALTH METRICS,nan
BERNARDO ORVEN,PLDT SMART,nan
BERNARDO JASMIN MELISSA,MAKATI MEDICAL CENTER,nan
BISQUERA MARY ROSE,MAKATI MEDICAL CENTER,nan
BLAMES MAUREEN,MAKATI MEDICAL CENTER,nan
CABRAL MONICA THERESE,MAKATI MEDICAL CENTER,nan
CABRAL BRIAN MICHEAL,MAKATI MEDICAL CENTER,nan
CABRERA ESTELA,MAKATI MEDICAL CENTER,nan
CACAL FRANCES,ASSOCIATED MEDICAL AND CLINIC - AMS,nan
CAPELLAN MA. LEONORA,MAKATI MEDICAL CENTER,nan
CATIBOG ISABELLA,MAKATI MEDICAL CENTER,nan
CAYCO ANTONIO,MAKATI MEDICAL CENTER,nan
CHAN RAIZEN,PLDT SMART,nan
CHAVEZ ALICIA,BREAD OF LIFE,nan
CIRILO CHAN,ST. CLARE MEDICAL CENTER,nan
CONCEPCION GERDA,AVENTUS,nan
CORALLES ALETTA,ST. CAMELLUS,nan
CRISOSTOMO THELMA,MAKATI MEDICAL CENTER,nan
CUTCHON MARY AIROL,PLDT SMART,nan
CUTCHON EZRA,PLDT SMART,nan
DE GUZMAN GIORGIO,ST. CLARE MEDICAL CENTER,nan
DE LEON JAYSON,RG MEDICAL,nan
DE RAMOS DARYL,MAKATI MEDICAL CENTER,nan
DEL ROSARIO MARGARET,ST. CLARE MEDICAL CENTER,nan
DELA ALAS CHRISTOPHER,ST. CLARE MEDICAL CENTER,nan
DELA ROSA  JOEL,MAKATI MEDICAL CENTER,nan
DORION-DIAZ LOURDES,MAKATI MEDICAL CENTER,nan
DUMAUAL KARL MARTIN,DUMAUAL MEDICAL CLINIC AND DIAGNOTIC CENTER,nan
DUMAUAL MA. TERESA,DUMAUAL MEDICAL CLINIC AND DIAGNOTIC CENTER,nan
DURAN KATHLEEN,AVENTUS,nan
ECAL MELIZA,ST. CLARE MEDICAL CENTER,nan
ENRIQUESZ DANILO,ST. CLARE MEDICAL CENTER,nan
ESMILE ALYSSA,PLDT SMART,nan
ESTALLILLA  RICO,ST. CLARE MEDICAL CENTER,nan
FERRER FILOTEO,MAKATI MEDICAL CENTER,nan
FONTANOZ JUDITH,J.P. FONTANOZ MEDICAL CLINIC,nan
FRAGO FREDERICK,GREPA LIFE,nan
GABASA JONATHAN,PLDT SMART,nan
GALAMAY JOHN R,PMP DIAGNOSTIC,nan
GARCIA NATHANIEL,KLINIKAYA,nan
GARCIA GEORMIE,HI-PRECISION,nan
GARDE LARA,HEALTH METRICS,nan
GERON VALERIE,MAKATI MEDICAL CENTER,nan
GO LAWRENCE,HEALTH METRICS,nan
GODOY GODOFREDO,MAKATI MEDICAL CENTER,nan
GOLANGCO NERISSA,MAKATI MEDICAL CENTER,nan
GONZALES  CECILIA,MAKATI MEDICAL CENTER,nan
GRAFIL KEITH DARRYL DE,ST. CLARE MEDICAL CENTER,nan
GUILLERMO CLYDE,MEDICARD,nan
HERRERA OSWALDO,MAKATI MEDICAL CENTER,nan
ISIDRO MA. JOCELYN,MAKATI MEDICAL CENTER,nan
ISIDRO JESSORE,ST. CLARE MEDICAL CENTER,nan
JEREMILLO ROLANDO,JEREMILLO CLINIC,nan
JEREMILLO AUREA,JEREMILLO CLINIC,nan
JEREMILLO ROLANDO JR.,JEREMILLO CLINIC,nan
KANAPI MARIA PRINCESS,MAKATI MEDICAL CENTER,nan
KASILAG RAYNATO,MAKATI MEDICAL CENTER,nan
KING ANTHONY,MAKATI MEDICAL CENTER,nan
LABRADOR MIA ARABELLE,ST. CLARE MEDICAL CENTER,nan
LADERA KIER,MAXICARE,nan
LAGMAN MICHAEL MARTIN,LAGMAN MEDICAL CLINIC AND DIAGNOSTIC,nan
LAS JUANCHO ALFREDO,MAKATI MEDICAL CENTER,nan
LAZARO BERNADETTE,AVENTUS,nan
LEAL JOHN,GREPA LIFE,nan
LEONCINI CIERA,MAKATI MEDICAL CENTER,nan
LEONOR RONA MARIE,MAKATI MEDICAL CENTER,nan
LIMJOCO RAFAEL,PLDT SMART,nan
LIONG YVES JEAN,ST. CLARE MEDICAL CENTER,nan
LITONJUA AUGUSTO,MAKATI MEDICAL CENTER,nan
LOYOLA FREDERICK,ST. CLARE MEDICAL CENTER,nan
LOZANO RIVA,MAXICARE,nan
MACALINTAL CLAVEL,MAKATI MEDICAL CENTER,nan
MAGDAONG MELAYNE,RG MEDICAL,nan
MALLABO ALMA FIDES,MAKATI MEDICAL CENTER,nan
MANALO ERIKA,HEALTH METRICS,nan
MANGULABNAN JENNY LYN,ST. CLARE MEDICAL CENTER,nan
MARQUEZ CLAUDE,MAKATI MEDICAL CENTER,nan
MARTIN ANDRE,WALTERMART TMC,nan
MATULAC MELGAR,ST. CLARE MEDICAL CENTER,nan
MENDOZA-MISHUKU CARMELLI,ST. CLARE MEDICAL CENTER,nan
MODINA ROWENA,ST. CLARE MEDICAL CENTER,nan
MONTANO  CAROLYN,MAKATI MEDICAL CENTER,nan
MORALES DANTE,MAKATI MEDICAL CENTER,nan
MORENO SHARON,MEDICARD,nan
MOSLEM SOJAYDA,HMICARE CLINIC AND DIAGNOSTIC,nan
NARIO RONALD,HI-PRECISION,nan
NATIVIDAD RUDY BOY,ST. CLARE MEDICAL CENTER,nan
NOBLE PERRY,MAKATI MEDICAL CENTER,nan
OLIVA  ANDREA MARIE,MAKATI MEDICAL CENTER,nan
ORTEGA RUBEN,MAKATI MEDICAL CENTER,nan
ORTIZ- SISON MAY,MAKATI MEDICAL CENTER,nan
PAGSOLINGAN FATIMA,HEALTH METRICS,nan
PALILEO ROBERTO,ST. CAMELLUS,nan
PANG TERESITA,PLDT SMART,nan
PASCUAL CHRISTINE,MAKATI MEDICAL CENTER,nan
PASTORES  ELOISA,MAKATI MEDICAL CENTER,nan
PILAR AILEEN JOY,PLDT SMART,nan
PLES RAMON,BREAD OF LIFE,nan
PO RAINER WANDREW PO,MAKATI MEDICAL CENTER,nan
QUE CHARMAIN,ST. CLARE MEDICAL CENTER,nan
QUETUA PAUL,MAKATI MEDICAL CENTER,nan
RAMIREZ ROSELLE,PMP DIAGNOSTIC,nan
RAMOS RAMOS,MAKATI MEDICAL CENTER,nan
RAQUINO JOHN RUDOLF,RG MEDICAL,nan
RELATO CO-NIEL,RG MEDICAL,nan
RENATO RECIO,ST. CLARE MEDICAL CENTER,nan
ROBLES JACLYN,KLINIKAYA,nan
ROMMEL  IMBUIDO,HEALTH METRICS,nan
ROSALES ELYSHA,ST. CLARE MEDICAL CENTER,nan
ROSAS NOEL,MAKATI MEDICAL CENTER,nan
RUIZ RAIZA MARI,PBM MEDICAL CLINIC,nan
RUIZ ROSEMARIE,PBM MEDICAL CLINIC,nan
SABALE KENJI,MEDICARD,nan
SABATER WILFREDO,SABATER MEDICAL CLINIC,nan
SANCHEZ JAZTYN,MESIAH CLINICA MEDICA,nan
SANTIAGO AIVIND,MAKATI MEDICAL CENTER,nan
SANTOS INIGO,AVENTUS,nan
SARMIENTO  JOSIERINA,MAKATI MEDICAL CENTER,nan
SISON JORGE,MAKATI MEDICAL CENTER,nan
SUNGA JOY SHEENA,ST. CLARE MEDICAL CENTER,nan
SUNGA JULIANE,HEALTH METRICS,nan
SUPANGAN GERALD,ST. CLARE MEDICAL CENTER,nan
TABAN OTHELLE,ST. CLARE MEDICAL CENTER,nan
TAJONERA KATHERINE JOY,MAKATI MEDICAL CENTER,nan
TIANGCO ANABELLE,GREPA LIFE,nan
UMEREZ DENZEL,HEALTH METRICS,nan
URSUA BRENDA,HMICARE CLINIC AND DIAGNOSTIC,nan
UY  MARY MILAGROS,MAKATI MEDICAL CENTER,nan
UY  CARL,AMARE MEDICA,nan
VEGA ROSE LYNN,ASSOCIATED MEDICAL AND CLINIC - AMS,nan
VERANO FREDERICK,MAKATI MEDICAL CENTER,nan
VIDALLO ALYANNA,HEALTH METRICS,nan
VIDAMO ROMEO,AVENTUS,nan
VILLANUEVA ERNEST,ASSOCIATED MEDICAL AND CLINIC - AMS,nan
WASSMER  GIA,MAKATI MEDICAL CENTER,nan
WENCESLAO EPHRAIM,MAKATI MEDICAL CENTER,nan
WILSON ODESSA,MAKATI MEDICAL CENTER,nan
ABAN MARK PHILIPP,PAGCOR,nan
ABAT LENARD ALDRIN,OSPITAL NG PARANAQUE,nan
ACOSTA JENNEN,ADVENTIST MEDICAL CENTER,nan
ALCARAZ JR CONRADO,PARANAQUE DOCTORS HOSPITAL,nan
ALCARAZ JR CONRADO,UNIHEALTH PARANAQUE HOSPITAL AND MEDICAL CENTER,nan
AMISOLA ANTONIO,PARANAQUE DOCTORS HOSPITAL,nan
ANCHETA EDUARDO,PARANAQUE DOCTORS HOSPITAL,nan
ANCHETA JR MAXIMO,ADVENTIST MEDICAL CENTER,nan
ANDAMAN-VILLASENOR JANE,SAN JUAN DE DIOS HOSPITAL,nan
ANDONG SUSAN,SAN JUAN DE DIOS HOSPITAL,nan
ANG ALBERT,SAN JUAN DE DIOS HOSPITAL,nan
ANICOCHE MA MELMAR,PARANAQUE DOCTORS HOSPITAL,nan
ANISCOL MARY GRACE,UNIHEALTH PARANAQUE HOSPITAL AND MEDICAL CENTER,nan
APOLINAR YASMINDA,PHILIPPINE AIRLINES,nan
ARELLANO JUAN VIGILIIA,MEDICAL CENTER PARANAQUE,nan
ARGANA MARIVIC,UNIHEALTH PARANAQUE HOSPITAL AND MEDICAL CENTER,nan
ARIAS ANGELITO,MEDICUS DIAGNOSTIC CENTER,nan
BARTOLOME NOELVIN PERRY,ADVENTIST MEDICAL CENTER,nan
BLAS LARISSA,PHILIPPINE AIRLINES,nan
CABANGON MYL,SAN JUAN DE DIOS HOSPITAL,nan
CALDERON ALBERT,ADVENTIST MEDICAL CENTER,nan
CALLERA RONALDO,UNIHEALTH PARANAQUE HOSPITAL AND MEDICAL CENTER,nan
CARABEO ERWIN,UNIHEALTH PARANAQUE HOSPITAL AND MEDICAL CENTER,nan
CHUA ZALVEEN,SAN JUAN DE DIOS HOSPITAL,nan
CHUA-VILLA LYNETTE,SAN JUAN DE DIOS HOSPITAL,nan
CORPUZ DIANNE GRACE,ADVENTIST MEDICAL CENTER,nan
CORPUZ DIANNE GRACE,UNIHEALTH PARANAQUE HOSPITAL AND MEDICAL CENTER,nan
CRUZ MARY ANN,OSPITAL NG PARANAQUE,nan
CRUZ MARY ANN,SAN JUAN DE DIOS HOSPITAL,nan
CRUZ JULIUS,UNIHEALTH PARANAQUE HOSPITAL AND MEDICAL CENTER,nan
CRUZ JR AUGUSTO,ADVENTIST MEDICAL CENTER,91302.0
DAPAT JOELSON,ADVENTIST MEDICAL CENTER,nan
DE CASTRO LEA ROSELLE,PARANAQUE DOCTORS HOSPITAL,nan
DE GUZMAN JAN KRISTOPER,PARANAQUE DOCTORS HOSPITAL,nan
DE GUZMAN NOEL,SAN JUAN DE DIOS HOSPITAL,nan
DE LEON FROILAN,SAN JUAN DE DIOS HOSPITAL,nan
DE LEON ADRIAN PAUL,OLIVAREZ GENERAL HOSPITAL,nan
DECANGCHON FATIMA,OSPITAL NG PARANAQUE,nan
DEJAN JR. RENATO,OLIVAREZ GENERAL HOSPITAL,nan
DELA CRUZ HOMER,OSPITAL NG PARANAQUE,nan
DELA CRUZ RUBEN,ADVENTIST MEDICAL CENTER,nan
DELA CRUZ HOMER,UNIHEALTH PARANAQUE HOSPITAL AND MEDICAL CENTER,nan
DELA PENA ELEANOR,ADVENTIST MEDICAL CENTER,nan
DESQUITADO MA CARIDAD,PARANAQUE DOCTORS HOSPITAL,nan
DESQUITADO MA CARIDAD,SAN JUAN DE DIOS HOSPITAL,nan
DIAZ ALEJANDRO,SAN JUAN DE DIOS HOSPITAL,nan
DUNGO PAUL,PHILIPPINE AIRLINES,nan
ENRIQUEZ HOWARD,ADVENTIST MEDICAL CENTER,nan
ENRIQUEZ MICHAEL VINCENT,PARANAQUE DOCTORS HOSPITAL,nan
ESPINOSA CZARINA PAULA,OSPITAL NG PARANAQUE,nan
ESTOLANO PATRICK JOSEPH,SAN JUAN DE DIOS HOSPITAL,nan
ESTOLANO RAYMUND,ADVENTIST MEDICAL CENTER,nan
ESTOLANO PATRICK JOSEPH,MEDICAL CENTER PARANAQUE,nan
ESTOLANO RAYMUND,PARANAQUE DOCTORS HOSPITAL,nan
FABIAN NOEL,SAN JUAN DE DIOS HOSPITAL,nan
FERRER IMELDA,UNIHEALTH PARANAQUE HOSPITAL AND MEDICAL CENTER,nan
FORTES KAREN,OLIVAREZ GENERAL HOSPITAL,nan
FORTES KAREN,OSPITAL NG PARANAQUE,nan
GABRIEL MA TERESITA,OSPITAL NG PARANAQUE,nan
GABRIEL MA TERESITA,SAN JUAN DE DIOS HOSPITAL,nan
GARCIA JANICE,SAN JUAN DE DIOS HOSPITAL,nan
GARCIA JANICE,ADVENTIST MEDICAL CENTER,nan
GARCIANO FAYE,UNIHEALTH PARANAQUE HOSPITAL AND MEDICAL CENTER,nan
GENERIC MD 1.0,GENERIC,nan
GONZAGA PAULENE KRISTINE,SAN JUAN DE DIOS HOSPITAL,nan
GRAFIL KEITH DARRYL,SAN JUAN DE DIOS HOSPITAL,nan
GRAFIL KEITH DARRYL,PARANAQUE DOCTORS HOSPITAL,nan
GUCE GLENN KAY,PARANAQUE DOCTORS HOSPITAL,nan
GUCE GLENN KAY,UNIHEALTH PARANAQUE HOSPITAL AND MEDICAL CENTER,nan
GULOY ALVIN,PARANAQUE DOCTORS HOSPITAL,nan
HAMOY-JIMENEZ GEOHANA,MEDICAL CENTER PARANAQUE,nan
HERNANDEZ DAN PHILLIP,ADVENTIST MEDICAL CENTER,nan
ILAO JOSEPH FRANCIS,OSPITAL NG PARANAQUE,nan
ILAO JOSEPH FRANCIS,MEDICAL CENTER PARANAQUE,nan
ILAO JOSEPH FRANCIS,UNIHEALTH PARANAQUE HOSPITAL AND MEDICAL CENTER,nan
JACOB MARY GRACE,PARANAQUE DOCTORS HOSPITAL,nan
JACOB MARY GRACE,UNIHEALTH PARANAQUE HOSPITAL AND MEDICAL CENTER,nan
JOYAS JOYCE,UNIHEALTH PARANAQUE HOSPITAL AND MEDICAL CENTER,nan
KAWI LYNETTE BERNADINE,UNIHEALTH PARANAQUE HOSPITAL AND MEDICAL CENTER,nan
LAM LAI LEE,SAN JUAN DE DIOS HOSPITAL,nan
LAPUZ CARMENCITA,LAPUZ MEDICAL CLINIC,nan
LAPUZ REYNALDO VICTOR,LAPUZ MEDICAL CLINIC,nan
LEOMO CHRISTINE,OSPITAL NG PARANAQUE,nan
LIAO LAUREN ANNE,SAN JUAN DE DIOS HOSPITAL,nan
LIM ROBERT,OSPITAL NG PARANAQUE,nan
LIM-VARONA LINDA,ADVENTIST MEDICAL CENTER,nan
LOPEZ RAMIELOU,SAN JUAN DE DIOS HOSPITAL,nan
LOSENO RUBY LORAINE,MEDICUS DIAGNOSTIC CENTER,nan
MAGBITANG-SANTIAGO ANGELINE,SAN JUAN DE DIOS HOSPITAL,nan
MAGNO-ESQUIVEL JENNIFER,UNIHEALTH PARANAQUE HOSPITAL AND MEDICAL CENTER,nan
MAGNO-ESQUIVEL JENNIFER,OLIVAREZ GENERAL HOSPITAL,nan
MALLARI-ALVAREZ RAQUEL,SAN JUAN DE DIOS HOSPITAL,nan
MANGROBANG ROSS,UNIHEALTH PARANAQUE HOSPITAL AND MEDICAL CENTER,nan
MARANAN EPHRAIM,PARANAQUE DOCTORS HOSPITAL,nan
MARCIAL MARIA PAULETTE,SAN JUAN DE DIOS HOSPITAL,nan
MARCIAL MARIA PAULETTE,UNIHEALTH PARANAQUE HOSPITAL AND MEDICAL CENTER,nan
MARCIAL MARIA PAULETTE,MEDICAL CENTER PARANAQUE,nan
MARQUEZ EDUARD CESAR,UNIHEALTH PARANAQUE HOSPITAL AND MEDICAL CENTER,nan
MARTIN ALFREDO,ADVENTIST MEDICAL CENTER,nan
MARTINEZ KARINA,PARANAQUE DOCTORS HOSPITAL,nan
MATULAC MELGAR,ADVENTIST MEDICAL CENTER,nan
MEA ANGELICA,PAGCOR,nan
MEDINA JR HENRY,PARANAQUE DOCTORS HOSPITAL,nan
MIGUEL ALLEN,ADVENTIST MEDICAL CENTER,nan
MORALES JR FELIMON,SAN JUAN DE DIOS HOSPITAL,nan
MUTUC JAYSON,PARANAQUE DOCTORS HOSPITAL,nan
MUTUC JAYSON,UNIHEALTH PARANAQUE HOSPITAL AND MEDICAL CENTER,nan
NACPIL CYNTHIA,UNIHEALTH PARANAQUE HOSPITAL AND MEDICAL CENTER,nan
OKOL MA FELARCA,PHILIPPINE AIRLINES,nan
OLIVA ANDREA,THE PREMIER MEDICAL CENTER,nan
ORTEGA RUBEN,PARANAQUE DOCTORS HOSPITAL,nan
PADUA KIARA MARIE,UNIHEALTH PARANAQUE HOSPITAL AND MEDICAL CENTER,nan
PAGCATIPUNAN RODULFO,ADVENTIST MEDICAL CENTER,nan
PALILEO ROBERTO,SAN JUAN DE DIOS HOSPITAL,nan
PANDES ORVILLE JESS,ADVENTIST MEDICAL CENTER,nan
PASOL ESTEBAN,SAN JUAN DE DIOS HOSPITAL,nan
PATAWARAN ATHENA,PARANAQUE DOCTORS HOSPITAL,nan
PICA NIDA,SAN JUAN DE DIOS HOSPITAL,nan
PINEDA ANNA KATHRYN,OLIVAREZ GENERAL HOSPITAL,nan
QUIMPO JOSELYNNA,SAN JUAN DE DIOS HOSPITAL,nan
RAMIRO PHILIP,SAN JUAN DE DIOS HOSPITAL,nan
RAPADAS-ILAO MARITONI,OLIVAREZ GENERAL HOSPITAL,nan
RAPADAS-ILAO MARITONI,UNIHEALTH PARANAQUE HOSPITAL AND MEDICAL CENTER,nan
RAQUINO JOHN RUDOLF,ADVENTIST MEDICAL CENTER,nan
REYES NERISSA,UNIHEALTH PARANAQUE HOSPITAL AND MEDICAL CENTER,nan
REYES NERISSA,MEDICAL CENTER PARANAQUE,nan
REYES NERISSA,PARANAQUE DOCTORS HOSPITAL,nan
RIVERA CEFERINO,ADVENTIST MEDICAL CENTER,nan
RIVERA ELMA JOY,PARANAQUE DOCTORS HOSPITAL,nan
RIVERA ELMA JOY,MEDICAL CENTER PARANAQUE,nan
RIVERA ELMA JOY,UNIHEALTH PARANAQUE HOSPITAL AND MEDICAL CENTER,nan
RODRIGUEZ ARLENE,PHILIPPINE AIRLINES,nan
ROZUL PILAR MADELYN,PARANAQUE DOCTORS HOSPITAL,nan
ROZUL PILAR MADELYN,UNIHEALTH PARANAQUE HOSPITAL AND MEDICAL CENTER,nan
SAHAGUN JR ANGELITO,PAGCOR,nan
SAMONTE CARLOS,COMMCARE,nan
SAN LUIS RICHARD,ADVENTIST MEDICAL CENTER,nan
SAN VICENTE PETER JAY,ADVENTIST MEDICAL CENTER,nan
SANTA MARIA ANNA LIESSLE,SAN JUAN DE DIOS HOSPITAL,nan
SANTIANO OSCAR,SAN JUAN DE DIOS HOSPITAL,nan
SANTOS JR EDUARDO,PARANAQUE DOCTORS HOSPITAL,nan
SANTOS JR EDUARDO,OLIVAREZ GENERAL HOSPITAL,nan
SAYSON JULIE,PARANAQUE DOCTORS HOSPITAL,nan
SERAN NAMFREL,PHILIPPINE AIRLINES,nan
SIERRA CHERRIE ANN,PARANAQUE DOCTORS HOSPITAL,nan
SISON CHERRIE MAE,PARANAQUE DOCTORS HOSPITAL,nan
SOMBRERO CRISTINA,UNIHEALTH PARANAQUE HOSPITAL AND MEDICAL CENTER,nan
SOMBRERO CRISTINA,PARANAQUE DOCTORS HOSPITAL,nan
SOMERA MARIA CARMELITA,PARANAQUE DOCTORS HOSPITAL,nan
SOMERA MARIA CARMELITA,UNIHEALTH PARANAQUE HOSPITAL AND MEDICAL CENTER,nan
SOMEROS MARIA YSABELLA,OLIVAREZ GENERAL HOSPITAL,nan
SOSITO CONRAD,SAN JUAN DE DIOS HOSPITAL,nan
TAMAYO ERNESTO,OLIVAREZ GENERAL HOSPITAL,nan
TAN FREDERICK,PARANAQUE DOCTORS HOSPITAL,nan
TAN ERNIE JOE,OSPITAL NG PARANAQUE,nan
TAN BEE GIOK,SAN JUAN DE DIOS HOSPITAL,nan
TAPPAN HOLIDAY,ADVENTIST MEDICAL CENTER,nan
TAPPAN HOLIDAY,UNIHEALTH PARANAQUE HOSPITAL AND MEDICAL CENTER,nan
TEE JOYCE ANGELIE,OLIVAREZ GENERAL HOSPITAL,nan
TERENCIO BERNADETTE,ADVENTIST MEDICAL CENTER,nan
TRABOCO LISA,PARANAQUE DOCTORS HOSPITAL,nan
VALEROS KATHERINE,OLIVAREZ GENERAL HOSPITAL,nan
VASQUEZ LEA,UNIHEALTH PARANAQUE HOSPITAL AND MEDICAL CENTER,nan
VASQUEZ LEA GRACE,MEDICAL CENTER PARANAQUE,nan
VASQUEZ LEA GRACE,OLIVAREZ GENERAL HOSPITAL,nan
VASQUEZ LEA GRACE,PARANAQUE DOCTORS HOSPITAL,nan
VELUZ AURORA,SAN JUAN DE DIOS HOSPITAL,nan
VERANO FREDERICK,ADVENTIST MEDICAL CENTER,nan
VILLALUZ JADE,SAN JUAN DE DIOS HOSPITAL,nan
VILLALUZ MEL MICHEL,PARANAQUE DOCTORS HOSPITAL,nan
VILLALUZ JADE,ADVENTIST MEDICAL CENTER,nan
VILLALUZ MEL MICHEL,SAN JUAN DE DIOS HOSPITAL,nan
VILLAPOL MARIA ALEXANDRA,PARANAQUE DOCTORS HOSPITAL,nan
ABANADOR YVES,GREEN CITY MEDICAL CENTER,nan
ABANDO REYNALDO JOSE,PAMPANGA MEDICAL SPECIALIST HOSPITAL,nan
ALANO OLIVAS,SACRED HEART MEDICAL CENTER,nan
ALBACITE DOMICIAS,SACRED HEART MEDICAL CENTER,nan
AMANSEC MERCEDITA,THE MEDICAL CITY CLARK,nan
BADIOLA ROLANDO,GREEN CITY MEDICAL CENTER,nan
BALAGTAS CIELA,ANGELES UNIVERSITY FOUNDATION MEDICAL CENTER,nan
BALATICO AL ACE,PAMPANGA MEDICAL SPECIALIST HOSPITAL,nan
BALUYOT MARK,MOTHER TERESA OF CALCUTTA MEDICAL CENTER,nan
BAUTISTA NINES,GREEN CITY MEDICAL CENTER,nan
CANLAPAN ALLAN,ST. RAPHAEL FOUNDATION MEDICAL CENTER,nan
CANLAS RAUL,THE MEDICAL CITY CLARK,nan
CANLAS FROILAN,GREEN CITY MEDICAL CENTER,nan
CANONO JOSE ANTONIO,GREEN CITY MEDICAL CENTER,nan
CANONO-LIM RAYZEN,SACRED HEART MEDICAL CENTER,nan
CARLOS JENNA MARIE,THE MEDICAL CITY CLARK,nan
CARLOS ARMI DIANNE,THE MEDICAL CITY CLARK,nan
CARREON CARLOS,MOTHER TERESA OF CALCUTTA MEDICAL CENTER,nan
CASTRO DIANE,THE MEDICAL CITY CLARK,nan
CINCO MARK TIMOTHY,PAMPANGA MEDICAL SPECIALIST HOSPITAL,nan
CLAVIO AARON,THE MEDICAL CITY CLARK,nan
CLEMENTE CHERRIE,SACRED HEART MEDICAL CENTER,nan
CORDERO JOCELYN,GREEN CITY MEDICAL CENTER,nan
COTEZ GABRIEL,OUR LADY OF MT. CARMEL MEDICAL CENTER,nan
CRISOSTOMO SAN JOSE,SACRED HEART MEDICAL CENTER,nan
DALISAY NIKKO,MOTHER TERESA OF CALCUTTA MEDICAL CENTER,nan
DALUZ JOHN LEVI,PAMPANGA MEDICAL SPECIALIST HOSPITAL,nan
DAVID  ANGELIE CATRINE,PAMPANGA MEDICAL SPECIALIST HOSPITAL,nan
DE GUZMAN LEAH,ST. RAPHAEL FOUNDATION MEDICAL CENTER,nan
DE JESUS MA. LETTICIA,OUR LADY OF MT. CARMEL MEDICAL CENTER,nan
DELA-CRUZ RAYZA,MOTHER TERESA OF CALCUTTA MEDICAL CENTER,nan
DIZON MA. EILEEN,THE MEDICAL CITY CLARK,nan
DUJUNCO MARYLAINE,THE MEDICAL CITY CLARK,nan
DUNCA AUDREY VANESSA,GREEN CITY MEDICAL CENTER,nan
DUYA JOSE,ST. CATHERINE HOSPITAL,nan
EDGARDO NICOLAS,GREEN CITY MEDICAL CENTER,nan
EVANGELISTA RENATO,OUR LADY OF MT. CARMEL MEDICAL CENTER,nan
FRANCISCO ANGELYKA,ST. CATHERINE HOSPITAL,nan
GALANG AUGUSTO,THE MEDICAL CITY CLARK,nan
GATCHES MAURICIO,SACRED HEART MEDICAL CENTER,nan
GIL ALFONSO,ST. CATHERINE HOSPITAL,nan
GOINGCO RENEAH,ST. RAPHAEL FOUNDATION MEDICAL CENTER,nan
GOMEZ HAROLD,GREEN CITY MEDICAL CENTER,nan
GONZALES GERARD ERICKSON,ANGELES UNIVERSITY FOUNDATION MEDICAL CENTER,nan
GRINO ANTHONY DEXTER,SACRED HEART MEDICAL CENTER,nan
GUIAO RONALD,ST. RAPHAEL FOUNDATION MEDICAL CENTER,nan
HIZON MARC ALISON,THE MEDICAL CITY CLARK,nan
HIZON ALICA MARIE,GREEN CITY MEDICAL CENTER,nan
JOSE JONATHAN,GREEN CITY MEDICAL CENTER,nan
KIT JOHN,GREEN CITY MEDICAL CENTER,nan
LAGUNILLA KRISTINE,THE MEDICAL CITY CLARK,nan
LEGASPI  JOYCE,MOTHER TERESA OF CALCUTTA MEDICAL CENTER,nan
LICANIN ANNE,ST. CATHERINE HOSPITAL,nan
LIMJOCO NINO BENJAMIN,THE MEDICAL CITY CLARK,nan
LIMJOCO DODGE,SACRED HEART MEDICAL CENTER,nan
LLINGAD MAJA,THE MEDICAL CITY CLARK,nan
LOGATOC GARRY,ST. RAPHAEL FOUNDATION MEDICAL CENTER,nan
LUZ ROVIE,MOTHER TERESA OF CALCUTTA MEDICAL CENTER,nan
MAGCALAS ROBERT,ST. RAPHAEL FOUNDATION MEDICAL CENTER,nan
MAGNO JOSE DONATO,ST. CATHERINE HOSPITAL,nan
MALONZO ROMMEL,SACRED HEART MEDICAL CENTER,nan
MALONZO VINCENT EMMANUEL,SACRED HEART MEDICAL CENTER,nan
MALONZO RAIZA,PAMPANGA MEDICAL SPECIALIST HOSPITAL,nan
MAMANGUN JOSE BIENSON,ANGELES UNIVERSITY FOUNDATION MEDICAL CENTER,nan
MAMAWI JASPER,GREEN CITY MEDICAL CENTER,nan
MANALAC ANNA LIZZA,ANGELES UNIVERSITY FOUNDATION MEDICAL CENTER,nan
MANALASTAS CRISSA,GREEN CITY MEDICAL CENTER,nan
MANALO-ARCENA BERNADETTE,THE MEDICAL CITY CLARK,nan
MANZO ARL ANN,OUR LADY OF MT. CARMEL MEDICAL CENTER,nan
MARTINEZ FATIMA,MOTHER TERESA OF CALCUTTA MEDICAL CENTER,nan
MERCADO ALBERT,SACRED HEART MEDICAL CENTER,nan
MESINA RENZ MICHELLE,GREEN CITY MEDICAL CENTER,nan
MUSNGI JOSEPH,THE MEDICAL CITY CLARK,nan
NEPOMUCENO RAYMOND JOHN,PAMPANGA MEDICAL SPECIALIST HOSPITAL,nan
NG ALTHEA,THE MEDICAL CITY CLARK,nan
NOEL-CORTES ANNA AURELIA,ANGELES UNIVERSITY FOUNDATION MEDICAL CENTER,nan
PACIA ARVIN JAZEN,ST. RAPHAEL FOUNDATION MEDICAL CENTER,nan
PAMINTUAN NOVA,ANGELES UNIVERSITY FOUNDATION MEDICAL CENTER,nan
PAMINTUAN PHIL,ST. RAPHAEL FOUNDATION MEDICAL CENTER,nan
PAMINTUAN SAMANTHA,THE MEDICAL CITY CLARK,nan
PANGAN BAB,MOTHER TERESA OF CALCUTTA MEDICAL CENTER,nan
PANGILINAN WILLIAM,MOTHER TERESA OF CALCUTTA MEDICAL CENTER,nan
PANLILIO MARIO,ST. RAPHAEL FOUNDATION MEDICAL CENTER,nan
PASUMBAL EMILY,PAMPANGA MEDICAL SPECIALIST HOSPITAL,nan
PATAWARAN JEFFREY,ST. CATHERINE HOSPITAL,nan
PENA III MELENCIO,THE MEDICAL CITY CLARK,nan
PINEDA ARNOLD,ANGELES UNIVERSITY FOUNDATION MEDICAL CENTER,nan
POLICARPIO ALLAN,PAMPANGA MEDICAL SPECIALIST HOSPITAL,nan
PUNSALAN JOHN JOSHUA,ANGELES UNIVERSITY FOUNDATION MEDICAL CENTER,nan
QUIWA FLOURENCE,OUR LADY OF MT. CARMEL MEDICAL CENTER,nan
RAZON ROWEL CALVIN,PAMPANGA MEDICAL SPECIALIST HOSPITAL,nan
SAGUN MIED,OUR LADY OF MT. CARMEL MEDICAL CENTER,nan
SANTOS PAIVI GABRIEL,THE MEDICAL CITY CLARK,nan
SIBAL JOSEPHUS,ST. CATHERINE HOSPITAL,nan
SICO LOUISITO,MOTHER TERESA OF CALCUTTA MEDICAL CENTER,nan
SOLIMAN NATHANIEL,PAMPANGA MEDICAL SPECIALIST HOSPITAL,nan
SOTTO RHETT,MOTHER TERESA OF CALCUTTA MEDICAL CENTER,nan
SUGAY ISSER,MOTHER TERESA OF CALCUTTA MEDICAL CENTER,nan
SUNGA  HAROLD,PAMPANGA MEDICAL SPECIALIST HOSPITAL,nan
TABLANTE MA. CARLA,THE MEDICAL CITY CLARK,nan
TALAVERA ANNE,MOTHER TERESA OF CALCUTTA MEDICAL CENTER,nan
TALENS RONALD,OUR LADY OF MT. CARMEL MEDICAL CENTER,nan
TAMAYO JOSEPH,ST. CATHERINE HOSPITAL,nan
TAYAG-GERMINO SIMONETTE,GREEN CITY MEDICAL CENTER,nan
TAYAO ANTHONY,ANGELES UNIVERSITY FOUNDATION MEDICAL CENTER,nan
TE GERARDINE,THE MEDICAL CITY CLARK,nan
TIANGCO ROGERSON,OUR LADY OF MT. CARMEL MEDICAL CENTER,nan
TIGLAO JACQUELINE,MOTHER TERESA OF CALCUTTA MEDICAL CENTER,nan
TIGLAO-SICAT GAYE,ST. RAPHAEL FOUNDATION MEDICAL CENTER,nan
TIMBOL EDGAR WILSON,ST. CATHERINE HOSPITAL,nan
TIMBOL-VILLA LUNA AEDEN BERNICE,SACRED HEART MEDICAL CENTER,nan
TOLEDANO JOCINR RENEE,THE MEDICAL CITY CLARK,nan
TONGOL EUGENE,ST. RAPHAEL FOUNDATION MEDICAL CENTER,nan
TUAZON ADELFO,ST. CATHERINE HOSPITAL,nan
TUAZON FELISSE,PAMPANGA MEDICAL SPECIALIST HOSPITAL,nan
UDARBE DEBBIE,ST. RAPHAEL FOUNDATION MEDICAL CENTER,nan
VARGAS BRILLO,PAMPANGA MEDICAL SPECIALIST HOSPITAL,nan
VARGAS BRIAN VICTOR,THE MEDICAL CITY CLARK,nan
VELASCO ALVIN,OUR LADY OF MT. CARMEL MEDICAL CENTER,nan
VILLARIN FRANCEL,GREEN CITY MEDICAL CENTER,nan
YAMBAO PAUL EMMANUEL,ANGELES UNIVERSITY FOUNDATION MEDICAL CENTER,nan
YUMUL NORBERTO,ST. RAPHAEL FOUNDATION MEDICAL CENTER,nan
ADECER ARMINDA,NUEVA ECIJA GOOD SAMARITAN HOSPITAL,nan
ANCHETA JERIKA,EDUARDO L. JOSON MEMORIAL HOSPITAL,nan
ANCHETA DENNIS,DR. PAULINO J GARCIAL MEMORIAL RESEARCH AND MEDICAL CENTER,nan
ANIWASAL DONALD WACO,DR. PAULINO J GARCIAL MEMORIAL RESEARCH AND MEDICAL CENTER,nan
ASPERAS HEINZ ROLAND,WESLEYAN UNIVERSITY PHIL HOSPITAL,nan
AUSTRIA MYRA JAZEL,NUEVA ECIJA DOCTORS HOSPITAL,nan
BAGAOISAN IAN,DR. PAULINO J GARCIAL MEMORIAL RESEARCH AND MEDICAL CENTER,nan
BALDEMOR DANILO,HEART OF JESUS,45231.0
BAUTISTA RAINVILLE,HEART OF JESUS,nan
BAUTISTA CRISPINA,NUEVA ECIJA GOOD SAMARITAN HOSPITAL GAPAN,nan
BAUTISTA ANNETTE,NUEVA ECIJA DOCTORS HOSPITAL,nan
BELTRAN CARLITO,NUEVA ECIJA GOOD SAMARITAN HOSPITAL,55617.0
BELTRAN IRMINA,DR. PAULINO J GARCIAL MEMORIAL RESEARCH AND MEDICAL CENTER,nan
BENITEZ VICTOR JONATHAN,PREMIERE MEDICAL CENTER,nan
BERGONIO ELLEN,NUEVA ECIJA GOOD SAMARITAN HOSPITAL,nan
BERNARDINO LALAINE,DR. PAULINO J GARCIAL MEMORIAL RESEARCH AND MEDICAL CENTER,nan
BOADO CARLO ANTONIO,PREMIERE MEDICAL CENTER,nan
BORJA EDWIN,NUEVA ECIJA GOOD SAMARITAN HOSPITAL GAPAN,63359.0
BORJA JAENNETE,NUEVA ECIJA GOOD SAMARITAN HOSPITAL,nan
BULACAN AMIEL,DR. PAULINO J GARCIAL MEMORIAL RESEARCH AND MEDICAL CENTER,nan
CALDERON-ANGELES CRISTINA,NUEVA ECIJA DOCTORS HOSPITAL,nan
CARA MARIEL DANICA,DR. PAULINO J GARCIAL MEMORIAL RESEARCH AND MEDICAL CENTER,nan
CASALLO LIA MAE,NUEVA ECIJA DOCTORS HOSPITAL,nan
CASTRO  MELLANY,DR. PAULINO J GARCIAL MEMORIAL RESEARCH AND MEDICAL CENTER,nan
CASTRO  SUSAN,NUEVA ECIJA GOOD SAMARITAN HOSPITAL GAPAN,nan
CAYMO ROSARIO,NUEVA ECIJA GOOD SAMARITAN HOSPITAL GAPAN,nan
COBARRUBIA DARRYL HANNAH,NUEVA ECIJA GOOD SAMARITAN HOSPITAL,nan
COLOMA RACHELLE,HEART OF JESUS,98595.0
COLOMA MARICRIS,DR. PAULINO J GARCIAL MEMORIAL RESEARCH AND MEDICAL CENTER,nan
CORPUZ WILFREDO,NUEVA ECIJA DOCTORS HOSPITAL,nan
CRUDA YUMI CZARINA,PREMIERE MEDICAL CENTER,nan
CUARESMA EDGAR CHRISTIAN,NUEVA ECIJA DOCTORS HOSPITAL,nan
CUSTODIO ELPIDIO,HEART OF JESUS,nan
DACIO RAUL ENRICO,HEART OF JESUS,nan
DACIO TERESARA,HEART OF JESUS,nan
DADGARDOUST REZA,NUEVA ECIJA GOOD SAMARITAN HOSPITAL GAPAN,77387.0
DADGARDOUST PARIESSA,NUEVA ECIJA DOCTORS HOSPITAL,nan
DE GUZMAN BOBBY,PREMIERE MEDICAL CENTER,nan
DE RAMOS RONALD,DR. PAULINO J GARCIAL MEMORIAL RESEARCH AND MEDICAL CENTER,nan
DE RAMOS LILLIAN,DR. PAULINO J GARCIAL MEMORIAL RESEARCH AND MEDICAL CENTER,nan
DE VERA EUNICE,DR. PAULINO J GARCIAL MEMORIAL RESEARCH AND MEDICAL CENTER,nan
DELA CRUZ MA. LAARNI,PREMIERE MEDICAL CENTER BALER,78018.0
DELA CRUZ ERNEST ABIGAIL,NUEVA ECIJA GOOD SAMARITAN HOSPITAL,nan
DELA CRUZ ANGELICA,NUEVA ECIJA GOOD SAMARITAN HOSPITAL GAPAN,nan
DELA TORRE FREDEZMINDA,NUEVA ECIJA GOOD SAMARITAN HOSPITAL,1.0
DIANSUY NINA NOREEN,PREMIERE MEDICAL CENTER,nan
DIEGO-CRUZ MARISSA,NUEVA ECIJA GOOD SAMARITAN HOSPITAL,nan
DOMINGO ARNEL,HEART OF JESUS,85027.0
DONES MARITA,HEART OF JESUS,nan
DUQUE RUBY ROSARIO,NUEVA ECIJA GOOD SAMARITAN HOSPITAL,57126.0
EMBUSCADO GILBERT,MV GALLEGO CABANATUAN CITY HOSPITAL,56068.0
ENRIQUEZ GENESELLE,PREMIERE MEDICAL CENTER BALER,88382.0
ERIC RANNIEL GUEVARRA,PREMIERE MEDICAL CENTER,nan
ESTRELLA ALYZA JEAMILLE,DR. PAULINO J GARCIAL MEMORIAL RESEARCH AND MEDICAL CENTER,nan
FAUSTINO COLLENE,NUEVA ECIJA DOCTORS HOSPITAL,nan
FLAUTA-ORIO JOVI,NUEVA ECIJA GOOD SAMARITAN HOSPITAL,nan
FLORES ALFREDO,DR. PAULINO J GARCIAL MEMORIAL RESEARCH AND MEDICAL CENTER,nan
GABRIEL ARNEL,NUEVA ECIJA DOCTORS HOSPITAL,105089.0
GABRIEL JULIA,NUEVA ECIJA DOCTORS HOSPITAL,nan
GABRIEL CRISADINE MILETTE,DR. PAULINO J GARCIAL MEMORIAL RESEARCH AND MEDICAL CENTER,nan
GAGELONIA KARLOTA,NUEVA ECIJA DOCTORS HOSPITAL,nan
GAMAYON GEOFREY JOHN,NUEVA ECIJA DOCTORS HOSPITAL,nan
GARCIA RACHELLE,PREMIERE MEDICAL CENTER,81253.0
GAVINO RICARDO,NUEVA ECIJA GOOD SAMARITAN HOSPITAL,54297.0
GOMEZ LOURDES,EDUARDO L. JOSON MEMORIAL HOSPITAL,nan
GRIVALDE RACHEL,PREMIERE MEDICAL CENTER,nan
GUMBOC IRENE,NUEVA ECIJA DOCTORS HOSPITAL,nan
GUSTILLO LALAINE,DR. PAULINO J GARCIAL MEMORIAL RESEARCH AND MEDICAL CENTER,nan
GUTIERREZ MA. CHARISSE,NUEVA ECIJA GOOD SAMARITAN HOSPITAL,98889.0
HERNAL MANOLO,NUEVA ECIJA DOCTORS HOSPITAL,71338.0
IGNACIO RELITO,HEART OF JESUS,nan
IRABAGON ROMMEL,DR. PAULINO J GARCIAL MEMORIAL RESEARCH AND MEDICAL CENTER,nan
ISIDRO ROSALIE,PREMIERE MEDICAL CENTER BALER,85289.0
JACOBA RAJ,NUEVA ECIJA DOCTORS HOSPITAL,nan
JOAQUIN JAY,NUEVA ECIJA DOCTORS HOSPITAL,nan
JUATCO FLORENCIO,NUEVA ECIJA DOCTORS HOSPITAL,87759.0
LAURENTE EMILIO,WESLEYAN UNIVERSITY PHIL HOSPITAL,nan
LAVAPIE FRANCIS,HEART OF JESUS,91325.0
LINSANGAN LEAH,DR. PAULINO J GARCIAL MEMORIAL RESEARCH AND MEDICAL CENTER,nan
LUGTU CHRISTIE MAE,NUEVA ECIJA DOCTORS HOSPITAL,1.0
MAGBITANG RONALD,EDUARDO L. JOSON MEMORIAL HOSPITAL,nan
MAGLEO MA. CRISTINA,DR. PAULINO J GARCIAL MEMORIAL RESEARCH AND MEDICAL CENTER,nan
MAGNAYE BENEDICTO,PREMIERE MEDICAL CENTER BALER,88978.0
MALONG CHANDYLOU,NUEVA ECIJA GOOD SAMARITAN HOSPITAL,110869.0
MAMARIL ROSARIO,NUEVA ECIJA GOOD SAMARITAN HOSPITAL GAPAN,73795.0
MANABAT ARMAND JERIC,DR. PAULINO J GARCIAL MEMORIAL RESEARCH AND MEDICAL CENTER,nan
MANANGBAO LORD IVAN,DR. PAULINO J GARCIAL MEMORIAL RESEARCH AND MEDICAL CENTER,nan
MARCELO VINCENT,NUEVA ECIJA DOCTORS HOSPITAL,79107.0
MATIAS MICHAEL,IMMACULATE CONCEPCION MEDICAL CENTER,106768.0
MEJIA RASTY,PREMIERE MEDICAL CENTER,nan
MENDOZA ROSS ALLAN,NUEVA ECIJA GOOD SAMARITAN HOSPITAL,nan
MENDOZA EDGAR,NUEVA ECIJA GOOD SAMARITAN HOSPITAL,nan
MILUJON UTOH EYSHA,NUEVA ECIJA GOOD SAMARITAN HOSPITAL GAPAN,nan
MONTENEGRO MANUEL,WESLEYAN UNIVERSITY PHIL HOSPITAL,87630.0
MORA JEFFREY,PREMIERE MEDICAL CENTER BALER,nan
MUPAS JULIETA,PREMIERE MEDICAL CENTER,nan
NAVALLO RAMON,DR. PAULINO J GARCIAL MEMORIAL RESEARCH AND MEDICAL CENTER,nan
NOCUM MA LOURDES,NUEVA ECIJA GOOD SAMARITAN HOSPITAL,nan
NUNEZ REGINALD,EDUARDO L. JOSON MEMORIAL HOSPITAL,nan
PAATAN LAN FRANC ERIC,NUEVA ECIJA DOCTORS HOSPITAL,74570.0
PAATAN JEREMY,NUEVA ECIJA DOCTORS HOSPITAL,nan
PALLARCA MARITA,NUEVA ECIJA GOOD SAMARITAN HOSPITAL GAPAN,109943.0
PATRICIO IANDROF,NUEVA ECIJA DOCTORS HOSPITAL,nan
PAULINO APRIL,NUEVA ECIJA DOCTORS HOSPITAL,nan
PEREZ ANNA MARIE,NUEVA ECIJA GOOD SAMARITAN HOSPITAL GAPAN,85051.0
PORCIUNCULA LEA ARCELI,GONZALES GENERAL HOSPITAL,nan
PORNESO JEFERSON,MV GALLEGO CABANATUAN CITY HOSPITAL,109321.0
PORNESO MARIKIT,NUEVA ECIJA DOCTORS HOSPITAL,1109290.0
PUNO DONALD RHEY,NUEVA ECIJA GOOD SAMARITAN HOSPITAL,106957.0
REYES PAULA ERIKA,DR. PAULINO J GARCIAL MEMORIAL RESEARCH AND MEDICAL CENTER,nan
REYMATIAS JEROME,HEART OF JESUS,nan
RINOSA NOEL,NUEVA ECIJA GOOD SAMARITAN HOSPITAL,73439.0
RODIEL ROY,NUEVA ECIJA DOCTORS HOSPITAL,nan
RONQUILLO MARITES,WESLEYAN UNIVERSITY PHIL HOSPITAL,90929.0
ROQUE JESSE JANE,PREMIERE MEDICAL CENTER BALER,103730.0
ROSALES EDISON,NUEVA ECIJA GOOD SAMARITAN HOSPITAL,87286.0
RUBIO JASMIN MICAH,PREMIERE MEDICAL CENTER BALER,nan
SA PEDRO JOSEPH,PREMIERE MEDICAL CENTER,nan
SALAS MA. CRISTINA,NUEVA ECIJA DOCTORS HOSPITAL,nan
SALVADOR EVANGELINE,NUEVA ECIJA DOCTORS HOSPITAL,104303.0
SAMPANA ALLANBERT,PREMIERE MEDICAL CENTER,nan
SEBASTIAN RUTH,DR. PAULINO J GARCIAL MEMORIAL RESEARCH AND MEDICAL CENTER,nan
SERRANO CATHERINE,NUEVA ECIJA DOCTORS HOSPITAL,nan
SERRANO JOSE RUEL,NUEVA ECIJA GOOD SAMARITAN HOSPITAL,nan
SO ROBERT JAYSON,MV GALLEGO CABANATUAN CITY HOSPITAL,97646.0
SORIANO MARISSA,NUEVA ECIJA GOOD SAMARITAN HOSPITAL GAPAN,nan
SUNGA MA NERISSA,NUEVA ECIJA DOCTORS HOSPITAL,nan
SURATOS MARIA RODALLA,NUEVA ECIJA GOOD SAMARITAN HOSPITAL,nan
TADEO PURIFICACION,HEART OF JESUS,nan
TAN GEORGE,NUEVA ECIJA GOOD SAMARITAN HOSPITAL,106529.0
TANTOO ELIODORO,DR. PAULINO J GARCIAL MEMORIAL RESEARCH AND MEDICAL CENTER,nan
TIENZO JONAS,PREMIERE MEDICAL CENTER,nan
TOLENTINO KATHRYN HAZEL,NUEVA ECIJA GOOD SAMARITAN HOSPITAL,nan
TOLENTINO JOSHUA,DR. PAULINO J GARCIAL MEMORIAL RESEARCH AND MEDICAL CENTER,nan
TORRES ROMMEL,NUEVA ECIJA GOOD SAMARITAN HOSPITAL GAPAN,nan
VALDEZ ROLAND,NUEVA ECIJA GOOD SAMARITAN HOSPITAL,588217.0
VALMONTE LORENZA,NUEVA ECIJA GOOD SAMARITAN HOSPITAL GAPAN,nan
VILLANUEVA KHRISTINE,HEART OF JESUS,nan
VISCONDE FLOR CARMINA,NUEVA ECIJA DOCTORS HOSPITAL,nan
WY CECILIO,HEART OF JESUS,nan
YANG SHERYL,PREMIERE MEDICAL CENTER,nan
YANG RACHELLE,PREMIERE MEDICAL CENTER,nan
ZAGALA AILEEN,PREMIERE MEDICAL CENTER,nan
ZAMORA DANILO,NUEVA ECIJA GOOD SAMARITAN HOSPITAL GAPAN,nan
ABANO MARLON,THE LORDS HOSPITAL,nan
ACERO JHUN ROSS,THE LORDS HOSPITAL,nan
AGUINALDO RALPH ALLAN,GRACE GENERAL HOSPITAL,nan
ALEJANDRO JULIAN JOSE,J.A MULTISPECIALTY CLINIC,nan
ALLAN PICHY,BOCAUE SPECIALIST MEDICAL CENTER,nan
ALMARIO ALDRIL,ALMARIO CLINIC,nan
AQUINO MAXINE ARIELLE,ORBE MEDICAL CLINIC,nan
BABALO RHODA,MEYCAUAYAN DOCTORS HOSPITAL,nan
BABALO RUTH,MEYCAUAYAN DOCTORS HOSPITAL,nan
BALAO SYLVESTER,ORBE MEDICAL CLINIC,nan
BANEZ CRISMELITA,MEDCARE LABORATORY,nan
BARTOLO DIOSDADO,MEYCAUAYAN DOCTORS HOSPITAL,nan
BASALIO LEONORA,BASALIO MED.CLINIC,nan
BATONGBACAL MARY ANNE,MEYCAUAYAN DOCTORS HOSPITAL,nan
BERNARDO CAROLINE,MARIAN MED.CLINIC,nan
BISQUERA RUBY ROSE,MEYCAUAYAN DOCTORS HOSPITAL,nan
BONILLA TERESITA,BONILLA MED.CLINIC,nan
BUYCO JOSE REINERIO,MEYCAUAYAN DOCTORS HOSPITAL,nan
CALUAG JELLY JANE,SURE CHOICE CLINIC,nan
CANAS JOEL,QUALIMED HOSPITAL,nan
CANDAVA JOHNEL,GRACE GENERAL HOSPITAL,nan
CARIAGA CATHERINE,MEYCAUAYAN DOCTORS HOSPITAL,nan
CASTILLO ALETA,CASTILLO MEDICAL CLINIC,nan
CHAN CHARLIE JR.,MEYCAUAYAN DOCTORS HOSPITAL,nan
CHUA BENEDICTO,MOTHER OF PERPETUAL HELP CLINIC,nan
CLARA MEA LOVELLA,SKYLINE HOSPITAL,nan
CONCEPCION ROY,OUR LADY OF ANGELS,nan
CONCEPCION RINA,OUR LADY OF ANGELS,nan
CONDENCIDO CRISTINA,BAYUGO RHU,nan
CRUZ ALEXIS,VISAYA MED. CLINIC,nan
CRUZ MARCI,YANGA HOSPITAL,nan
CRUZ GILBERT,MEYCAUAYAN DOCTORS HOSPITAL,nan
CRUZ NIKKI,YANGA HOSPITAL,nan
CURABO ELROY,MEYCAUAYAN DOCTORS HOSPITAL,nan
DAVID MARK FRANCISCO,YANGA HOSPITAL,nan
DE CASTRO ANNA MA.GABRIELLE,ST.MARYS HOSPITAL,nan
DE GUIA GINAFER,ST.MICHAEL HOSPITAL,nan
DE GUZMAN BLANCA,YANGA HOSPITAL,nan
DE JESUS LEVY TITO,BALAGTAS DOCTORS HOSPITAL,nan
DE LA CRUZ TRINIDAD,MEYCAUAYAN DOCTORS HOSPITAL,nan
DEDUYO ORLANDO,SM PRIME WELL CLINIC,nan
DELA CRUZ JOSE LORENZO,MEYCAUAYAN DOCTORS HOSPITAL,nan
DELA VICTORIA GENE MARGARETTE,EMPIRE MED.CLINIC,nan
DOMATO TAHIR,MEYCAUAYAN DOCTORS HOSPITAL,nan
ESLETA YMEL,EMPIRE MED.CLINIC,nan
ESTORNINOS PRIMA DONNA,YANGA HOSPITAL,nan
FELICIANO CARLOS,FELICIANO MEDICAL CLINIC,nan
FERNANDEZ RUBY ROSE,MEYCAUAYAN DOCTORS HOSPITAL,nan
FERNANDO CARLO,FERNANDO MED. CLINIC,nan
FLORES MA. THERESA,YANGA HOSPITAL,nan
FLORES NINA THERESE,YANGA HOSPITAL,nan
FUENTEBELLA LETICIA,ST.MARYS HOSPITAL,nan
GALAURAN JOSE MARI,BOCAUE SPECIALIST MEDICAL CENTER,nan
GONZALES LEONICO,MEYCAUAYAN DOCTORS HOSPITAL,nan
GUEVARRA NARCISO,GUEVARRA MEDICAL CLINIC,nan
GUTTIEREZ MARY JANE,YANGA HOSPITAL,nan
IGNACIO MARCELINA,IGNACIO MED.CLINIC,nan
IRA CESAR,MEYCAUAYAN DOCTORS HOSPITAL,nan
LAO RONNIE,YANGA HOSPITAL,nan
LAPAY RACHELLE,BALAGTAS DOCTORS HOSPITAL,nan
LAPLANO NESTOR ERIC,GRACE CLINIC MUZON,nan
LIM GIZELLE GERALDINE,MEYCAUAYAN DOCTORS HOSPITAL,nan
LIM DONDI,MEYCAUAYAN DOCTORS HOSPITAL,nan
LIMCAUCO MINERVA,MEYCAUAYAN DOCTORS HOSPITAL,nan
LODRIGITO JOFEL RAMON,BRIGINO MEDICAL CLINIC,nan
LOPEZ CAROLINO,CURE AND CONTOUR MEDICAL CLINIC,nan
LUCAS PAUL,MEYCAUAYAN DOCTORS HOSPITAL,nan
LUCERO CLARISSA,MEYCAUAYAN DOCTORS HOSPITAL,nan
MADLANGAWA MA.CECILIA,MULTISPECIALTY CLINICSTO.NINO TERRITORIALS,nan
MADRAZO VIRGILIO,GRACE GENERAL HOSPITAL,nan
MAGBUHAT ROBELITO,SKYLINE HOSPITAL,nan
MALIWAT ARACELI,MEYCAUAYAN DOCTORS HOSPITAL,nan
MALLARI NAPOLEXANDER,YANGA HOSPITAL,nan
MALUNDO JOHN,MALUNDO MEDICAL CLINIC,nan
MANICAD ARLIZE,RHU TUNGKONG MANGGA,nan
MANICAD MIGUEL,LAB.PRO MEDICAL CLINIC,nan
MARCUS SHALEY,ACE STA MARIA,nan
MENDOZA RONAN,OUR LADY OF ANGELS,nan
MIGUEL RHODA,FAMILY CARE CLINIC,nan
MONTAOS MARCO,MONTAOS MED.CLINIC,nan
MONTAOS ARVIN,MARIAN MED.CLINIC,nan
NEPOMUCENO ARNEL,BOCAUE SPECIALIST MEDICAL CENTER,nan
NGO DELIA,R.E DE JESUS MULTISPECIALTY CLINIC,nan
NITAFAN CHRISTOPHER,GRACE CLINIC MUZON,nan
ORBE SUSAN,ORBE MEDICAL CLINIC,nan
ORTEGA JOY,KAIROS GEN.HOSPITAL,nan
PAMULAR MICHAEL ALEXANDER,DMP MEDICAL CLINIC,nan
PANGANIBAN VICTOR ANGELO,QUALIMED HOSPITAL,nan
PERPUSE ARMIN,MEYCAUAYAN DOCTORS HOSPITAL,nan
PICO RODRIGO,NAZARENUS HOSPITAL,nan
POLICARPIO RAMON,RAPOLI LABORATORY,nan
PUENTESPINA ENRIQUE,THE LORDS HOSPITAL,nan
PUENTESPINA JAN ENRIQUE,THE LORDS HOSPITAL,nan
PUNZALAN ADORA,MEYCAUAYAN DOCTORS HOSPITAL,nan
RAMOS MARJORIE,RAMOS CLINIC,nan
RAMOS CHRISTIAN,MIRACULOUS CLINIC BALAGTAS,nan
RAYMUNDO MICHAEL ANGELO,OBANDO RHU,nan
REYES MARY ANN,MARIAN MED.CLINIC,nan
REYES AURELIO,BOCAUE SPECIALIST MEDICAL CENTER,721436.0
RIVERA LORELIE,GRACE GENERAL HOSPITAL,nan
ROBERTO CHARMAINE,MEYCAUAYAN DOCTORS HOSPITAL,nan
ROJALES ARRA MARIE,ST.MICHAEL HOSPITAL,nan
SALAZAR MARABELLA,SALAZAR MEDICAL CLINIC BOCAUE,nan
SALAZAR OLIVER,SALAZAR MEDICAL CLINIC BOCAUE,nan
SALAZAR MARY JOY,YANGA HOSPITAL,nan
SAMANIEGO JULIO,SAMANIEGO MED.CLINIC,nan
SAN GABRIEL JASMIN,YANGA HOSPITAL,nan
SAN PEDRO MARY ANNE,SAN JOSE TERRITORIALS,nan
SANTIAGO JAIME,SANTIAGO MED.CLINIC,nan
SANTOS JOE ALEX,TOYOTA MARILAO CLINIC,nan
SANTOS DANILO,BOCAUE SPECIALIST MEDICAL CENTER,nan
SARMIENTO JOLLIBEE,ROGACIANO HOSPITAL,nan
SEA EVANGELINE,QUALIMED HOSPITAL,nan
SENGSON CORBELITA,CENTRALLE MEDICAL CLINIC BALAGTAS,nan
SERAPIO FELIZARDO,GRACE CLINIC MUZON,nan
SEVILLA EZRA,GRACE GENERAL HOSPITAL,nan
SIALONGO MARICEL,SALVADOR- MENDOZA SPECIALTY CLINIC,nan
SIMON MA. KATRINA,YANGA HOSPITAL,nan
TAN ROLAND ALLAN,ST.MICHAEL HOSPITAL,nan
TIANGCO MARY,ACE STA MARIA,nan
TIMBREZA FLORANTE,MEYCAUAYAN DOCTORS HOSPITAL,nan
TIONGSON REYSAN,ORBE MEDICAL CLINIC,nan
TONGOL MICHAEL CONRAD,MEYCAUAYAN DOCTORS HOSPITAL,nan
TOPICO LIMI,TOPICO MEDICAL CLINIC,nan
TORDESILLAS JUAN FRANCO,NAZARENUS HOSPITAL,nan
TORDESILLAS JUAN GREGO,NAZARENUS HOSPITAL,nan
TUAZON ALAIN BLUE,FAMILY CARE CLINIC,nan
TUAZON ALEXANDER,TUAZON CLINIC,nan
TUAZON ADELFO,ST.MICHAEL HOSPITAL,nan
TUAZON JOHN CARLO,TUAZON CLINIC,nan
TURGANO ASUNCION,MEYCAUAYAN DOCTORS HOSPITAL,nan
VALENCIA ANNIE,ORBE MEDICAL CLINIC,nan
VICENCIO ROBERTO ALLAIN,MARY MOUNT HOSPITAL,nan
VILELA GILBERT,ST.MICHAEL HOSPITAL,nan
VILLA REAL CRISELDA,MEYCAUAYAN DOCTORS HOSPITAL,nan
VILLALUZ DONDIE,NAZARENUS HOSPITAL,nan
VILLAROMAN MA. LOURDES,YANGA HOSPITAL,nan
VINO GENESERE,MEYCAUAYAN DOCTORS HOSPITAL,nan
VITUG MARCELYN,VITUG MEDICAL CLINIC,nan
YACOB MARK JOSEPH,YANGA HOSPITAL,nan
YASON JOSE,BOCAUE SPECIALIST MEDICAL CENTER,nan
ABACAN EMELITA,Rosario RHU,68055.0
ACHARON LEOVINO,Adventis Hospital,nan
ACORDA NELSON,Sta. Rosario Hospital,107053.0
ACORDA ARABELLA,Mary Mediatrix Medical Center,nan
AGONCILLO  NATHANIEL,Marry Mediatrix Medical Center,62704.0
AGUILERA AVA CHARISSE,Patenas Clinic,115153.0
AGUZAR OLIVE JAY,San Juan District Hospital,102282.0
ALAMILLO  PAOLO PINKERTON,Marry Mediatrix Medical Center,nan
ALEA CRISTITO,Mary Mediatrix Medical Center,nan
ALIDIO NOEL,Addere Vitae Dialysis Center Alidio Medical Center,68872.0
ANDAL ZILLIEN,Andal Medical Center,113153.0
ANG ALFRED ERNEST,C.P. Reyes,120642.0
ANGELIA DIOSCORO,Queen Marry Hospital,57976.0
ARANAS SHELLY MAY,Aranas Medical Center,nan
ARELLANO HDERBERT,Marry Mediatrix Medical Center,118394.0
ARIBON PAMELA ANN,St. Frances Cabrini Medical Center,122586.0
AUSTRIA  NICKSON,St. Frances Cabrini Medical Center,116516.0
BANOCNOC ENRIQUE,St. Frances Cabrini Medical Center,67273.0
BASILAN CHRISTINA ERIKA,St. Frances Cabrini Medical Center,109947.0
BATILO SONIA,Lipa Rural Health Unit,nan
BAUTISTA JOSE,Adventis Hospital,nan
BAYANI DIOSCORO,Marry Mediatrix Medical Center,108274.0
BOOL KATHLEEN,Marry Mediatrix Medical Center,127215.0
BUENO KARLA DENYSE,Marry Mediatrix Medical Center,nan
BURGOS SHIRLY ANN,C.P. Reyes,86721.0
CABILIZA NORMA,JRC Medical Clinic Talisay Batangas,nan
CABILIZA CARMINA,JRC Medical Clinic Talisay Batangas,nan
CACHO  MA LOVELY,Metro Lipa Hospital,nan
CANTOS  CONCHITA,The Medical City SM City Lipa,114747.0
CAPILI FREDERICK,Mary Mediatrix Medical Center,nan
CARANDANG ALMA,St. Frances Cabrini Medical Center,115681.0
CARINGAL JUSTINE,Marry Mediatrix Medical Center,13649.0
CASTANOS MA. ANTONNETTE,San Fernando Airbase Lipa City Batangas,85124.0
CASTILLO PERLITO,Queen Marry Hospital,149870.0
CHUA  EDUARDO,C.P. Reyes,64000.0
CHUA ABIGAIL,Lipa Medix Hospital,149763.0
CLARIDAD MARU,Marry Mediatrix Medical Center,126594.0
COMIA LIEZL,Marry Mediatrix Medical Center,104514.0
COMIA MA CRISTINA,Marry Mediatrix Medical Center,nan
CORONEL INAH JANE,Marry Mediatrix Medical Center,nan
CRAIG GLORIA,Palma Malaluan Hospital,69700.0
CRUZ MA CECILE,St. Frances Cabrini Medical Center,93830.0
CRUZ MARK,Lipa Rural Health Unit,147439.0
CUASAY EDNA,Marry Mediatrix Medical Center,78054.0
CUETO BRIAN ISMAEL,CRM Clinical Laboratory & Medical Clinic,127269.0
CUEVAS DEAN,Mary Mediatrix Medical Center,137028.0
CUIZON JEANNETE,Adventis Hospital,nan
CURAMENG  CLIFFORD,Marry Mediatrix Medical Center,nan
DE CASTRO LUZ ILLUMINADA,De Castro Medical Center,60662.0
DE CASTRO PAULO,Fresenius Kidney Care Rosario,166185.0
DE GUZMAN MYLA,Medical Experts Rosario,124282.0
DELAS LLGAS LEAH,St. Frances Cabrini Medical Center,96723.0
DELAS LLGAS  CARLO,Marry Mediatrix Medical Center,nan
DEREZ PERLA,Gonzales Hospital,nan
DIMALALA - LARDIZABAL MARIA GRETHEL,St. Frances Cabrini Medical Center,122869.0
DIMATATAC JOSEPH GLENN,Lipa Medix Hospital,60879.0
DIMAYUGA DIANA COLEEEN,Marry Mediatrix Medical Center,139235.0
DOMINGUITA ARLENE,BETS Clinic Sto Tomas,122815.0
ESCANO ZORA,Medical Experts Rosario,127717.0
ESTEBAN CHARLIES,Marry Mediatrix Medical Center,103738.0
FABROS  MILLENO,C.P. Reyes,nan
FALTADO ANTONIO JR,Marry Mediatrix Medical Center,nan
FAUSTINO EDGARDO,Marry Mediatrix Medical Center,nan
FELIX  MARJORIE,Metro San Jose,nan
FETALVO  MARLON,Metro San Jose,nan
FLORES MA AURORA,Christ The Saviour Hospital,119814.0
FLORES MARIA THERESA,Lipa Rural Health Unit,nan
FURONDA ARNETTE,Marry Mediatrix Medical Center,102280.0
FURTO-BRUCAL ROXANNE,Marry Mediatrix Medical Center,111184.0
GABASAN STEPHEN,San Fernando Airbase Lipa City Batangas,141313.0
GALLARDO AARON JAMES,Carelink Multi Specialty Clinic,133826.0
GARCIA ELVIN,Marry Mediatrix Medical Center,122111.0
GARCIA CHIELA,Marry Mediatrix Medical Center,nan
GARCIA AVELYN,Lipa Rural Health Unit,nan
GARCIA MELVIN,The Medical City SM City Lipa,nan
GEMARINO JEREMIAH,Adventis Hospital,nan
GENEBAGO JOENGELEE,Montalbo Clinic,119873.0
GLORIOSO RACHEL,Optimum Health Diagnostic and Medical Services,106877.0
GO RITCHE,Marry Mediatrix Medical Center,103343.0
GO MARIA THERESA,CRM Clinical Laboratory & Medical Clinic,119765.0
GONZALES JUDIBETH,Gonzales Hospital,95493.0
GONZALES ROY,Marry Mediatrix Medical Center,70984.0
GONZALES FRANCIS,C.P. Reyes,nan
GOROSTIZA SETH,Marry Mediatrix Medical Center,127412.0
GUALBERTO ARLEEN,Gualberto Tenorio Medical Center,77099.0
HERNANDEZ LENN CHRISTIE,San Fernando Airbase Lipa City Batangas,96644.0
HERNANDEZ JOHN PATRICK,Mary Mediatrix Medical Center,134706.0
HORNILLA DONNA RICA,Marry Mediatrix Medical Center,122798.0
IGNO MARIVIC,Lipa Rural Health Unit,nan
JACOB JACOB EMMA ANGELA,Marry Mediatrix Medical Center,nan
JAEN FLORENTINO,Marry Mediatrix Medical Center,89899.0
JAPLIT MARA JANELLE,Optimum Health Diagnostic and Medical Services,nan
JAVIER MARYLIS,Marry Mediatrix Medical Center,75610.0
JAVIER ANNE MARIE JOYCE,Marry Mediatrix Medical Center,nan
JAVIER APOLONIO,C.P. Reyes,107841.0
JOSON DEBBIE,Marry Mediatrix Medical Center,nan
LANZON ALLAN,Marry Mediatrix Medical Center,90398.0
LESCANO ARIEL,Lipa Rural Health Unit,nan
LEYNES FE ESPERANZA,Marry Mediatrix Medical Center,67477.0
LIM  MARY GRACE,Adventis Hospital,nan
LOJO ROMMEL,Marry Mediatrix Medical Center,nan
LORILLA RICHARDSON,St. Frances Cabrini Medical Center,125620.0
MACALINDONG JOHN KENNETH,CRM Clinical Laboratory & Medical Clinic,nan
MACASAET AINA,Lipa Medix Hospital,113614.0
MACASO ENRIQUE,Marry Mediatrix Medical Center,76811.0
MACASO MELANIE,Marry Mediatrix Medical Center,78112.0
MACATANGAY RAY ANTHONY,NL Villa Memorial Medical Center,55315.0
MADERAZO GIL,Sta. Rosario Hospital,nan
MADERAZO AUREA,Sta. Rosario Hospital,nan
MAGALING ARMI,MD Link,104734.0
MAGNAYE FRANZ MICHAEL,St. Frances Cabrini Medical Center,132944.0
MAJAL KRISTEL MAE,Marry Mediatrix Medical Center,nan
MALIJAN SIMON,Malijan Diabetes Clinic,774222.0
MANALO LUZ,San Juan RHU,101803.0
MANALOTO ROSALIA,Marry Mediatrix Medical Center,99193.0
MARALIT ERWIN,Marry Mediatrix Medical Center,nan
MARASIGAN ANNE CLARISSE MAE,Marry Mediatrix Medical Center,129030.0
MARASIGAN AL JOSEPH,C.P. Reyes,nan
MARASIGAN VINA,C.P. Reyes,nan
MARQUEZ REEZA,San Antonio Hospital,99100.0
MARUNDAN JOY MARYLENE,J&J Pharmacy and Medical Center,nan
MAYUGA RODEL MIGUEL,C.P. Reyes,nan
MERTOLA OSCAR PAULO,Marry Mediatrix Medical Center,119727.0
MIGUEL EDITHA CANETE,Adventis Hospital,nan
MONTANO CAROLYN,Marry Mediatrix Medical Center,87618.0
MONTANTE ALEXIS PAULA,CRM Clinical Laboratory & Medical Clinic,614869.0
MORA  JOAN,C.P. Reyes,99896.0
NADAL MIA,C.P. Reyes,108095.0
NG CAMILLE,Adventis Hospital,nan
NIEVERRA KARL HOMER,Sto. Tomas General Hospital,136529.0
OGBAC MARTIN,C.P. Reyes,129272.0
ORDILLO  LUWALHATI SARA,Adventis Hospital,nan
OZAETA  KATHLEEN JOY,Marry Mediatrix Medical Center,nan
PAA  GILBERT,Adventis Hospital,nan
PAGCALIWAGAN NESSIE,Healthyway by Daniel Mercado Medical Center,nan
PAGCALIWAGAN DEXTER,Marry Mediatrix Medical Center,nan
PALER IRENE,Marry Mediatrix Medical Center,99610.0
PANTAS JIM PAULO,Pantas Medical Clinic,126135.0
PASCUA EDMUND PAOLO,Marry Mediatrix Medical Center,139230.0
PENA ARIS ANTONINO,Marry Mediatrix Medical Center,95436.0
PESIGAN CHRISTOPHER,"Guerrero'S Pharmacy & Medical, Dental & Optical Clinics",143480.0
PLATON CHRISTIAN JASON,CRM Clinical Laboratory & Medical Clinic,166714.0
PONTILLAS JESSA FRANCES,San Fernando Airbase Lipa City Batangas,161051.0
PUNZALAN CARLOS,C.P. Reyes,87962.0
RAMIREZ MEYNARDO,Christ The Saviour Hospital,108669.0
RAMOS JOSELITO,Marry Mediatrix Medical Center,99194.0
RAMOS NAZARETA,Lipa Medix Hospital,98361.0
RECIO CRISTINA,Marry Mediatrix Medical Center,123591.0
REMO BUENA,God Almighty Laboratories and Clinic,112005.0
RIBAS DIVINA,Marry Mediatrix Medical Center,74524.0
RIZON PIA JEAN,Healthyway by Daniel Mercado Medical Center,nan
ROBLES NESTOR EMMANUEL,San Juan District Hospital,151078.0
RONQUILLO  DULCE,Metro Lipa Hospital,nan
ROSALES JEANETTE,Marry Mediatrix Medical Center,84896.0
ROSITA ROMMEL ROMULO,Marry Mediatrix Medical Center,82315.0
SALALIMA AUGUSTO NICCOLO,Marry Mediatrix Medical Center,113630.0
SANTIAGO VICENTE JR,Lipa Medix Hospital,93295.0
SARSAGAT  JIM PUALO,Adventis Hospital,nan
SAYAT GLEIN,Marry Mediatrix Medical Center,135398.0
SAYSON GEA PRISCILLE,Lipa Rural Health Unit,164778.0
SEVILLA JUDY,Marry Mediatrix Medical Center,nan
SILVA  KERWIN JAKE,Marry Mediatrix Medical Center,120190.0
SILVA GERBY,J&J Pharmacy and Medical Center,nan
SUAN MADONNA,Lipa Rural Health Unit,87557.0
SUELTO JEREMY ANNE,St. Frances Cabrini Medical Center,123529.0
SUMANG EDGAR,Sumang Medical Center,86327.0
TABORA CHARLES MICHAEL,Marry Mediatrix Medical Center,96869.0
TALLA CYNTHIA,Marry Mediatrix Medical Center,nan
TEMPLO ALLAIN JOSEPH,Mary Mediatrix Medical Center,nan
TOLENTINO ERICKSON,LDC Tanauan,107089.0
TOLENTINO CHARO MARTHA,LDC Tanauan,109952.0
TRIESTE GLENNARD,Palma Malaluan Hospital,116587.0
UMALI RIZZA,St. Benedict Medical and Diagnostic Clinic,137842.0
UNTALAN CARMEL,MyLabs Clinic and Laboratories,nan
USON MADONNA,Uson Sigesmundo Medical Center,nan
VELANDO GLORIA,Silva Hospital Tanauan,nan
VILLADELGADO RESTITA,Healthyway by Daniel Mercado Medical Center,nan
VILLALOBOS JOY MINERVA,Marry Mediatrix Medical Center,125813.0
VILLANUEVA EVANDER ARCHIBALD,Metro Lipa Hospital,141883.0
VILLANUEVA EDWARD PHILIP,Mary Mediatrix Medical Center,nan
VILLENA MILO,Marry Mediatrix Medical Center,nan
YAP EVETT,St. Frances Cabrini Medical Center,nan
ABAD AUGUSTO,MEDIKO KAPITOLYO,nan
ABE ALEXANDER,SCMI,nan
ADELINA PAULE,METRO DOCTORS HOSPITAL,nan
AGAPAY PERLA,THE MEDICAL CITY MARIKINA,nan
ALCANTARA RENAN,ALCANTARA MEDICAL CLINIC,nan
ALVAREZ GEORGETTE,KLINIKA ALVAREZ,nan
ALVAREZ MARIAN,KLINIKA ALVAREZ,nan
ALVAREZ ILDEFONSO,KLINIKA ALVAREZ,nan
ASIS EDMUND,ASIS MEDICAL CLINC,nan
AVELINO MAGDALENA,THE MEDICAL CITY CAINTA,nan
BACAYANA ALLAN,THE MEDICAL CITY ANTIPOLO,nan
BADILLA JOHNNY,THE MEDICAL CITY ANTIPOLO,nan
BADIOLA PAUL RYAN,MEDICARD CLINIC,nan
BALAJADIA IMELDA,STA.LUCIA HEALTHCARE CLINIC,nan
BALDONADO ALVIN,ARL MEDICAL CLINIC,nan
BARRIGA MACRINA,SCMI,nan
BASAR BIANCA,MEDIKO KAPITOLYO,nan
BAYANI ARTHUR,ACUUCEL MEDICAL CLINIC,nan
BERNARDO IRINEO,TANAY GENERAL HOSPITAL,nan
BERNARDO FRITZ,THE MEDICAL CITY MARIKINA,nan
BOLIGAO LOURDES,SAN ISIDRO HOSPITAL,nan
BRAGANZA ISABEL,THE MEDICAL CITY CAINTA,nan
CABALLES FIDEL,ANGONO MEDICS HOSPITAL,nan
CABANILLA KATHERINE,CHANCO MEDICAL CLINIC,nan
CADIENTE GILBERT,SAN ISIDRO HOSPITAL,nan
CAIRO NINA,ACUUCEL MEDICAL CLINIC,nan
CALICA CHRISTINE,MEDICARD CLINIC,nan
CENINA ALVIN,SAN ISIDRO HOSPITAL,nan
CENINA DALE MOLL,MEDIKO KAPITOLYO,nan
CHANCO GLENN,CHANCO MEDICAL CLINIC,nan
CHANCO VICTORIA,CHANCO MEDICAL CLINIC,nan
CHUA PHILIP,MEDIKO KAPITOLYO,nan
CO JAMES PATRICK,APEX ANTIPOLO,nan
CRUZ RAFAEL,CRUZ MEDICAL CLINIC,nan
CRUZ RITCHIE,TAYTAY DOCTORS HOSPITAL,nan
CUSTODIO ALLAN,ST.JUDE MEDICAL CLINIC,nan
CUSTODIO BRYAN,ST.JUDE MEDICAL CLINIC,nan
DANGANAN CHRISTINE,DANGANAN MEDICAL CLINIC,nan
DANGANAN DOMINIQUE,DANGANAN MEDICAL CLINIC,nan
DE JESUS MARILOU,APEX ANTIPOLO,nan
DE LEON JOANA,DE LEON MEDICAL CLINIC,nan
DE LEON DAN DENNIS,DE LEON MEDICAL CLINIC,nan
DE LEON ROEHL,DE LEON MEDICAL CLINIC,nan
DEL PRADO AIDA,ANGONO MEDICS HOSPITAL,nan
DEL ROSARIO RACHELLE,THE MEDICAL CITY MARIKINA,nan
DELA CRUZ MIKE,ADRAMEDIX,nan
DELA CRUZ CYNTHIA,THE MEDICAL CITY MARIKINA,nan
DELOS SANTOS APRIL,QUI MEDICUS,nan
DELOS SANTOS JEFFREY,QUI MEDICUS,nan
DIAZ JOSEF,AVILON MEDICAL CLINIC,nan
DIAZ MARIBEL,AVILON MEDICAL CLINIC,nan
DIAZ ALEXANDER,AVILON MEDICAL CLINIC,nan
DIGMAN MEJINE,CLINICA ANTIPOLO HOSPITAL,nan
DISCIMULACION ELVIN,EDMC CLINIC,nan
DOMINGO FRANCIS,APEX ANTIPOLO,nan
DYCOCO LEAH,THE MEDICAL CITY MARIKINA,nan
ENCISO MIYAME,ADRAMEDIX,nan
ESGUERRA CHRISTINE,APEX ANTIPOLO,nan
ESTRADA CARIDAD,ESTRADA MEDICAL CLINIC,nan
FABROS ERWIN,MEDIKO KAPITOLYO,nan
FRANCISCO REGINA,ANTIPOLO RPH,nan
FRANCO KATHERINE,ANGONO MEDICS HOSPITAL,nan
GABAS ANA MARICON,APEX ANTIPOLO,nan
GAGARIN ARLENE,ACUUCEL MEDICAL CLINIC,nan
GANSIT  MELMAR,ANTIPOLO RPH,nan
GARCIA GINA,TAYTAY DOCTORS HOSPITAL,nan
GARCIA GERALDINE,STA.LUCIA HEALTHCARE CLINIC,nan
GLER SOLSTENES PAUL,MEDICARD CLINIC,nan
GONZALES NERISSA,THE MEDICAL CITY MARIKINA,nan
HABACON GEORGE PAUL,BINANGONAN LAKEVIEW HOSPITAL,nan
LACEDA JEROME,APEX ANTIPOLO,nan
LAT ANABELLE,CLINICA ANTIPOLO HOSPITAL,nan
LAZARO IAN,QUEEN MARY HOSPITAL,nan
LEYBLE ARVIN,LEYBLE SORIANO HOSPITAL,nan
LIBED  ROWENA,QUEEN MARY HOSPITAL,nan
LIBRE EMMANUEL,ANTIPOLO ANNEX RPH,nan
LLANO CORAZON,MULTICARE CLINIC,nan
LOPEZ CLARINDA,ACUUCEL MEDICAL CLINIC,nan
MACABUHAY JOSE,MACABUHAY MEDICAL CLINIC,nan
MAGALI KAREN,MEDICARD CLINIC,nan
MAGAT MAY THERESE,MAGAT MEDICAL CLINIC,nan
MAGRACIA MARISAL,MEDIKO KAPITOLYO,nan
MALLARI LADY PAW,TANAY GENERAL HOSPITAL,nan
MANALO RONILO,ANTIPOLO DOCTORS HOSPITAL,nan
MANLUTAC BENJAMIN,APEX ANTIPOLO,nan
MANONGAS KEN,UNITED GLOBAL CLINIC,nan
MAPALO MYRABEL,TANAY GENERAL HOSPITAL,nan
MARCELINO JULIE,SAN ISIDRO HOSPITAL,nan
MARIANO RAMELITO,MARIANO MED CLINIC,nan
MARIANO ANA,MORONG RPH,nan
MEJORADA FELY,MEJORADA MED CLINIC,nan
MEMBREBE MAGGIE,MEMBREBE MED CLINIC,nan
MEMBREBE FEDERICO,MEMBREBE MED CLINIC,nan
NAGANO HELIZA,SAN ISIDRO HOSPITAL,nan
NISPEROS MICHELLE,ADRAMEDIX,nan
NOEL ARTURO,THE MEDICAL CITY ANTIPOLO,nan
OHARA CYNTHIA,APEX ANTIPOLO,nan
OJEDA KRISTIAN,BINANGONAN LAKEVIEW HOSPITAL,nan
ORTIZ GIRLIE,CLINICA ANTIPOLO HOSPITAL,nan
PALOMATA MARILOU,APEX ANTIPOLO,nan
PASCUA ROSALINDA,ANTIPOLO ANNEX RPH,nan
PEDROSA NORBETA,REAL CARE CLINIC,nan
PILAR JONATHAN,PILAR MEDICAL CLINIC,nan
QUIJANO PHILOMELA,ADRAMEDIX,nan
RAMIREZ REGINALD,RAMIREZ MEDICAL CLINIC,nan
RAMIREZ RONALD,MEDIKO KAPITOLYO,nan
REMEGIO RENANTE,TAYTAY DOCTORS HOSPITAL,nan
REYES GIA,ANTIPOLO RPH,nan
REYES RAYMUND,APEX ANTIPOLO,nan
REYES RAQUEL,APEX ANTIPOLO,nan
RIVERA REYNALDO,RIZAL UPTOWNS CLINIC,nan
RIVERA CLARA,BINANGONAN LAKEVIEW HOSPITAL,nan
ROMAN IAN PHILIP,ROMAN MEDICAL CLINIC,nan
ROMBAOA DIANE,TANAY GENERAL HOSPITAL,nan
SAN DIEGO LEE,SAN DIEGO MEDICAL CLINIC,nan
SAN DIEGO FRANCISCO,SAN DIEGO MEDICAL CLINIC,nan
SAN JUAN MARIDES,UNITED GLOBAL CLINIC,nan
SANCHEZ ROMMEL,APEX ANTIPOLO,nan
SANTOS JENN RACHELLE,ADRAMEDIX,nan
SANTOS REGINA,APEX ANTIPOLO,nan
SANTOS ROWENA,THE MEDICAL CITY ANTIPOLO,nan
SORIANO CRISNA,SAN ISIDRO HOSPITAL,nan
SUBONG NESTOR,UNITED GLOBAL CLINIC,nan
TIPON REYNALDO,TIPON MEDICAL CLINIC,nan
TIPON RYAN,MEDIKO KAPITOLYO,nan
TOLENTINO CORNEL,TOLENTINO MEDICAL CLINIC,nan
TOLENTINO EDITHA,TOLENTINO MEDICAL CLINIC,nan
TORIO ROLIJUN,SAN ISIDRO HOSPITAL,nan
UMALI REGINA,THE MEDICAL CITY ANTIPOLO,nan
UY ALEC,UY MEDICAL CLINIC,nan
UY RUEBEN,UY MEDICAL CLINIC,nan
VITAL MARIA,MULTICARE CLINIC,nan
VITOR EDWIN,MORONG RPH,nan
YALUNG ALVIN,TOUCH OF LIFE MEDICAL CLINIC,nan
YOUNG JULIA,TAYTAY DOCTORS HOSPITAL,nan
ZAPATOS PETER,ZAPATOS MEDICAL CLINIC,nan
ZAPATOS CARLOS,ZAPATOS MEDICAL CLINIC,nan
ABLAZA PAUL,USTH,nan
AGUSTIN RAY,USTH,nan
ALMIRON KAREN,TERRITORIALS,nan
ANTONIO SONNY,USTH,nan
ARCINAS RODERICK,USTH,nan
BALDONADO ALVIN,HIJ,nan
BALUTAY HOLLY,DAPITAN HEALTH CENTER,nan
BAROQUE GABRIEL,USTH,nan
BELANDRES GERALD,FAMILY ACCESS HEALTH,nan
BELMONTE EVELYN,E.R PLUS,nan
BOLONG GIANA,USTH,nan
BOLONG DAVID,USTH,nan
CABRA JOSHUA,USTH,nan
CADUJADA JOSE,USTH,nan
CALIMAG ATHENA,USTH,nan
CHUA RYAN,USTH,nan
CIPRIANO BIANCA,HI-PRECISION,nan
CONSOLACION CHARITO,USTH,nan
CORONEL MICHAELA FATIMA,TERRITORIALS,nan
CUNANAN ELAINE,USTH,nan
DACAYAN MARY ANN,USTH,nan
DALUPANG JULIUS,USTH,nan
DATOON VITA,PALTOC HEALTH CENTER,nan
DAVID JOSELITO,USTH,nan
DE LARA CYNTHIA,USTH,nan
DE TAGLE JUAN RAMON,USTH,nan
DE VERA JOSE,USTH,nan
DEL CASTILLO WELLENON,USTH,nan
DELA CRUZ MARIA ALYSSA CHRISTY,HI-PRECISION,nan
DELGADO JOHN,USTH,nan
DELOS ANGELES DAKILA,USTH,nan
DOVAL SANTOS CHRISTINE,DOVAL SANTOS CLINIC,nan
DOVAL SANTOS ROSELMO,DOVAL SANTOS CLINIC,nan
EBBA EDGARDO,USTH,nan
EDMUND ADVINCULA,USTH,nan
ESTILLORE ROMEL,MARY CHILES HOSPITAL,nan
FERNANDO ADRIAN,USTH,nan
FLORES JAMES ALBERT,MARY CHILES HOSPITAL,nan
FONTE JAY,USTH,nan
GABALDON HANS,USTH,nan
GABIOLA ROWENA,TERRITORIALS,nan
GARCIA RICO,USTH,nan
GATICALEZ ZSARINA,USTH,nan
GO OLIVIA,USTH,nan
GOMEZ VALERIE,USTH,nan
GUIANG JUDE,USTH,nan
GUMARANG JOEL,MARY CHILES HOSPITAL,nan
HONG JINSON,JRRMMC,nan
HORTILLO MEGAN,USTH,nan
HOSHINA RIKA,JRRMMC,nan
IBBIN MOHERNA,USTH,nan
ILAYA DANIEL,ILAYA MEDICAL CLINIC,nan
ILAYA EVERLYN,ILAYA MEDICAL CLINIC,nan
JAUCIAN IMELDA,USTH,nan
LANZONA ISAIAS,USTH,nan
LASALA ALFRED,USTH,nan
LAYAG DANICA,HI-PRECISION,nan
LAZARO JEZREEL,SLH,nan
LERMA FRANCISCO,USTH,nan
LI-YU JULIE,USTH,nan
LIM ALVIN,USTH,nan
LIM DONDI,USTH,nan
LOO MICHEAL,USTH,nan
LOPEZ MIGUEL,JRRMMC,nan
LORILLA RICHARDSON,USTH,nan
MACAZO JEANNY ANN,USTH,nan
MAILOM ZAELA,USTH,nan
MALLARI KEVIN,USTH,nan
MANAYSAY CATHERINE,USTH,nan
MARANION CRISTINA,USTH,nan
MARAYAG ERIC,USTH,nan
MARTIN EDUARDO,MARY CHILES HOSPITAL,nan
MARTINEZ NORBERTO,USTH,nan
MATAWARAN BIEN,USTH,nan
MATEO MARILYN,USTH,nan
MEDINA KRISTEL,USTH,nan
MENDOZA PAULO,USTH,nan
MILO EMELY,MILO CLINIC,nan
MILO HAZEL,MILO CLINIC,nan
MORAL PATRICK,USTH,nan
MURCIA NHERMEL,HI-PRECISION,nan
NARANJILLA RAYMOND GABRIEL,USTH,nan
NAVARRA ZANDRA,USTH,nan
NG CEDRIC,USTH,nan
OLASO FRANCIS,OLASO CLINIC,nan
ONA ELIZABETH,USTH,nan
ONG RENNIER,USTH,nan
ONG TERRENCE,MARY CHILES HOSPITAL,nan
ONG  REMEDIOS,HIJ,nan
ONG JOHN,USTH,nan
PACIA EDWIN,USTH,nan
PAGGADU VINCENT,USTH,136718.0
PAICAN GAIBRIELLE,JRRMMC,nan
PAMINTUAN FERDINAND,USTH,nan
PANALIGAN ROLAND,USTH,nan
PEREZ EILEEN,HIJ,nan
PIEDAD NATIVIDAD,USTH,nan
PINEDA ALEJANDRO,USTH,nan
QUINES RANDELL,USTH,nan
QUINTANA JOSEPH,USTH,nan
RAMIREZ MIGHTY,USTH,nan
RAMOS ARCHIE,USTH,nan
REYES ALEX,USTH,nan
REYES DON ROBESPIERRE,USTH,nan
RIVERA CLARA,USTH,nan
ROASA FRANCIS,USTH,nan
SABA JOHN PAUL,USTH,nan
SANTIAGO JOANNA,HI-PRECISION,nan
SANTOS  ADRIAN,USTH,nan
SAYO DAN KARLO,CLINICA PALANGKA,nan
SEMPIO EARL LOUIS,USTH,nan
SILVA JOHN,USTH,nan
SIM NATHANIEL,USTH,nan
SJOBERG KHO,USTH,nan
SOLANTE RONTGENE,SLH,nan
SONCUAN JOSHUA,JRRMMC,nan
TAGARDA DAISY,USTH,nan
TAGUM JEROME,TERRITORIALS,nan
TAN DE GUZMAN WILSON,USTH,nan
TIBURCIO  ILLONA,USTH,nan
TRINIDAD TIM,USTH,nan
VICERA JENNIFER,USTH,nan
VILLAMIN CHARLES,USTH,nan
VILLESPIN IVAN,USTH,nan
VISPERAS JULIE,USTH,nan
YRUMA JOHN MICHAEL,TERRITORIALS,nan
ZABALLERO ANNIE,MARY CHILES HOSPITAL,nan
ZACARIAS MANUEL,USTH,nan
ZAMORA LEONID,USTH,nan
ABAD AUGUST,MEDIKO KAPITOLYO ANTIPOLO,nan
ABE ALEXANDER,APEX DIAGNOSTICS AND MEDICAL CENTER ANTIPOLO,nan
AGAPAY PERLA,THE MEDICAL CITY STA LUCIA CAINTA,nan
ALCANTARA RENAN,ALCANTARA MEDICAL CLINIC MORONG,nan
ALMARIO JULES,TLC MEDICAL AND DIAGNOSTIC CLINIC,nan
ALVAREZ GEORGETTE,KLINIKA ALVAREZ BINANGONAN,nan
ALVAREZ ILDEFONSO,KLINIKA ALVAREZ BINANGONAN,nan
ALVAREZ MARIAN EMAE GRACE,KLINIKA ALVAREZ BINANGONAN,nan
ASIS  EDMUND,ASIS MEDICAL CLINIC TANAY,nan
AVILES EDNALYN,MANILA EAST MEDICAL CENTER,nan
BACAYANA ALLAN,THE MEDICAL CITY  ANTIPOLO,nan
BADILLA JOHNNY,THE MEDICAL CITY  ANTIPOLO,nan
BADIOLA PAUL RYAN,MEDICARD STA LUCIA CAINTA,nan
BALAJADIA IMELDA,STA LUCIA HEALTHCARE CENTRE CAINTA,nan
BALDONADO ALVIN,BALDONADO MEDICAL CLINIC BARAS,nan
BARRIGA MACRINA,SCMI CLINICS AND DIAGNOSTIC CENTER,nan
BASAR BIANCA,MEDIKO KAPITOLYO ANTIPOLO,nan
BAYANI ARTHUR,THE MEDICAL CITY  ANTIPOLO,nan
BERNARDO  IRENEO III,LIVE BEST MEDICAL CLINIC TANAY,nan
BERNARDO  FRITZ,THE MEDICAL CITY STA LUCIA CAINTA,nan
BLANCAFLOR SOFIA,ANGONO MEDICS HOSPITAL ANGONO,nan
BRAGANZA MARIE ISBELLE,THE MEDICAL CITY BIG R CAINTA,nan
CABALLES JOSE FIDEL,ANGONO MEDICS HOSPITAL ANGONO,nan
CABRIA NATHALEEN,ANTIPOLO CITY HEALTH ANTIPOLO,nan
CADIENTE GILBERT,QUEEN MARY OF HELP CHRISTIAN HOSPITAL MORONG,nan
CALICA CHRISTINE,MEDICARD STA LUCIA CAINTA,nan
CASTILLO MARCO AURELIO,MANILA EAST MEDICAL CENTER,nan
CENINA ALVIN,SAN ISIDRO HOSPITAL ANGONO,nan
CHANCO  GLENN NOEL,CHANCO MEDICAL CLINIC TAYTAY,nan
CHANCO  VICTORIA,CHANCO MEDICAL CLINIC ANTIPOLO,nan
CHUA PHILIP,MEDIKO KAPITOLYO ANTIPOLO,nan
CO PATRICK JAMES,APEX DIAGNOSTICS AND MEDICAL CENTER ANTIPOLO,nan
CRUZ  RITCHIE,ONE CAINTA MEDICAL ARTS BUILDING CAINTA,nan
CRUZ  RAFAEL,FAMILY HEALTH CARE CLINIC TAYTAY,nan
CRUZ ENRICK JOSHUA,QUI MEDICUS MEDICAL CLINIC BINANGONAN,nan
CUSTODIO  ALAN,ST. JUDE MEDICAL CLINIC TANAY,nan
CUSTODIO  BRIAN,ST. JUDE MEDICAL CLINIC TANAY,nan
DE JESUS MARILOU,APEX DIAGNOSTICS AND MEDICAL CENTER ANTIPOLO,nan
DE LEON  DAN DENNIS,MEDIKO KAPITOLYO ANTIPOLO,nan
DE LEON  JOANAH,DE LEON MEDICAL CLINIC TAYTAY,nan
DE LEON  ROEHL,RC DE LEON CLINICA MEDICAL COGEO ANTIPOLO,nan
DEL PRADO AIDA RUTH,ANGONO MEDICS HOSPITAL ANGONO,nan
DEL ROSARIO RACHELLE,THE MEDICAL CITY STA LUCIA CAINTA,nan
DELA CRUZ  CYNTHIA,THE MEDICAL CITY STA LUCIA CAINTA,nan
DELA CRUZ  MICHAEL,ADRAMEDIX MEDICAL AND DIAGNOSTIC CENTER TANAY,nan
DELINO LADY PAW,IMMACULADA CONCEPCION PHARMACY AND MEDICAL CLINIC TANAY,nan
DELOS SANTOS JEFFREY,QUI MEDICUS MEDICAL CLINIC BINANGONAN,nan
DELOS SANTOS APRIL,QUI MEDICUS MEDICAL CLINIC BINANGONAN,nan
DISCIMULACION ELVIN,EDMC MEDICAL AND DIAGNOSTIC CLINIC,nan
DOMINGO FRANCIS,APEX DIAGNOSTICS AND MEDICAL CENTER ANTIPOLO,nan
DUMO ARTEMIO,DUMO MEDICAL CLINIC,nan
DYCOCO LEAH,THE MEDICAL CITY STA LUCIA CAINTA,nan
ENALPE MARKO,TLC MEDICAL AND DIAGNOSTIC CLINIC,nan
ENCISO MIYAME,ADRAMEDIX MEDICAL AND DIAGNOSTIC CENTER TANAY,nan
FABROS IRWIN,MEDIKO KAPITOLYO ANTIPOLO,nan
FERNANDO  ANGELITO,TOUCH OF LIFE ANTIPOLO,nan
FORONDA  EDGARD,MANILA EAST MEDICAL CENTER,nan
FRANCISCO REGINA,ANTIPOLO CITY HEALTH ANTIPOLO,nan
FRANCO  KATHERINE,ANGONO MEDICS HOSPITAL ANGONO,nan
GABAS  ANA MARICON,APEX DIAGNOSTICS AND MEDICAL CENTER ANTIPOLO,nan
GAGARIN ARLENE,ACCUCELL DIAGNOSTICS CENTER ANTIPOLO,nan
GANSIT MELMAR,ANTIPOLO CITY HEALTH ANTIPOLO,nan
GARCIA  GINA,TAYTAY DOCTORS HOPITAL,nan
GARCIA  GERALDINE,STA LUCIA HEALTHCARE CENTRE CAINTA,nan
GONZALES NERISSA,THE MEDICAL CITY STA LUCIA CAINTA,nan
HERNANDEZ MONICA,ANGONO MEDICS HOSPITAL ANGONO,nan
JAVONILLO ELEANOR,ANTIPOLO CITY HEALTH ANTIPOLO,nan
LACEDA JEROME,APEX DIAGNOSTICS AND MEDICAL CENTER ANTIPOLO,nan
LARANG CHERNOBYL,CLINICA MEDICA SAN CLEMENTE ANGONO,nan
LAT ANNABELLE MARIE,CLINICA ANTIPOLO,nan
LAZARO KAREN,MANILA EAST MEDICAL CENTER,nan
LAZARO IAN KONRAD,MANILA EAST MEDICAL CENTER,nan
LAZO MARICA,APEX DIAGNOSTICS AND MEDICAL CENTER ANTIPOLO,nan
LEYBLE ARVIN,SORIANO-LEYBLE MEDICAL AND MATERNITY HOSPITAL,nan
LEYVA CORAZON,LEYVA MEDICAL CLINIC ANTIPOLO,nan
LIBED ROWENA,QUEEN MARY OF HELP CHRISTIAN HOSPITAL MORONG,nan
LLANO MA. CORAZON,APEX DIAGNOSTICS AND MEDICAL CENTER ANTIPOLO,nan
LOPEZ MARIA CLARINDA,ACCUCELL DIAGNOSTICS CENTER ANTIPOLO,nan
LUKLUKAN ISABEL,ANGONO MEDICS HOSPITAL ANGONO,nan
MACABUHAY JOSME,MC LIFE MEDICAL CLINIC ANTIPOLO,nan
MACABUHAY MELODINA,MC LIFE MEDICAL CLINIC ANTIPOLO,nan
MAGALI- VILLAREAL KAREN,MEDICARD STA LUCIA CAINTA,nan
MAGAT MAY THERESE,MAGAT MEDICAL CLINIC COGEO ANTIPOLO,nan
MAGRACIA MA. SALVACION,MEDIKO KAPITOLYO ANTIPOLO,nan
MANLUTAC BENJAMIN,APEX DIAGNOSTICS AND MEDICAL CENTER ANTIPOLO,nan
MAPALO CONCEPCION MYRABELLE,TANAY GENERAL HOSPITAL,nan
MARCELINO JULIE,SAN ISIDRO HOSPITAL ANGONO,nan
MARIANO RAMELITO,MARIANO MEDICAL CLINIC MORONG,nan
MARTIN HELEN,MARTIN MEDICAL CLINIC ANGONO,nan
MATIAS-CABANILLA KATHERINE,CHANCO MEDICAL CLINIC TAYTAY,nan
MEJORADA FELY,MEJORADA MEDICAL CLINIC BINANGONAN,nan
MEMBREBE MAGIE,HEALTH OPTIONS MEDICAL TANAY,nan
MEMBREBE FREDERICO,CLINICA MEMBREBE BINANGONAN,nan
MINA RONAN CHRISTIAN,MANILA EAST MEDICAL CENTER,nan
NAVAL DENNIS,MANILA EAST MEDICAL CENTER,nan
NISPEROS MICHELLE,CLINICA ANTIPOLO,nan
NOEL ARTURO MARTIN,THE MEDICAL CITY  ANTIPOLO,nan
OBMASCA LEONORA,MED EXPERTS MEDICAL CLINIC CAINTA,nan
OJEDA KHRISTIAN,BINANGONAN LAKEVIEW HOSPITAL,nan
ORTIZ GERLIE,CLINICA ANTIPOLO,nan
PALOMATA MARILOU,APEX DIAGNOSTICS AND MEDICAL CENTER ANTIPOLO,nan
PASCUA  ROSALINA,RIZAL PROVINCIAL HOSPITAL SYSTEM PADILLA,nan
PAULE ADELINA,METRO RIZAL DOCTORS HOSPITAL CAINTA,nan
PEDROSA NORBERTA,REAL CARE MEDICAL AND DIAGNOSTIC LABORATORY MORONG,nan
PILAR JONATHAN,PILAR MEDICAL CLINIC ANGONO,nan
QUIJANO PHILOMELA,CLINICARE MEDICAL CLINIC TANAY,nan
RAMIREZ RONALD,APEX DIAGNOSTICS AND MEDICAL CENTER ANTIPOLO,nan
RAMIREZ REGALADO,"CERVO-RAMIREZ MEDICAL CLINIC, BINANGONAN",nan
REYES GIA,ANTIPOLO CITY HEALTH ANTIPOLO,nan
REYES RAQUEL,APEX DIAGNOSTICS AND MEDICAL CENTER ANTIPOLO,nan
REYES RAYMUND,APEX DIAGNOSTICS AND MEDICAL CENTER ANTIPOLO,nan
RICO CYNTHIA,APEX DIAGNOSTICS AND MEDICAL CENTER ANTIPOLO,nan
RIVERA   CLARA,APEX DIAGNOSTICS AND MEDICAL CENTER ANTIPOLO,nan
RIVERA   REYNALDO,TAYTAY DOCTORS HOPITAL,nan
SAN DIEGO  FRANCISCO,SAN DIEGO MEDICAL CLINIC CAINTA,nan
SAN DIEGO  LEE ROBERT,SAN DIEGO MEDICAL CLINIC CAINTA,nan
SAN JUAN MARI DES,THE MEDICAL CITY  ANTIPOLO,nan
SAN MIGUEL ALMA,SAN MIGUEL MEDICAL CLINIC TAYTAY,nan
SANCHEZ ROMMEL RAY,APEX DIAGNOSTICS AND MEDICAL CENTER ANTIPOLO,nan
SANTOS JENN RACHELLE,ADRAMEDIX MEDICAL AND DIAGNOSTIC CENTER TANAY,nan
SANTOS MARIA REGINA,APEX DIAGNOSTICS AND MEDICAL CENTER ANTIPOLO,nan
SINCHIONGCO MONIQUE,ANTIPOLO CITY HEALTH ANTIPOLO,nan
STA. ANA MARIA NINA,ACCUCELL DIAGNOSTICS CENTER ANTIPOLO,nan
SUAREZ HOPE,THE MEDICAL CITY STA LUCIA CAINTA,nan
SUBONG ERNESTO,UNITED GLOBAL SPECIALTY CENTER,nan
TEJADA CRISTIAN JULES,ADRAMEDIX MEDICAL AND DIAGNOSTIC CENTER TANAY,nan
TIPON RYAN,MEDIKO KAPITOLYO ANTIPOLO,nan
TIPON  REYNALDO,TIPON MEDICAL CLINIC ANTIPOLO,nan
TOLENTINO  CORNELIO,TOLENTINO MEDICAL CLINIC COGEO ANTIPOLO,nan
TOLENTINO  EDITHA,TOLENTINO MEDICAL CLINIC COGEO ANTIPOLO,nan
TORIO ROLIJUN,OUR LADY OF PILLAR MEDICAL CLINIC TAY TAY,nan
TURAO ROLANDO JR.,MANILA EAST MEDICAL CENTER,nan
UMALI MA. REGINA,THE MEDICAL CITY  ANTIPOLO,nan
UY  ALEC JOSHUA,CLINICA UY TAYTAY,nan
UY  REUBEN,CLINICA UY TAYTAY,nan
VITOR EDWIN,VITOR MEDICAL CLINIC MORONG,nan
YALUNG ALVIN,TOUCH OF LIFE ANTIPOLO,nan
ABEAR JINDRA FATIMA,South Imus Specialist Hospital,nan
ABELLAR CHITO,South Imus Specialist Hospital,nan
ALBARAN NACIANCENO,Wellpoint Medical Center,nan
ALESTANTE ALYER,South Imus Specialist Hospital,nan
ALINAB RYAN,Divine Grace Medical Center,nan
ALUDINO MARIANNE,Our Lady of the Pillar Medical Center,nan
AMANTE CARL ANGELO,South Imus Specialist Hospital,nan
AMBAT JESUS,Our Lady of the Pillar Medical Center,57870.0
ANG KEVIN ROYCE,Divine Grace Medical Center,nan
ANICETO GIMA,Our Lady of the Pillar Medical Center,nan
AQUINO FIDELINDA,Our Lady of the Pillar Medical Center,nan
ASUNCION EMMANUEL,Wellpoint Medical Center,nan
BAQUIRAN JULIUS,Cavite East Asian Medical Center Inc.,nan
BARNES MANUEL MIGUEL,South Imus Specialist Hospital,nan
BASTON AGNES,Medical Center Imus,nan
BAUTISTA MARIA FE,Divine Grace Medical Center,nan
BELTIJAR LAVINIA,Anglo - Beltijar Medical Clinic,nan
BETONIO MA. CHRISTINA,Medical Center Imus,nan
BICOL JENNY,Our Lady of the Pillar Medical Center,nan
BILAS FRANZ DAREN,Wellpoint Medical Center,nan
BIRUNG DAHLIA,Tanza Family Hospital,nan
BRISTOL SYAMASUNDAR DAS,Divine Grace Medical Center,nan
BUHAY ROSS MARSHALL,Cavite Diagnostic Stroke Care Center Inc.,nan
CABIDA CHRISTOPHER,Our Lady of the Pillar Medical Center,nan
CABUJAT ROEHL JOHN,Medical Center Imus,78866.0
CALABIO ALEJANDRO,Ilano Medical Clinic,nan
CALLANTA EDWARD,Paredes Medical Center and Hospital,nan
CALMA MARLISA,Divine Grace Medical Center,nan
CASTILLO CHRISTEL LYNN,Divine Grace Medical Center,nan
CLARITO EUNICE LOVELLE,Our Lady of the Pillar Medical Center,nan
CLOSA RICHIE,Medical Center Imus,nan
COSTA ROMEL,Medical Center Imus,nan
CRISOSTOMO-REYES GERTRUDE CAMILLE,South Imus Specialist Hospital,nan
CRUZ-BAUTISTA SPICA,South Imus Specialist Hospital,nan
CUA ISABELLE,Medical Center Imus,nan
CUENCA FONTINI CHRISTI,Our Lady of the Pillar Medical Center,nan
CUENCA CHARITO,Cuenca Medical Clinic,nan
CUEVAS GARY,Wellpoint Medical Center,nan
DE LA CRUZ HOMER,South Imus Specialist Hospital,nan
DE LA CRUZ MARIA GUIA,Wellpoint Medical Center,nan
DEMETRIA JESSIE,Medical Center Imus,nan
DIMAGIBA IVY,Our Lady of the Pillar Medical Center,nan
DIZON TROY MICHEAL,South Imus Specialist Hospital,nan
ESAGUNDE ROMULO,Our Lady of the Pillar Medical Center,nan
ESGUERRA KEVIN,South Imus Specialist Hospital,127554.0
ESGUERRA JERICA,Tanza Specialists Medical Center,nan
ESPIRITU GEMILLON,Espiritu Clinic,nan
FAIGAO RAYMUND VIRGILIO,South Imus Specialist Hospital,nan
FERRER JOHN MICHEAL,Paredes Medical Center and Hospital,nan
FORTES KAREN,Our Lady of the Pillar Medical Center,nan
FRANCISCO - PASCUA DANICA,South Imus Specialist Hospital,nan
FUENTES DENNIS,San Pedro Calunsod Medical Center,nan
GABAT- TAN JULIE,San Pedro Calunsod Medical Center,nan
GALAN JOSE LORENZO,Our Lady of the Pillar Medical Center,nan
GARIBAY MAVIS ATHINA,Divine Grace Medical Center,nan
GONZAGA PAULENE KRISTINE,Medical Center Imus,nan
GUECO JEANETTE,Medical Center Imus,nan
GUTAY LAWRENCE,LBG Medical Clinic,nan
GUTIERREZ IAN LORDEO,ATHENA HEART CENTER,nan
HERNANDEZ DAN PHILIP,Medical Center Imus,nan
ILANO MATEO,Ilano Medical Clinic,nan
JAVONILLO ROWENA,Our Lady of the Pillar Medical Center,nan
JOSUE ANNA ANGELICA,Our Lady of the Pillar Medical Center,nan
JUNSAY AVEGAIL,Medical Center Imus,nan
LANDAS LERWIN LLOYD,Our Lady of the Pillar Medical Center,nan
LEE GEORGETTE,Divine Grace Medical Center,nan
LIM RICHARD THOMAS,Medical Center Imus,nan
LIM GOLDEE,Divine Grace Medical Center,nan
LU JEREMY,Our Lady of the Pillar Medical Center,nan
MALAZO JOHN PHILIP,Wellpoint Medical Center,nan
MALLILLIN NELSON ANTHONY,Our Lady of the Pillar Medical Center,nan
MANCIA CHESTER,Wellpoint Medical Center,nan
MANGROBANG ROSS,Medical Center Imus,nan
MARQUEZ ALLEN,Divine Grace Medical Center,nan
MATTUS MIGUEL MANUEL,South Imus Specialist Hospital,nan
MEDINA  CHARISSE,Cavite East Asian Medical Center Inc.,nan
MENDOZA HELEN,Divine Grace Medical Center,nan
MERCENE RICH JOHN,Divine Grace Medical Center,nan
MESOGA JR. FRANCISCO,Medical Center Imus,nan
MILAY ARNEL,Naic Doctors Hospital,nan
MIRANDA JOANAVI,Rojas Medical Clinic,nan
MIRANDA JOSE CARLOS,Our Lady of the Pillar Medical Center,nan
MISA DARWIN,Divine Grace Medical Center,nan
MOALONG KEVIN MICHEAL,Medical Center Imus,nan
NABLO MARY DAWN,Medical Center Imus,99072.0
NER ZANDRO,Wellpoint Medical Center,nan
NULUD- AMORA MICAELLA ANN,South Imus Specialist Hospital,nan
OCAMPO WILLIAM,Mary Immaculate Medical Center,nan
OCAMPO - MOTOS LISETTE DOROTHY,Divine Grace Medical Center,nan
ORDONEZ- MIRANDA NATHALIE,Paredes Medical Center and Hospital,nan
ORENSE MA. LOREN,South Imus Specialist Hospital,nan
ORLINO RAYMUND MARCOS,Paredes Medical Center and Hospital,nan
PAGTAKHAN LUIS MIGUEL,Cavite East Asian Medical Center Inc.,nan
PALER JR. FLORANTE,Wellpoint Medical Center,nan
PANGANIBAN ELIZABETH,EMP Clinic and Pharmacy,nan
PARCERO  ROMAN VICTORINO,Medical Center Imus,nan
PEREYRA- BORLONGAN MARIA YNA ELUISIA,South Imus Specialist Hospital,nan
PEREZ MARIA ERICA MAE,Cavite Diagnostic Stroke Care Center Inc.,nan
PEREZ MICHAEL,South Imus Specialist Hospital,nan
QUINTO SHIELA,Wellpoint Medical Center,nan
RAMIREZ RENATO,Our Lady of the Pillar Medical Center,nan
RAMIREZ - PEREZ KATHRYN,Our Lady of the Pillar Medical Center,nan
RAMOS RUBY,Our Lady of the Pillar Medical Center,nan
RAMOS - LEE GAYLE ALYANNAH,Our Lady of the Pillar Medical Center,nan
REYES JANICE VINESSA,Panapaan Clinic,nan
REYES JASON,Our Lady of the Pillar Medical Center,nan
REYES WINDON,Our Lady of the Pillar Medical Center,nan
ROME MICHEAL,St Dominic of Asia Medical Center,nan
ROMERO JASON,Wellpoint Medical Center,nan
RUBIC GERALDINE,Our Lady of the Pillar Medical Center,nan
RUBRICA FRANCO ONSWALD,South Imus Specialist Hospital,nan
SALVADOR ANABELLE,Medical Center Imus,nan
SAMUDIO JERAMAE,Rojas Medical Clinic,nan
SANTOS JR. HARIM,Costa Medica Healthcare and Diagnostic Center,nan
SATSATIN NIKKI NORMEL,Paredes Medical Center and Hospital,nan
SAYAS ROCHELLE,Divine Grace Medical Center,nan
SCHROTH DEXTER,Precious Ones  Medical  Clinic,nan
SE ALFRED,Amisa Medical Mission Hospital,nan
SE SUSAN,Amisa Medical Mission Hospital,nan
SEE JASON,Cavite Diagnostic Stroke Care Center Inc.,nan
SOLIS SHARON,Medical Center Imus,nan
TAN JR. GABRIEL,Divine Grace Medical Center,nan
TEDIONG ALLAN,Divine Grace Medical Center,nan
TING - TAN CHERRYL,Divine Grace Medical Center,nan
TIONGCO KEVIN ANDREW,Wellpoint Medical Center,nan
TIRONA JOSE,Our Lady of the Pillar Medical Center,nan
TIUSECO MICHEAL,Medical Center Imus,nan
TURALDE WILSON,South Imus Specialist Hospital,nan
UY - REYES MICHELLE,South Imus Specialist Hospital,nan
VALENTE - VILLAROSA KATHLEEN JOYCE,Wellpoint Medical Center,nan
VELASCO MA ANN CLAIRE,Rojas Medical Clinic,nan
VERGARA RENN MIGUEL,Divine Grace Medical Center,nan
VILLANUEVA JOYCE ANGELI,Our Lady of the Pillar Medical Center,nan
VILLANUEVA FRANCISCO,South Imus Specialist Hospital,nan
VILLANUEVA MA. VILINDA,South Imus Specialist Hospital,nan
VILLAR RAUL,Tanza Family Hospital,nan
VILLASIS RAMON CHRISTIAN,Divine Grace Medical Center,nan
YAO TOMMY,Divine Grace Medical Center,nan
YU JOHN,A & D Medical and Diagnostic Clinic,nan
ZUNIEGA LEANNE THERESE,Paredes Medical Center and Hospital,nan
ABBAS HANIA,MIDALANO HOSPITAL,115544.0
ABDULLAH PALMAIDA,Abdullah Hospital,nan
ABDULLAH NAJIB,CABILI -  Iligan City,nan
ABDULLATIF MOHAMAD ALISAR,Abdullah Hospital,nan
ABEDIN MOHAMMAD,MIDALANO HOSPITAL,nan
ABRINA ROLANDO,Polymedic Plaza Medical City,nan
ABSIN DENNIS,MADONNA AND CHILD HOSPITAL,nan
ABUCAYON JEANETTE,Adventist Iligan Medical Center,nan
ABUSO CHRISTINE,Polymedic Plaza Medical City,nan
ALABA ANGELES,Polymedic Medical Hospital Velez CDO,nan
ALAGAR DELFIN,CABILI -  Iligan City,nan
ALONTO AZISA,MIDALANO HOSPITAL,nan
ALONTO AKISAH,MIDALANO HOSPITAL,nan
ALOVERA ANN CHRISTIE,Polymedic Medical Hospital Velez CDO,nan
AMATO MACRINE,Cagayan de Oro Medical City,nan
AMBOR RAISALAM,Abdullah Hospital,nan
APAG RICHIE,Polymedic Medical Hospital Velez CDO,nan
BACAL AQUELLO,Polymedic Medical Hospital Velez CDO,nan
BAGAYO EUGENE,Adventist Iligan Medical Center,nan
BAGAYO GWEN,Adventist Iligan Medical Center,nan
BALA MISHELLE VONNABIE,FAITH HOSPITAL OZAMIZ CITY,nan
BANQUE MARIA FUENTES,Misamis University Medical Center,nan
BANTILES ALEXANDER,"BANTILES MEDICAL HOSPITAL,MARANDING",nan
BANTUAS MONASIR,Abdullah Hospital,nan
BARAPANTAO BINGJAHAR,Abdullah Hospital,nan
BASCUG MELANIE FELICIA,Adventist Iligan Medical Center,nan
BATO ULOMODEN,Marawi City,nan
BEDAYO JORGE,Sabal Hospital - CDO,nan
BENITO ALVANIE,Sabal Hospital - CDO,nan
BLANES MARVIE,Mercy Community Hospital,nan
BODIONGO LEONIDA,Medina General Hospital,nan
BOLANIO GINA,MADONNA AND CHILD HOSPITAL,nan
BROBO SARAEL,Polymedic Plaza Medical City,nan
BURUNGAWAN NUR-HANNAH,Adventist Iligan Medical Center,nan
CABALLERO SANNY,Polymedic Medical Hospital Velez CDO,nan
CABATANIA LORELIE ANN,OZAMIS TERRITORIAL CLINIC,nan
CADER MOHAMMAD,Abdullah Hospital,nan
CAHILOG CANDY,Polymedic Medical Hospital Velez CDO,nan
CANEDO MARYVIC IZAH,Ozamis Hospital,nan
CANEDO FRANCIS NINO,Ozamis Hospital,nan
CANETE CLARITO,Polymedic Medical Hospital Velez CDO,nan
CANOY EPSILON,Mercy Community Hospital,nan
CAPUYAN JULIEROSE,Medina General Hospital,nan
CASINO IRENEE,Cagayan de Oro Medical City,nan
CASINO GERMAR,Sabal Hospital - CDO,nan
CAUMBAN CRISTY  MARIE,Cagayan de Oro Medical City,nan
CAYABYAB MYRON,Adventist Iligan Medical Center,nan
CENIZA RICHMOND,Polymedic Plaza Medical City,nan
CEPEDA FELIX BERNARD,MADONNA AND CHILD HOSPITAL,nan
CHANG ALAN,Polymedic Medical Hospital Velez CDO,nan
CHIO RECAJOY,St. Ignatius Clinic,nan
CO DONALD,Polymedic Plaza Medical City,nan
CO GERALDINE,Polymedic Plaza Medical City,nan
CONCEPCION MARY JANE,Adventist Iligan Medical Center,nan
CONDAHAN CHRISTINE JOY,Polymedic Plaza Medical City,nan
CORTES FRANCIS CHRISTIAN,Ozamis Hospital,nan
DABA GLADYS JUDYNIL,MADONNA AND CHILD HOSPITAL,nan
DACUDAO KAREN,Polymedic Plaza Medical City,nan
DAGALANGIT POTRI HANNAH,Abdullah Hospital,nan
DAGANDARA ANGELICA GEM,Polymedic Plaza Medical City,nan
DAITIA MIGUEL,Sabal Hospital - CDO,nan
DAROY MARK,MADONNA AND CHILD HOSPITAL,nan
DAROY KIM,Adventist Iligan Medical Center,nan
DAUD NASHIBA,Polymedic Plaza Medical City,nan
DAYUPAY ERWIN,Adventist Iligan Medical Center,nan
DEBALUCOS AUDIE,Adventist Iligan Medical Center,nan
DEBALUCOS ARNEL,Adventist Iligan Medical Center,nan
DELA CRUZ ABNER,Adventist Iligan Medical Center,nan
DELA CRUZ DARLENE,Adventist Iligan Medical Center,nan
DELA CRUZ RIANNE,Adventist Iligan Medical Center,nan
DELORINO ROWENA,Adventist Iligan Medical Center,nan
DIAMLA SHARIMAH,Mercy Community Hospital,nan
DILAO ANGELICA,Polymedic Plaza Medical City,nan
DIMAPORO JOHANIYA,Mercy Community Hospital,nan
DIOLA JOCYL,MADONNA AND CHILD HOSPITAL,nan
DOMINGO ARCHIE YAP,Medina University MedicalHospital,nan
DUENAS GAUDENCIO,MADONNA AND CHILD HOSPITAL,nan
ESTANDARTE JOSE  DANTE,Polymedic Medical Hospital Velez CDO,nan
ESTRADA NESTOR,Iligan City Territorials,nan
FELICIANO JOHN MARK,FAITH HOSPITAL OZAMIZ CITY,nan
FERNANDEZ SIME RAYMOND,Adventist Iligan Medical Center,nan
FERRAREN LALAINE,Sabal Hospital - CDO,nan
FLOIRENDO MA.LEAH,Cagayan de Oro Medical City,nan
FLOIRENDO RAUL,Cagayan de Oro Medical City,nan
FLORES RUBEN,Mercy Community Hospital,nan
GABULE MARVIN,Mercy Community Hospital,nan
GALLEGO KRISTAINNE,FAITH HOSPITAL OZAMIZ CITY,nan
GALON MYVIE,MADONNA AND CHILD HOSPITAL,nan
GAMOLO PETER,Polymedic Medical Hospital Velez CDO,nan
GARCIA ROLANDO,Cagayan de Oro Medical City,nan
GARINGARAO KATHLEEN JOY,Mercy Community Hospital,nan
GENERIC MD 01,GENERIC,nan
GENERIC MD 02,GENERIC,nan
GENERIC MD 03,GENERIC,nan
GENERIC MD 04,GENERIC,nan
GENERIC MD 05,GENERIC,nan
GENERIC MD 06,GENERIC,nan
GENERIC MD 07,GENERIC,nan
GENERIC MD 08,GENERIC,nan
GENERIC MD 09,GENERIC,nan
GILLE ELSPETH,Polymedic Plaza Medical City,nan
GO DAFFODIL,Polymedic Plaza Medical City,nan
GO OLIVIA,MADONNA AND CHILD HOSPITAL,nan
GO FRANZ,Sabal Hospital - CDO,nan
GO-SEE JUDEE,Polymedic Medical Hospital Velez CDO,nan
GOLING SHEIK AROBE,Abdullah Hospital,nan
GUADA GARAY,Sabal Hospital - CDO,nan
GUDITO FRANCO,MADONNA AND CHILD HOSPITAL,nan
HANDUMON JONA,FAITH HOSPITAL OZAMIZ CITY,nan
INTONG JAIME,Ozamis Territorials,nan
INTONG JIMSON REY,Ozamis Territorials,nan
ISLA ARMANDO,Mercy Community Hospital,nan
ISMAEL RAHMA-FAIZA,Abdullah Hospital,nan
JACUTIN STEPHANIE,Cagayan de Oro Medical City,nan
KAMLIAN JANETH,Mercy Community Hospital,nan
KHO CHRISTINE,Cagayan de Oro Medical City,nan
LADLAD MARVYN,Sabal Hospital - CDO,nan
LAGUINDAB SOHAILI,Abdullah Hospital,nan
LAGUNILLA KATHRYN RUBY,MADONNA AND CHILD HOSPITAL,nan
LAMPING ASLAMA,Mercy Community Hospital,nan
LAO JOVITO,Polymedic Medical Hospital Velez CDO,nan
LAPPAY JEFFREY,Polymedic Plaza Medical City,nan
LAURITO ARNOLD,Adventist Iligan Medical Center,nan
LEDESMA ANNA PATRICIA,MADONNA AND CHILD HOSPITAL,nan
LIM NELIA,Polymedic Medical Hospital Velez CDO,nan
LIM GIORGIO ANDRO,Polymedic Medical Hospital Velez CDO,nan
LIM ROSSINI ABBIE,Cagayan de Oro Medical City,nan
LIMPAHAN EMERALD,Mercy Community Hospital,nan
LOMANTA JAN MICHAEL,Medina General Hospital,nan
LOMANTA ASUNCIANO,PRIVATE TERRITORIAL CLINIC,nan
LONGNO HARRY,Cagayan de Oro Medical City,nan
LONGOS ANA KATRINA,Polymedic Plaza Medical City,nan
LOPEZ MICHELLE,St. Ignatius Clinic,nan
LOZANO VICTOR ANGELO,Polymedic Medical Hospital Velez CDO,nan
LUMANG MAE,Polymedic Plaza Medical City,nan
MACA-ALIN ABDUL NASSER,Marawi City,nan
MACAGAAN  NASHEBA,CABILI -  Iligan City,nan
MADERAZO ANA RICA,Ozamis Hospital,nan
MALENAB VALERIE ANN,Adventist Iligan Medical Center,nan
MANABAT EDVEN,Misamis University Medical Center,nan
MANARPAAK GLEN,OZAMIS TERRITORIAL CLINIC,nan
MANTICAYUN SHYDIN,Adventist Iligan Medical Center,nan
MANUA NURHANAH,Mercy Community Hospital,nan
MAROHOMSALIC ABDULLAH,AMAI PAKPAK MEDICAL CENTER,nan
MATUS JOSELITO,Iligan City Territorials,nan
MEJIAS MARIFE,Cagayan de Oro Medical City,nan
MERCADO MARIZZA,Cagayan de Oro Medical City,nan
MERCADO ROMEL,MADONNA AND CHILD HOSPITAL,96845.0
MIGUEL PEPITO SANTINO,Ozamis Hospital,nan
MIRA-ATO ALINOR,Marawi City,nan
MONPESCO LIGAYA,Misamis University Medical Center,nan
MUA NUR-HANNA,Adventist Iligan Medical Center,nan
MUTI SORAYA,Polymedic Plaza Medical City,nan
NADAL YVETTE,Adventist Iligan Medical Center,nan
NOTARIO LEO,Polymedic Medical Hospital Velez CDO,nan
OBSIOMA AILEEN,Cagayan de Oro Medical City,nan
OBUYES ERNIE,Polymedic Medical Hospital Velez CDO,nan
OLANO ALDANICA,Polymedic Plaza Medical City,nan
OLIVEROS SANDRA,Cagayan de Oro Medical City,nan
ONG SHERYL,Iligan City Territorials,nan
OPORTO KENNETH,Polymedic Medical Hospital Velez CDO,nan
ORDISTA MICHELLE,Mercy Community Hospital,nan
OREJUDOS ROSALIE,Adventist Iligan Medical Center,nan
PABUA ELVIS,Polymedic Medical Hospital Velez CDO,nan
PADAYHAG EDEM,Misamis University Medical Center,nan
PAGDILAO JICA GRACE,Adventist Iligan Medical Center,nan
PALABRICA NEILSON,Polymedic Plaza Medical City,nan
PANOLONG MURSHIDA,Polymedic Plaza Medical City,nan
PASTOR JASMIN,Polymedic Plaza Medical City,nan
PEPINO CHERYL,Polymedic Plaza Medical City,nan
PETILLA IRENE,Polymedic Medical Hospital Velez CDO,nan
PINEDA JOSE MARIE,CABILI -  Iligan City,nan
PINTACASI RAFAEL ALFONSO,Medina General Hospital,nan
PINTOR TERESITA,CABILI -  Iligan City,nan
PLANILLA CYRIL JONAS,Polymedic Medical Hospital Velez CDO,nan
PON GERALDINE,Cagayan de Oro Medical City,nan
POYOGAW ELIZABETH,St. Ignatius Clinic,nan
PULIDO ENCARNACION,Iligan City Territorials,nan
QUITOS LEONELL,Adventist Iligan Medical Center,nan
REBOSURA ANITA,St. Ignatius Clinic,nan
RED ANA CZARINA,Polymedic Plaza Medical City,nan
REYES SHARMAINE,Polymedic Plaza Medical City,nan
REYES EDEL JOY,Iligan City Territorials,nan
ROCHA ROWENA,Polymedic Plaza Medical City,nan
RODRIGUEZ BEN JOSEPH,FAITH HOSPITAL OZAMIZ CITY,nan
SAAVEDRA SUE,Cagayan de Oro Medical City,nan
SABAL LUIS,Sabal Hospital - CDO,nan
SAID SAIDAMEER,Abdullah Hospital,nan
SAMPORNA AMER HUSSEIN,AMAI PAKPAK MEDICAL CENTER,nan
SANJUAN ERICKSON,St. Ignatius Clinic,nan
SAQUILAYAN MALEN,MADONNA AND CHILD HOSPITAL,nan
SARACHO RACHEL,Polymedic Plaza Medical City,nan
SARIGUMBA MARINO,Ozamis Hospital,nan
SARIGUMBA MONIQUE,FAITH HOSPITAL OZAMIZ CITY,nan
SARITA ANTONIO,MADONNA AND CHILD HOSPITAL,50094.0
SARMIENTO MARK,Cagayan de Oro Medical City,nan
SEDIGO RUBEN,Polymedic Plaza Medical City,nan
SENA ELDEN,Sabal Hospital - CDO,nan
SENA CORONA,Sabal Hospital - CDO,nan
SINGIDAS ROMEO,Misamis University Medical Center,nan
SOTOMIL MARIA RIZZA,Medina General Hospital,nan
SURDILLA ARTURO,Cagayan de Oro Medical City,nan
SY PHILIP DENNIS,OZAMIS TERRITORIAL CLINIC,nan
TALEON MA. JOSEFINA,Polymedic Plaza Medical City,nan
TAMBALO GERALD,Adventist Iligan Medical Center,nan
TAN ARTHUR,Polymedic Medical Hospital Velez CDO,nan
TANCONGCO FAUSTO,Cagayan de Oro Medical City,nan
TARUC NELSON,Sabal Hospital - CDO,nan
TE JOHNSTON,MADONNA AND CHILD HOSPITAL,nan
TE RAMON,Cagayan de Oro Medical City,nan
TRINIO ANGELICA,Adventist Iligan Medical Center,nan
VELASCO MARIEL DIANE,MADONNA AND CHILD HOSPITAL,nan
VELOSO JOSE,CABILI -  Iligan City,nan
VILLARAZA ROLANDO,Polymedic Medical Hospital Velez CDO,nan
WAMILDA JEANNELIE,Iligan City Territorials,nan
WONG MARIE SIGOURNEY,Medina General Hospital,nan
YAP RAMON,Polymedic Plaza Medical City,nan
YU WINGLEAF,Mercy Community Hospital,nan
ZAMORANOS FELIX,CABILI -  Iligan City,nan
ABDULLA ADAMIER,ZAMBOANGA PENINSULA MEDICAL CENTER,122103.0
ABDULMAJID MOHAMMAD KHASIM,MINDANAO CENTRAL SANITARIUM AND GENERAL HOSPITAL,108606.0
ABUTAZIL MICHAEL,CIUDAD MEDICAL ZAMBOANGA,92873.0
ALFONSO RYAN ANDREW,ZAMBOANGA DOCTORS HOSPITAL,124933.0
ALUK ROWINA,WEST METRO PACIFIC MEDICAL CENTER,84400.0
AMIL WALID,M.P. TOWERS HEART LABORATORY,nan
AMPONG JASMIN,HOFELINA HOSPITAL PAGADIAN CITY,nan
ANDALAHAO EDZELLE MARIE,"BRENT HOSPITAL AND COLLEGES, INC.",127443.0
APARECE JENNIFER,FCC INFIRMARRY-ZSP IPIL,nan
APOLINARIO MAE SUSAN,ZAMBOANGA CITY MEDICAL CENTER,94660.0
APOLINARIO DIONISIO,WEST METRO PACIFIC MEDICAL CENTER,nan
AQUINO-ESPALDON ADELLE,CIUDAD MEDICAL ZAMBOANGA,nan
ARCILLA RUBEN,OSPITAL KABATAAN NG DIPOLOG,nan
BADDIRI ABUBAKAR,WEST METRO PACIFIC MEDICAL CENTER,nan
BALIDO MAR-LIZA,ZAMBOANGA PUERICULTURE MATERNITY AND LYING-IN HOSPITAL,nan
BANTILANTE FRANCES,ACE HOSPITAL DIPOLOG,nan
BASIRI SHANDI MAR,ST. VINCENT DIAGNOSTIC AND LABORATORY CENTER,nan
BASTERO SHERWIN,DR. HOFFER MEMORIAL MEDICAL CENTER-ZSP IPIL,nan
BESARES NATHANIEL SAM,WEST METRO PACIFIC MEDICAL CENTER,nan
BISQUERA EDGAR,CIUDAD MEDICAL ZAMBOANGA,203807.0
BISQUERA NICOLE,CIUDAD MEDICAL ZAMBOANGA,nan
BUAC PAVIO,ZAMBOANGA DOCTORS HOSPITAL,nan
CABAHUG SHEENA ROSE,ST. THERESE HOSPITAL OROQUETA,nan
CABATANIA LORELIE ANN,FAITH HOSPITAL OZAMIS,nan
CABATO EDWINA,ZAMBOANGA DOCTORS HOSPITAL,63201.0
CABATO III SALVADOR,WEST METRO PACIFIC MEDICAL CENTER,nan
CAINGLET ARNEL,CIUDAD MEDICAL ZAMBOANGA,nan
CALUNOD JOFREY,CALUNOD MALANGAS MEDICAL CLINIC,nan
CALUNOD FIDES JOAN,OSPITAL KABATAAN NG DIPOLOG,nan
CARBONEL DAVID,SDC CLINIC PAGADIAN CITY,nan
CASTILLO JORGEE PAMELA,CASTILLO MEDICAL CLINIC-ZSP IPIL,nan
CASTRO JUSTINE GERARD,CIUDAD MEDICAL ZAMBOANGA,nan
CATALUNA DIANNE,DC POLYMEDICS-ZSP IPIL,158419.0
CHIO-ANG JESHYA,WEST METRO PACIFIC MEDICAL CENTER,nan
CHIONG LOWE,WEST METRO PACIFIC MEDICAL CENTER,111062.0
CHIONG TERESITA,"SAN JOSE PANIGAYAN STREET, HRT BLDG.",52894.0
CHUA GARY,CIUDAD MEDICAL ZAMBOANGA,83295.0
CORTEZ FRANCIS CHRISTIAN,FAITH HOSPITAL OZAMIS,nan
DAJUELA STEPHANIE,CIUDAD MEDICAL ZAMBOANGA,nan
DECEAR KIMBERLY CHRISTINE,CIUDAD MEDICAL ZAMBOANGA,nan
DIANSUY NASHEERA,WEST METRO PACIFIC MEDICAL CENTER,nan
DIMAANO MARITESS,RACHWELL DIALYIS CENTER PAGADIAN CITY,nan
DOUBLE GENEVIEVE,OSPITAL KABATAAN NG DIPOLOG,nan
ECHAVEZ KATHLEEN,GO FAMILY CLINIC OROQUETA,nan
ELUMBARING ARLENE,SALUG VALLEY HOSPITAL MOLAVE,nan
EMMANUEL MINETTE,CIUDAD MEDICAL ZAMBOANGA,nan
FAUSTINO KERWIN EMIL,CIUDAD MEDICAL ZAMBOANGA,nan
FEBRO RENE JOHN,CIUDAD MEDICAL ZAMBOANGA,nan
GALICIA MAGGIE MAE,AGAPE DIPOLOG CITY,nan
GALLERETA HELEN,OSPITAL KABATAAN NG DIPOLOG,nan
GALO ERIC,ZAMBOANGA DOCTORS HOSPITAL,92457.0
GARCIA PATRICIA,ZAMBOANGA DOCTORS HOSPITAL,nan
GARCIA RENAMAR,PAGADIAN DOCTORS HOSPITAL,nan
GESTOSO FERNANDO,GESTOSO MEDICAL CLINIC-VITALI ZDS,nan
GESTOSO VINCENT EDWARD,GESTOSO MEDICAL CLINIC-VITALI ZDS,nan
GO JOAN,MINDERO HOSPITAL PAGADIAN,nan
GREGORIO-PRESAS AIZA,HOSPITAL DE ZAMBOANGA,nan
GULTIANO HYACINTH,DE VILLA HOSPITAL-ZSP IPIL,nan
HANDUMON JONA,GO MEDICAL CLINIC OZAMIS,nan
HASHIM AL-HABSI,"SAN JOSE PANIGAYAN STREET, HRT BLDG.",nan
HERRERA NOEL,DE VILLA HOSPITAL-ZSP IPIL,nan
HOCSON ORLANDO,WEST METRO PACIFIC MEDICAL CENTER,55650.0
HUMA JARR,CIUDAD MEDICAL ZAMBOANGA,nan
HUSSIN FATIMA  AYESHA,ZAMBOANGA DOCTORS HOSPITAL,nan
IGASAN KARNA,ZAMBOANGA DOCTORS HOSPITAL,nan
IMLAN SAUDE,MINDANAO CENTRAL SANITARIUM AND GENERAL HOSPITAL,125868.0
JALAD DAYANG,CIUDAD MEDICAL ZAMBOANGA,nan
JAMALUL HAZEL JOY,EJS POLMEDICS,84245.0
JAMALUL MARUNSAL,EJS POLMEDICS,nan
JUHAN ABDELNASIEF,ZAMBOANGA DOCTORS HOSPITAL,nan
KALBIT III TATAD,WEST METRO PACIFIC MEDICAL CENTER,89858.0
KARIM MARIZEL,WEST METRO PACIFIC MEDICAL CENTER,99717.0
KARIM AMILBAHAR,CIUDAD MEDICAL ZAMBOANGA,99751.0
KARIM HALIMA,HOSPITAL DE ZAMBOANGA,nan
KINTANAR NOREEN,CIUDAD MEDICAL ZAMBOANGA,117574.0
LABAYOG RYAN JAY,ZAMBOANGA DOCTORS HOSPITAL,nan
LABISIG JESSIE FRANCIS LLYOD,DR. JOSE RIZAL MEMORIAL HOSPITAL,nan
LADJAHON KATRINA,DIAMETH LABORATORY,91021.0
LAURENTE RHIDZ SHAUN,ZAMBOANGA DOCTORS HOSPITAL,nan
LEE MARDEE,CIUDAD MEDICAL ZAMBOANGA,nan
LIGAS FRANKIE,MUMC OZAMIS,nan
LIGAS KATHLOU,LIGAS MEDICAL CLINIC PAGADIAN,nan
LIGUTOM III GAUDENCIO,WEST METRO PACIFIC MEDICAL CENTER,95363.0
LIM KATHERINE,ZAMBOANGA DOCTORS HOSPITAL,nan
LIMSI PHILIP,ACE HOSPITAL DIPOLOG,nan
LOPEZ JR. BENJAMIN,CIUDAD MEDICAL ZAMBOANGA,57628.0
LOQUIAS MARLON,ZAMBOANGA DOCTORS HOSPITAL,112270.0
LU MA. GINA,"SAN JOSE PANIGAYAN STREET, HRT BLDG.",nan
LUCAS ROSS RALPH,WEST METRO PACIFIC MEDICAL CENTER,nan
LUKMAN SHERYL,WEST METRO PACIFIC MEDICAL CENTER,104566.0
LUMASAG VIOLETA,LIMSI MEDICAL CLINIC DIPOLOG,nan
MACROHON SANDY,MINDANAO CENTRAL SANITARIUM AND GENERAL HOSPITAL,nan
MADERASO ANARICA,MOPH OROQUETA CITY,nan
MALA PRINCESS JASMINE,WEST METRO PACIFIC MEDICAL CENTER,nan
MALINIS MARIE,MEDINA HOSPITAL OZAMIS,nan
MANAHAN JOSHUA,ZAMBOANGA PENINSULA MEDICAL CENTER,nan
MARIANO CYNTHIA,WEST METRO PACIFIC MEDICAL CENTER,94194.0
MAXINO MARITESS,"BRENT HOSPITAL AND COLLEGES, INC.",nan
MIRANDA DONALD,MALINIS MEDICAL CLINIC OZAMIS,nan
MOHAMMAD ABDEL-TAZER,"BRENT HOSPITAL AND COLLEGES, INC.",nan
MOHAMMAD WAZEER,ZAMBOANGA DOCTORS HOSPITAL,nan
MOHAMMADSALI SHIRLEY,WEST METRO PACIFIC MEDICAL CENTER,67707.0
MOPON MARIO,LDMC DIPOLOG CITY,nan
MORALES JOBI,MOPON MEDICAL CLINIC DIPOLOG,nan
MUKARAM BANISADAR,CIUDAD MEDICAL ZAMBOANGA,nan
NASIAD EDUARDO,BLANCIA HOSPITAL,nan
NICOLAS ANA LIZA,DR. JOSE RIZAL MEMORIAL HOSPITAL,nan
NOCUM GERALD,R.T. LIM FAMILY HOSPITAL CO.-ZSP IPIL,nan
ORTIZ REYNALDO,AISAH MEDICAL HOSPITAL PAGADIAN CITY,nan
PABER JERNE KAZ NIELS,ZAMBOANGA DOCTORS HOSPITAL,nan
PADUA BENEDICT,ZAMBOANGA DOCTORS HOSPITAL,106906.0
PAGLINAWAN OBRIZ,ORTIZ MEDICAL CLINIC DIPOLOG,nan
PAJES NICO NAHAR,OBRIZ MEDICAL CLINIC OZAMIS CITY,nan
PANG ALEX,CIUDAD MEDICAL ZAMBOANGA,107552.0
PARAWAN JARNA,WEST METRO PACIFIC MEDICAL CENTER,101441.0
PASCUAL JAYPEE,OSPITAL KABATAAN NG DIPOLOG,nan
PEPITO SANTINO MIGUEL,SDC CLINIC PAGADIAN CITY,nan
POBLETE AMALIA,MINDANAO CENTRAL SANITARIUM AND GENERAL HOSPITAL,nan
POLOYAPOY RAINER,FAITH HOSPITAL OZAMIS,nan
RUSTE JULIET,ZAMBOANGA PUERICULTURE MATERNITY AND LYING-IN HOSPITAL,62936.0
SABELINA MANSUETA,ZAMBOANGA DOCTORS HOSPITAL,nan
SAGUIN VERA JOY,ACE HOSPITAL DIPOLOG,nan
SAHI SAID,DE VILLA HOSPITAL-ZSP IPIL,nan
SALE JOAN,DR. HOFFER MEMORIAL MEDICAL CENTER-ZSP IPIL,nan
SANTIAGO KENNETH MARIE,WEST METRO PACIFIC MEDICAL CENTER,112202.0
SANTOS ADRIAN,WEST METRO PACIFIC MEDICAL CENTER,nan
SANTOS JANE,WEST METRO PACIFIC MEDICAL CENTER,46021.0
SANTOS JENNIFER,WEST METRO PACIFIC MEDICAL CENTER,nan
SARAPPUDIN-TAHIL SHADRINA,DIAMETH LABORATORY,nan
SARIGUMBA MARION,FAITH HOSPITAL OZAMIS,nan
SORIA ARIZZA KRYSSAN,WEST METRO PACIFIC MEDICAL CENTER,nan
SORIANO LUCILLA,CIUDAD MEDICAL ZAMBOANGA,nan
SUPNET-BANTALA KRISTINE,"SAN JOSE PANIGAYAN STREET, HRT BLDG.",102483.0
TAHIL AIZA MERIAM,ZAMBOANGA DOCTORS HOSPITAL,nan
TAHIR SITTI SHALIMAR,MINDANAO CENTRAL SANITARIUM AND GENERAL HOSPITAL,nan
TAM REYNIE,CIUDAD MEDICAL ZAMBOANGA,75043.0
TAN CHRIZEL,ZAMBOANGA DOCTORS HOSPITAL,nan
TAN GERARD IAN,FAITH HOSPITAL OZAMIS,nan
TAWAGON VAN LINUS,OSPITAL KABATAAN NG DIPOLOG,nan
TEUS MERY ANN,AGAPE DIPOLOG CITY,nan
TINGKAHAN SARAH LAIDA,CIUDAD MEDICAL ZAMBOANGA,123825.0
TINGKAHAN MOAMMAR,ZAMBOANGA PUERICULTURE MATERNITY AND LYING-IN HOSPITAL,nan
TIU FATMA,ZAMBOANGA DOCTORS HOSPITAL,nan
TIU JESSIE,TAN MEDICAL CLINIC OROQUETA,nan
TORREFRANCA MA. JEASA,WEST METRO PACIFIC MEDICAL CENTER,nan
TRINIDAD-ABALON MARGARITA,ZAMBOANGA DOCTORS HOSPITAL,86227.0
TUBIO LESLIE ANN,ZAMBOANGA PUERICULTURE MATERNITY AND LYING-IN HOSPITAL,nan
ULANGHUTAN AMELYN,ZAMBOANGA DOCTORS HOSPITAL,103614.0
USAB AL SAUDE MOHAMMAD,WEST METRO PACIFIC MEDICAL CENTER,nan
USMAN JAMASALI,CIUDAD MEDICAL ZAMBOANGA,70029.0
USMAN DELMA CATHY,PRIMECARE LABORATORY AND  DIAGNOSTIC CENTER,82880.0
USMAN TRISHIA,CIUDAD MEDICAL ZAMBOANGA,nan
USMAN PAULA,CIUDAD MEDICAL ZAMBOANGA,nan
UY PAUL RASHID,WEST METRO PACIFIC MEDICAL CENTER,nan
UY MARY ANGELIQUE,ZAMBOANGA DOCTORS HOSPITAL,nan
VALLEROS MARICHELLE,ZAMBOANGA DOCTORS HOSPITAL,nan
VILLAROSA YVONNE,HOFELINA HOSPITAL PAGADIAN CITY,nan
VILLEGAS COOKIE PIE,ACE HOSPITAL DIPOLOG,nan
WONG  MARIE SIGOURNEY,VILLEGAS MEDICAL CLINIC DIPOLOG,nan
YAP LIZA,MEDINA HOSPITAL OZAMIS,nan
YAP JR. DANNY,ZAMBOANGA DOCTORS HOSPITAL,106195.0
YCAZA MARK PHILIP,ZAMBOANGA DOCTORS HOSPITAL,16874.0
YECYECAN CHRISTINE,ZAMBOANGA DOCTORS HOSPITAL,nan
YEO ELEONOR,WEST METRO PACIFIC MEDICAL CENTER,nan
ZERUDO ROSE PORTIA,OSPITAL KABATAAN NG DIPOLOG,nan
ACEBUQUE GERAMIE,CAMARIN DOCTORS HOSPITAL,nan
ADAMOS EMMYLOU,CAMARIN DOCTORS HOSPITAL,nan
AGUINALDO ESTHER,NOVALICHES TERRITORIALS,nan
AH PAMELA,FEU-NRMF,nan
ALAN PICHY ANN,BERNARDINO HOSPITAL 2,nan
ALCANTARA MICCA,FEU-NRMF,nan
ALFEROS MAELLEN GRACE,FEU-NRMF,nan
AMORES MERCIVINIA,M.G. AMORES MEDICAL CLINIC,nan
AQUINO ANGELO,BAGONG SILANG TERRITORIALS,nan
AQUINO RUEL,THE MEDICAL CITY- FAIRVIEW,nan
AYUYAO FERNANDO,FEU-NRMF,nan
BACOLOR JENNIFER,BAGONG SILANG TERRITORIALS,nan
BACOLOR LYNMAN,BAGONG SILANG TERRITORIALS,nan
BALBIDO JULIUS,THE MEDICAL CITY- FAIRVIEW,nan
BAUTISTA BERNADETTE,BAUTISTA CLINIC,nan
BAUTISTA MICHAEL,HOUSE OF REPRESENTATIVE,0.0
BERMUDEZ GHERALD,FEU-NRMF,nan
BERMUDEZ CHRISTOPHER,COMMONWEALTH HOSPITAL AND MEDICAL CENTER,0.0
BOGNOT HERMINIO CIRILO,BERNARDINO HOSPITAL 2,nan
CABADING IAN HENRICK,CAMARIN DOCTORS HOSPITAL,nan
CABASAN GINGER,FEU-NRMF,nan
CABAZOR JOSE BENEDICTO,THE MEDICAL CITY- FAIRVIEW,nan
CADIENTE MARY JANE,CAMARIN DOCTORS HOSPITAL,nan
CAMAGAY PRECY,NOVALICHES TERRITORIALS,nan
CAPINPIN CECILE,FEU-NRMF,nan
CASTILLO MYLA,CAMARIN DOCTORS HOSPITAL,nan
CASTILLO ROXANNE,CAMARIN DOCTORS HOSPITAL,nan
CAYETANO KARLO,COMMISSION ON AUDIT,nan
CAYETANO ETHYL,HOUSE OF REPRESENTATIVE,0.0
CIMACIO MARIA DERLYN,BAUTISTA CLINIC,nan
CORONEL MARY CLARE,FEU-NRMF,nan
CORRALES FLORO,PAYATAS TERRITORIALS,nan
DACANAY JESSAMINE,FEU-NRMF,nan
DELOS REYES-MARCELLANO RACHELL MARIE,CAMARIN DOCTORS HOSPITAL,nan
DEVEZA DANILO,FEU-NRMF,nan
DIZON MARIFI,COMMISSION ON AUDIT,nan
DOMINGO POLLY,CAMARIN DOCTORS HOSPITAL,nan
DOMINGO MARIO,CAMARIN DOCTORS HOSPITAL,nan
DURAN SAMUEL,FEU-NRMF,0.0
ECHEVERRI JOCELYN,CAMARIN DOCTORS HOSPITAL,nan
ESTACIO NIMFA,NPRE MEDICAL CLINIC,nan
ESTEPA LILYBELL VICTORIA,CAMARIN DOCTORS HOSPITAL,nan
EVANGELISTA RYAN,BERNARDINO HOSPITAL 2,nan
FLORENDO ELI,COMMONWEALTH HOSPITAL AND MEDICAL CENTER,nan
FLORES JAMES ALBERT,FEU-NRMF,nan
FUGUIAO ROGELIO JR,NPRE MEDICAL CLINIC,nan
GALDONES MARIAN,FEU-NRMF,nan
GARCIA MA. ANA,THE MEDICAL CITY- FAIRVIEW,nan
GARCIA GERALDINE,HOUSE OF REPRESENTATIVE,0.0
GONZALES ARISSA,CAMARIN DOCTORS HOSPITAL,nan
INTING- REYES ALETA HOPE,THE MEDICAL CITY- FAIRVIEW,nan
JASARENO RHODORA,WESTVIEW,nan
LICOP DEANA,BAUTISTA CLINIC,nan
LOPEZ JONATHAN,FEU-NRMF,nan
LUANSING CHARLENE,BERNARDINO HOSPITAL 2,nan
MAGLALANG ALLEN VINCENT,CAMARIN DOCTORS HOSPITAL,nan
MAGPANTAY FATIMA,CAMARIN DOCTORS HOSPITAL,nan
MALILAY - DERONA ARLENE,THE MEDICAL CITY- FAIRVIEW,nan
MALLILLIN MARY JANE,FEU-NRMF,nan
MANALO  JOYCE,FEU-NRMF,nan
MANERA - CHUA SHIRLEY,CAMARIN DOCTORS HOSPITAL,nan
MANINGAS ROGELITO DON,FEU-NRMF,nan
MARASIGAN ELFINA,FEU-NRMF,nan
MARTIN MA. GUIA,THE MEDICAL CITY- FAIRVIEW,nan
MEDEL IDA,BAGONG SILANG TERRITORIALS,nan
MEDEL SHARMAINE,BAGONG SILANG TERRITORIALS,nan
MEDINA NIMFA,THE MEDICAL CITY- FAIRVIEW,nan
MONTOJO MAYSHARA,CAMARIN DOCTORS HOSPITAL,nan
MUECA CARLOTTA,FEU-NRMF,0.0
NAPOLEON CECILIO,CAMARIN DOCTORS HOSPITAL,nan
NERON-EVANGELISTA NEMMA,CAMARIN DOCTORS HOSPITAL,nan
PALUGOD MELISSA,GAMMA CARE MEDICAL SERVICES INC.,nan
PEIG ARLENE,FEU-NRMF,nan
QUIZON LENDRY,THE MEDICAL CITY- FAIRVIEW,nan
RAMOS MARK JEREMY,FEU-NRMF,nan
RAMOS JULES,CAMARIN DOCTORS HOSPITAL,nan
RAYOS DANIEL CHRISTOPHER,CAMARIN DOCTORS HOSPITAL,nan
REALCE TRISTAN OLIVER,NPRE MEDICAL CLINIC,nan
REFUERZO FRANCIS,BERNARDINO HOSPITAL 2,nan
REYES REGINA,FEU-NRMF,nan
RIZALINE LAGMAN,HOUSE OF REPRESENTATIVE,0.0
SABINIANO KATHLEEN,THE MEDICAL CITY- FAIRVIEW,nan
SABTULA AL-NAZAR,CAMARIN DOCTORS HOSPITAL,nan
SAMPIOR  GILIW,GAMMA CARE MEDICAL SERVICES INC.,nan
SANCHEZ JENNILYN,FEU-NRMF,nan
SERMONIA ANTHONY,PAYATAS TERRITORIALS,nan
SIA JR. ANTONIO,FEU-NRMF,nan
SOMBRETO AARON,WESTVIEW,nan
TAGUBA CHRISTOPHER,THE MEDICAL CITY- FAIRVIEW,nan
TAMAYO- GARCIA MARY GRACE,CAMARIN DOCTORS HOSPITAL,nan
TANTENGCO VENERANDO,NOVA DECI,nan
TERAN CHRISTINE TRACY,CAMARIN DOCTORS HOSPITAL,nan
TOLENTINO ARNEL,THE MEDICAL CITY- FAIRVIEW,nan
TUBLE GENEVIEVE,CAMARIN DOCTORS HOSPITAL,nan
VALDEZ JONATHAN,COMMISSION ON AUDIT,nan
VALENCIA VINCENT,HOUSE OF REPRESENTATIVE,0.0
VELASQUEZ EMMA,NOVALICHES TERRITORIALS,nan
VENCIO MELINDA,FEU-NRMF,nan
YULO JUDY ANNE,BAUTISTA CLINIC,nan
ZABAT GELZA MAE,CAMARIN DOCTORS HOSPITAL,nan
ZALES MA. TRINIDAD JULIEX,BERNARDINO HOSPITAL 2,nan
ABIERRAS IANNA COREEN,CAPITOL MEDICAL CENTER,nan
ACOSTA KATHERINE,J.P SIOSON GEN.HOSPITAL,nan
ADIAZ TWINKLE,TMC - North Edsa Annex,nan
ADORABLE MARISOL,QUEZON CITY GENERAL HOSPITAL,nan
ADRAYAN RUZZELLE,QUEZON CITY GENERAL HOSPITAL,nan
AFRICA JOHN KYNE EDRIC,CAPITOL MEDICAL CENTER,nan
AGBAYANI SHALIMAR,KAISER MEDICAL CENTER,nan
AGUILAR SHARMAINE,QUEZON CITY GENERAL HOSPITAL,nan
ALAINE  CAROLINO CHER,HEALTHRIGHT INC,nan
ALIH DANAH ZORAYDALYN,HEALTHWAY,nan
ALOG ANA KATRINA,CAPITOL MEDICAL CENTER,nan
AMISOLA ALEXIS MA. BIANCA,MY HEALTH CLINIC,nan
ANCHETA JESUS,AVENTUS,nan
APELIN VINCENT,HEALTHWAY,nan
ARANZA JOSEPH,VETERANS MEMORIAL MEDICAL CENTER,nan
ARREFAH ADIONG,J.P SIOSON GEN.HOSPITAL,nan
ATABUG HAROLD ELEPANO,CAPITOL MEDICAL CENTER,nan
ATIENZA KEVIN PATRICK,CAPITOL MEDICAL CENTER,nan
BAGO AZARES,J.P SIOSON GEN.HOSPITAL,nan
BALANSAG JOANNE,QUEZON CITY GENERAL HOSPITAL,nan
BARONA JOSEPHINE,PHILIPPINE KIDNEY DIALYSIS FOUNDATION,nan
BAUTISTA ADRIENNE BEATRICE,CAPITOL MEDICAL CENTER,nan
BAUTISTA CORINNE AIMEE,CAPITOL MEDICAL CENTER,nan
BENITEZ ALVIN,QUEZON CITY GENERAL HOSPITAL,nan
BORROMEO BEA,QUEZON CITY GENERAL HOSPITAL,nan
BOTAS ELIEZAR,QUEZON CITY GENERAL HOSPITAL,nan
BUNO JOHN GREGORY,QUEZON CITY GENERAL HOSPITAL,nan
BUNYI MA. LOURDES,HEALTHWAY,58680.0
CABASAG FRANCESCA,MY HEALTH CLINIC,nan
CABRERA CARMEN CARINA,HEALTHRIGHT INC,nan
CABRERA CARMEN CARINA,J.P SIOSON GEN.HOSPITAL,nan
CAJUCOM VANESSA,VETERANS MEMORIAL MEDICAL CENTER,nan
CALMA PAULO,CAPITOL MEDICAL CENTER,nan
CAMPUED VENANCIO,TANDANG SORA,nan
CAPACIO CHLOE,AVENTUS,nan
CAPARAS OLIVIA,TALIPAPA,nan
CASIGURAN VIOLETTA,FRISCO,nan
CASTILLO LENNIE,J.P SIOSON GEN.HOSPITAL,nan
CASTRO JUSTIN,VETERANS MEMORIAL MEDICAL CENTER,nan
CHICO JOSELITO,Pacific Global Medical Center,nan
CHUA ANNETTE,CAPITOL MEDICAL CENTER,nan
CHUNG PHILIPPE RYAN,TMC - FISHERMALL +,nan
CRUZ ROMA ELAINE,CAPITOL MEDICAL CENTER,nan
CUA MAGIELYN,VETERANS MEMORIAL MEDICAL CENTER,nan
CUDEL ABIGGAEL,HEALTHWAY,nan
DE GUZMAN ROMEO,QUEZON CITY GENERAL HOSPITAL,nan
DE JESUS KENNETH,QUEZON CITY GENERAL HOSPITAL,nan
DE LEON GABRIEL,CAPITOL MEDICAL CENTER,11902.0
DE LEON  EDWIN,JESUS DELGADO MEMORIAL MEDICAL CENTER,nan
DE LEON KATRINA,VETERANS MEMORIAL MEDICAL CENTER,nan
DEL CARMEN ANNE MARIE CHRISTINE,CAPITOL MEDICAL CENTER,nan
DEL ROSARIO PAZ MADRID,KAMUNING +,nan
DEL ROSARIO  GENESIS,CAPITOL MEDICAL CENTER,nan
DELA CRUZ THERESA,TALIPAPA,nan
DELA CRUZ ROLAND,Pacific Global Medical Center,nan
DELA PAZ CECILLE,J.P SIOSON GEN.HOSPITAL,nan
DELA PAZ CECILLE,Pacific Global Medical Center,nan
DELOS REYES MA. KRISTINA,FRISCO,nan
DELOS SANTOS JEFFREY,TMC - FISHERMALL +,nan
DIONISIO PAMELA,TMC - FISHERMALL +,nan
DIPASUPIL KATHERINA,CAPITOL MEDICAL CENTER,nan
DIUCO PHILIP,TALIPAPA,nan
DOBLES MARIANE,FRISCO,nan
DOMINGO CANDICE,KAISER MEDICAL CENTER,nan
DOMINGO  IAN JOSEPH,CAPITOL MEDICAL CENTER,nan
DOMINGO  PAZ INES,CAPITOL MEDICAL CENTER,nan
DUCABO MELISSA,TMC - North Edsa Annex,nan
DUENAS JOHN,FRISCO,nan
DUGENIA ARDEE,CAPITOL MEDICAL CENTER,nan
DULAY PATRICK ROSS,AVENTUS,nan
DUMLAO JIMMY,FRISCO,47109.0
DUQUE MARIA SOCORRO,CAPITOL MEDICAL CENTER,nan
EBANEZ CLARIZA,QUEZON CITY GENERAL HOSPITAL,nan
ERUM CHERRIE KAYE,VETERANS MEMORIAL MEDICAL CENTER,nan
ESTEPA LOULLA,TALIPAPA,nan
ESTEPA VICTORIO,TALIPAPA,nan
ESTEPA LILYBELL VICTORIA,TALIPAPA,nan
EVANGELISTA MELITON,TMC - FISHERMALL +,nan
FERMIN  KATHLEEN,CAPITOL MEDICAL CENTER,nan
FIGUERAS RENE,AVENTUS,nan
FLOREN KAREN GAIL,JESUS DELGADO MEMORIAL MEDICAL CENTER,nan
FRANCISCO ARLENE,TALIPAPA,nan
FRESNOZA JACQUILINE,QUEZON CITY GENERAL HOSPITAL,nan
GABRIEL FREDERICK,HEALTHWAY,nan
GAMBOA DOMINA,QUEZON CITY GENERAL HOSPITAL,nan
GARCIA MARY JANE,TANDANG SORA,nan
GARCIA MA. ANA GARCIA,HEALTHWAY,nan
GARCIA GAVIN,CAPITOL MEDICAL CENTER,nan
GIANAN PEARL,HEALTHRIGHT INC,nan
GO JEREMY,CAPITOL MEDICAL CENTER,nan
GOMEZ MARIA HONOLINA,CAPITOL MEDICAL CENTER,nan
GOMEZ NEIL,MY HEALTH CLINIC,nan
GONDRANIOS LLOYD,CAPITOL MEDICAL CENTER,nan
GONZALES IRISH,KAISER MEDICAL CENTER,nan
GOY  GERTRUDE,FRISCO,81217.0
GUTTIEREZ VICTORIA,CAPITOL MEDICAL CENTER,nan
HARDIN MARY ROSE,CAPITOL MEDICAL CENTER,nan
HERNANDEZ HERNESSA,KAISER MEDICAL CENTER,nan
HILARIO MA. LOURDES CANARE,CAPITOL MEDICAL CENTER,nan
INDUCTIVO ARRA ARMINA,CAPITOL MEDICAL CENTER,nan
INES PAUL,CAPITOL MEDICAL CENTER,nan
JACOB GALE CAMILLE,CAPITOL MEDICAL CENTER,nan
JAMIAS JAN ABIGAIL,CAPITOL MEDICAL CENTER,nan
JAMIAS MARYANN,CAPITOL MEDICAL CENTER,nan
LACSAMANA ROSELLA,HEALTHWAY,nan
LACSON IVAN,MY HEALTH CLINIC,nan
LANSANG SEAN JOSE,CAPITOL MEDICAL CENTER,nan
LIPAYON DANIEL,HEALTHWAY,nan
LLANERA LESLIE,TMC - FISHERMALL +,nan
LOPEZ ALEYA,QUEZON CITY GENERAL HOSPITAL,nan
LUMABAN KARLA CHRISTINA,CAPITOL MEDICAL CENTER,nan
LUNA ERLINDA,ROXAS DISTRICT,51204.0
MACAPUGAY LEORA FLOR,HEALTHRIGHT INC,nan
MALIBIRAN HENRY,FRISCO,nan
MALLARI AIHRELL LAINE,HEALTHRIGHT INC,nan
MANCOL MARIA ELAINE,HEALTHWAY,nan
MANDAP JONA MARIA,METRO NORTH,nan
MANGAHAS MARGARITA YSABEL,CAPITOL MEDICAL CENTER,nan
MARCIANO MANOLITO,Ace Hospital,nan
MATEO SUSAN,VETERANS MEMORIAL MEDICAL CENTER,nan
MATULAC JOSE,FRISCO,47506.0
MEDINA ALAN,KAMUNING +,nan
MENDOZA ARMELLE,QUEZON CITY GENERAL HOSPITAL,nan
MENDOZA MARISA,CAPITOL MEDICAL CENTER,nan
MIRANDA RICARDO,MY HEALTH CLINIC,nan
MISSION HENLEN MAE,VETERANS MEMORIAL MEDICAL CENTER,nan
MODESTO BRANDON,QUEZON CITY GENERAL HOSPITAL,nan
MONCADA ROMEDEE,QUEZON CITY GENERAL HOSPITAL,nan
MONSALUD ARLENE,AVENTUS,nan
MONTENEGRO REGINA,VETERANS MEMORIAL MEDICAL CENTER,nan
MUNOZ ANGELO MIGUEL,QUEZON CITY GENERAL HOSPITAL,nan
NERY NAIKKO,KAISER MEDICAL CENTER,nan
NG JENNIFER LOURDES,HEALTHWAY,nan
NGO-LEONEN JUNE,VETERANS MEMORIAL MEDICAL CENTER,nan
NIETO JOY,QUEZON CITY GENERAL HOSPITAL,nan
NIEVA STANLEE,Ace Hospital,nan
NONIFARA ANA MARIA,HEALTHWAY,nan
NONIFARA JESTYN,MY HEALTH CLINIC,nan
NUNEZ EDZCEL,QUEZON CITY GENERAL HOSPITAL,nan
OBISPO ALEJANDRIA,HEALTHRIGHT INC,nan
ONG CELESTE,HEALTHWAY,nan
ORDONEZ JEFF,QUEZON CITY GENERAL HOSPITAL,nan
ORTIGUERO EARVIN JAMES,QUEZON CITY GENERAL HOSPITAL,nan
ORTIZ  ELVIN JR,CAPITOL MEDICAL CENTER,nan
PAAS RENZ,CAPITOL MEDICAL CENTER,nan
PADILLA RUFINO,DELOS SANTOS MEDICAL CENTER,nan
PAJELA GEROMME LORENZ,QUEZON CITY GENERAL HOSPITAL,nan
PARRENO MANUELA,PHILIPPINE KIDNEY DIALYSIS FOUNDATION,nan
PASCUA EDWIN,HEALTHRIGHT INC,nan
PATAWARAN MARGIE,FRISCO,nan
PATTAGUAN KATRINA,VETERANS MEMORIAL MEDICAL CENTER,nan
PERALTA ESTHER,FRISCO,nan
PEREZ CELONA ALYANNA,QUEZON CITY GENERAL HOSPITAL,nan
PERNIA MARION,QUEZON CITY GENERAL HOSPITAL,nan
PICHAY ETHELYN,TMC - North Edsa Annex,nan
PLAMERAS GERTIE MAY,Pacific Global Medical Center,nan
PLUCKEBAUM MA. JENNIFER,QUEZON CITY GENERAL HOSPITAL,nan
PONFERRADO MARK ANGELO,QUEZON CITY GENERAL HOSPITAL,nan
PUNZALAN CHARITY,AVENTUS,nan
QUIAMBAO CEZAR,CAPITOL MEDICAL CENTER,nan
QUIAMCO ELTON,CAPITOL MEDICAL CENTER,nan
QUIOGUE VERGEL,CAPITOL MEDICAL CENTER,nan
RAMIREZ DANNY,JESUS DELGADO MEMORIAL MEDICAL CENTER,nan
RAMOS KEVIN,TMC - North Edsa Annex,nan
RASA THERESA GRACE,QUEZON CITY GENERAL HOSPITAL,nan
REMOROZA WILHELMINA,CAPITOL MEDICAL CENTER,nan
RENDON SONNETH ANNE,CAPITOL MEDICAL CENTER,nan
REYES PATRICK ERLO,QUEZON CITY GENERAL HOSPITAL,nan
REYNANTE PRINCESS REGINE,CAPITOL MEDICAL CENTER,nan
RIRAO LOUBELLE,CAPITOL MEDICAL CENTER,nan
RIVERA TWINKIE MARICE,CAPITOL MEDICAL CENTER,nan
ROLEDA ARLEEN LOUISE,QUEZON CITY GENERAL HOSPITAL,nan
ROSAL MARYLOU,ROXAS DISTRICT,97377.0
ROSTRATA MYRR KEA,CAPITOL MEDICAL CENTER,nan
ROTAIRO EDGAR,QUEZON CITY GENERAL HOSPITAL,nan
SABANGAN JOEL,METRO NORTH,nan
SABINIANO KATHLEEN,HEALTHWAY,95241.0
SALAZAR JED RYAN,CAPITOL MEDICAL CENTER,nan
SALCEDO TIMOTHY,CAPITOL MEDICAL CENTER,nan
SALVADOR ABIGAIL,QUEZON CITY GENERAL HOSPITAL,nan
SAMANTELA ALMA,ROXAS DISTRICT,nan
SAMARITA MA. ESTHER,QUEZON CITY GENERAL HOSPITAL,nan
SAMONTE PRECIOUS,J.P SIOSON GEN.HOSPITAL,nan
SANCHEZ JEANNE LOU,TANDANG SORA,nan
SANTARINA JULIANNE ROSE,CAPITOL MEDICAL CENTER,nan
SANTOS RONALD,HEALTHWAY,nan
SARMIENTO MARY JANE,HEALTHWAY,nan
SEBASTIAN ANTONIO,KAMUNING +,nan
SEBASTIAN KEREN MARIE,CAPITOL MEDICAL CENTER,nan
SENGSON ALTHEA LOURESE,CAPITOL MEDICAL CENTER,nan
SICAT MARIA THERESA,Pacific Global Medical Center,nan
STA ISABEL MARYANNE GRACE,QUEZON CITY GENERAL HOSPITAL,nan
SUMILONG ROMMEL PAOLO,J.P SIOSON GEN.HOSPITAL,nan
TAMAYO JORIZA KRISTEL,QUEZON CITY GENERAL HOSPITAL,nan
TAN KATHERINE,HEALTHWAY,nan
TANG  IRENE,HEALTHWAY,nan
TAPANG CLARIZZE FRANCESCA,HEALTHWAY,nan
TEJADA MICHEL KATRINA,VETERANS MEMORIAL MEDICAL CENTER,nan
TEJADA MARC LERRY,Delo Santos Hospital,nan
TEMPORAL JENNIFER,QUEZON CITY GENERAL HOSPITAL,nan
TIRADO ANNAH SHEMEI,QUEZON CITY GENERAL HOSPITAL,nan
TOLENTINO CARL,TMC - North Edsa Annex,nan
TOLENTINO CARLOS,TANDANG SORA,nan
TOLENTINO MICHAELA,Delo Santos Hospital,nan
TONGSON RALYMAR,Pacific Global Medical Center,nan
TORIO ROLIJUN,AVENTUS,nan
TORIO JULIEN,CAPITOL MEDICAL CENTER,nan
TORRADO MICHELLE ANN,VETERANS MEMORIAL MEDICAL CENTER,nan
UY RYAN,TMC - FISHERMALL +,nan
UY PRINCESS ELLANE,QUEZON CITY GENERAL HOSPITAL,nan
UY ANGELI,VETERANS MEMORIAL MEDICAL CENTER,nan
VALDEZ RICA,VETERANS MEMORIAL MEDICAL CENTER,nan
VALDEZ MARIAM JOANNA,HEALTHRIGHT INC,nan
VALILA MIA CASSANDRA,QUEZON CITY GENERAL HOSPITAL,nan
VELASQUEZ JONALYN,QUEZON CITY GENERAL HOSPITAL,nan
VENTURA MIKHAELA,HEALTHRIGHT INC,nan
VERIDIANO AIMEE,TMC - FISHERMALL +,nan
VICENCIO ROBERT,METRO NORTH,nan
VICENTE FREDRICK,HEALTHWAY,nan
VILLANUEVA JAMES,PHILIPPINE KIDNEY DIALYSIS FOUNDATION,nan
VILLAPANDO ANGELO,HEALTHWAY,nan
VILLARETE RAOUL,HEALTHWAY,nan
VIVAR ANGELINE,QUEZON CITY GENERAL HOSPITAL,nan
WU YNCHUN,MY HEALTH CLINIC,nan
YAP KRIZIA CAMILLE,HEALTHRIGHT INC,nan
ZIPAGAN WINNIE REY,HEALTHRIGHT INC,nan
ZUNIGA YASMIN,HEALTHWAY,nan
ABONAL ABIGAIL,"BICOL CARDIO DIAGNOSTIC COOP, NG CITY-B4SD205",nan
ALMELOR FRANCIS,"PLAZA MEDICA, NAGA CITY",nan
ANTONIO JR. CELSO,"NILO ROA HOSPITAL, NAGA CITY-B4SD205",nan
BACSAIN KAREN IVY,"MOTHER SETON HOSP, NAGA CITY",nan
BALATAN FRANCIA,"MOTHER SETON HOSP, NAGA CITY-B4SD205",nan
BALDON PAMELA,CADLAN PILI CAM. SUR,nan
BARCE JERUSA,"BARCES CLINIC, IRIGA CITY-B4SD205",nan
BARRAMEDA LARA MEA,"ST. CAMILLUS  CLINIC, NAGA CITY",nan
BARRION DELFIN,"BICOL CARDIO DIAGNOSTIC COOP, NG CITY-B4SD205",nan
BASCUNA ROSITO,"BASCUNA CLINIC, PILI CAM SUR-B4SD205",nan
BASCUNA JR ROSITO,"BICOL MEDICAL CENTER, NAGA CITY",nan
BELLECA WILBUR,"ST. LOUISE HOSPITAL, NAGA CITY-B4SD205",nan
BELMONTE CHONA,"MESIRICORDIA ST,NAGA CITY-B4SD205",nan
BELMONTE CARLO ALPHONSO,"MESIRICORDIA ST,NAGA CITY",nan
BELTRAN JEANIE ALLEN MARIE,"Borja-Fernando Building. Grandva;e 2, San Felipe Naga City",nan
BOMBASE MARY GRACE,"BICOL CARDIO DIAGNOSTIC COOP, NG CITY-B4SD205",nan
BONACUA NARCISA,"NILO ROA HOSPITAL, NAGA CITY-B4SD205",nan
BONGON JOSEPH,"MOTHER SETON HOSP, NAGA CITY-B4SD205",nan
BONOS JOSEPHINE,"ST. LOUISE HOSPITAL, NAGA CITY",nan
BORJA JERRIZA,"MOTHER SETON HOSP, NAGA CITY",nan
BUERANO EDITHA,LOURDES HOSPITAL-DAET CAMARINES NORTE,nan
CABAUATAN BELINDA,"ST.LOUISE CENTER, NAGA CITY-B4SD205",nan
CACERES RAMON,"PLAZA MEDICA, NAGA CITY-B4SD205",nan
CALAOAGAN EUGENE,GOA CAMARINES SUR,nan
CAMPITA MELINDA,"ST. LOUISE HOSPITAL, NAGA CITY-B4SD205",nan
CANDIDO GENE,"NILO ROA HOSPITAL, NAGA CITY-B4SD205",nan
CARESOSA REYNALDO,"NAGA CITY HOSPITAL,NAGA CITY-B4SD205",nan
CARLOS GIOVANNI,LOURDES HOSPITAL-DAET CAMARINES NORTE,nan
CATANGUI JOSEFINO,"LOURDES HOSPITAL, IRIGA CITY-B4SD205",nan
CERENO PEDRO DENNIS,"CERENO CLINIC, PILI CAM SUR-B4SD205",nan
CEVALLOS RHODERICK,"BICOL CARDIO DIAGNOSTIC COOP, NG CITY-B4SD205",nan
CHAVEZ RUBEN,"BICOL CARDIO DIAGNOSTIC COOP, NG CITY-B4SD205",nan
CHAVEZ KARL JOSEPH,"MOTHER SETON HOSP, NAGA CITY",nan
CHICO EDNA,"MOTHER SETON HOSP, NAGA CITY",nan
CLAVERIA JAMES RAPHAEL,"ST. CAMILLUS  CLINIC, NAGA CITY",nan
CO SORIANO JULIUS,"BICOL CARDIO DIAGNOSTIC COOP, NG CITY-B4SD205",nan
CORTERO JOSEPH,"NAGA CITY HOSPITAL,NAGA CITY",nan
CORTEZ ANA NOEL,CADLAN PILI CAM. SUR-B4SD205,nan
CRESENCIO JAY VINCENT,"ST. CAMILLUS  CLINIC, NAGA CITY",nan
CRESENCIO EFREN,"CRESENCIO CLINIC, IRIGA CITY-B4SD205",nan
DE JESUS RONALDO,LOURDES HOSPITAL-DAET CAMARINES NORTE,nan
DE LIMA DUNCAN,"ST. LOUISE HOSPITAL, NAGA CITY",nan
DELA CRUZ EDWIN,CADLAN PILI CAM. SUR-B4SD205,nan
DELOS REYES FE,"MOTHER SETON HOSP, NAGA CITY-B4SD205",nan
DIAZ GREG,"MOTHER SETON HOSP, NAGA CITY",nan
ELEANOR SHERLYN,LOURDES HOSPITAL-DAET CAMARINES NORTE,nan
ELGAR MA. EULALIA,"NATIONAL HIGHWAY, NABUA CAM SUR-B4SD205",nan
ESCANDOR  JAN KARLA,"SOCIAL SECURITY SYSTEM, NAGA CITY-B4SD205",nan
ESCUADRA IMELDA,MAGSAYSAY  NAGA CITY-B4SD205,nan
ESPIRITU ANDREW,"PLAZA MEDICA, NAGA CITY-B4SD205",nan
ESPLANA VINESSE,CADLAN PILI CAM. SUR,nan
EVANGELISTA ROEL,VIRAC CATANDUANES,nan
FABUNAN JONATHAN,"MOTHER SETON HOSP, NAGA CITY-B4SD205",nan
FELIPE BOBBY,GOA CAMARINES SUR,nan
FERNANDO ROSEMEN,"PLAZA MEDICA, NAGA CITY-B4SD205",nan
FERNANDO ROY,"PLAZA MEDICA, NAGA CITY-B4SD205",nan
FLORENDO BENJAMIN,"FLORENDOS MEDICAL CLINIC,FRANCIA NAGA CITY-B4SD205",nan
GALICIA SHERYL ANN,"DABU BUILDING,E. ANGELES STREET NAGA CITY-B4SD205",nan
GARCIA ANGELITA,"ST. LOUISE HOSPITAL, NAGA CITY",nan
GENERIC 1 MD,GENERIC-B4SD205,nan
GENERIC 10 MD,GENERIC-B4SD205,nan
GENERIC 2 MD,GENERIC-B4SD205,nan
GENERIC 3 MD,GENERIC-B4SD205,nan
GENERIC 4 MD,GENERIC-B4SD205,nan
GENERIC 5 MD,GENERIC-B4SD205,nan
GENERIC 6 MD,GENERIC-B4SD205,nan
GENERIC 7 MD,GENERIC-B4SD205,nan
GENERIC 8 MD,GENERIC-B4SD205,nan
GENERIC 9 MD,GENERIC-B4SD205,nan
GERONIMO FROILAN ACE,CADLAN PILI CAM. SUR,nan
GONZALES GILDA,"GONZALES CLINIC, NABUA CAM SUR-B4SD205",nan
GONZALES RENE,"GONZALES CLINIC, IRIGA CITY-B4SD205",nan
GUAZON JOHN LEO,"GUAZON CARDIO CARE CLINIC, PANGANIBAN-B4SD205",nan
GUERERO EMMANUEL,VIRAC CATANDUANES,nan
GUTIERREZ MARIBEL,"ST. LOUISE HOSPITAL, NAGA CITY-B4SD205",nan
IDANO KAREN,CADLAN PILI CAM. SUR,nan
INOTURAN OLIVIA,CADLAN PILI CAM. SUR-B4SD205,nan
LAGUIDAO EDESSA,CADLAN PILI CAM. SUR-B4SD205,nan
LAMBAN ANGEL,VIRAC CATANDUANES,nan
LAO VICENTE,TIGAON CAMARINES SUR,nan
LAUSIN RHODA,LOURDES HOSPITAL-DAET CAMARINES NORTE,nan
LAZO ANDERSON,LOURDES HOSPITAL-DAET CAMARINES NORTE,nan
LEE ELAH JOHNIE,CADLAN PILI CAM. SUR,nan
LEE GEMMA,GOA CAMARINES SUR,nan
LEVISTE LYCA LEI,CADLAN PILI CAM. SUR-B4SD205,nan
LIM GINA,TIGAON CAMARINES SUR,nan
LLAGAS DIONISIO,"NILO ROA HOSPITAL, NAGA CITY",nan
LLENARESAS CLARIN,"ST. CAMILLUS  CLINIC, NAGA CITY",nan
LLORIN JR. RUFO,"RAMAIDA BUILDING, NAGA CITY-B4SD205",nan
LUCENA LOURDES LYNNE,"MOTHER SETON HOSP, NAGA CITY-B4SD205",nan
MADAYAG ROSEMARIE,VIRAC CATANDUANES,nan
MAGNAYE ROGELIO GEORGE,"MOTHER SETON HOSP, NAGA CITY-B4SD205",nan
MAGSOMBOL THELMA,GOA CAMARINES SUR,nan
MANLAGNIT MA. CRESCENTA,"BICOL CARDIO DIAGNOSTIC COOP, NG CITY-B4SD205",nan
MARZAN LALYN IRENE,CADLAN PILI CAM. SUR-B4SD205,nan
MATA ANABEL,VIRAC CATANDUANES,nan
MENDOZA MICHAEL ADRIAN,"LOURDES HOSPITAL, IRIGA CITY",nan
MORALLO MACRINA,"LOURDES HOSPITAL, IRIGA CITY",nan
NACARIO SUSSETTE,"BICOL ACCESS HEALTH CENTRUM, NAGA CITY-B4SD205",nan
NACIONAL KRISTINE,"ST. CAMILLUS  CLINIC, NAGA CITY",nan
NOBLEZA  AIMEE MARIE,"MESIRICORDIA ST,NAGA CITY-B4SD205",nan
NOVELA JUSTIN,"NOVELA CLINIC, IRIGA CITY-B4SD205",nan
OBIAS MARIBON,GOA CAMARINES SUR,nan
ORENSE JEAN,"BICOL ACCESS HEALTH CENTRUM, NAGA CITY-B4SD205",nan
PADILLA DOLORES,LOURDES HOSPITAL-DAET CAMARINES NORTE,nan
PANDES ORVILLE JESS,CADLAN PILI CAM. SUR-B4SD205,nan
PANLIBOTON  ELVIN,"BICOL ACCESS HEALTH CENTRUM, NAGA CITY-B4SD205",nan
PARAN RAMON CARLOS,CADLAN PILI CAM. SUR,nan
PAREDES EDGARDO,"BICOL CARDIO DIAGNOSTIC COOP, NG CITY",nan
PAREDES FLORANIE,"BICOL CARDIO DIAGNOSTIC COOP, NG CITY-B4SD205",nan
PAYTE JENNIFER,"FLORENDOS MEDICAL CLINIC,FRANCIA NAGA CITY-B4SD205",nan
PAZ JOFRAMEL,"CITY HEALTH OFFICE, NAGA CITY-B4SD205",nan
PELO RICHARD,"BICOL CARDIO DIAGNOSTIC COOP, NG CITY-B4SD205",nan
PEREZ III JOAQUIN,"PLAZA MEDICA, NAGA CITY-B4SD205",nan
PINTO MARIA FRANCES,"ST. CAMILLUS  CLINIC, NAGA CITY",nan
PONTILLAS AYEZL,"LOURDES HOSPITAL, IRIGA CITY",nan
PORNILLOS ELOISA,"PORNILLOS CLINIC, IRIGA CITY-B4SD205",nan
RANCES OLIVER,"MOTHER SETON HOSP, NAGA CITY",nan
RANOLA MICHELLE,"BICOL ACCESS HEALTH CENTRUM, NAGA CITY-B4SD205",nan
RAÑOLA III JOSE MANUEL,PANGANIBAN NAGA CITY-B4SD205,nan
REJANTE ERIKA,"PLAZA MEDICA, NAGA CITY",nan
ROJAS GERALDINE,VIRAC CATANDUANES,nan
ROLL GISELLE,LOURDES HOSPITAL-DAET CAMARINES NORTE,nan
ROMANO ELLAINE,CADLAN PILI CAM. SUR,nan
ROMULO AGLUGOB,"SOCIAL SECURITY SYSTEM, NAGA CITY-B4SD205",nan
RONATAY ANDREI JAMES,CADLAN PILI CAM. SUR-B4SD205,nan
SABALLUEGE JOSE CARLOS,"ST. CAMILLUS  CLINIC, NAGA CITY",nan
SAJULGA CHRISTINE,"PLAZA MEDICA, NAGA CITY",nan
SANTY THEO JAY,"MOTHER SETON HOSP, NAGA CITY",nan
SARSONA FRANCIS,"MOTHER SETON HOSP, NAGA CITY",nan
SEMANA TEODORO,"DABU BUILDING,E. ANGELES STREET NAGA CITY-B4SD205",nan
SY FREDDIE,"BICOL ACCESS HEALTH CENTRUM, NAGA CITY-B4SD205",nan
TABANAO MOLAVE,LOURDES HOSPITAL-DAET CAMARINES NORTE,nan
TEJADA LAURENE,LOURDES HOSPITAL-DAET CAMARINES NORTE,nan
TOLENTINO SANCHO,"BICOL CARDIO DIAGNOSTIC COOP, NG CITY-B4SD205",nan
TORRES MA. TERESA,LOURDES HOSPITAL-DAET CAMARINES NORTE,nan
TUPLANO ROMELLE,VIRAC CATANDUANES,nan
URSUA RODOLFO,"BICOL MEDICAL CENTER, NAGA CITY",nan
URSUA RAMON JACINTO,"BICOL ACCESS HEALTH CENTRUM, NAGA CITY-B4SD205",nan
VALEN ROMMEL,VIRAC CATANDUANES,nan
VALENCIA NERI JANE,CADLAN PILI CAM. SUR-B4SD205,nan
VALENCIA JEFFREY,"ST. CAMILLUS  CLINIC, NAGA CITY",nan
VALENZUELA DOMINGO,"PLAZA MEDICA, NAGA CITY",nan
VILLANUEVA EDGAR,LOURDES HOSPITAL-DAET CAMARINES NORTE,nan
ZABALDICA ANITA,"BICOL ACCESS HEALTH CENTRUM, NAGA CITY-B4SD205",nan
ZUNIGA RUCELLE,VIRAC CATANDUANES,nan
ABEJERO JOSHUA,UC Medical,nan
ACEDO CINDY,Gallares Hospital,nan
AGUNIAS JHAPHET,Chong Hua Mandaue,nan
ANDALES DEXTER GIOVANNI,UC Medical,nan
ARANETA GRACE,Lim Hong Khu,nan
ARCIBAL  FERNANDO,Arcibal Medical Clinic,nan
ASOY MARIZ,Chong Hua Hospital,nan
AVILA CHARLIE,Cebu Doctor's Hospital,nan
BARBA MERLE,Cebu Doctor's Hospital,nan
BASUBAS GLENDA,Perpetual Succour Hospital,nan
BATOCTOY  KAREN,Cebu Doctor's Hospital,nan
BATUCAN  MARLO,Chong Hua Mandaue,nan
BRIONES WYBEN,Perpetual Succour Hospital,nan
BUENO JOY,Tagbilaran Community,nan
BUSICO FARRAH,UC Medical,nan
CAMACHO MARY KRISTINE CLAIRE,Chong Hua Mandaue,nan
CAMALONGAY  ROSE,Camalongay Clinic,nan
CHEUNG JACQUELINE PATRICIA,Maayo Medical Hospital,nan
CHUA  BERNARDITA,Perpetual Succour Hospital,nan
CHUA  JUDY,Chong Hua Mandaue,nan
CHUA HENRY,Cebu Doctor's Hospital,nan
COHITMINGAO EDGAR,UC Medical,nan
COHITMINGAO EDGAR SR.,Cohitmingao Medical Clinic,nan
COSTALES FE,Perpetual Succour Hospital,nan
CUIZON WAYNILA,Chong Hua Mandaue,nan
CUIZON KRISTINE,UC Medical,nan
DACLAN  FRANCIS PAOLO,UC Medical,nan
DAPLAS JULIE ANN,Lim Hong Khu,nan
DE GRACIA RYAN,UC Medical,nan
DELOS SANTOS ISAGANI JODL GAVIOLA,ACE Medical Bohol,nan
DOLORES  LARGO,Cebu Doctor's Hospital,nan
DUMAGUIN KRIS RAY,UC Medical,nan
ELCANO JANET,Chong Hua Mandaue,nan
ELUMBA MARY CLAIRE TRINITY,UC Medical,nan
ERMAC EDISA,UC Medical,nan
ESGUERRA JONIS MICHEAL,Vicente Sotto Memorial Medical,nan
EUGENIO KRISTOPERCE,Chong Hua Mandaue,nan
EVARDONE JOSE SOCRATES,ACE Medical Bohol,nan
FLORDELIS CHERRY LEAH,Chong Hua Mandaue,nan
FLORDELIZ JEREMY,Perpetual Succour Hospital,nan
FLORES  FARREDA FATIMA,Metro Psych Facility,nan
GACRAMA PAUL MARTIN,Maayo Medical Hospital,nan
GALLEGO CARL VINCENT,UC Medical,nan
GARCIA  LAMBERTO,Cebu Doctor's Hospital,nan
GARGARITANO JANET,Cebu Doctor's Hospital,nan
GAVINO GRACE,Gavino Clinic,nan
GENTALLAN  JESSA,Lim Hong Khu,nan
GIGATARAS ROLAND MARK,UC Medical,nan
GO DEBBIE,UC Medical,nan
HALASAN BERNADETTE,Chong Hua Mandaue,nan
HANDUGAN MARK VINCENT,ACE Medical Bohol,nan
HIJOSA HAZEL,UC Medical,nan
IGOT MARIA LEORE,Mendero Medical Hospital,nan
INDOLOS LYN,Metro Psych Facility,nan
INSO CHRISTINE ANNE,UC Medical,nan
JUMANGIT  JANREI,ACE Medical Bohol,nan
LECHAGO ANGELITO,ACE Medical Bohol,nan
LIM EDWIN,Perpetual Succour Hospital,nan
LIM CHRISTIAN EMMANUEL,ACE Medical Bohol,nan
LIM JOSEF,Cebu Doctor's Hospital,nan
LLEVA  ROBERT GILL,Lleva Health Clinic,nan
LOCAYON RUTHIE JANE,Chong Hua Mandaue,nan
MACAPAZ JEANETTE,ACE Medical Bohol,nan
MASCARINAS NYTTE CELLE  JANNE,ACE Medical Bohol,nan
MEJARITO ALLAN,Mactan Doctors Hospital,nan
MENDOZA EMMA,Perpetual Succour Hospital,nan
MODEQUILLO MARGARET,Perpetual Succour Hospital,nan
MONTOYA JOSEPH,UC Medical,nan
NAVARRO JONATHAN,UC Medical,nan
NOVAL  LERMA,Chong Hua Mandaue,nan
NOVAL  RALPH JOHN,Noval Clinic,nan
ONATE JORGE,Cebu Doctor's Hospital,nan
OUANO CRISPIN,UC Medical,nan
PATINDOL LILIOSA,Lim Hong Khu,nan
PLUS TERESA,Alturas Group,nan
POLITO ERASTOSTHENES,UC Medical,nan
QUIZA  CESAR,Chong Hua Mandaue,nan
RODRIGUEZ TERESITA,Rodriguez Clinic,nan
ROLUNA IVORY,ACE Medical Bohol,nan
RUAYA AMY,ACE Medical Bohol,nan
SABERON KEITH MOON,Cebu Doctor's Hospital,nan
SABERON ALLAN,Saberon Medical Clinuc,nan
SALES RONALD,Lim Hong Khu,nan
SARANZA GERARD,Chong Hua Hospital,nan
SEIDENSCHWARZ FRANZ,UC Medical,nan
SEPE VALERIE,Lim Hong Khu,nan
SEPE ENRIQUETA,Lim Hong Khu,nan
SITOY APOLLO,Cebu Doctor's Hospital,nan
SUMALINOG GUIAN DARNELL,UC Medical,nan
SY  ELEUTERIA,Vicsal Corporation,nan
TAGAYTAY THEO GENESIS,ACE Medical Bohol,nan
TAN  DEREK,Chong Hua Hospital,nan
TENAZAS ENRIQUE,Perpetual Succour Hospital,nan
TRECERO SHEILA RAHNIE,ACE Medical Bohol,nan
UGPO JOSE ANTONIETTO,ACE Medical Bohol,nan
UN CEDRIC,UC Medical,nan
UY GERARD DENNIS,UC Medical,nan
UY MICHAEL,Alturas Group,nan
VANO MEDICAL,Vaño Medical,nan
VASQUEZ RHODORA,UC Medical,nan
VATANAGUL JAIRUNGCHAI,Perpetual Succour Hospital,nan
VISITACION TWEETY,Mactan Doctors Hospital,nan
WONG JENDY,Chong Hua Mandaue,nan
YAP YVETTE ETHEL,Cebu Doctor's Hospital,nan
ABONADO GERALD JOEL,WESTERN VISAYAS SANITARIUM GENERAL HOSPITAL,nan
ABRIL JOANNE,AKLAN KALIBO,nan
ACOSTA JOEFIL,ILOILO SAINT PAUL HOSPITAL,nan
AGUILLON ESTER FE,DINGLE,nan
ALAVA LEONOR,ILOILO MISSION HOSPITAL,nan
ALIPAO-GILO REINA PAZ,GUIMBAL,nan
ALTIMO CARLITO,ILOILO DOCTORS HOSPITAL,nan
ANAYAN MA. THERESA CRISANTA,ILOILO DOCTORS HOSPITAL,nan
ANDALEZA CARMELA,ILOILO SAINT PAUL HOSPITAL,nan
APISTAR MATIAS,JARO,nan
ARCE SIMEON JR.,AKLAN KALIBO,nan
ARCE MARIBEL,AKLAN KALIBO,nan
BACUS JIM,ROXAS CITY,nan
BAGUIO BRUCE JOSEPH,ROXAS CITY,nan
BARRAMEDA ROMULO,ILOILO SAINT PAUL HOSPITAL,nan
BARREDO ROBERT MARTIN,ILOILO DOCTORS HOSPITAL,nan
BASCOS MA.CANDIE PEARL,JARO,nan
BATERNA KRISTINE CLAIRE,ILOILO SAINT PAUL HOSPITAL,nan
BAYLON MA. REGINA,ILOILO DOCTORS HOSPITAL,nan
BELASOTO JOEVIC,ROXAS CITY,nan
BELTRAN JANET,ILOILO SAINT PAUL HOSPITAL,nan
BENLIRO REMO,ILOILO SAINT PAUL HOSPITAL,nan
BERAME ELI,HEALTHLINK ILOILO,nan
BEUP MARY BLOOM,ILOILO DOCTORS HOSPITAL,nan
BLANCO FLORENCE,ILOILO SAINT PAUL HOSPITAL,nan
BUENAFLOR PATRICK DEXTER,AKLAN KALIBO,nan
BUENAFLOR REGINA RUIZ,AKLAN KALIBO,nan
BUENVINEDA APRIL,ROXAS CITY,nan
BUGNA EDUARDO,DINGLE,nan
BUNDA MA. NILDA,PLAZA LIBERTAD,nan
BUNOL JENNIFER,GUIMARAS,nan
BUNOL RONELO,GUIMARAS,nan
CABANA ROSAURO,ILOILO SAINT PAUL HOSPITAL,nan
CAOYONAN IRENE,GUIMARAS,nan
CASTIGADOR GRACE,CALINOG,nan
CATHEDRAL LUZ,MEDICUS HEALTH PARTNERS,nan
CATOTO JAMES,HEALTHLINK ILOILO,nan
CELIS MARIAN,JARO,nan
CHIN JUDE ANLYN,CITY PROPER,nan
CHIN PAULETTE,CITY PROPER,nan
CHUNG MA. DAYLINDA,ILOILO DOCTORS HOSPITAL,nan
CLAVEL FELI CLAIRE,ILOILO DOCTORS HOSPITAL,nan
COMUELO JERUSHA,ILOILO SAINT PAUL HOSPITAL,nan
CORDERO ETHEL,ILOILO SAINT PAUL HOSPITAL,nan
DABAO LUIS SERAFIN,ILOILO SAINT PAUL HOSPITAL,nan
DE JOSE JHOANNA,AKLAN KALIBO,nan
DE LEON LORENA,ILOILO MISSION HOSPITAL,nan
DE PILI MA. SYLVIA THERESA,ILOILO SAINT PAUL HOSPITAL,nan
DEBUQUE EILEEN MAY,AKLAN KALIBO,nan
DELA CRUZ RODOLFO,ILOILO SAINT PAUL HOSPITAL,nan
DELA CRUZ JULIE ANN,ILOILO SAINT PAUL HOSPITAL,nan
DELA CRUZ PETER BRAYAN,ILOILO HEALTHSCREEN,nan
DELA CRUZ ALISTER KASHMIR,AKLAN KALIBO,nan
DELFIN  AURA,MOLO HEALTH CENTER,nan
DELGADO MARTIN,LAPAZ MATERNITY HEALTH CENTER,nan
DELLEVA PHOEBE,LAPAZ MATERNITY HEALTH CENTER,nan
DEQUITO SHIELA,WESTERN VISAYAS SANITARIUM GENERAL HOSPITAL,nan
DIAZ JESUS JR.,ROXAS CITY,nan
DIERON ELVIE,TIGBAUAN,nan
DIMACUTAC MA. ZULIA,HEALTHLINK ILOILO,nan
DIVINAGRACIA MELBERT,ILOILO SAINT PAUL HOSPITAL,nan
DIVINAGRACIA ELLAMAE,ILOILO SAINT PAUL HOSPITAL,nan
DORIN JAY,Villa,nan
DORIN MARY GRACE,Miagao,nan
DULOS ROGER,ILOILO SAINT PAUL HOSPITAL,nan
ENCARNACION DANILO,ILOILO SAINT PAUL HOSPITAL,nan
ESCANLLAR IREEN,TIGBAUAN,nan
ESLABAN MARIA BERNADETTE,ILOILO DOCTORS HOSPITAL,nan
ESTEPAR EMELIE,ILOILO DOCTORS HOSPITAL,nan
FANTILAGA ROLINA,PASSI,nan
FAULAN FEJELIA,ILOILO MISSION HOSPITAL,nan
FERRER MALBAR,ILOILO SAINT PAUL HOSPITAL,nan
FLORES MARK LEONARD,ILOILO SAINT PAUL HOSPITAL,nan
GARDOSE CEASAR,ILOILO MISSION HOSPITAL,nan
GAW TE JOHN,ILOILO SAINT PAUL HOSPITAL,nan
GAW TE KATHLEEN,ILOILO SAINT PAUL HOSPITAL,nan
GENOVATIN RAFAELA,OTON,nan
GERMIA TWINKLE,WESTERN VISAYAS SANITARIUM GENERAL HOSPITAL,nan
GOPIO EGRES,ILOILO DOCTORS HOSPITAL,nan
GUINTIVANO NOEL,LEGANES,nan
GUIRNELA LISHA PEARL,ROXAS CITY,nan
HERBILLA LUZ,POTOTAN,nan
HILASQUE CARLO MIGUEL,ILOILO DOCTORS HOSPITAL,nan
IBOJOS ELEONOR,ILOILO MISSION HOSPITAL,nan
INOSANTO MA. FELMA,OTON,nan
JALANDRA SHEILA MAE,ILOILO SAINT PAUL HOSPITAL,nan
JAMOYOT EDEN,WESTERN VISAYAS SANITARIUM GENERAL HOSPITAL,nan
JARDIOLIN MARY ANN,ILOILO DOCTORS HOSPITAL,nan
JARINA PINKY,TIGBAUAN,nan
JAVA LEONARDO,OTON,nan
JAVIER JOY,Miagao,nan
JINON EFIFANIA,LEGANES,nan
JOLO  JASMIN,El98 institution,nan
JORDAN NIEVA JEAN,POTOTAN,nan
JUANEZA RENE,ILOILO DOCTORS HOSPITAL,nan
LADRIDO IV DARLLETE,AKLAN KALIBO,nan
LAGUNDAY PEPITO,ROXAS CITY,nan
LAPASTORA KEN HILARIO,ILOILO SAINT PAUL HOSPITAL,nan
LAPATING HOPE,PASSI,nan
LOQUIANO MA. ZENNY,ILOILO SAINT PAUL HOSPITAL,nan
MACHAHILAS JULIET,AKLAN KALIBO,nan
MALAKI LENNY,ILOILO SAINT PAUL HOSPITAL,nan
MASNA RAMON,PASSI,nan
MOLINA FELICE,ILOILO MISSION HOSPITAL,nan
MOSQUETE JOCELYN,ROXAS CITY,nan
NAPOLAN MACARIO,Miagao,nan
NAPOLAN JOHN,Miagao,nan
NENITA LUTCHING,ROXAS CITY,nan
NUFABLE CHRISTIEN MARIE,ILOILO SAINT PAUL HOSPITAL,nan
OBLIGACION HALBERD,ILOILO SAINT PAUL HOSPITAL,nan
ORTIGAS JONAS,ILOILO SAINT PAUL HOSPITAL,nan
PACETE THEABELLE,ILOILO SAINT PAUL HOSPITAL,nan
PALOMO PHOEBE,PASSI,nan
PAUCHANO FRAULIN,GUIMARAS,nan
PEDREGOSA TESSIE,POTOTAN,nan
PEREZ CLAIRE,AKLAN KALIBO,nan
PILLO MARY GRACE,MOLO HEALTH CENTER,nan
PONJE AIME,ILOILO SAINT PAUL HOSPITAL,nan
PORAL OWEN,WESTERN VISAYAS SANITARIUM GENERAL HOSPITAL,nan
PORTES DANNY,AKLAN KALIBO,nan
QUINDOR DARCY,AKLAN KALIBO,nan
REGOSO DANILO,Tanza,nan
SAITON TOMAS,GUIMARAS,nan
SALAPARE REINA GRACE,WESTERN VISAYAS SANITARIUM GENERAL HOSPITAL,nan
SAMONTE QUENNIE,AKLAN KALIBO,nan
SAMONTE VIM,AKLAN KALIBO,nan
SILUBRICO YVETTE,ILOILO DOCTORS HOSPITAL,nan
SIRILAN LORELEI,ILOILO SAINT PAUL HOSPITAL,nan
SIRILAN HERMAN MELVIN,ILOILO SAINT PAUL HOSPITAL,nan
SOBREVEGA ANA KRISTINA,ILOILO DOCTORS HOSPITAL,nan
SOBREVEGA PAUL,ILOILO DOCTORS HOSPITAL,nan
SUAVERDE KRISTINE,WESTERN VISAYAS SANITARIUM GENERAL HOSPITAL,nan
SUELO GEMMA,WESTERN VISAYAS SANITARIUM GENERAL HOSPITAL,nan
SUMAGAYSAY JUAN ISMAEL,ILOILO DOCTORS HOSPITAL,nan
SY TOMASITO,MEDICUS HEALTH PARTNERS,nan
TABUENA DAISY,ASCLEPIUS DRUGSTORE AND MEDICAL LABORATORIES,nan
TABUENA ROLLIN,ASCLEPIUS DRUGSTORE AND MEDICAL LABORATORIES,nan
TALLADOR REY,Janiuay,nan
TEODISIO HASELYN,AKLAN KALIBO,nan
TORRES MAZELLE,AKLAN KALIBO,nan
TRESPECES CHRISTINE JOY,ILOILO DOCTORS HOSPITAL,nan
TRIVELEGIO ROD ROSE,ILOILO SAINT PAUL HOSPITAL,nan
UMADHAY SANDRA JOY,WESTERN VISAYAS SANITARIUM GENERAL HOSPITAL,nan
UY MELITA JESUSA,ILOILO DOCTORS HOSPITAL,nan
VALENCIA RODNEY,AKLAN KALIBO,nan
VELASCO ANNA MARIE,ILOILO SAINT PAUL HOSPITAL,nan
VILLA  PATRICIA,GCJ DIAGNOSTIC CENTER,nan
VILLANUEVA JOEBERT,ILOILO MISSION HOSPITAL,nan
VILLANUEVA WALTER,GUIMARAS,nan
VILLANUEVA QUINDIALEM,DINGLE,nan
VINCULADO ERIC,ROXAS CITY,nan
ZAMBARANO SHARON,GUIMARAS,nan
ABBARIAO MARITONI,Camarin Doctors Hospital,nan
ADAMOS EMMYLOU,Camarin Doctors Hospital,nan
AGGABAO HAZEL,VMB Med2020 Clinic,nan
AGUILAR ALEJANDRO,VMB Med2020 Clinic,nan
ALAN PICHY,Bernardino General Hospital 2,nan
AMPATI BONNIE,Camarin Doctors Hospital,nan
ANGELES EMMANUEL,Isiah Walk In Medical Clinic,nan
ANTOLIN MARCO,Camarin Doctors Hospital,nan
ANTONIO-SISON JEVI ANN,Camarin Doctors Hospital,nan
AQUINO ANGELO,Aquino Medical Clinic,nan
ASISTORES MARIA THERESA,Camarin Doctors Hospital,nan
ASISTORES ALVIN,Camarin Doctors Hospital,nan
AYUYAO FERNANDO,FEU - NRMF Medical Center,nan
BABIERA TITO,Camarin Doctors Hospital,nan
BACOLOR JENNIFER,Bacolor Family Clinic,nan
BAES ROSARIO,FEU - NRMF Medical Center,nan
BAGOS JOHN PAUL,Camarin Doctors Hospital,nan
BALBIDO JULIUS,Camarin Doctors Hospital,nan
BASCOS JAYSON,FEU - NRMF Medical Center,nan
BAUTISTA BERNADETTE,Bautista Medical Clinic,nan
BAUTISTA MICHAEL,HOR,nan
BAYAN LEAH,Camarin Doctors Hospital,nan
BENTERO SHARON,Camarin Doctors Hospital,nan
BERMUDEZ GHERALD,FEU - NRMF Medical Center,nan
BERNARDINO RANHEL,Bernardino General Hospital 2,nan
BITONG ESTRELITA,Commonwealth Hospital and Medical Center,nan
BOGNOT CIRILO,Bernardino General Hospital 2,nan
BRABANTE AMBROSIO,Commonwealth Hospital and Medical Center,nan
BRINEZ MICHAEL,Camarin Doctors Hospital,nan
BRINGAS MIABELLE,MBB Medical Clinic,nan
BUMATAY VALERIE,Camarin Doctors Hospital,nan
CABADING IAN,Camarin Doctors Hospital,nan
CABAS LOUIE,Camarin Doctors Hospital,nan
CABASAN GINGER,FEU - NRMF Medical Center,nan
CADIENTE MARY JANE,Camarin Doctors Hospital,nan
CANDAVA JOHNEL,Commonwealth Hospital and Medical Center,nan
CAPUZ MARLYN,Camarin Doctors Hospital,nan
CARANDANG RALPH,Camarin Doctors Hospital,nan
CARPIO JOSEPH,Camarin Doctors Hospital,nan
CAYETANO ETHYL,HOR,nan
CEREZO FREMAN,FEU - NRMF Medical Center,nan
CHUA ANNETTE,Commonwealth Hospital and Medical Center,nan
CONSUL JARET,Camarin Doctors Hospital,nan
CRISANTO ANA JEAN,Mary Mount Medical Clinic,nan
CRISOSTOMO MA. LUISA,Camarin Doctors Hospital,nan
CUA RODRIGO,Exodus Medical Clinic,nan
DAVID ARWIN,Commonwealth Hospital and Medical Center,nan
DAYRIT GREG,FEU - NRMF Medical Center,nan
DE CASTRO DIANA,FEU - NRMF Medical Center,nan
DE LEON CLARENCE,Commonwealth Hospital and Medical Center,nan
DE LEON JERICHO,FEU - NRMF Medical Center,nan
DE TORRES MA. THERESA,TMC SM Fairview,nan
DELA CRUZ KATHERINE,TMC SM Fairview,nan
DIAZ REI PAOLO,Commonwealth Hospital and Medical Center,nan
DIZON MARIEFI,COA,nan
DOMINGO MARIO,Camarin Doctors Hospital,nan
DOMINGO POLLY,Camarin Doctors Hospital,nan
DOMINGUEZ PAULETTE,TMC SM Fairview,nan
DONATO KYLA LOUISE,Timogan Family Clinic,nan
DULAY MONET,Camarin Doctors Hospital,nan
EDAR MARY FLOR,Camarin Doctors Hospital,nan
ESCABILLAS CYRUS,FEU - NRMF Medical Center,nan
ESMAEILI ARMIN,Camarin Doctors Hospital,nan
ESPINEDA EMMANUEL,"New World Diagnostics, Inc.",nan
ESTEPA LILYBELL,Camarin Doctors Hospital,nan
EVANGELISTA JOJO,FEU - NRMF Medical Center,nan
EVANGELISTA PHILIP,Evangelista Medical Clinic,nan
FABUL MERMA,Mercene Medical Dental Diagnostic Clinic,nan
FERNANDEZ MARC,Diliman Doctors Hospital,nan
FLORES ANN MARGARET,TMC SM Fairview,nan
FUGUIAO ROGELIO,NPRE Doctors Clinic,nan
GAGALAC FAMELA,Camarin Doctors Hospital,nan
GALDONES-VELASCO MARIAN ESTHER,Camarin Doctors Hospital,nan
GALLINERA MA. CRISTINA,Bernardino General Hospital 2,nan
GARCIA GERALDINE,Commonwealth Hospital and Medical Center,nan
GARINGO JESSAMINE,Family Care Clinic,nan
GUEVARRA ANNE CHRISTINE,Bernardino General Hospital 2,nan
HERNANDEZ ALVIN,Camarin Doctors Hospital,nan
IBE MARIA ESTRELLA,FEU - NRMF Medical Center,nan
ISIDORO MYRELLE,Rosario Maclang Bautista General Hospital,nan
ISIDRO MA. WIVINA,Bernardino General Hospital 1,nan
JASARENO RHODORA,Westview Clinic,nan
JAVISON RICARDO,Camarin Doctors Hospital,nan
LATONIO JONATHAN,Camarin Doctors Hospital,nan
LICOP DEANA,Bautista Medical Clinic,nan
LIM ARNEL,Commonwealth Hospital and Medical Center,nan
LIMBO MICHAEL,Commonwealth Hospital and Medical Center,nan
LINGA ROWENA,FEU - NRMF Medical Center,nan
LUANSING CHARLENE,Bernardino General Hospital 2,nan
MADRID JOHN ROSELLO,Commonwealth Hospital and Medical Center,nan
MAGBUHAT ROBELITO,Commonwealth Hospital and Medical Center,nan
MAGPANTAY FATIMA,Commonwealth Hospital and Medical Center,nan
MALILAY ARLENE,TMC SM Fairview,nan
MANALO JOYCE,Bernardino General Hospital 2,nan
MANAPAT RUBEN,FEU - NRMF Medical Center,nan
MANICAD MARLON,Commonwealth Hospital and Medical Center,nan
MANINANG JR. NOEL,Commonwealth Hospital and Medical Center,nan
MARASIGAN ELFINA,FEU - NRMF Medical Center,nan
MARCELLANO RACHELL,Camarin Doctors Hospital,nan
MATA CECILLE,Diliman Doctors Hospital,nan
MAYLEM GENICA LYNNE,TMC SM Fairview,nan
MEDEL IDA,Mother Mary Clinic,nan
MEDEL SHARMAINE,Mother Mary Clinic,nan
MIRANDA EMMA,Camarin Doctors Hospital,nan
MOLINA MARC,New Era General Hospital,nan
MONREAL EVA LYKA,New Era General Hospital,nan
MUNOZ FLORANTE,Commonwealth Hospital and Medical Center,nan
NERI REYNALDO,Commonwealth Hospital and Medical Center,nan
NG CYBELLE,Camarin Doctors Hospital,nan
ONG MARISSA,Camarin Doctors Hospital,nan
PACARIEM KRISTOFFER,Camarin Doctors Hospital,nan
PADUA OPHELIA,Isiah Walk In Medical Clinic,nan
PALILEO NYSSA,Camarin Doctors Hospital,nan
PANAGA IRMA,FEU - NRMF Medical Center,nan
PANGANIBAN RANDY,FEU - NRMF Medical Center,nan
PATERNO ROLANDO,Camarin Doctors Hospital,nan
PEIG ARLENE,FEU - NRMF Medical Center,nan
PERALTA RAFAEL JOSE,Commonwealth Hospital and Medical Center,nan
PINEDA RAMON,FEU - NRMF Medical Center,nan
QUIDLAT PAOLA PATRICIA,FEU - NRMF Medical Center,nan
QUIZON LENDRY,TMC SM Fairview,nan
RAMOS MARK ERVING,Camarin Doctors Hospital,nan
REALCE TRISTAN,NPRE Doctors Clinic,nan
REFUERZO FRANCIS,Bernardino General Hospital 2,nan
REYES REGINA,FEU - NRMF Medical Center,nan
REYES CHRISTIE,Commonwealth Hospital and Medical Center,nan
RIVERA CEFERINO,General Malvar Hospital,nan
ROMA MARIETTA,Camarin Doctors Hospital,nan
ROSSI ENRICO,HOR,nan
SABINIANO KATHLEEN,TMC SM Fairview,nan
SALCEDO VON,Novaliches District Hospital,nan
SALINAS BHENELYNE,Camarin Doctors Hospital,nan
SATUNA ARLYN,Camarin Doctors Hospital,nan
SAYSON JOBERLY,Camarin Doctors Hospital,nan
SINAY VINCENT,TMC SM Fairview,nan
SO EDISON,Camarin Doctors Hospital,nan
SOMBRETO AARON FOSTER,Westview Clinic,nan
SUNGA YORADYL,Camarin Doctors Hospital,nan
TAMAYO-GARCIA MARY GRACE,Camarin Doctors Hospital,nan
TAN CATHERINE,Commonwealth Hospital and Medical Center,nan
TAN CHO-CHIONG,FEU - NRMF Medical Center,nan
TEJADA JASON,Bernardino General Hospital 2,nan
TEVES IAN TIMOTHY,Camarin Doctors Hospital,nan
TIANGCO MARY AIDEL,Camarin Doctors Hospital,nan
TORAL VICTOR JOHN,Camarin Doctors Hospital,nan
TUANO NORBERT,Commonwealth Hospital and Medical Center,nan
VALDEZ JONATHAN,COA,nan
VALENCIA VINCENT,HOR,nan
VARONA JU,St. Blaise Medical Clinic,nan
VEGA JOSE LAMBERTO,FEU - NRMF Medical Center,nan
VINOYA APRIL,Maxicare Family Clinic,nan
YORO OFELYN,Bernardino General Hospital 1,nan
YUMUL MARICAR,FEU - NRMF Medical Center,nan
ZALES JEOFFREY,Camarin Doctors Hospital,nan
ZOLETA TRISTAM,Camarin Doctors Hospital,nan
ABALLE KENNETH VERGEL,Clinica Yap,nan
ABDULLAH MAROHOMSALIC,ACE MEDICAL CENTER CAGAYAN DE ORO,nan
ABEJUELA ZAYNAB,Cagayan de Oro Medical Center,88702.0
ABEJUELA NHICCO FRANCIS,Cagayan de Oro Medical Center,nan
ABRENA MARIFE THERESA,Mt. Carmel Pharmacy & Clinic,93692.0
ACUESTA WINA CANDY ROSE,Clinica Yap,nan
ACUÑA EVAN,Simbulan Sto. Niño General Hospital,92816.0
ADAJAR GIMNASTE  GLENN,Northern Mindanao Medical Center,nan
AGUIRRE JOSE,Malaybalay Polymedic General Hospital,86842.0
ALABA ANGELES,Polymedic Medical Plaza,nan
ALABA-BELESARIO CLEVAN TERESITA,Polymedic Medical Plaza,119146.0
ALCANTARA FRANCIS DERRICK,Northern Mindanao Medical Center,nan
AMATO MACRINE GRACE,Cagayan de Oro Medical Center,94999.0
AMATO PREVAL ANTHONY,Cagayan de Oro Medical Center,nan
ANDUTAN RAUL CARLO,Polymedic Medical Plaza,nan
ANDUTAN RAUL  MARTIN,Northern Mindanao Medical Center,nan
APAG RICHE,Polymedic Medical Plaza,98071.0
APOR ALMIRA DOREEN,St. Francis Hospital,nan
ARCADIO STELLA,Medstation,nan
ARCAYERA JOHN MARK,Clinica Yap,92724.0
BACAL AQUELLO ROBERTO,Polymedic Medical Plaza,77539.0
BAGAYO GWEN,Cagayan de Oro Medical Center,nan
BAGAYO EUGENE REY,Polymedic Medical Plaza,nan
BALGOA LEAH,Clinica Yap,nan
BANSILOY GENEVIEVE,Clinica Yap,nan
BASANG JEROME,POLYMEDIC GENERAL HOSPITAL,nan
BAVIERA REESHEL,Bukidnon Provincial Hospital Maramag,nan
BLANCAVER JANE,Valencia Polymedic General Hospital,nan
BLANCAVER  CINDY,Adventist Medical Center - Valencia,101635.0
BOLANIO GINA,Madonna & Child Hospital,nan
BROBO SARAEL,Polymedic Medical Plaza,nan
CABALLERO FLAVIANO,Polymedic Medical Plaza,nan
CABUNILAS RHODORA,La Viña General Hospital,79975.0
CADIZ ARTEMIO ALEXIS,Cagayan de Oro Medical Center,nan
CALIBUGAR HECTOR,Bukidnon Provincial Hospital Maramag,91297.0
CASTILLA TECELYN,Valencia Polymedic General Hospital,nan
CAYABYAB MYRON,Cagayan de Oro Medical Center,nan
CHANG ALAN,Cagayan de Oro Medical Center,61416.0
CO DONALD,Polymedic Medical Plaza,96515.0
CO KRISTINA ANNE,St. Jude Thaddues General Hospital,124403.0
CO-UNTIAN JASMEEN MARISSE,Polymedic Medical Plaza,135322.0
CORUNA JOSE JR,Maria Reyna Xavier University Hospital,102633.0
DAGANDARA ANGELICA,Polymedic Medical Plaza,nan
DAYA WENCITO,Polymedic Medical Plaza,nan
DAYUPAY ERWIN,Maria Reyna Xavier University Hospital,nan
DE LEON MARIA ELIZABETH,Bukidnon Provincial Medical Center,nan
DEL MUNDO MARY JANE,Bethel Baptist Hospital,90537.0
DEPAYSO MARBE JOY,Clinica Yap,106033.0
DISPO DONNA BELLE,Malaybalay Polymedic General Hospital,121720.0
EBARLE MARIA TERISITA,La Viña General Hospital,108588.0
ESLING KATHRENA THERESE,Madonna & Child Hospital,nan
FIRAZA PAUL NIMROD,Polymedic Medical Plaza,nan
FLORES MARIA GRACIA,Polymedic Medical Plaza,88699.0
FLORES SHIELAMAR,Don Carlos Doctors Hospital,nan
GALON MYVIE,Madonna & Child Hospital,nan
GAMOLO PETER IVAN,Polymedic Medical Plaza,nan
GAMUTAN RANILLO JR.,Simbulan Sto. Niño General Hospital,nan
GARCIA JOSEPH ALLAN,Cagayan de Oro Medical Center,52392.0
GO BENSON,St. Francis Hospital,89785.0
GO FRANZ ALBERT,Polymedic Medical Plaza,1.0
GO-SEE JUDEE ANN,Polymedic Medical Plaza,nan
GREGORIOS ARIEL,Simbulan Sto. Niño General Hospital,98007.0
GUDITO FRANCO,Cagayan de Oro Medical Center,109008.0
GUZMAN MAE ARGAILYN,La Viña General Hospital,nan
HIPONA CHRISTI ANNAH,Polymedic Medical Plaza,nan
KHO ANNE CHRISTINE,Cagayan de Oro Medical Center,nan
LAGURA CRYSTAL FAYE,Don Carlos Doctors Hospital,nan
LAPPAY JEFFREY,Polymedic Medical Plaza,124959.0
LAROT HOPE,Malaybalay Polymedic General Hospital,84296.0
LATAYAN ADONIS,Medical Hub,nan
LATORRE MICHELLE,POLYMEDIC GENERAL HOSPITAL,nan
LEDESMA ANNA PATRICA,Polymedic Medical Plaza,nan
LIM ROSSINI ABBIE,Cagayan de Oro Medical Center,nan
LIM MERLIN,La Viña General Hospital,nan
LONGNO HARRY,Cagayan de Oro Medical Center,nan
MAMAWAG ELVIE MAY,Malaybalay Polymedic General Hospital,104577.0
MEJIAS MARIFE,Cagayan de Oro Medical Center,92801.0
MOHAN PAMELA RUTH,Bethel Baptist Hospital,nan
MURILLO MANDBELL,St. Jude Thaddues General Hospital,nan
MURILLO RHEA KARLA,St. Jude Thaddues General Hospital,nan
NAPIGKIT GLADDAYS,Adventist Medical Center - Valencia,110138.0
OBSIOMA MA. ARLEEN,Cagayan de Oro Medical Center,nan
OLANO ALDANICA,ACE MEDICAL CENTER CAGAYAN DE ORO,nan
OPORTO KENNETH,Polymedic Medical Plaza,nan
PAGDILAO  JICA GRACE,Polymedic Medical Plaza,nan
PALABRICA MA. LUISA,Polymedic Medical Plaza,nan
PALABRICA NEILSON,Polymedic Medical Plaza,nan
PANOLONG MURSHIDA,Polymedic Medical Plaza,nan
PENARANDA MA. NENA,Capitol University Medical City,nan
PEPITO ZICHRI KEREN,St. Jude Thaddues General Hospital,nan
PON GERALDINE,Cagayan de Oro Medical Center,84566.0
QUISIL DAREL GRESAN,Adventist Medical Center - Valencia,nan
RAVELO EVELYN,Medical Hub,nan
ROCHA ROWENA,Cagayan de Oro Medical Center,nan
RODRIGO ARNEL,La Viña General Hospital,nan
RUIZ IRENE,La Viña General Hospital,nan
SAAVEDRA SUE CELLE,Cagayan de Oro Medical Center,82362.0
SALMAN LIMPAO,Northern Mindanao Medical Center,nan
SAN JUAN ERICKSON,St. Ignatius Medical Clinic,nan
SANDOVAL DAX,St. Jude Thaddues General Hospital,nan
SANDOVAL KRISTIN,Clinica Yap,102887.0
SANTOS PETER,ACE MEDICAL CENTER CAGAYAN DE ORO,nan
SARMIENTO MARK,Cagayan de Oro Medical Center,115538.0
SASIL ROY,Polymedic Medical Plaza,104792.0
SEBASTIAN EMMANUEL,Cagayan de Oro Medical Center,nan
SOBREVEGA NOEL,Clinica Yap,111822.0
SURDILLA ARTURO,Cagayan de Oro Medical Center,72514.0
TAGAB HERBERT,POLYMEDIC GENERAL HOSPITAL,nan
TALABUCON LORETO,Madonna & Child Hospital,111741.0
TANCONGCO FAUSTO,Polymedic Medical Plaza,nan
TENORIO APOLLO RODERICK,Malaybalay Polymedic General Hospital,103948.0
TIA SHIRLEY,Cagayan de Oro Medical Center,nan
VELASCO MARIEL DIANE,Madonna & Child Hospital,nan
VILLAHERMOSA MAYLYN,Medical Hub,nan
VILLARAZA ROLANDO,POLYMEDIC GENERAL HOSPITAL,nan
WABE NATASHA,Polymedic Medical Plaza,106023.0
YAP ALFREDO,Clinica Yap,nan
YAP ANGELES,Clinica Yap,74862.0
YAP RAMON,Cagayan de Oro Polymedic General Hospital,nan
AFRICA KATHRYN MAE,MARIKINA VALLEY MEDICAL CENTER,nan
AJON ALYSSA ROSENI,SAN MATEO MEDICAL CENTER,nan
ALEXANDER CALDERON,MARIKINA VALLEY MEDICAL CENTER,nan
ALORRO-LEE EMMYLOU,SAN MATEO MEDICAL CENTER,nan
ALVARADO MARK EDSEL,SAN MATEO MEDICAL CENTER,nan
AMBA NEIL FRANCIS,MARIKINA VALLEY MEDICAL CENTER,nan
ANCHETA JESUS,GARCIA GENERAL HOSPITAL,nan
ANDALES AUBREY,SAN MATEO DOCTORS,nan
ANSELMO MELISSA,ST. VICTORIA HOSPITAL,nan
ANTONIO ATENA KATE,SAN MATEO MEDICAL CENTER,nan
ANTONIO JULIAN EMMANUEL,ST.MATTHEUS HOSPITAL,nan
ARINAS CHERRY,PADRE PIO HOSPITAL,nan
AVENIDO LOWELL,MARIKINA VALLEY MEDICAL CENTER,nan
BANZON JAQUIELINE,ST. VINCENT HOSPITAL,nan
BATUAMPAR JOSEPHIN,P. GONZALEZ HOSPITAL,nan
BAUTISTA MARIE FE,SAN MATEO MEDICAL CENTER,nan
BAYAUA RAYMOND,MARIKINA VALLEY MEDICAL CENTER,nan
BERMUDEZ CHARITO,MARIKINA VALLEY MEDICAL CENTER,nan
BIANA RENATO,SAN MATEO SUPERHEALTH CENTER,nan
BORJA MAUREEN,SAN MATEO MEDICAL CENTER,nan
BRAVO MARJORI,MARIKINA VALLEY MEDICAL CENTER,nan
BUHAT DONNAMAE LYN,HVILL HOSPITAL,nan
CABANOS CHRISTIANNE,TMC SM SAN MATEO,nan
CABIGAS KAREN,SAN MATEO MEDICAL CENTER,nan
CAMBONGA MANDER,HVILL HOSPITAL,nan
CARLOS RUBELINO,CARLOS CLINIC,nan
CARRASCAL BEA,SAN MATEO MEDICAL CENTER,nan
CASTRO JOSE NATHANIEL,CASTRO CLINIC,nan
CATLI ARTHUR,Amang Hospital,nan
CHAN RUFINO,ST. VINCENT HOSPITAL,nan
CHANYUNGCO JOEY NOEL,MARIKINA VALLEY MEDICAL CENTER,nan
CHUA RENE,GOOD SHEPHERD,nan
CO JAMES,ST. VINCENT HOSPITAL,nan
CRISOSTOMO MARIETA,MARIKINA VALLEY MEDICAL CENTER,nan
CRUZ SONNY,MONTALBAN INFIRMARY,188624.0
CRUZ KATZEN,MONTALBAN INFIRMARY,nan
CRUZ AGNES,MARIKINA VALLEY MEDICAL CENTER,nan
CUNANAN ROMULO,SAN MATEO MEDICAL CENTER,nan
DAYRIT RHIAJOY,TMC SM SAN MATEO,nan
DE GUZMAN RONNEL,Amang Hospital,nan
DE GUZMAN ARRIANE ROSE,Amang Hospital,nan
DE JESUS MICHELLE,CENTRO MEDICAL CENTER,nan
DEGUZMAN WILFREDO,DE GUZMAN CLINIC,nan
DEGUZMAN JOANN,CITY HEALTH OFFICE,nan
DEGUZMAN DAISY,DE GUZMAN CLINIC,nan
DELA CRUZ BELINDA,MARIKINA VALLEY MEDICAL CENTER,nan
DELA ROSA VENN HOMER,Amang Hospital,nan
DIZON ROCKY,MARIKINA MEDICAL DOCTORS,nan
EMERSON MARIANO,CLINICA BURGOS,nan
ESPALDON VISVANATH,SAN MATEO MEDICAL CENTER,nan
GARCIA MARIA VICTORIA,ST. VINCENT HOSPITAL,nan
GONZALES HARLAN SHANE,ST. VINCENT HOSPITAL,nan
GRAN MARY GRACE,HVILL HOSPITAL,nan
GUTIERREZ LOUISE MYKAEL,SAN MATEO DOCTORS,nan
HERNANDEZ BENJAMIN,ST. VICTORIA HOSPITAL,nan
HERRERA ALBERT,CITY HEALTH OFFICE,nan
MACADANGDANG CATHERINE,Amang Hospital,nan
MACAGBA BEVERLY,SAN MATEO MEDICAL CENTER,nan
MADLANGSAKAY ISRAEL,Amang Hospital,nan
MAGAT SUSAN,HOLY SAVIOR MEDICAL CLINIC,nan
MAGBANUA-MAGLANQUE ERVA,MY DOCTORS DIAGNOSTIC CLINIC,nan
MAGNO MARIAN,CITY HEALTH OFFICE,nan
MAGUSLOG SVETHLANA,TMC SM SAN MATEO,nan
MALAYA BENJAMIN,MARIKINA VALLEY MEDICAL CENTER,nan
MALIJAN MARIA LUISA,MARIKINA VALLEY MEDICAL CENTER,nan
MALLARI-CRUZ LORELIE,WELLNES MEDICAL CENTER,nan
MANANSALA--KONG RUTH ANN,TMC SM SAN MATEO,nan
MANGULABNAN VAN DERICK,SAN MATEO MEDICAL CENTER,nan
MANGULABNAN-CAPINPIN MELISSA CAMILLE,ST. VINCENT HOSPITAL,nan
MANLUTAC BENJAMIN,MARIKINA VALLEY MEDICAL CENTER,nan
MANZANO ROSS,VAYOS MEDICAL CLINIC,nan
MARIANO PATRICIA,MARIKINA VALLEY MEDICAL CENTER,nan
MARICAR PABILONIA,GARCIA GENERAL HOSPITAL,nan
MAYDEL ROSARIO,CITY HEALTH OFFICE,nan
MELENDREZ RALPH,HVILL HOSPITAL,nan
MENDOZA LORNA,ASSUMPTION CLINIC,nan
MENIA PHILBERT JOHN,PADRE PIO HOSPITAL,nan
MURILLIO JUANITO GREGORIO,DR. GOODHEALTH FAMILY CLINIC,nan
NEMENO STEFFI HEIDIE,DR. GOODHEALTH FAMILY CLINIC,nan
NOCON RAYMOND,NOCON CLINIC,nan
OLAIVAR MARIETA,MARIKINA VALLEY MEDICAL CENTER,nan
ORDONEZ ROLANDO,ST. VICTORIA HOSPITAL,nan
PAGUILIGAN CHRISTIAN JAMES,PAGUILIGAN CLINIC,nan
PALENCIA MARRY ROSE,SAN MATEO MEDICAL CENTER,nan
PANGANIBAN IVAN,PADRE PIO HOSPITAL,nan
PARAISO FLOR,JP RIZAL,nan
PASCUA KIM,CLINICA BURGOS,141675.0
PASCUAL KIMBERLY ANN,PADRE PIO HOSPITAL,nan
PATIO ANTOINETTE TWINKLE,Amang Hospital,nan
PERALTA JOSE RAFAEL,SAN MATEO MEDICAL CENTER,nan
PEREZ CATHERINE,HVILL HOSPITAL,nan
PEREZ-TRAJANO EUNICE MARIE,SAN MATEO MEDICAL CENTER,nan
PERGIS MARK ANTHONY,DIALYSIS CENTER,nan
PIA CHUA,ST. VINCENT HOSPITAL,nan
PUA MELQUIEDES,SAN MATEO DOCTORS,nan
RAMIREZ MARK AUSTIN,SAN MATEO MEDICAL CENTER,nan
RAMOS RUSSEL,TMC SM SAN MATEO,nan
RANA MARIA JESUSA,HVILL HOSPITAL,nan
REBULLIDA SALVADOR PEDRO,MARIKINA VALLEY MEDICAL CENTER,nan
REGGIE DIVINA,GARCIA GENERAL HOSPITAL,nan
REGIS REYNALDO,HOLY SAVIOR MEDICAL CLINIC,nan
REGIS REGINALDO,HOLY SAVIOR MEDICAL CLINIC,nan
RODULFO JUANITO,ST. ANTHONY HOSPITAL,nan
SALVADOR CHARRIE,CITY HEALTH OFFICE,nan
SALVADOR RICA,CENTRO MEDICAL CENTER,nan
SAMBRANA ABEGAIL,MARIKINA MEDICAL DOCTORS,nan
SAN JUAN MERY JENN,TMC SM SAN MATEO,nan
SANTIAGO ROGEL,HOLY FAMILY HEALTHCARE CLINIC,nan
SANTOS VINCENT,ST. VINCENT HOSPITAL,nan
SANTOS ALWYN JOHANA,MARIKINA VALLEY MEDICAL CENTER,nan
SIA-ENCINARES ALETH,SAN MATEO SUPERHEALTH CENTER,nan
SIASOCO MINDA,SDS MEDICAL CENTER,nan
SIMON VIVIAN,VIVIAN CLINIC,nan
SINCHONGCO DIOLINA,SINCHONGCO CLINIC,nan
SINOGBA LEMUEL,ST. VICTORIA HOSPITAL,nan
SONGCUAN-SAMSON DEANE,SONGCUAN-SAMSON MEDICAL CLINIC,nan
STA. ANA ENRICO,ST. VINCENT HOSPITAL,nan
TABAG OLIVER,MARIKINA VALLEY MEDICAL CENTER,nan
TAHIR FELISA,BAUTISTA CLINIC,nan
TAMARGO AILEN,TMC SM SAN MATEO,nan
TIOPINCO JOHN PAUL,Marikina Multi-Specialty Healthcare,nan
TRAJANO JOHN PAUL MATTHEW,SAN MATEO MEDICAL CENTER,nan
UBAY CHERRY ANN,HVILL HOSPITAL,nan
VELELIA LAWRENCE,SAN MATEO MEDICAL CENTER,nan
VERGARA ALVIN,MyDoctors Labaratory and Diagnostic Center,nan
VILLAREAL KATRINA,SAN MATEO MEDICAL CENTER,nan
YAP JOEY GUTIERREZ,SAN MATEO MEDICAL CENTER,nan
YAP MARICON,Amang Hospital,nan
YURAG JEFFREY,CASIMIRO YNARES HOSPITAL,nan
ABLANG MARIETTA,CLINICA ABLANG,nan
AGUAS PAOLO,OUR LADY OF MOUNT CARMEL MEDICAL CENTER,nan
AGUILAR BERNADETTE,ST. FERDINAND MEDICAL ARTS BUILDING,nan
AMANSEC MERCEDITA,ST. FERDINAND MEDICAL ARTS BUILDING,48143.0
AMANSEC MA. CARMINA,MOTHER THERESA OF CALCUTTA MEDICAL CENTER,nan
ANTONIO KARREN,PAMPANGA PREMIER MEDICAL CENTER,nan
APILADO RALPH LORENZ,HI PRECISION DIAGNOSTIC,nan
APOSTOL FRANCIS XAVIER,MOTHER THERESA OF CALCUTTA MEDICAL CENTER,nan
ARAULLO MA. LETICIA,PAMPANGA MEDICAL SPECIALIST HOSPITAL,nan
ATILANO ALBERTO,GREEN CITY MEDICAL CENTER,nan
BACANI MYRNA,ROSARIO MEMORIAL HOSPITAL,nan
BALAGTAS CIELA,MOTHER THERESA OF CALCUTTA MEDICAL CENTER,nan
BALUYUT JR. ANGELITO,ST. MICAHEL MEDICAL CENTER,nan
BAUTISTA IRMA CLAIRE,ST. JOSEPH HOSPITAL,76490.0
BERMUDEZ ANA KRISTINE,JOSE B LINGAD MEMORIAL GENERAL HOSPITAL,nan
BERNAL GERALD,BERNAL MEDICAL CLINIC,84558.0
BONGCO ROSARIO,BONGCO MEDICAL CLINIC,79999.0
BRINGAS RHONDA,MED CENTRAL CLINC,88764.0
BRIONES ASEAN,SUBIC DISPENSARY HOSPITAL,98403.0
BUGARIN ORLANDO,TWIN HEARTS MEDICAL CLINIC,940401.0
BUSTAMANTE CARLOS,BUSTAMANTE MEDICAL CLINIC,46967.0
BUSTAMANTE MARICAR,BUSTAMANTE MEDICAL CLINIC,nan
BUTON-NABONG KATRINA,OUR LADY OF MOUNT CARMEL MEDICAL CENTER,nan
CACHO WILFREDO,CACHO MEDICAL CLINIC,69088.0
CALAPATIA DAVID,CALAPATIA MEDICAL CLINIC,56820.0
CALMA JACQUELINE,APALIT DOCTORS HOSPITAL,nan
CANDA JUAN,ST. FERDINAND MEDICAL ARTS BUILDING,46992.0
CANLAS RAUL,CITY MEDICAL PLAZA,86076.0
CANLAS RAYMOND,VL MAKABALI MEMORIAL HOSPITAL,nan
CANO MA. CRISTINA,MOTHER THERESA OF CALCUTTA MEDICAL CENTER,nan
CAPATI REYNER,MERCY CLINIC,67366.0
CAPATI COZET,PAMPANGA MEDICAL SPECIALIST HOSPITAL,nan
CAPATI RAMIL,PAMPANGA MEDICAL SPECIALIST HOSPITAL,nan
CARLOS ARMI DIANNE,OUR LADY OF ROSARY HOSPITAL,110494.0
CARLOS JENNA MARIE,OUR LADY OF MOUNT CARMEL MEDICAL CENTER,nan
CARLOS CONRAD,CARLOS MEDICAL CLINIC,nan
CAROLINO LEI ANNE,VL MAKABALI MEMORIAL HOSPITAL,nan
CASTILLO ANTONIO,CASTILLO MEDICAL CLINIC,85031.0
CASTRO ESTRELLA,CASTRO MEDICAL CLINIC,nan
CAYABYAB SHEILA,HOLY TRINITY HOSPITAL,112335.0
CHINCUANCO KAREN,ST SIMON DIAGNOSTICS AND MEDICAL CLINIC,nan
CHIONG BENITO,CHIONG FAMILY CLINIC,52024.0
CHIONG PATRICK,CHIONG FAMILY CLINIC,nan
CHU JOE MICHAEL,GREEN CITY MEDICAL CENTER,nan
CLAVIO JOSEPH AARON,OUR LADY OF MOUNT CARMEL MEDICAL CENTER,nan
CLEMENTE  AINAH PAMELA,ESCOLASTICA ROMERO DISTRICT HOSPITAL,nan
CREDO MANUEL,"MEXICO, PAMPANGA",nan
CRUZ PHILIP RAYMOND,APALIT DOCTORS HOSPITAL,nan
CRUZ DARWIN,ROSARIO MEMORIAL HOSPITAL,nan
CRUZ VERONICA,OUR LADY OF MOUNT CARMEL MEDICAL CENTER,nan
CUEVAS RONALDO,CUEVAS MEDICAL CLINIC,70846.0
DALUZ JOHN LEVI,GREEN CITY MEDICAL CENTER,nan
DARJUAN DARWIN,ST. FERDINAND MEDICAL ARTS BUILDING,103309.0
DE GUZMAN NOEL,GREEN CITY MEDICAL CENTER,nan
DE LARA JOY,VL MAKABALI MEMORIAL HOSPITAL,100839.0
DECIERTO GIL,DECIERTO MEDICAL CLINIC,84909.0
DEL ROSARIO HONESTO,CLINICA DEL ROSARIO,79670.0
DELA ROSA CHARMAINE,SAN FERNANDINO HOSPITAL,nan
DIAZ JUAN ARMANDO,OUR LADY OF MOUNT CARMEL MEDICAL CENTER,nan
DIWA HEZEL,HEALTH SUMMIT HEALTHCARE SERVICES,90925.0
DIZON JUAN MIGUEL,MOTHER THERESA OF CALCUTTA MEDICAL CENTER,nan
DIZON MA. EILEEN,OUR LADY OF MOUNT CARMEL MEDICAL CENTER,nan
DUJUNCO MA. MARYLANE,MOTHER THERESA OF CALCUTTA MEDICAL CENTER,nan
ESCUDERO FLORIDA,ST. JOSEPH HOSPITAL,86325.0
EUSTAQUIO CRISPIN,LINGAP HOSPITAL,nan
EVANGELISTA JOEL,ST. FERDINAND MEDICAL ARTS BUILDING,64209.0
EVANGELISTA LISA ANGELICA,LN DIAGNOSTIC & MULTISPECIALTYCLINIC,nan
EVANGELISTA RENATO,VL MAKABALI MEMORIAL HOSPITAL,nan
FARIN JULIUS,SUBIC DISPENSARY HOSPITAL,nan
GALLARDO MICHAEL  DENNIS,ARAYAT PAMPANGA,nan
GALLARDO AVEGAEL,ARAYAT PAMPANGA,nan
GALURA JEFFREY ANTHONY,MOTHER THERESA OF CALCUTTA MEDICAL CENTER,nan
GARCIA JOEL,GARCIA MEDICAL CLINIC,nan
GARCIA RAY WILSON,MOTHER THERESA OF CALCUTTA MEDICAL CENTER,nan
GOMEZ OLIVERT,HI PRECISION DIAGNOSTIC,83801.0
GOMEZ HAROLD,OUR LADY OF MOUNT CARMEL MEDICAL CENTER,nan
GOMEZ NOEL,GREEN CITY MEDICAL CENTER,nan
GUEVARRA FERNANDO,SAN FERNANDINO HOSPITAL,87673.0
GUEVARRA KIM,MOTHER THERESA OF CALCUTTA MEDICAL CENTER,nan
GUIAO FRANCISCO,MOTHER THERESA OF CALCUTTA MEDICAL CENTER,76771.0
GUTIERREZ GEMMA,VL MAKABALI MEMORIAL HOSPITAL,nan
HIZON MARC ANGELO,OUR LADY OF MOUNT CARMEL MEDICAL CENTER,nan
HIZON MARC ALISON,OUR LADY OF MOUNT CARMEL MEDICAL CENTER,nan
HIZON ALICA MARIE,PAMPANGA MEDICAL SPECIALIST HOSPITAL,nan
IGNACIO ANNE MARIE,PAMPANGA MEDICAL SPECIALIST HOSPITAL,76711.0
ILAYA ARIEL,ILAYA MEDICAL CLINIC,71742.0
JOCSON GABRIEL,GREEN CITY MEDICAL CENTER,92397.0
JOSE  JONATHAN,GREEN CITY MEDICAL CENTER,nan
JOSE JULIUS JEROME,OUR LADY OF MOUNT CARMEL MEDICAL CENTER,nan
JUICO-DUNGO KRISTINE IVETTE,GREEN CITY MEDICAL CENTER,nan
LACANIN MARY ROSE ANNE,OUR LADY OF MOUNT CARMEL MEDICAL CENTER,nan
LAXAMANA ABEL,ASCCOM-DLSU FRIENDSHIP MEDICAL CENTER,nan
LIBUNAO RAMON,ST. FERDINAND MEDICAL ARTS BUILDING,nan
LISING RUBY,"MEXICO, PAMPANGA",nan
LOPEZ JOHN KENNETH,GREEN CITY MEDICAL CENTER,nan
LORENZO ZARINA,ST. FERDINAND MEDICAL ARTS BUILDING,106155.0
LUGUE VINCENT,LUGUE FAMILY CLINIC,nan
LULU MERRY ANN,GREEN CITY MEDICAL CENTER,nan
MACABASAG SEANELLE,THE MEDICAL CITY WALTERMART SAN FERNANDO,nan
MACADANGDANG CARLOS,MACADANGDANG MEDICAL CLINIC ARAYAT PAMPANGA,nan
MAGCALAS ROBERT JOHN,FLORIDABLANCA DOCTORS HOSPITAL,nan
MAGNO GILBERT,LINGAP HOSPITAL,nan
MAGTOTO ALVIN HARREN,PAMPANGA PREMIER MEDICAL CENTER,nan
MAGTOTO JOHN KENNETH,GREEN CITY MEDICAL CENTER,nan
MALLARI GLENN,MALLARI FAMILY CLINIC,53701.0
MALLARI ODON,"MALLARI FAMILY CLINIC- MAGLIMAN, CSFP",nan
MALTU ARIEL ANTHONELL,ROSARIO MEMORIAL HOSPITAL,nan
MAMANGUN JOSE BIENSON,SAN FERNANDINO HOSPITAL,84133.0
MANALILI SHERYL,ISAAC CATALINA MEDICAL CENTER,100978.0
MANALILI JOHN LOUIE,PAMPANGA MEDICAL SPECIALIST HOSPITAL,13367.0
MANALO JUANCHO,VL MAKABALI MEMORIAL HOSPITAL,nan
MANALO JOHN JOSEPH,ST. FERDINAND MEDICAL ARTS BUILDING,nan
MANGULABNAN RED,JOSE B LINGAD MEMORIAL GENERAL HOSPITAL,nan
MANLUTAC JOSEPH,MOTHER THERESA OF CALCUTTA MEDICAL CENTER,nan
MARCADIA ALMA,BATAAN DOCTORS HOSPITAL,nan
MATIAS CESAR,ARAYAT DOCTORS HOSPITAL,nan
MEDINA CROMWELL,PAMPANGA MEDICAL SPECIALIST HOSPITAL,95946.0
MEDINA ANGELITO,ST. FERDINAND MEDICAL ARTS BUILDING,nan
MENDIOLA RENE,PAMPANGA MEDICAL SPECIALIST HOSPITAL,nan
MERCADO CONRADO,ST. FERDINAND MEDICAL ARTS BUILDING,84183.0
MILLO KRIZZIA,OUR LADY OF MOUNT CARMEL MEDICAL CENTER,nan
MIRANDA JOSE LEONEIL,ST. FERDINAND MEDICAL ARTS BUILDING,72079.0
MULDONG FRANCES,MEDTRUST DIAGNOSTICS AND PHARMACY,nan
NG ANTHEA,GREEN CITY MEDICAL CENTER,nan
NICDAO EUGENE RAYMUND,PAMPANGA MEDICAL SPECIALIST HOSPITAL,108018.0
NICDAO RUFINO,ROSARIO MEMORIAL HOSPITAL,48735.0
NIEVES MICHELLE,NIEVES MEDICAL CLINIC,nan
OANDASAN MA. PAMELA,BATAAN DOCTORS HOSPITAL,nan
PADILLA VLADIMIR,OUR LADY OF MOUNT CARMEL MEDICAL CENTER,nan
PAGALIWAGAN MA. THERESA,MACADANGDANG MEDICAL CLINIC ARAYAT PAMPANGA,nan
PAGOMPATUN MITO,BATAAN DOCTORS HOSPITAL,99758.0
PALMEA MADELEINE,"MEXICO, PAMPANGA",nan
PANGAN - SUAREZ CATHERINE,PANGAN MEDICAL CLINIC,nan
PANTIG VIRGILIO,GREEN CITY MEDICAL CENTER,62571.0
PATAJO JOSE,ASCCOM-DLSU FRIENDSHIP MEDICAL CENTER,63543.0
PAULE ARGIE,OUR LADY OF MOUNT CARMEL MEDICAL CENTER,nan
PAYUMO ELAINE,PAMPANGA MEDICAL SPECIALIST HOSPITAL,98175.0
PELAGIO GIL FRANCIS,PAMPANGA MEDICAL SPECIALIST HOSPITAL,nan
PELAYO  NIKKI ANNE,GREEN CITY MEDICAL CENTER,nan
PENAFIEL ALVIN,ST. FERDINAND MEDICAL ARTS BUILDING,89821.0
PENAFIEL HAZEL,GREEN CITY MEDICAL CENTER,89822.0
PERALTA CHERYLL,PERALTA MEDICAL CLINIC,55405.0
PILAR ARTEMIO,ASCCOM-DLSU FRIENDSHIP MEDICAL CENTER,84900.0
PINEDA ALEX,PINEDA MEDICAL CLINIC,79305.0
PINEDA ARNOLD,GREEN CITY MEDICAL CENTER,nan
PUNSALAN PORFIRIO,ST. FERDINAND MEDICAL ARTS BUILDING,97820.0
PUNSALAN JOHN JOSHUA,GREEN CITY MEDICAL CENTER,nan
QUIAMBAO DIANE CAMILLE,MEDTRUST DIAGNOSTICS AND PHARMACY,nan
RAMOS JENNIFER,VL MAKABALI MEMORIAL HOSPITAL,nan
RAMOS RALPH JEFFERSON,PAMPANGA MEDICAL SPECIALIST HOSPITAL,nan
REBOJA JOHN FRANCIS,OUR LADY OF MOUNT CARMEL MEDICAL CENTER,nan
REBONG RITCHIE,PAMPANGA MEDICAL SPECIALIST HOSPITAL,100159.0
REDOBLADO BRIAN,ST. FERDINAND MEDICAL ARTS BUILDING,105339.0
REOYAN GIRLIE,OUR LADY OF MOUNT CARMEL MEDICAL CENTER,nan
REYES BENEDICT,ST. JOSEPH HOSPITAL,nan
RIVERA MICHAEL GEOFFREY,RIVERA MEDICAL CLINIC,nan
ROBLES CLAIRE ERNESTINE,OUR LADY OF MOUNT CARMEL MEDICAL CENTER,nan
RONQUILLO RELLY ANN,ST. JOSEPH HOSPITAL,nan
ROQUE LORD ALFRED,ROQUE MEDICAL CLINIC,nan
ROZUL NESSAEL,ASCCOM-DLSU FRIENDSHIP MEDICAL CENTER,nan
ROZUL MARIE,ASCCOM-DLSU FRIENDSHIP MEDICAL CENTER,nan
RUBIO FERDINAND,ASCCOM-DLSU FRIENDSHIP MEDICAL CENTER,97462.0
SAGUM BABYLYN,SAGUM MEDICAL CLINIC,nan
SALEM WINSTON,ST. JOSEPH HOSPITAL,nan
SALVADOR ALFRED,ISAAC CATALINA MEDICAL CENTER,nan
SAMSON  ACE,SAN FERNANDINO HOSPITAL,nan
SAN ANTONIO LUCIANO,OUR LADY OF MOUNT CARMEL MEDICAL CENTER,nan
SAN GABRIEL MICHAEL JOHN,KCSG HEALTHCARE,86726.0
SANTOS FERNANDO RENE,SANTOS MEDICAL CLINIC,nan
SAPNU KARREN,THE MEDICAL CITY WALTERMART SAN FERNANDO,nan
SARMIENTO SHERWIN JOSEPH,SARMIENTO MEDICAL CLINIC,nan
SAYLO MA. ROSARIO TERESA,OUR LADY OF MOUNT CARMEL MEDICAL CENTER,nan
SAZON JOSEPH FRANCIS,MOTHER THERESA OF CALCUTTA MEDICAL CENTER,nan
SERRANO MICHELLE,PAMPANGA MEDICAL SPECIALIST HOSPITAL,98490.0
SESE ALEJANDRO,GREEN CITY MEDICAL CENTER,nan
SEVILLA ALMALYN,SEVILLA MEDICAL CLINIC,nan
SIMPAO LEANDER PHILIP,GREEN CITY MEDICAL CENTER,nan
SUACO DAVID,GREEN CITY MEDICAL CENTER,nan
SUNGA HAROLD,MEDTRUST DIAGNOSTICS AND PHARMACY,nan
SUSI RENE,PAMPANGA MEDICAL SPECIALIST HOSPITAL,nan
SWIN CATHERINE,ISAAC CATALINA MEDICAL CENTER,nan
TAMAYO JOSEPH GEORGE,VL MAKABALI MEMORIAL HOSPITAL,86693.0
TAYAG-GERMINO SIMONETTE,TAYAG MEDICAL CLINIC,86414.0
TIGLAO EDGARDO,OUR LADY OF MOUNT CARMEL MEDICAL CENTER,nan
TIOLECO DANIEL,TIOLECO MEDICAL CLINIC,nan
TOLEDANES HONEYGIRL,VL MAKABALI MEMORIAL HOSPITAL,nan
TOLEDANO BRYAN,OUR LADY OF MOUNT CARMEL MEDICAL CENTER,nan
TONGOL  TIMOTHY,JOSE B LINGAD MEMORIAL GENERAL HOSPITAL,nan
TONGOL-PINEDA RACHELLE,CITY MEDICAL PLAZA,88245.0
TUAZON JOSEPH EDUARDO,ST. FERDINAND MEDICAL ARTS BUILDING,96530.0
TUAZON DANNY JOSEPH,ST. JOSEPH HOSPITAL,nan
VALENCIA LEE BOYD,GREEN CITY MEDICAL CENTER,nan
VALERIO AMIEL,DIASERV MEDICAL CLINIC,92762.0
VICTORIA JUDE,VICTORIA MEDICAL CLINIC,66998.0
VILLAFUERTE JOHN CEDRIC,OUR LADY OF MOUNT CARMEL MEDICAL CENTER,nan
VILLANUEVA CHRISTIAN,"MEXICO, PAMPANGA",nan
VINLUAN VIRGILIO,ISAAC CATALINA MEDICAL CENTER,55226.0
VIRAY JOSE HECTOR,VIRAY MEDICAL CLINIC,86148.0
YABUT LILIBETH,OUR LADY OF ROSARY HOSPITAL,64100.0
YABUT ROBERTO,ROSARIO MEMORIAL HOSPITAL,49669.0
YAO REGINA,YAO MEDICAL CLINIC,105250.0
YAP ALEXIS,OUR LADY OF MOUNT CARMEL MEDICAL CENTER,nan
YU BLESSIE,PAMPANGA MEDICAL SPECIALIST HOSPITAL,nan
YUMANG GABROIEL,PAMPANGA PREMIER MEDICAL CENTER,nan
ABENES CAROLINE,DIABETES CLINIC,nan
ABON FERDINAND,OUR LADY OF MERCY,nan
ABRIL KARISSE,ACE MALOLOS BULACAN,nan
ACUESTA CRISTINA,GALVEZ HOSPITAL,nan
ADIAZ TWINKLE,OUR LADY OF MERCY,nan
ADRIANO CHERYL GRACE,GRAMAN HOSPITAL,nan
ADRIANO JOHN CEL,BULACAN  MEDICAL CENTER,nan
AGAS FRANZ MIKKAEL,BULACAN  MEDICAL CENTER,nan
ALBA MARGARETTE,SACRED HEART HOSPITAL,nan
ALMARIO ALDRIN JOHN,BULACAN  MEDICAL CENTER,nan
ALOJIPAN JEAM,STA CRUZ HOSPITAL,nan
ANDRES FREDELYN,BULACAN  MEDICAL CENTER,nan
APOSTOL HITLER,HAGONOY DISTRICT HOSPITAL,nan
AVENIDO AMELLE CRISLYD,BULACAN  MEDICAL CENTER,nan
BALUYOT JASPER,BULACAN  MEDICAL CENTER,nan
BARBACENA MARIA COLEEN,BULACAN  MEDICAL CENTER,nan
BARCELON ALEXA JEAN CHARISMA,BULACAN  MEDICAL CENTER,nan
BATOON ALEXANDER,SACRED HEART HOSPITAL,nan
BAUTISTA EDITHA,MAGINAO CLINIC,nan
BAUTISTA ELVIRA,CASTRO GENERAL HOSPITAL,nan
BAUTISTA CHRISTIAN,CASTRO GENERAL HOSPITAL,nan
BAUTISTA MONICO ANTON,BULACAN  MEDICAL CENTER,nan
BAYAN  LEAH JEANETTE,EMMANUEL HOSPITAL,nan
BAYAN  SOLITA,CASTRO GENERAL HOSPITAL,nan
BAYAN  VIRGILIO,EMMANUEL HOSPITAL,nan
BAYUDAN KRISELLA ANNE,BULACAN  MEDICAL CENTER,nan
BENAVIDEZ MARY JANE,SACRED HEART HOSPITAL,nan
BERNARDINO KEENO,BULACAN  MEDICAL CENTER,nan
BOLINAS ROBERTO,SACRED HEART HOSPITAL,nan
BORLONGAN MERCEDITAS,RHU PAOMBONG,nan
BUENO RAYMOND,BULACAN  MEDICAL CENTER,nan
BULAONG ANTONIO,LA CONSOLACION HOSPITAL,nan
BULAONG MARIE VERONICA,GRAMAN HOSPITAL,nan
BUQUID ADRIANNE JUENE,PULILAN MULTISPECIALTY CLINIC,nan
CALALANG JONATHAN,CASTRO GENERAL HOSPITAL,nan
CALDERON RHEA,SACRED HEART HOSPITAL,nan
CALMA JACQUELINE,SANTOS GENERAL HOSPITAL,nan
CALUAG JANE,SURECARE CLINIC,nan
CAMUA MELANIE,ST. VINCENT POLYCLINIC,nan
CAPULONG MA. JEAN,BULACAN  MEDICAL CENTER,nan
CARASIG RENATO,CARASIG CLINIC,nan
CARLOS FRANCIS,BULACAN  MEDICAL CENTER,nan
CARLOS KIM,ST. VINCENT LABORATORY,nan
CARLOS JOSE RAYMUNDO,ST. VINCENT CLINIC,nan
CATACUTAN JUZY,ACE MALOLOS BULACAN,nan
CAYLAO MA. NORMA,CASTRO GENERAL HOSPITAL,nan
CENTENO ZOTICO VINCENT,CENTENO MED CLINIC,nan
CERVERA MIGUEL,MARCELO HOSPITAL,nan
CHUA BENEDICTO,CHUA CLINIC,nan
CHUA FERDINAND JOSE,SACRED HEART HOSPITAL,nan
CHUA MAE CEILENE,COMMLAB CAINGIN,nan
CINCO ERLINDA,NORZAGARAY DISTRICT HOSPITAL,nan
CORONEL MARICHEL,OUR LADY OF MERCY,nan
CORREA PAMELA CJISEL,HI PRECISION BALIWAG BULACAN,nan
CRUZ ALBERTO,BALIWAG CLINIC,nan
CRUZ JANNICE LORIE,EMMANUEL HOSPITAL,nan
CRUZ JIMMY,MARCELO HOSPITAL,nan
CRUZ MA. MARCI,OUR LADY OF MERCY,nan
CRUZ CLARISSA MARIE,BULACAN  MEDICAL CENTER,nan
CRUZ PHILIP,GRAMAN HOSPITAL,nan
CRUZ ABRAHAM,SACRED HEART HOSPITAL,nan
CRUZ MYRNA,NORZAGARAY DISTRICT HOSPITAL,nan
CRUZ JAMIE ANNE,BULACAN  MEDICAL CENTER,nan
CRUZ MARIA NIKKI,SACRED HEART HOSPITAL,nan
CRUZ VERONICA,BULACAN  MEDICAL CENTER,nan
CRUZ GILBERT,ACE MALOLOS BULACAN,nan
CRUZCOZA JOSEPH PAUL,ST. VINCENT CLINIC,nan
CUNDANGAN  MELISSA,SACRED HEART HOSPITAL,nan
DACUMOS GUIA,OUR LADY OF MERCY,nan
DACUMOS FERDINAND,ST. VINCENT CLINIC,nan
DAITO JEREMIE,BULACAN  MEDICAL CENTER,nan
DAVID MARK FRANCISCO,CASTRO GENERAL HOSPITAL,nan
DAVID RUTH,BULACAN  MEDICAL CENTER,nan
DE ASIS MARILOU,GRAMAN HOSPITAL,nan
DE GUZMAN NICHOLE ANDREA,BULACAN  MEDICAL CENTER,nan
DE LEON MICO,SACRED HEART HOSPITAL,nan
DE VERA EDNA,GALVEZ HOSPITAL,nan
DEL ROSARIO JASMIN,SACRED HEART HOSPITAL,nan
DELA CRUZ RUTH IREMAE,BULACAN  MEDICAL CENTER,nan
DELA CRUZ SONNY,BULACAN  MEDICAL CENTER,nan
DELA CRUZ RAYMOND,GALVEZ HOSPITAL,nan
DELA MERCED RESTITUTO,SACRED HEART HOSPITAL,nan
DELA VEGA ELAINE,STA CRUZ HOSPITAL,nan
DEMETRIA ELPIDIO,SACRED HEART HOSPITAL,nan
DIMAAPI IRENE,CASTRO GENERAL HOSPITAL,nan
DOMINGO BENILDA,BALIWAG CLINIC,nan
DUQUE AINA,SACRED HEART HOSPITAL,nan
EDNAVE ARIEL,STA CRUZ HOSPITAL,nan
EGARGO JESUS,SACRED HEART HOSPITAL,nan
ELFA SANDY,BULACAN  MEDICAL CENTER,nan
ESCUDERO CHARITO,ST. VINCENT POLYCLINIC,nan
ESPANA FLORAINE KRISTIN,SACRED HEART HOSPITAL,nan
ESTRADA OLIVER,ACE MALOLOS BULACAN,nan
ESTRELLA AGNES,OUR LADY OF MERCY,nan
FARINAS ALBERTO,SACRED HEART HOSPITAL,nan
FARINAS AILEEN ABIGAIL,SACRED HEART HOSPITAL,nan
FERNANDEZ RAYMUND,CASTRO GENERAL HOSPITAL,nan
FERNANDEZ RENE,IMMACULATE CONCEPTION HOSPITAL,nan
FLAVIANO ROMMEL,SACRED HEART HOSPITAL,nan
FOJAS ARCHIE,GRAMAN HOSPITAL,nan
FRANCISCO DOMINIC FREDERICK,BULACAN  MEDICAL CENTER,nan
GABAGAT ERICA,BULACAN  MEDICAL CENTER,nan
GABION APPLE,SACRED HEART HOSPITAL,nan
GALANG JOSEPHINE,ST. VINCENT LABORATORY,nan
GALVEZ RAULDAN,GALVEZ HOSPITAL,nan
GALVEZ CHERYL,GALVEZ HOSPITAL,nan
GARCIA MAE,CASTRO GENERAL HOSPITAL,nan
GARCIA JOHARA,GALVEZ HOSPITAL,nan
GATMAITAN JOSELITO,BALIWAG CLINIC,nan
GATUS PATRICIA,GRAMAN HOSPITAL,nan
GONZALES ROCELIA,OUR LADY OF MERCY,nan
GONZALES VON ELDON,GRAMAN HOSPITAL,nan
GORON CHRISTINE JOYCE,BULACAN  MEDICAL CENTER,nan
GOTE NASSIEF,BULACAN  MEDICAL CENTER,nan
GUNGON MA. CONCEPCION,SACRED HEART HOSPITAL,nan
HERNANDEZ HARVEY,SACRED HEART HOSPITAL,nan
HIDALGO RITCHEL,SACRED HEART HOSPITAL,nan
HUNG LESTHER,BULACAN  MEDICAL CENTER,nan
INOCENCIO MAY ANNE,BULACAN  MEDICAL CENTER,nan
JACINTO JORG JURGEN,EMMANUEL HOSPITAL,nan
JAVIER RONALD,GRAMAN HOSPITAL,nan
JAVIER RIA,BULACAN  MEDICAL CENTER,nan
JOSE LILIA MONINA,SACRED HEART HOSPITAL,nan
JOSE JACKLYN,BULACAN  MEDICAL CENTER,nan
JUAT VIRGILIO,HAGONOY DISTRICT HOSPITAL,nan
LABAYOG LOVEY,MARCELO HOSPITAL,nan
LAO RONNIE,SACRED HEART HOSPITAL,nan
LAQUINDANUM SERAH KAE,SACRED HEART HOSPITAL,nan
LATA DIANA NYX,SACRED HEART HOSPITAL,nan
LAVA ANA,SACRED HEART HOSPITAL,nan
LAW JODELYN,HI PRECISION BALIWAG BULACAN,nan
LEANO DANICE,SACRED HEART HOSPITAL,nan
LEGASPI MARIA ANA PATRICIA,BULACAN  MEDICAL CENTER,nan
LEGASPI JAMES VINCENT,OUR LADY OF MERCY,nan
LIM DONDI,SACRED HEART HOSPITAL,nan
LIZARONDO PATRICK,BULACAN  MEDICAL CENTER,nan
LORENZO MARK JOSEPH,BULACAN  MEDICAL CENTER,nan
LUCAS RIZA,STA CRUZ HOSPITAL,nan
LUMIQUED JERSEY,EMMANUEL HOSPITAL,nan
LUNA JUNE,BALIWAG CLINIC,nan
MABALAY SHARON,NORZAGARAY DISTRICT HOSPITAL,nan
MAGBITANG MEDINA,GALVEZ HOSPITAL,nan
MAGLAQUI ALMIRA,SACRED HEART HOSPITAL,nan
MANALAYSAY FREDERICK,GRAMAN HOSPITAL,nan
MANALAYSAY AMANDA MAE,SACRED HEART HOSPITAL,nan
MANALO NILDA,DIABETES CLINIC,nan
MANINANG JR. NOEL,SACRED HEART HOSPITAL,nan
MARCELINO GERLYN,BULACAN  MEDICAL CENTER,nan
MARCELO RONY,MARCELO HOSPITAL,nan
MARCELO JOMAR,MARCELO HOSPITAL,nan
MARIANO ROSALYN,BULACAN  MEDICAL CENTER,nan
MEDINA MARITES,LA CONSOLACION HOSPITAL,nan
MENDOZA MARIA LEONORA,SACRED HEART HOSPITAL,nan
MUTUC KENNETH,CLINICA SAN PEDRO,nan
NAVARRO NIEL PAOLO,BULACAN  MEDICAL CENTER,nan
NAZARENO JOHN,NAZARENO CLINIC,nan
NICOLAS JAY JOSEPH,BALIWAG CLINIC,nan
OBEDOZA EBENEZER,STA CRUZ HOSPITAL,nan
OBIAS JERINE,BULACAN  MEDICAL CENTER,nan
OLIVEROS DEBBIE ANN,BALIWAG CLINIC,nan
ORTEGA CHERTER,EMMANUEL HOSPITAL,nan
PADILLA STANLEY,MARCELO HOSPITAL,nan
PAITIM GEORGE,NORZAGARAY DISTRICT HOSPITAL,nan
PANDY RECEY MARIE,SACRED HEART HOSPITAL,nan
PANGANIBAN RANDY,ACE MALOLOS BULACAN,nan
PASTOR MARIE CHARMAINE,BULACAN  MEDICAL CENTER,nan
PATAWARAN ORPHA,BALIWAG CLINIC,nan
PAULINO EMILY,MAGINAO CLINIC,nan
PEDROSA CRIS CARLO,BULACAN  MEDICAL CENTER,nan
PEREZ MELISSA,IMMACULATE CONCEPTION HOSPITAL,nan
PESEBRE RAYMUND,SACRED HEART HOSPITAL,nan
PESEBRE RHODORA,NORZAGARAY DISTRICT HOSPITAL,nan
PINGOL ROSEMARIE,SACRED HEART HOSPITAL,nan
PORCIUNCULA NINO EMERICO,PORCUNCIOLA CLINIC,nan
POSO ROSELLE,ACE MALOLOS BULACAN,nan
PUNONGBAYAN ROMMEL,SANTOS GENERAL HOSPITAL,nan
QUE MARIA THERESA,CASTRO GENERAL HOSPITAL,nan
QUETUA ORLANDO,ST. VINCENT CLINIC,nan
RAMOS PATRICK,OUR LADY OF MERCY,nan
RAMOS SHIELA MARIE,OUR LADY OF MERCY,nan
RAMOS LORINO IBERIO,IMMACULATE CONCEPTION HOSPITAL,nan
RAMOS RAMIL,RHU 1 BALIUAG,nan
RAMOS CHRISTIAN,MARCELO HOSPITAL,nan
RAYO JOSEPH,SAN MIGUEL DISTRICT HOSPITAL,nan
RENTON MARCO ANGELO,BULACAN  MEDICAL CENTER,nan
RETUERMA GRACE,SACRED HEART HOSPITAL,nan
RIOVEROS ANGELITO,SACRED HEART HOSPITAL,nan
RIOVEROS CHERLAMIR,SACRED HEART HOSPITAL,nan
ROBLES BARBRA ANN,BALIWAG CLINIC,nan
ROBLES SAMANTHA,MARCELO HOSPITAL,nan
RODRIGUEZ WILLIAM,SACRED HEART HOSPITAL,nan
ROQUE JAYSON,SACRED HEART HOSPITAL,nan
ROXAS JAN KEVIN,GALVEZ HOSPITAL,nan
SALAMAT LLEWELYN,HAGONOY DISTRICT HOSPITAL,nan
SALVADOR PILAR,NORZAGARAY DISTRICT HOSPITAL,nan
SALVADOR ALBERT,NORZAGARAY DISTRICT HOSPITAL,nan
SAMSON CLARISSA,MARCELO HOSPITAL,nan
SAN DIEGO MARI FAY,SACRED HEART HOSPITAL,nan
SANDIEGO MICAELA,SANDIEGO CLINIC,nan
SANDIEGO ANNA ROSALIA,SANDIEGO CLINIC,nan
SANTIAGO MA. ROSARIO,SACRED HEART HOSPITAL,nan
SANTIAGO MARIO LOY,OUR LADY OF MERCY,nan
SANTIAGO SEGNORE,ST. VINCENT POLYCLINIC,nan
SANTIAGO JEFFREY,ACE MALOLOS BULACAN,nan
SANTOS RANDY,HAGONOY DISTRICT HOSPITAL,nan
SANTOS MARY ANN,SACRED HEART HOSPITAL,nan
SANTOS QUENCIANA,NORZAGARAY DISTRICT HOSPITAL,nan
SANTOS MYRNA,STA CRUZ HOSPITAL,nan
SANTOS RHEA,MARCELO HOSPITAL,nan
SANTOS JOLLY,COMMLAB CAINGIN,nan
SARMIENTO JOLIBEE,NORZAGARAY DISTRICT HOSPITAL,nan
SARMIENTO MARICAR,HI PRECISION BALIWAG BULACAN,nan
SAYCO MILDRED,CASTRO GENERAL HOSPITAL,nan
SAYO MARY THERESE,SAYO CLINIC,nan
SICCION ROBERTINO,PULILAN MULTISPECIALTY CLINIC,nan
SIUTE RACHELLE ANN,SACRED HEART HOSPITAL,nan
SOTTA LAARNI LOU,EMMANUEL HOSPITAL,nan
STO. TOMAS LIZBETH,BALIWAG CLINIC,nan
TANDOC ERDULFO VICTOR,SACRED HEART HOSPITAL,nan
TIONGSON MARIA LOUISA GWEN,SACRED HEART HOSPITAL,nan
TIOPIANCO JOHN PAUL,SACRED HEART HOSPITAL,nan
TONGCO CRISTINA,ST. VINCENT POLYCLINIC,nan
TORRES LLOYD,SACRED HEART HOSPITAL,nan
TRIPON EDHEL,SACRED HEART HOSPITAL,nan
TUAZON JASMIN,MARCELO HOSPITAL,nan
TUGNA SHERYL,SACRED HEART HOSPITAL,nan
UMANA GERRY,SAN MIGUEL DISTRICT HOSPITAL,nan
UY RODOLFO,SACRED HEART HOSPITAL,nan
VALDEZ BRAINER VITTORIO,BULACAN  MEDICAL CENTER,nan
VALENZUELA ELIZA,BALIWAG CLINIC,nan
VERA EMMANUEL,EMMANUEL HOSPITAL,nan
VERA ELEAZER LEOPOLD,EMMANUEL HOSPITAL,nan
VEROY LESTER KRISTOFFERSON,SACRED HEART HOSPITAL,nan
VICTORIA ROLLAND ALBERT,BALIWAG CLINIC,nan
VILLANUEVA CARLO,SACRED HEART HOSPITAL,nan
VILLEGAS MARCO,EMMANUEL HOSPITAL,nan
VIOLAGO MARTIN,VIOLAGO CLINIC,nan
VITUG ARLENE,ST. VINCENT CLINIC,nan
VIUDEZ EMILY,VIUDEZ CLINIC,nan
VIUDEZ LOLITA,VIUDEZ CLINIC,nan
VIZCONDE AMELITA,MARCELO HOSPITAL,nan
YABUT ARIANE JOY,BULACAN  MEDICAL CENTER,nan
YAP EMILY,ST. VINCENT POLYCLINIC,nan
YAT RAUL BRIAN,BULACAN  MEDICAL CENTER,nan
YUMUL ANJANETTE,CASTRO GENERAL HOSPITAL,nan
AGONCILLO ANDREI,DE LA SALLE UNIVERSITY MEDICAL CENTER,nan
AGUILAR MON KENNETH,GENTRI MEDICAL CENTER,nan
ALCERA RAIGEL KENT,DE LA SALLE UNIVERSITY MEDICAL CENTER,nan
AMANTE PAOLO JORGE,DASMARINAS CITY MEDICAL CENTER,nan
AMBAGAN SUZZETTE,DE LA SALLE UNIVERSITY MEDICAL CENTER,nan
AMORA JONAH,DE LA SALLE UNIVERSITY MEDICAL CENTER,nan
ANICETO  GIMA,OUR LADY OF THE PILLAR MEDICAL CENTER,nan
BAIYA JANET,SILANG SPECIALIST MEDICAL CENTER,nan
BALALTA CRISANTO,BALALTA MEDICAL CLINIC,nan
BALALTA CRISTINE,DE LA SALLE UNIVERSITY MEDICAL CENTER,nan
BAQUIRAN JULIUS,SOUTHEAST ASIAN HOSPITAL AND MEDICAL CENTER,nan
BASTON AGNES,EMILIO AGUINALDO COLLEGE MEDICAL CENTER,nan
BASTONA JOHN NEAL,DE LA SALLE UNIVERSITY MEDICAL CENTER,nan
BELTIJAR LAVINIA,BELTIJAR MEDICAL CLINIC,nan
BICOL JENNY,DE LA SALLE UNIVERSITY MEDICAL CENTER,nan
BOBADILLA JOENA,MAGNOLIA INDUSTRIAL CLINIC,nan
BONSOL ANDREI,SAN LORENZO RUIZ HOSPITAL,nan
CABIDA CHRISTOPHER,TAGAYTAY MEDICAL CENTER,nan
CABRERA MAITA,KOREAN HOSPITAL AND MEDICAL CENTER,nan
CABUJAT ROEHL JOHN,DE LA SALLE UNIVERSITY MEDICAL CENTER,nan
CALLERA RONALDO,MEDICAL CENTER IMUS,nan
CALMA MARLISA,KOREAN HOSPITAL AND MEDICAL CENTER,nan
CANDING RENAN,OSPITAL NG TAGAYTAY,nan
CARLOS JOEL,DASMARINAS CITY MEDICAL CENTER,nan
CASTILLO CHRISTEL LYN,DIVINE GRACE MEDICAL CENTER,nan
CLOSA RICHIE,MEDICAL CENTER IMUS,nan
COSTA ROMEL,MEDICAL CENTER IMUS,nan
CRISOSTOMO - REYES GERTRUDE,SOUTH IMUS SPECIALIST HOSPITAL,nan
CUA ISABELLE,MEDICAL CENTER IMUS,nan
CUENCA CHARITO,CUENCA MEDICAL CLINIC,nan
CUEVAS GARY,ST. DOMINIC MEDICAL CENTER,nan
DAEZ ANGELO,OSPITAL NG TAGAYTAY,nan
DE GUZMAN GEELA,PAREDES MEDICAL CENTER AND HOSPITAL,nan
DILOY SHEENA ANN,DE LA SALLE UNIVERSITY MEDICAL CENTER,nan
DIZON TROY,DE LA SALLE UNIVERSITY MEDICAL CENTER,nan
ESAGUNDE ROMULO,OUR LADY OF THE PILLAR MEDICAL CENTER,nan
ESGUERRA KEVIN,WELLCARE DIAGNOSTIC CLINIC,nan
EVANGELISTA LAUREN KAY,DE LA SALLE UNIVERSITY MEDICAL CENTER,nan
FAIGAO RAYMUND,DASMARINAS CITY MEDICAL CENTER,nan
FERRER JOHN MICHAEL,PAREDES MEDICAL CENTER AND HOSPITAL,nan
FORONDA SHERWIN,GENTRI DOCTORS MEDICAL CENTER,nan
FRANCISCO DANICA,DE LA SALLE UNIVERSITY MEDICAL CENTER,nan
FUENTES DENNIS,BINAKAYAN HOSPITAL AND MEDICAL CENTER,nan
GABAT - TAN JULIE ANNE,DE LA SALLE UNIVERSITY MEDICAL CENTER,nan
GONZAGA PAULENE,MEDICAL CENTER IMUS,nan
GREGORIO REGINA,TAGAYTAY MEDICAL CENTER,nan
GUTIERREZ JULES,DE LA SALLE UNIVERSITY MEDICAL CENTER,nan
HERNANDEZ DAN PHILIP,MEDICAL CENTER IMUS,nan
HERNANDEZ ALLAN,TAGAYTAY MEDICAL CENTER,nan
ICASIANO IMELDA,DIVINE GRACE MEDICAL CENTER,nan
IDEA JEROME,TAGAYTAY MEDICAL CENTER,nan
JARING CRISTINA,SILANG SPECIALIST MEDICAL CENTER,nan
JAVONILLO ROWENA,DE LA SALLE UNIVERSITY MEDICAL CENTER,nan
JUNGCO MARIEVIC,GENTRI DOCTORS MEDICAL CENTER,nan
JUNSAY AVIGAEL,MEDICAL CENTER IMUS,nan
LEGASPI ENRICO PAOLO,DE LA SALLE UNIVERSITY MEDICAL CENTER,nan
LU JEREMY,DIVINE GRACE MEDICAL CENTER,nan
MALIG MARIELLE,VELAZCO HOSPITAL,nan
MALLILLIN NELSON,OUR LADY OF THE PILLAR MEDICAL CENTER,nan
MANABAT JENNIE,MAGNOLIA INDUSTRIAL CLINIC,nan
MANUEL GRETCHEN,DE LA SALLE UNIVERSITY MEDICAL CENTER,nan
MARTIN ANNE,GMF HOSPITAL,nan
MATANGUIHAN CARLO MIGUEL,DE LA SALLE UNIVERSITY MEDICAL CENTER,nan
MENDOZA HELEN,OUR LADY OF THE PILLAR MEDICAL CENTER,nan
MENDOZA - REYES JANICE VINESSA,PANAPAAN MEDICAL CLINIC,nan
MERCADO ELOISA,DE LA SALLE UNIVERSITY MEDICAL CENTER,nan
MERCENE RICH JOHN,DIVINE GRACE MEDICAL CENTER,nan
MILAY ARNEL,SAN LORENZO RUIZ HOSPITAL,nan
MIRANDA JOSE CARLOS,OUR LADY OF THE PILLAR MEDICAL CENTER,nan
MIRANDA JOANAVI,CAVITE MEDICAL CENTER,nan
MISA DARWIN,GENTRI DOCTORS MEDICAL CENTER,nan
MONTOYA ARNULFO,VELAZCO HOSPITAL,nan
NABLO MARY DAWN,DE LA SALLE UNIVERSITY MEDICAL CENTER,nan
NULUD - AMORA MICHAELLA,DASMARINAS CITY MEDICAL CENTER,nan
OLIVEROS JOHN RONALD,DASMARINAS CITY MEDICAL CENTER,nan
ONDA CHARLES,WELLCARE DIAGNOSTIC CLINIC,nan
ORDANZA MARY JOY,EMILIO AGUINALDO COLLEGE MEDICAL CENTER,nan
ORLINO RAYMUND MARCUS,DE LA SALLE UNIVERSITY MEDICAL CENTER,nan
PADUA LEE MARVIN,PADUA-GRAJO MEDICAL CLINIC,nan
PADUA EVELYN,PADUA-GRAJO MEDICAL CLINIC,nan
PAGSISIHAN DAVERIC,DE LA SALLE UNIVERSITY MEDICAL CENTER,nan
PAGTAKHAN LUIS MIGUEL,SOUTHEAST ASIAN HOSPITAL AND MEDICAL CENTER,nan
PALMA REX,SILANG SPECIALIST MEDICAL CENTER,nan
PANGANIBAN ELISABETH,PANGANIBAN MEDICAL CLINIC,nan
PARCERO ROMAN VICTORINO,MEDICAL CENTER IMUS,nan
PASCO CARLO ANTONIO,SILANG SPECIALIST MEDICAL CENTER,nan
PEREGRINO ELSA,MEDICAL CENTER IMUS,nan
PUNZALAN RUTH,PUNZALAN MEDICAL CLINIC,nan
REYES ANGELITO,DE LA SALLE UNIVERSITY MEDICAL CENTER,nan
REYES JASON,OUR LADY OF THE PILLAR MEDICAL CENTER,nan
REYNERA MARITES,OUR LADY OF THE PILLAR MEDICAL CENTER,nan
RODEROS OLIVIA,DE LA SALLE UNIVERSITY MEDICAL CENTER,nan
ROME MICHAEL,ST. DOMINIC MEDICAL CENTER,nan
ROMEN MICHAEL ALLAN,GENTRI DOCTORS MEDICAL CENTER,nan
RUBIC GERALDINE,OUR LADY OF THE PILLAR MEDICAL CENTER,nan
SALANGSANG REI,DE LA SALLE UNIVERSITY MEDICAL CENTER,nan
SALVADOR ANNABELLE,MEDICAL CENTER IMUS,nan
SALVANERA VINCENT,MV SANTIAGO MEDICAL CENTER,nan
SAMUDIO JERAMAE,CAVITE MEDICAL CENTER,nan
SANDOVAL MAREON,DE LA SALLE UNIVERSITY MEDICAL CENTER,nan
SANTOS GERTRUDE,MEDICAL CENTER IMUS,nan
SANTOS HARIM,DE LA SALLE UNIVERSITY MEDICAL CENTER,nan
SATSATIN NIKKI NORMEL,PAREDES MEDICAL CENTER AND HOSPITAL,nan
SAYAS ROCHELLE,DIVINE GRACE MEDICAL CENTER,nan
SCHROTH DEXTER,GENTRI DOCTORS MEDICAL CENTER,nan
SE ALFREDO,AMISA MEDICAL MISSION CENTER,nan
SE SUSAN,AMISA MEDICAL MISSION CENTER,123456.0
SEE JASON,DE LA SALLE UNIVERSITY MEDICAL CENTER,nan
SEMBRANO JOSE MARIA,EMILIO AGUINALDO COLLEGE MEDICAL CENTER,nan
SIERRA REI FABBIE,DE LA SALLE UNIVERSITY MEDICAL CENTER,nan
SILVA AIMEE,DE LA SALLE UNIVERSITY MEDICAL CENTER,nan
SUBONG NESTOR,DE LA SALLE UNIVERSITY MEDICAL CENTER,nan
SUELA JUNAFEL,MAGNOLIA INDUSTRIAL CLINIC,nan
TAN GABRIEL,DIVINE GRACE MEDICAL CENTER,nan
TAYCO JOHN CARLO,DE LA SALLE UNIVERSITY MEDICAL CENTER,nan
TIUSECO MICHAEL MANUEL,MEDICAL CENTER IMUS,nan
TORRELAVEGA JONIL,SILANG SPECIALIST MEDICAL CENTER,nan
UY - REYES MICHELLE,DE LA SALLE UNIVERSITY MEDICAL CENTER,nan
VALENTE KATHLEEN JOY,SOUTHEAST ASIAN HOSPITAL AND MEDICAL CENTER,nan
VELASCO CLAIRE ANN,CAVITE MEDICAL CENTER,nan
VILLAMAR ANNA,KOREAN HOSPITAL AND MEDICAL CENTER,nan
VILLANUEVA JOYCE,OUR LADY OF THE PILLAR MEDICAL CENTER,nan
VILLASIS RAMON CHRISTIAN,MV SANTIAGO MEDICAL CENTER,nan
AGOSTO VALCIMAR,TONDO MEDICAL CENTER,nan
ALAGAR DAVID,PHILIPPINE ORTHOPEDIC CENTER,nan
ALKUINO GLENN PETER,MARY JOHNSTON HOSPITAL,nan
AQUINO CAMILO,MARY JOHNSTON HOSPITAL,nan
ARANTE-LLAGAS MELANIE,MARY JOHNSTON HOSPITAL,nan
ARENAS MA. AUGUSTIA,MARY JOHNSTON HOSPITAL,nan
ATIENZA SHERWIN,DR. T. REYES MEDICAL CLINIC,nan
BAGAY JAMES,CHINESE GENERAL HOSPITAL,nan
BARITUA KENNETH,METROPOLITAN MEDICAL CENTER,nan
BRITO EUGENIO,METROPOLITAN MEDICAL CENTER,nan
BURGOS GEM ANGELI,CHINESE GENERAL HOSPITAL,nan
CALUAG ELAINE,MACDHEBZ,nan
CHAN  HENRY,METROPOLITAN MEDICAL CENTER,nan
CHAN JOHN NOEL,CHINESE GENERAL HOSPITAL,nan
CHO CHIONG TAN,METROPOLITAN MEDICAL CENTER,nan
CHU HARVEY HENDRIX,METROPOLITAN MEDICAL CENTER,nan
CHUA CO KIONG DANILO,METROPOLITAN MEDICAL CENTER,nan
CHUA-HO MA. LUISA,METROPOLITAN MEDICAL CENTER,nan
CHUASUAN JR. WILLIAM DY,METROPOLITAN MEDICAL CENTER,nan
CO JOHANNA,METROPOLITAN MEDICAL CENTER,nan
CO PATRICK LEONARD GO,CHINESE GENERAL HOSPITAL,nan
CO KAREN,CHINESE GENERAL HOSPITAL,nan
CO ANDREW STEVEN,METROPOLITAN MEDICAL CENTER,nan
CRUZ JAYSON,METROPOLITAN MEDICAL CENTER,nan
CUKINGNAN ALEXANDER,CHINESE GENERAL HOSPITAL,nan
CUSTODIO TRISTAN,MARY JOHNSTON HOSPITAL,nan
DELA CRUZ EMMY LUZ,METROPOLITAN MEDICAL CENTER,nan
DELOS SANTOS RONALD,METROPOLITAN MEDICAL CENTER,nan
DUNGO EDWIN PAUL,DUNGO MEDICAL CLINIC,nan
DY RICARDO,METROPOLITAN MEDICAL CENTER,nan
ESCALDERON JENINA,CHINESE GENERAL HOSPITAL,nan
ESTEBAN EMMANUEL,METROPOLITAN MEDICAL CENTER,nan
FRANCISCO CHARO,MARY JOHNSTON HOSPITAL,nan
FRANCISCO MA. CECILIA,TONDO FORESHORE HEALTH CENTER,nan
GABRIEL-CHAN ANNE LOUISE,CHINESE GENERAL HOSPITAL,nan
GAMEZ YGNA ALLYRA,PHILIPPINE ORTHOPEDIC CENTER,nan
GO  JENNYLYN,CHINESE GENERAL HOSPITAL,nan
GO  ESTANISLAO,METROPOLITAN MEDICAL CENTER,nan
GORRO AGNES,TONDO MEDICAL CENTER,nan
GOTAMCO LAWRENCE,CHINESE GENERAL HOSPITAL,nan
GOTAMCO MARIA LUISA,CHINESE GENERAL HOSPITAL,nan
GOTAMCO GISELLE,CHINESE GENERAL HOSPITAL,nan
GUINGON RICARDO ORTIZ,MARY JOHNSTON HOSPITAL,nan
GUTIERREZ EUNICE JANE,METROPOLITAN MEDICAL CENTER,nan
HILARIO ED-MARVIN,CHINESE GENERAL HOSPITAL,nan
LEE  SUSAN,METROPOLITAN MEDICAL CENTER,nan
LEE NICA KRISTINE,CHINESE GENERAL HOSPITAL,nan
LEH PATRICK,CHINESE GENERAL HOSPITAL,nan
LEH JOSEPHINE,CHINESE GENERAL HOSPITAL,nan
LEH FREDERICK,CHINESE GENERAL HOSPITAL,nan
LI KINGBHERLY,CHINESE GENERAL HOSPITAL,nan
LIM EDGAR,EMERSON DRUG STORE,nan
LIM BAGAY MELISSA,CHINESE GENERAL HOSPITAL,nan
LIM-CO GOLDEE,CHINESE GENERAL HOSPITAL,nan
LIM-GUINGON  LUCITA,MARY JOHNSTON HOSPITAL,nan
LIMPIN MA. ENCARNITA,MARY JOHNSTON HOSPITAL,nan
LINGO MICHELLE,CHINESE GENERAL HOSPITAL,nan
LOO MICHAEL,CHINESE GENERAL HOSPITAL,nan
LU-KOH ROSIE SUE LUAN,CHINESE GENERAL HOSPITAL,nan
LUCERO LORETTA,MEDHAUS MULTI-SPECIALTY & DIAGNOSTIC CLINIC,nan
MARIANO KWAN JACK,MARIANO MEDICAL CLINIC,nan
MATIONG ELDY KRISTINE,METROPOLITAN MEDICAL CENTER,nan
MENDOZA JOSIEPHINE,METROPOLITAN MEDICAL CENTER,nan
NGO JOENAVIN,CHINESE GENERAL HOSPITAL,nan
OLIVAR JR. FRANCISCO,MARY JOHNSTON HOSPITAL,nan
ONG DELA CRUZ BERNICE,CHINESE GENERAL HOSPITAL,nan
ONG SEE JOHNSON,CHINESE GENERAL HOSPITAL,nan
ONG TANTUCO MARILOU,CHINESE GENERAL HOSPITAL,nan
ONG- GO MARY,CHINESE GENERAL HOSPITAL,nan
OSIAS JERNY,CHINESE GENERAL HOSPITAL,nan
PABICO CONRADO,BROADVIEW TOWER,nan
PABICO JULIE,BROADVIEW TOWER,nan
PANGANIBAN SHIRLEY JANE,CHINESE GENERAL HOSPITAL,nan
PANGANIBAN JULIANO Z.K.,CHINESE GENERAL HOSPITAL,nan
PASCUA VIRGINIA,OSTON,nan
PASTRANA EDMART,CHINESE GENERAL HOSPITAL,nan
PESCANTE MICHAEL,MARY JOHNSTON HOSPITAL,nan
PESCANTE MARGARET,MARY JOHNSTON HOSPITAL,nan
QUANICO ULYSSES,MARY JOHNSTON HOSPITAL,nan
QUE-ANSORGE CANDICE,METROPOLITAN MEDICAL CENTER,nan
RABO JUSTIN IOHANNE,METROPOLITAN MEDICAL CENTER,nan
RAGOS EVELYN,CHINESE GENERAL HOSPITAL,nan
REYES RICHMOND,CHINESE GENERAL HOSPITAL,nan
REYES TERESITA,DR. T. REYES MEDICAL CLINIC,nan
REYES EDGARDO,METROPOLITAN MEDICAL CENTER,nan
REYES-ADDATU ALMA,CHINESE GENERAL HOSPITAL,nan
RICAFRENTE JEORGINA,TAN'S CLINIC,nan
SANTIAGO JULIUS,SANTIAGO MULTI-SPECIALTY CLINIC,nan
SANTIAGO MICHELLE,SANTIAGO MULTI-SPECIALTY CLINIC,nan
SANTIAGO JESSIE,SANTIAGO MULTI-SPECIALTY CLINIC,nan
SANTOS POLICARPIO,METROPOLITAN MEDICAL CENTER,nan
SANTOS SHEENA MARIE,CHINESE GENERAL HOSPITAL,nan
SERAPIO SERAFIN,CHINESE GENERAL HOSPITAL,nan
SIAO-BRIGINO EVELYN,SIAO-BRIGINO FAMILY CLINIC,nan
SY HARLEY,CHINESE GENERAL HOSPITAL,nan
SY JOHNSON,CHINESE GENERAL HOSPITAL,nan
SY JONATHAN BENNETT,CHINESE GENERAL HOSPITAL,nan
SY  MARIANNE,METROPOLITAN MEDICAL CENTER,nan
SY-TAN ANITA,MARY JOHNSTON HOSPITAL,nan
TAN  LOUIE,CHINESE GENERAL HOSPITAL,nan
TAN VERONICA,METROPOLITAN MEDICAL CENTER,nan
TAN STEPHANY,CHINESE GENERAL HOSPITAL,nan
TAN SEABERT,BROADVIEW TOWER,nan
TAN ANTHONY,TAN'S CLINIC,nan
TAN DIANA,TAN'S CLINIC,nan
TAN IMELDA,TAN'S CLINIC,nan
TAN MICHELLE,TAN'S CLINIC,nan
TAN PHILIP,TAN'S CLINIC,nan
TAN SHARMAINE,TAN'S CLINIC,nan
TAN ENDYMION ERVIN,METROPOLITAN MEDICAL CENTER,nan
TANCHEE NGO MARY JANE,METROPOLITAN MEDICAL CENTER,nan
TEH CHRISTINE,CHINESE GENERAL HOSPITAL,nan
TIN JR. ROBERTO,METROPOLITAN MEDICAL CENTER,nan
TING  DONATO,METROPOLITAN MEDICAL CENTER,nan
TIU EDUARDO,METROPOLITAN MEDICAL CENTER,nan
TO KATHLEEN,CHINESE GENERAL HOSPITAL,nan
TRINIDAD TRISTAN,MARY JOHNSTON HOSPITAL,nan
UMALI JOSELITO,METROPOLITAN MEDICAL CENTER,nan
VARGAS AGNES,OSTON,nan
VILLANUEVA WARREN MICHAEL LEE,CHINESE GENERAL HOSPITAL,nan
VILLANUEVA RUTH,MARY JOHNSTON HOSPITAL,nan
WONG KENNETH ALFONSO,ASIATIC,nan
WOO EDWARD,METROPOLITAN MEDICAL CENTER,nan
YAP EDUARDO,METROPOLITAN MEDICAL CENTER,nan
YARISANTOS CHERRI RACHEL,CHINESE GENERAL HOSPITAL,nan
YAU TOMMY,CHINESE GENERAL HOSPITAL,nan
YU DANIEL WILLIAM,CHINESE GENERAL HOSPITAL,nan
AFABLE MARIA LUISA,MARIKINA VALLEY MEDICAL CENTER,55141.0
AMBA NEIL FRANCIS,HVILL HOSPITAL,120216.0
ANCHETA JESUS,SAN MATEO MEDICAL CENTER,90288.0
ANTONIO JULIAN EMMANUEL,ST.MATTHEUS HOSPITAL,71628.0
ANTONIO ATHENA,SAN MATEO MEDICAL CENTER,nan
ARENAS CHERRY,PADRE PIO HOSPITAL,nan
BARRENECHEA EMERITA,CENTRO MEDICAL CENTER,nan
BAUTISTA MARIA FE,SAN MATEO MEDICAL CENTER,nan
BAUTISTA-TAHIR FELISA,JP RIZAL,48205.0
BAYAUA RAYMOND,MARIKINA VALLEY MEDICAL CENTER,113433.0
CABANILLA KATHRINE,MATIAS-CABANILLA MEDICAL CLINIC,nan
CABANOS CHRISTIANNE,TMC SM SAN MATEO,103593.0
CAMBONGA MANDER,HVILL HOSPITAL,116451.0
CARLOS RUBELINO,CARLOS CLINIC,78899.0
CARRASCAL BEA BARBARA,SAN MATEO MEDICAL CENTER,nan
CASTRO JOSE NATHANIEL,MONTALBAN INFIRMARY,nan
CHAN ANTHONY JAYVEE,SDS MEDICAL CENTER,nan
CRUZ OLIVER,ST. VICTORIA HOSPITAL,nan
CRUZ SONNY,MONTALBAN INFIRMARY,nan
DANAO HAZEL,HI-PRECISION DIAGNOSTICS CLINIC,nan
DE GUZMAN WILFREDO,DE GUZMAN CLINIC,nan
DE JESUS MICHELLE,CENTRO MEDICAL CENTER,114670.0
DIAMANTE PEARL,SAN MATEO MEDICAL CENTER,nan
DIZON JAN MICHAEL,ST. ANTHONY HOSPITAL,nan
ENCINARES ALETH,SAN MATEO SUPERHEALTH CENTER,nan
ENRIQUEZ ZIA,BREEZE MEDICAL SERVICES,169366.0
EVILLA ROSEL,GOODMAN DIAGNOSTIC CENTER,nan
FLOREN KAREN GAIL,TMC SM SAN MATEO,nan
GUTIERREZ LOUIS MYKAEL,SAN MATEO DOCTORS,nan
IGNACIO SR. ENRICO,JP RIZAL,nan
LABAJO-PAGADUAN HANNAH RUTH,SAN MATEO MEDICAL CENTER,nan
LAZATIN TOMAS,GARCIA GENERAL HOSPITAL,nan
LIM JESUS,HOLY SAVIOR MEDICAL CLINIC,nan
MACAGBA BEVERLY KAYE,SAN MATEO MEDICAL CENTER,nan
MAGAT SUSAN,PADRE PIO HOSPITAL,nan
MAGBANUA-MAGLANQUE ERVA,PADRE PIO HOSPITAL,nan
MAGRACIA MARIA SALVACION,JP RIZAL,nan
MAGUSLOG SVETHLANA,TMC SM SAN MATEO,106565.0
MALLARI-CRUZ LORELEI,WELLNES MEDICAL CENTER,nan
MAMARADLO LIESERL PAULINE,HEALTHY MEH MEDICAL CLINIC,nan
MANANSALA-KONG RUTH ANN,TMC SM SAN MATEO,nan
MANGULABNAN VAN DERICK,SAN MATEO MEDICAL CENTER,11276.0
MANGULABNAN-CAPINPIN MELISSA CAMILLE,TMC SM SAN MATEO,nan
MAPANAO DAISY,ST. VINCENT HOSPITAL,nan
MARCELO PAULINE,BREEZE MEDICAL SERVICES,151844.0
MARIANO EMERSON,CLINICA BURGOS,120603.0
MENIA PHILBERT  JOHN,PADRE PIO HOSPITAL,128094.0
NIMENO STEFFI,DR. GOODHEALTH FAMILY CLINIC,nan
NOCON RAYMOND,NOCON CLINIC,155286.0
ORDONEZ RONALDO,ST. VICTORIA HOSPITAL,nan
ORO-JOSEF CHERIDINE,MARIKINA VALLEY MEDICAL CENTER,nan
PALENCIA MARY ROSE,SAN MATEO MEDICAL CENTER,nan
PAMPLONA ALDWIN,SAN MATEO MEDICAL CENTER,nan
PARENO ANNA,BAUTISTA CLINIC,79740.0
PERALTA RAFAEL JOSE,SAN MATEO MEDICAL CENTER,nan
PURA GERARDO,MARIKINA VALLEY MEDICAL CENTER,nan
QUIDAY JOSEPH,HVILL HOSPITAL,nan
RANA  MARIA JESUSA,HVILL HOSPITAL,nan
REBURIANO DENNIS,MARIKINA VALLEY MEDICAL CENTER,nan
REGIS REGINALDO,ST.TIMOTHY FAMILY CLINIC,nan
REGIS REYNALDO,ST.TIMOTHY FAMILY CLINIC,nan
RODULFO JR. JUANITO,ST. ANTHONY HOSPITAL,nan
SALVADOR RICA,CENTRO MEDICAL CENTER,101374.0
SALVADOR CHARRIE,CITY HEALTH OFFICE,81112.0
SALVADOR RICARDO,CENTRO MEDICAL CENTER,46375.0
SAMBRANA ABEGAIL,SAN MATEO MEDICAL CENTER,nan
SAMPANA CHRISTOPHER,SAN MATEO MEDICAL CENTER,nan
SAN JUAN MARY JENN,TMC SM SAN MATEO,nan
SANTOS ALWYN,MARIKINA VALLEY MEDICAL CENTER,nan
SANTOS RODRIGO,MARIKINA VALLEY MEDICAL CENTER,nan
SANTOS DINDO,ST. VINCENT HOSPITAL,nan
STA.ANA ENRICO,ST. VINCENT HOSPITAL,nan
SUMABAT-PARDILLA CIARALYN,HI-PRECISION DIAGNOSTICS CLINIC,nan
SY NOEMI ANGELA,SAN MATEO MEDICAL CENTER,144438.0
TAMARGO AILEN,ST. VINCENT HOSPITAL,nan
TAMAYO JR. ALAN,PRIMASERV MEDICAL HEALTH SOLUTIONS,nan
TRONCALES AURA,ST. VINCENT HOSPITAL,nan
VELILIA LAURENCE,CLINICA BURGOS,nan
VERGARA ALVIN,MY DOCTORS DIAGNOSTIC CLINIC,nan
VILLALUZ NICOLE ANNE,HI-PRECISION DIAGNOSTICS CLINIC,nan
VILLAREAL-GALAPON KATHERINE JARAMILLO,SAN MATEO MEDICAL CENTER,nan
YURAG JEFFREY,PADRE PIO HOSPITAL,nan
ZAMORA SAMUEL,P. GONZALEZ HOSPITAL,nan
ADEA JOSE ERNESTO,MAKATI MEDICAL CENTER,nan
ALAJOR KRISTINE,AVENTUS,nan
ALDEA  CHARISSE,MAKATI MEDICAL CENTER,nan
ALEMANY RAMON,MAKATI MEDICAL CENTER,89778.0
ANDAL RYAN,MAKATI MEDICAL CENTER,nan
ANG-GOLANGCO NERISSA,MAKATI MEDICAL CENTER,nan
ANSON JOSE,MAKATI MEDICAL CENTER,nan
AQUINO NORBERTO,MAKATI MEDICAL CENTER,nan
BALANGUIT STIHL,MAKATI MEDICAL CENTER,nan
BANICO MARIA PAULA,MAKATI MEDICAL CENTER,nan
BATALLA KRISHA,MAKATI MEDICAL CENTER,nan
BERNARDO ORVEN,PLDT,nan
BERNARDO JASMINE MELLISA,MAKATI MEDICAL CENTER,nan
BISQUERRA MARY ROSE,MAKATI MEDICAL CENTER,nan
BITON MYRA,MAKATI MEDICAL CENTER,nan
BRAVO MARTIN,MAKATI MEDICAL CENTER,nan
CACAL FRANCESS,MAKATI MEDICAL CENTER,nan
CAPELLAN MARIA LEONORA,MAKATI MEDICAL CENTER,nan
CESARIO RODRIGO,MAKATI MEDICAL CENTER,nan
CHAN REIZEN,PLDT,nan
CONCEPCION GERDA,MAKATI MEDICAL CENTER,nan
CRUZ JON,MAKATI MEDICAL CENTER,nan
CRUZ OLIVER,MAKATI MEDICAL CENTER,nan
CUTHON MARY,PLDT,nan
CUTHON EZRA,PLDT,nan
DANAO NINA,MAXICARE MAKATI,nan
DELA CRUZ FRANCESS,MAKATI MEDICAL CENTER,nan
DELOS REYES MARY ANDY,AVENTUS,nan
DEQUILLA BILLY,MAXICARE MAKATI,nan
DIENTE ANNA LAIRA,MAKATI MEDICAL CENTER,nan
DORION LOURDES,MAKATI MEDICAL CENTER,nan
ELASZEGUI DENISE,MAKATI MEDICAL CENTER,nan
FLORES VALERIE,MAXICARE MAKATI,nan
FONTANOZ EDGAR,FONTANOZ CLINIC,nan
FONTANOZ JUDITH,FONTANOZ CLINIC,nan
FRANCISCO RAMON,MAKATI MEDICAL CENTER,nan
GARCIA DORRIS,MAXICARE MAKATI,nan
GERARDO CASTILLO,MAKATI MEDICAL CENTER,nan
GONZALES CECILLIA,MAKATI MEDICAL CENTER,nan
GONZALES JOSE,MAKATI MEDICAL CENTER,nan
GUILLERMO LUOIJI,VALUCARE,nan
HANN MATHEW,MAKATI MEDICAL CENTER,nan
INDIONGCO ELISHA,MAKATI MEDICAL CENTER,nan
ISIDRO JOCELYN,MAKATI MEDICAL CENTER,nan
JAVIER CHRISTOPHER,MAKATI MEDICAL CENTER,nan
JISON JOAQUIN FAUSTO,MAKATI MEDICAL CENTER,nan
KANAPI PRINCESS LANDICHO,MAKATI MEDICAL CENTER,342567.0
KASILAG REYNATO,MAKATI MEDICAL CENTER,nan
KING  RAMON,MAKATI MEDICAL CENTER,nan
KO MANUEL,MAKATI MEDICAL CENTER,nan
LAPITAN GABRIELLE,MAKATI MEDICAL CENTER,nan
LAS JUANCHO,MAKATI MEDICAL CENTER,nan
LEONOR RONA,MAKATI MEDICAL CENTER,nan
LIMJOCO RAFAEL,PLDT,nan
LUZANO RIVA,MAXICARE MAKATI,nan
MALLABO ALMA FIDDES,MAKATI MEDICAL CENTER,nan
MARQUEZ CLAUDINE,MAKATI MEDICAL CENTER,nan
MENDOZA  GRACIELLE,MAKATI MEDICAL CENTER,nan
MENDOZA KAI,MAKATI MEDICAL CENTER,nan
MONTES MARK,PLDT,nan
NAVARRO MARK,MAKATI MEDICAL CENTER,nan
OCAMPO GREGORIO,MAKATI MEDICAL CENTER,nan
ODESSA WILSON,MAKATI MEDICAL CENTER,nan
ORTEGA PATRICK,CLINIC LAB MAKATI,nan
PACULAN SHANNON,MAKATI MEDICAL CENTER,nan
PANG TERESITA,PLDT,nan
PASAPORTE CYRUS,MAKATI MEDICAL CENTER,nan
PATORES ELOISA,MAKATI MEDICAL CENTER,nan
PILAR AILEEN,MAKATI MEDICAL CENTER,nan
PUNZALAN  RODOLFO,GUADALUPE MALL CLINIC,nan
REYES NATHANIEL,MAKATI MEDICAL CENTER,nan
ROME MICHAEL,HEALTHWAY MAKATI,nan
SABLAN GYN,MAKATI MEDICAL CENTER,nan
SADILE MADEL,MAKATI MEDICAL CENTER,nan
SIBUYAN EUNICE,MAKATI MEDICAL CENTER,nan
SISON JEORGE,MAKATI MEDICAL CENTER,nan
TACLOBAO ANABELLE,MAKATI MEDICAL CENTER,nan
TIANGCO ANNABEL,MAKATI MEDICAL CENTER,nan
UY MARIA RACHEL,MAKATI MEDICAL CENTER,nan
UY MARY MILAGROS,MAKATI MEDICAL CENTER,nan
VEGA ROSELYN,MAKATI MEDICAL CENTER,nan
VIDAMO ROMEO,MAKATI MEDICAL CENTER,nan
VILLANUEVA ERNEST,MAKATI MEDICAL CENTER,nan
WASSMER GIA,MAKATI MEDICAL CENTER,nan
WENCESLAO EARL,MAKATI MEDICAL CENTER,nan
WENCESLAO EDWIN,MAKATI MEDICAL CENTER,nan
YUMUL CIARA,MAKATI MEDICAL CENTER,nan
ABANTAO MARILYN,KORONADAL DIAGNOSTIC CENTER,nan
ABELLA JOEL,SUNGA HOSPITAL,nan
ACOSTA AIMEE,FABIE GENERAL HOSPITAL,nan
ADAO JULFA,BANGKEROHAN CLINIC,nan
AGUILON JOSE ALAIN,PANACEE DIAGNOSTIC CENTER,nan
ALCASID ALEX,DAVAO DOCTORS HOSPITAL,nan
ALEGARBES SUZETTE,DAVAO DOCTORS HOSPITAL,nan
ALEJANDRO ROSALITA,POLYCLINIC DAVAO INC.,nan
AMOGUIS ALVIN,BROKENSHIRE HOSPITAL,nan
AMOROSO GAUDIOSO,KIDAPAWAN PRIVATE CLINIC,nan
AMPER SHEREE MAE,RICARDO LIMSO MEDICAL CENTER,nan
ANDRES MARK ANDON,ISULAN PRIVATE CLINIC,nan
ANG GUINEVERE,DAVAO DOCTORS HOSPITAL,nan
APOSTOL  ARCHIE,KORONADAL PRIVATE CLINIC,nan
AQUITANA GRACE,DAVAO DOCTORS HOSPITAL,nan
ARANIEGO JOEL,DAVAO DOCTORS HOSPITAL,nan
ARSOLON CLARISSA,DAVAO DOCTORS HOSPITAL,nan
ARTES NORMA,KIDAPAWAN PRIVATE CLINIC,nan
ARTES WILFRED,KIDAPAWAN PRIVATE CLINIC,nan
BALAZO VINCENT,MEDICAL CENTER OF DIGOS COOPERATIVE,nan
BANICO RODELIE,BROKENSHIRE HOSPITAL,nan
BANLUTA JENNIFER,POLYCLINIC DAVAO INC.,nan
BARCINAS ROY,FTC TOWER,nan
BAREZ YVETTE,DAVAO DOCTORS HOSPITAL,nan
BARRIENTOS EARL IAN,POLYCLINIC DAVAO INC.,nan
BATALLA IRIS RUTH,DAVAO DOCTORS HOSPITAL,nan
BATALLA ELFRID,DAVAO DOCTORS HOSPITAL,nan
BELISARIO MANUEL,RICARDO LIMSO MEDICAL CENTER,nan
BELLO MARY HYACINTH,DIGOS DOCTORS HOSPITAL,nan
BERNARDO DIANE,DAVAO DOCTORS HOSPITAL,nan
BERNARDO MA. THERESA,DAVAO DOCTORS HOSPITAL,nan
BLAYA JEROME,DAVAO DOCTORS HOSPITAL,nan
BONJE ANNA,ANDA RIVERVIEW MEDICAL CENTER,nan
BRATO DEY,MT. APO CLINIC,nan
BUENAFLOR FASL GOLDANNE,Cotabato Regional Medical Center,nan
BUXANI NARESH,Cotabato Regional Medical Center,nan
CABAHUG MARIETTA,FABIE GENERAL HOSPITAL,nan
CABRILES EMMANUEL,KIDAPAWAN PRIVATE CLINIC,nan
CABRILES MYLENA,KIDAPAWAN PRIVATE CLINIC,nan
CADALUNA VANESSA,TACURONG PRIVATE CLINIC,nan
CADAYUNA JOSEPHINE,ANDA RIVERVIEW MEDICAL CENTER,nan
CAGAS AIJYL,TORIL PRIVATE CLINIC,nan
CAMARAO WARNER,MALTA HOSPITAL,nan
CAMBRONERO RODOLFO,Midsayap Private Clinic,nan
CANDA ANTHONY,MEDICAL SPECIALIST,nan
CASTILLO CELIA,DAVAO DOCTORS HOSPITAL,nan
CHIEW BERNARD,DAVAO DOCTORS HOSPITAL,nan
CHIN INOFEL,DIGOS DOCTORS HOSPITAL,nan
CHIONG ERLINDA,FABIE GENERAL HOSPITAL,nan
CHUA CHEN,MADONNA MEDICAL CENTER INC.,nan
CHUI ARVIE,DAVAO DOCTORS HOSPITAL,nan
COCHING RAUL MARTIN,DAVAO DOCTORS HOSPITAL,nan
CORNELIO LEX THADDEUS,SPECIALIST MEDICAL CENTER GENSAN,nan
DACORO CECILIA,ANDA RIVERVIEW MEDICAL CENTER,nan
DALAPO GEMMA,KIDAPAWAN MEDICAL SPECIALIST CENTER INC.,nan
DE BORJA MA. LUISA,ANDA RIVERVIEW MEDICAL CENTER,nan
DE BORJA GABRIEL,RICARDO LIMSO MEDICAL CENTER,nan
DE CASTRO OLIVE,POLYCLINIC DAVAO INC.,nan
DECENDERIO OMAR,PANACEE DIAGNOSTIC CENTER,nan
DECOLONGON REX,GENMEDEX GENSAN,nan
DELA PAZ DANIEL,DAVAO DOCTORS HOSPITAL,nan
DEMALIN MOHAMMAD SADIK,COTABATO DOCTORS CLINIC,nan
DIMAANO EXIQUEL,MADONNA MEDICAL CENTER INC.,nan
DONASCO DANIEL,GENSAN PRIVATE CLINIC,nan
DOROMAL JOAN,RICARDO LIMSO MEDICAL CENTER,nan
DOROMAL MICHAEL,DIGOS DOCTORS HOSPITAL,nan
DY KRISZELLE RAYE,DAVAO DOCTORS HOSPITAL,nan
EMBALSADO CHRISTOPHER,KIDAPAWAN MEDICAL SPECIALIST CENTER INC.,nan
ESPA ZOILO,TACURONG PRIVATE CLINIC,nan
ESTANISLAO BIEN CARLO,DAVAO DOCTORS HOSPITAL,nan
ESTUART JACK,BROKENSHIRE HOSPITAL,nan
FERRER PAMELA,MT. APO CLINIC,nan
FLORESCA DOROTHEO,DAVAO DOCTORS HOSPITAL,nan
FLORIDA CARL HILL,GENSAN PRIVATE CLINIC,nan
FORTINEZ JUDY THERESA,DAVAO DOCTORS HOSPITAL,nan
FUENTES CECILIA,ANDA RIVERVIEW MEDICAL CENTER,nan
GALLEOS ROGER,TORIL PRIVATE CLINIC,nan
GUAZO MARY AILEENNETTE,SPECIALIST MEDICAL CENTER GENSAN,nan
GUERRERO MANOLETE,RICARDO LIMSO MEDICAL CENTER,nan
GUERRERO JOANN,TACURONG PRIVATE CLINIC,nan
GUERRERO RUBY JANE,TACURONG PRIVATE CLINIC,nan
GUILLERMO DHARYL,TORIL PRIVATE CLINIC,nan
GUIMAPANG AMOR,Midsayap Private Clinic,nan
HARIS RASHID,BROKENSHIRE HOSPITAL,nan
HERCEDA AILEEN,BROKENSHIRE HOSPITAL,nan
HERNANDEZ DANILO,BANGKEROHAN CLINIC,nan
HINGGO EDGAR,BANGKEROHAN CLINIC,nan
HO FRANCIS LEE,BROKENSHIRE HOSPITAL,nan
IBRAHIM ALIAH,DAVAO DOCTORS HOSPITAL,nan
INOFEL CHIN,DIGOS DOCTORS HOSPITAL,nan
ISAGUIRRE MARIA CLARA,MT. APO CLINIC,nan
KANSI NOR-AINE,Cotabato Regional Medical Center,nan
LACUNA ARLYN,MT. APO CLINIC,nan
LANUZA ANNA LIZA,POLYCLINIC DAVAO INC.,nan
LEE JOSE,TORIL PRIVATE CLINIC,nan
LEE AILEEN,DAVAO DOCTORS HOSPITAL,nan
LEGITA DANILO,BROKENSHIRE HOSPITAL,nan
LICAYAN PAULITA,POLYCLINIC DAVAO INC.,nan
LINAWAGAN ANGELO,Midsayap Private Clinic,nan
LLAGUNO LINDY,DAVAO DOCTORS HOSPITAL,nan
LLAMERA GLEN,ALEXIAN BROTHERS HEALTH & WELLNESS CENTER,nan
LOREQUE ZANIVEL,KIDAPAWAN MEDICAL SPECIALIST CENTER INC.,nan
LUCERO MYLEEN,GENSAN PRIVATE CLINIC,nan
LUCERO ADRIAN,SPECIALIST MEDICAL CENTER GENSAN,nan
MACAPAGAL DESILU,DAVAO DOCTORS HOSPITAL,nan
MAGALLANES VINCENT CESAR,DAVAO DOCTORS HOSPITAL,nan
MAGBANUA RONALD,GENSAN PRIVATE CLINIC,nan
MAGNO HANSEL,BROKENSHIRE HOSPITAL,nan
MALAZA GELINE MAE,MEDICAL CENTER OF DIGOS COOPERATIVE,nan
MANSILLA PAMELA,DAVAO DOCTORS HOSPITAL,nan
MARANAN CLAUDINE DAYLE,DIGOS DOCTORS HOSPITAL,nan
MARCOS LEONIDA,TORIL PRIVATE CLINIC,nan
MARCOS MERVIN,TORIL PRIVATE CLINIC,nan
MENGUITA MARK DENNIS,KORONADAL PRIVATE CLINIC,nan
MOKAMAD JEHAN KASHMIRA,COTABATO DOCTORS CLINIC,nan
MOLINA ELI,DIGOS PRIVATE CLINIC,nan
MONTANO GRACE,ISULAN PRIVATE CLINIC,nan
MUDANZA EDWIN,KIDAPAWAN MEDICAL SPECIALIST CENTER INC.,nan
MUDANZA HENRY,KIDAPAWAN MEDICAL SPECIALIST CENTER INC.,nan
MUDANZA LILY,KIDAPAWAN MEDICAL SPECIALIST CENTER INC.,nan
NATANAGARA ANDREW,KIDAPAWAN MEDICAL SPECIALIST CENTER INC.,nan
NON CARLO,KORONADAL DIAGNOSTIC CENTER,nan
ODI  MARIA ANTONIETA,ODI MEDICAL CENTER,nan
OMBAO RON CELSO,BROKENSHIRE HOSPITAL,nan
ORCASITAS JESSIE,BROKENSHIRE HOSPITAL,nan
PACALDA STEPHANIE,KORONADAL DIAGNOSTIC CENTER,nan
PADILLA JORGE,Cotabato Regional Medical Center,nan
PADUA LOBERT,GENSAN PRIVATE CLINIC,nan
PADUA ALFRED,Midsayap Private Clinic,nan
PAGUE ELIZABETH,RICARDO LIMSO MEDICAL CENTER,nan
PAJARO BENJAMIN,MARBEL TERRITORIALS,4624.0
PAJARO BENJAMEN,KORONADAL PRIVATE CLINIC,nan
PARAS BARBIE,MARBEL TERRITORIALS,nan
PARAS KHATERINE,MARBEL TERRITORIALS,nan
PARAS KHATERINE,KORONADAL DIAGNOSTIC CENTER,nan
PARAS BARBARA,KORONADAL DIAGNOSTIC CENTER,nan
PATAYAN ROLAND JOHN,BANGKEROHAN CLINIC,nan
PELERE DAVE MAR,KORONADAL PRIVATE CLINIC,nan
PEREZ MARK ANDREW,GENERAL SANTOS DOCTORS HOSPITAL,nan
PILAY ROMANITO,TORIL PRIVATE CLINIC,nan
RACAZA EURLYN,BANGKEROHAN CLINIC,nan
RACHO VERONICA,DAVAO DOCTORS HOSPITAL,nan
RAMITERRE EDGAR,BROKENSHIRE HOSPITAL,nan
RAMITERRE BERNARD,BROKENSHIRE HOSPITAL,nan
RAMOS ENRIQUE,ANDA RIVERVIEW MEDICAL CENTER,nan
RAMOS JASPER,BROKENSHIRE HOSPITAL,nan
RANGGAN KIM MERCK,KORONADAL PRIVATE CLINIC,nan
RETIRADO MELGAR,ISULAN PRIVATE CLINIC,nan
REYES DYMPHNA,ISULAN PRIVATE CLINIC,nan
ROA KATHRYN,DAVAO DOCTORS HOSPITAL,nan
ROBLES FE MYLA,MEDICAL CENTER OF DIGOS COOPERATIVE,nan
SAAVEDRA MELVIN,FRIENDLY CARE CLINIC,nan
SABUERO WILMA,BANGKEROHAN CLINIC,nan
SABUERO LORA,TORIL PRIVATE CLINIC,nan
SAGUN WILMA,BANGKEROHAN CLINIC,nan
SALCEDO MARIA HIMAYA,KORONADAL PRIVATE CLINIC,nan
SANCHEZ AUGUSTUS,RICARDO LIMSO MEDICAL CENTER,nan
SANCHEZ ARIANNE,PINGOY MEDICAL CENTER,nan
SEGOCIO GLENN,KIDAPAWAN PRIVATE CLINIC,nan
SILLANO RADHA MARIE,DAVAO DOCTORS HOSPITAL,nan
SIMON RUBY,ANDA RIVERVIEW MEDICAL CENTER,nan
SOTTO GINA,BANGKEROHAN CLINIC,nan
SUAREZ-UY RACHELLE,KORONADAL PRIVATE CLINIC,nan
SYLVA SYLVAN DIOSDADO,SPECIALIST MEDICAL CENTER GENSAN,128295.0
TABAR PETER IAN,GENSAN PRIVATE CLINIC,nan
TAGHOY EMERSON,DIGOS PRIVATE CLINIC,nan
TAN MIRABELLE,RICARDO LIMSO MEDICAL CENTER,nan
TANJILI MARY GRACE,BROKENSHIRE HOSPITAL,nan
TANTAY VAL ANDREW,GENERAL SANTOS DOCTORS HOSPITAL,nan
TARONGOY ELI,Midsayap Private Clinic,nan
TARONGOY GERALDINE,Midsayap Private Clinic,nan
TESORO ANTHONY,ANDA RIVERVIEW MEDICAL CENTER,nan
TOM MARK ANTHONY,DAVAO DOCTORS HOSPITAL,nan
UY ROMULO,DAVAO DOCTORS HOSPITAL,nan
VALLES ATHENA,DAVAO DOCTORS HOSPITAL,nan
VELOSO JADE CYRIL,BANGKEROHAN CLINIC,nan
VILLANUEVA JOHN MARK,ISULAN PRIVATE CLINIC,nan
YAMYAMIN JANET,DAVAO DOCTORS HOSPITAL,nan
YAP MANUEL,RICARDO LIMSO MEDICAL CENTER,nan
YBIERNAS JEANETTE,DAVAO DOCTORS HOSPITAL,nan
YMBONG DUANE RICHARD,PINGOY MEDICAL CENTER,nan
YOUNG JAMES,KIDAPAWAN PRIVATE CLINIC,nan
ABES GENEROSO,Makati Medical Center,nan
ALAGOS KAROLLE,MCH,nan
ALCALA PAUL,MCH,nan
ALMACEN MICHELL,Hi pricision ANE,nan
ALVIAR TED,Alviar Medical,nan
ANG WILLY,MCH,nan
ANGELES JAN HAYNE,Kasilawan Health center,nan
ANNABELLE TIANGCO,GREPA,nan
ARBOLEDA AYN AIMEE,Philcare,nan
ARES YVETTE,RG Medical clinic,nan
BALILEA JAYVEE,St. Clare,nan
BALUYUT CAMILO,Tejeros Health center,nan
BARRIERO FATIMA,Health Metrics,nan
BAUTISTA RYAN,Makati Medical Center,nan
BELIZARIO MIGUEL,Health Metrics,nan
BELO-MISON NICOLE,St. Clare,nan
BITON MYRA,Maxicare,nan
BLANCO DAISY,Medicard,nan
BUMANGLAG NINA,Makati Lifestyle,nan
CACAL FRANCES,AMS,nan
CAMPOS RAMON,San Antonio Health center,nan
CARLOS MARK,Carmona Health center,nan
CATINDIG PAOLO,Makati Medical Center,nan
CHAN CIRILLO,St. Clare,nan
CHAN CARL KEVIN,St. Clare,nan
CHAN CRISAL CELINDRO,St. Clare,nan
CONCEPCION GERDA,Aventus,nan
CORRALES ALETA,St. Camillus Polyclinic,nan
CORTEZ JEO,Pulse clinic,nan
CULATA ROED,Bangkal Health center,nan
CUTCHON MARY AIROL,PLDT,nan
CUTCHON EZRA,PLDT,nan
DANAO NINA,Maxicare,nan
DARVIN JOSEPH,Heathway Greenbelt 5,nan
DE GUZMAN HAZEL,GREPA,nan
DE GUZMAN GIORGIO,St. Clare,nan
DE LEON JAYSON,RG Medical clinic,nan
DEL ROSARIO MARGARET,St. Clare,nan
DELA CRUZ JOEL,Aventus,nan
DELA ROSA KEVIN,RG Medical clinic,nan
DELAS ALAS CHRISTOPHER,St. Clare,nan
DIONIO JAMIE,Santa Cruz Health center,nan
DUMAUAL CARL,Dumaual clinic,nan
DUMAUAL THERESA,Dumaual clinic,nan
DUMAUAL LOVELY KIM,Dumaual clinic,nan
DURAN KATHLEEN,Aventus,nan
ECAL MELIZA,St. Clare,nan
EMMANUEL IBAY,Makati Medical Center,nan
ENCARNACION JOYCEL,Heathway Greenbelt 5,nan
ENCINAS LOURENCE ANGELO,Palanan Health center,nan
ENRIQUEZ DANILO,St. Clare,nan
ESTALILLA RICO,St. Clare,nan
ESTRELLA NIKKI,Makati Medical Center,nan
FELIPE GEOFREY,MCH,nan
FERRAREN ALFRED,Olympia Health center,nan
FLORES VALERIE,Maxicare,nan
FORMOSO JULIE ANN,La Paz Health center,nan
FRAGO FREDERICK,GREPA,nan
GABASA JONATHAN,PLDT,nan
GALAN NIKKI,MCH,nan
GARCIA DORIS,Maxicare,nan
GARDE LARA,Health Metrics,nan
GARDIOLA CHRISTOPHER,Olympia Health center,nan
GARRIDO JOSEPHINE,TMC waltermart,nan
GENSOLI MARIA,Kasilawan Health center,nan
GILBUENA FAYE,St. Clare,nan
GO LAWRENCE,Health Metrics,nan
GOTO RINA,Maxicare,nan
GUILING MARLON,RG Medical clinic,nan
HEMEDES LARAPE,St. Clare,nan
HILARIO JOLENE KEIGH,Pulse clinic,nan
HOCSON JOHANNA LU,Heathway Greenbelt 5,nan
IMBUIDO ROMMEL,Health Metrics,nan
JEREMILLO RONALDO,Jeremillo clinic,nan
JEREMILLO RONALDO JR.,Jeremillo clinic,nan
JEREMILLO AUREA,Jeremillo clinic,nan
LABRADOR MIA,Alviar Medical,nan
LADERA KIER,Health Metrics,nan
LAGMAN MICHAEL,Lagman clinic,nan
LAZARO BERNADETTE,Aventus,nan
LEAL JOHN,GREPA,nan
LEE SABIAN KYLE,St. Clare,nan
LINTAG MARILOU,Heathway Greenbelt 5,nan
LOPEZ ERANIELLE,Maxicare,nan
LOYOLA FREDERICK,St. Clare,nan
LUMALANG MARK LEOVEN,RG Medical clinic,nan
LUZANO RIVA,Maxicare,nan
MADAMBA BRYLLE,Mallari clinic,nan
MALLARI DANILO,Mallari clinic,nan
MANALO ERICA,Health Metrics,nan
MANINDING CHRISTINE,Heathway Greenbelt 5,nan
MARTIN ANDRE,TMC waltermart,nan
MISHUKU ANDREA CARMELI,St. Clare,nan
MONTANO JONASH,MCH,nan
MOSLEM SOJAYDA,HMI,nan
NARCISE JULIAN TROY,Amare,nan
NATIVIDAD RUDY BOY,St. Clare,nan
NOLAN JED,Pulse clinic,nan
NUBLA ERIC,Makati Medical Center,nan
ONGKINGCO RICHARD,Teleperformance,nan
ORVEN BERNARDO,PLDT,nan
PAGSOLINGAN FATIMA,Health Metrics,nan
PAJARES MARIETTA,Philcare,nan
PALILEO ROBERTO,St. Camillus Polyclinic,nan
PASAPORTE GERALD,Makati Medical Center,nan
PERA DIENEL,St. Clare,nan
PEREZ JOSHUA,Dumaual clinic,nan
PILAR AILEEN,PLDT,nan
QUE CHARMAINE,St. Clare,nan
RAGASA CARMENCITA ILEEN,Kasilawan Health center,nan
RANOLA KELAH,Hi pricision ANE,nan
RAQUINO JOHN,RG Medical clinic,nan
RELOS IZUMI,Olympia Health center,nan
RODRIGUEZ EDSOL,Health Metrics,nan
ROXAS BYRON,Philcare,nan
RUIZ ROSEMARIE,PBM Doctors clinic,nan
RUIZ RAIZA,PBM Doctors clinic,nan
SABADO MANILYN,St. Clare,nan
SANTOS INIGO,Aventus,nan
SANTOS FERMINA,Medicard,nan
SANTOS AMANDO,Medicard,nan
SARSOSO SHEENA JOY,Philcare,nan
SESE BERNARD,MCH,nan
SIBUYAN EUNICE,Medicard,nan
SIXTO MARILLA,Makati Medical Center,nan
SUPANGAN GERALD,St. Clare,nan
TABAN OTHELLE,St. Clare,nan
TAJONERA KATHERINE,Maxicare,nan
TALENTO NICO,Teleperformance,nan
TANALGO BABY LYN,Maxicare,nan
TANG BERNADETTE,MCH,nan
TOJINO ANNA,RG Medical clinic,nan
URBANO LORIE,St. Clare,nan
URSUA BRENDA,HMI,nan
UY MAUREEN,Health Metrics,nan
UY CARLO,Amare,nan
VEGA ROSE LYN,AMS,nan
VENTURA CARMELA,PLDT,nan
VIDAMO ROMEO,Aventus,nan
VIDANES MARK,Philcare,nan
VILLANUEVA ERNEST,AMS,nan
VILLANUEVA ARMANDO,RG Medical clinic,nan
VINOLA EMANUEL,St. Clare,nan
VINOYA TINA,Medicard,nan
ABBARIO MARITONI,CALOOCAN CITY NORTH MEDICAL CENTER,nan
ACEBUQUE GERAMIE,HI-PRECISION DIAGNOSTICS,nan
AGUSTIN FREDERICK,THE MEDICAL CITY FAIRVIEW,nan
AJON ALYSSA ROSEN,NOVA GENERAL HOSPITAL,nan
ALAN PICHY ANN,BERNARDINO GENERAL HOSPITAL,nan
ALMAZAR JOHANN PAOLO,CALOOCAN CITY NORTH MEDICAL CENTER,nan
AMORES MERCIVINA,AMORES MEDICAL CLINIC,nan
AMPIL JOSE,COMMONWEALTH HOSPITAL AND MEDICAL CENTER,nan
ANDAYA TRISHA,NPRE DOCTORS,nan
ANGELES EMMANUEL,ISAIAH MEDICAL CLINIC,nan
ANTOLIN MARCO,CALOOCAN CITY NORTH MEDICAL CENTER,nan
ARANAS ELLEN GLORIA,ACE DIAGNOSTIC,nan
ARCENO THEA ALISSA,NOVADECI,nan
ATIEDA MARKY,NOVA DISTRICT HOSPITAL,nan
BABIERA TITO,CALOOCAN CITY NORTH MEDICAL CENTER,nan
BAGOS JOHN PAUL,SARMIENTO CLINIC,nan
BALLA DESREI,CALOOCAN CITY NORTH MEDICAL CENTER,nan
BARRIENTOS FRANKLIN,CALOOCAN CITY NORTH MEDICAL CENTER,nan
BENTERO SHARON,COMMONWEALTH HOSPITAL AND MEDICAL CENTER,nan
BERMUDEZ GHERALD,BERNARDINO GENERAL HOSPITAL,nan
BERNARDO JONATHAN,COMMONWEALTH HOSPITAL AND MEDICAL CENTER,nan
BRINEZ MICHAEL ANGELO,CALOOCAN CITY NORTH MEDICAL CENTER,nan
BUMATAY VALERIE,CALOOCAN CITY NORTH MEDICAL CENTER,nan
CABADING IAN HENRICK,HOPE GENERAL HOSPITAL,nan
CABALLERO TRIFON ANTONIO,NOVA GENERAL HOSPITAL,nan
CABAS LOUIE,CALOOCAN CITY NORTH MEDICAL CENTER,nan
CABOTAJE JACLYN,CALOOCAN CITY NORTH MEDICAL CENTER,nan
CABULING IAN,NOVA DISTRICT HOSPITAL,nan
CADIENTE MARY JANE,BERNARDINO GENERAL HOSPITAL,nan
CARANDANG DIANNE JESSICA,HI-PRECISION DIAGNOSTICS,nan
CARPIO JOSEPH BERNARD,CALOOCAN CITY NORTH MEDICAL CENTER,nan
CASIGURAN VIOLETA,FAMILY CARE CLINIC,nan
CASTILLO MYLA,CALOOCAN CITY NORTH MEDICAL CENTER,nan
CHUA ANNETE,THE MEDICAL CITY FAIRVIEW,nan
CLARA MEA LOVELLA,HOPE GENERAL HOSPITAL,nan
CONSUL JARET,CALOOCAN CITY NORTH MEDICAL CENTER,nan
CRISOSTOMO MA. LUISA,CALOOCAN CITY NORTH MEDICAL CENTER,nan
DALUMPINES ARVIN,BERNARDINO GENERAL HOSPITAL,nan
DAVID ARWIN,COMMONWEALTH HOSPITAL AND MEDICAL CENTER,nan
DEL MUNDO SANDRA,COMMONWEALTH HOSPITAL AND MEDICAL CENTER,nan
DOMINGO MARIO,CARITAS CLINIC LAGRO,nan
DULAY KING,BERNARDINO GENERAL HOSPITAL,nan
DULAY MONET,CAMARIN DOCTORS HOSPITAL,nan
ESPINEDA EMMANUEL,NEW WORLD DIAGNOSTIC,nan
ESTACIO NIMFA,NPRE DOCTORS,nan
ESTEPA LILYBEL,SARMIENTO CLINIC,nan
EVANGELISTA RYAN,NOVA GENERAL HOSPITAL,nan
EVANGELISTA PHILIP,EVANGELISTA MEDICAL CLINIC,nan
FABON JEHIEL,HOPE GENERAL HOSPITAL,nan
FABUL MERMA,MERCENE MEDICAL CLINIC,nan
FLORES ANN MARGARET,THE MEDICAL CITY FAIRVIEW,nan
FUENTES FREDERICK,NOVA GENERAL HOSPITAL,nan
FUGUIAO ROGELIO,NPRE DOCTORS,nan
GAGALAC MARIA FAMELA,CALOOCAN CITY NORTH MEDICAL CENTER,nan
GARCIA-TAMAYO MARY GRACE,BERNARDINO GENERAL HOSPITAL,nan
GARINGO JESSAMINE,FRIENDLY CARE CLINIC,nan
GONZALEZ HARLAN SHANE,NOVA DISTRICT HOSPITAL,nan
JAVISON RICARDO,CALOOCAN CITY NORTH MEDICAL CENTER,nan
LABAJO HANNAH RUTH,BERNARDINO GENERAL HOSPITAL,nan
LAPUS ISMAEL,CARITAS CLINIC LAGRO,nan
LATONIO JONATHAN,NOVA GENERAL HOSPITAL,nan
LEE RONELL,BERNARDINO GENERAL HOSPITAL,nan
LINGA MA. ROWENA,COMMONWEALTH HOSPITAL AND MEDICAL CENTER,nan
MAGPANTAY FATIMA,CALOOCAN CITY NORTH MEDICAL CENTER,nan
MAGTIBAY MARY GRACE,CALOOCAN CITY NORTH MEDICAL CENTER,nan
MANINGAS DON,SAN LORENZO HOSPITAL,nan
MARCELLANO RACHELL MARIE,CALOOCAN CITY NORTH MEDICAL CENTER,nan
MARCOS SHALEY,NOVA GENERAL HOSPITAL,nan
MARINO CARRISSA,ACE DIAGNOSTIC,nan
MAYLEM GENICA LYNNE,THE MEDICAL CITY FAIRVIEW,nan
MEJARITO SHEREE ANN,CALOOCAN CITY NORTH MEDICAL CENTER,nan
MIRANDA EMMA,CALOOCAN CITY NORTH MEDICAL CENTER,nan
NEPOMUCENO ARNEL,HOPE GENERAL HOSPITAL,nan
NG CYBELLE,CALOOCAN CITY NORTH MEDICAL CENTER,nan
NITAFAN CHRISTOPHER,GRACE GENERAL HOSPITAL,nan
NOVALES AARON CHROSTOPHER,THE MEDICAL CITY FAIRVIEW,nan
OANDASAN-ROMA MARIETTA,CALOOCAN CITY NORTH MEDICAL CENTER,nan
PACARIEM KRISTOFFER,CALOOCAN CITY NORTH MEDICAL CENTER,nan
PADUA LOUELLA,BERNARDINO GENERAL HOSPITAL,nan
PADUA OFELIA,ISAIAH MEDICAL CLINIC,nan
PALILEO NYSSA ELLINE,CALOOCAN CITY NORTH MEDICAL CENTER,nan
PALUGOD MELISSA,GAMMACARE,nan
PANGANIBAN VICTOR ANGELO,NOVA GENERAL HOSPITAL,nan
PATERNO ROLANDO,CALOOCAN CITY NORTH MEDICAL CENTER,nan
PERALTA RAFAEL JOSE,CALOOCAN CITY NORTH MEDICAL CENTER,nan
PESCADOR ANTONIO,COMMONWEALTH HOSPITAL AND MEDICAL CENTER,nan
QUILICOT CHRISLEEN,NOVA GENERAL HOSPITAL,nan
QUIWA LESLIE,TALA HOSPITAL,nan
QUIZON LENDRY,THE MEDICAL CITY FAIRVIEW,nan
RAMOS MARK ERVING,CALOOCAN CITY NORTH MEDICAL CENTER,nan
REALCE TRISTAN,NPRE DOCTORS,nan
RETA SIRIUS MARIE,CAMARIN DOCTORS HOSPITAL,nan
ROBERTS MONICA,BERNARDINO GENERAL HOSPITAL,nan
SABINIANO KATHLEEN,THE MEDICAL CITY FAIRVIEW,nan
SABTULA AL-NAZAR,CALOOCAN CITY NORTH MEDICAL CENTER,nan
SALINAS BHENELYN,CALOOCAN CITY NORTH MEDICAL CENTER,nan
SALVADOR NATHANIEL,CARITAS CLINIC LAGRO,nan
SAMPIOR GILIW,GAMMACARE,nan
SANCHEZ-OBALLO KATRINA,CALOOCAN CITY NORTH MEDICAL CENTER,nan
SANTIAGO AIMEE GRACE,HI-PRECISION DIAGNOSTICS,nan
SANTOS ERVIN,CALOOCAN CITY NORTH MEDICAL CENTER,nan
SANTOS ARNEL,NOVA DISTRICT HOSPITAL,nan
SARMIENTO JANE,BERNARDINO GENERAL HOSPITAL,nan
SATUNA ARLYN,CALOOCAN CITY NORTH MEDICAL CENTER,nan
SAYSON JOBERLY,CALOOCAN CITY NORTH MEDICAL CENTER,nan
SERA JOSE MICHELLE,CALOOCAN CITY NORTH MEDICAL CENTER,nan
SIQUIAN HAROLD,BERNARDINO GENERAL HOSPITAL,nan
SISON JEVIE ANN,CAMARIN DOCTORS HOSPITAL,nan
SUNGA YORADYL,CALOOCAN CITY NORTH MEDICAL CENTER,nan
TAN REAGAN,THE MEDICAL CITY FAIRVIEW,nan
TAN MELCO,THE MEDICAL CITY FAIRVIEW,nan
TAN CATHERINE TAN,COMMONWEALTH HOSPITAL AND MEDICAL CENTER,nan
TANTENGO VENERANDO,NOVADECI,nan
TEVES IAN TIMOTHY,CALOOCAN CITY NORTH MEDICAL CENTER,nan
TIANGCO MARY,CALOOCAN CITY NORTH MEDICAL CENTER,nan
TONIO MARK HARLEY,CALOOCAN CITY NORTH MEDICAL CENTER,nan
TORAL VICTOR JOHN,CALOOCAN CITY NORTH MEDICAL CENTER,nan
UMLAS CHERRYL  ANNE,COMMONWEALTH HOSPITAL AND MEDICAL CENTER,nan
VALILA MIA,FRIENDLY CARE CLINIC,nan
VELASQUEZ JONALYN,NOVA DISTRICT HOSPITAL,nan
VIVAR BENJAMIN,FAMILY CARE CLINIC,nan
YORO OFELYN,BERNARDINO GENERAL HOSPITAL,nan
YU KATE NICOLE,NOVA GENERAL HOSPITAL,nan
ABBAS HANIA,MINDALANO MEDICAL CENTER,nan
ABDULLAH  NAJIB,Dr. Abdullah Hospital,nan
ABEDIN MOHAMAD,Mindilano Hospital,nan
ABUCAYON JEANETTE,Adventist Medical Center - Iligan,68868.0
AGCOPRA ADONIS,Capitol University Medical City,nan
ALAGADAN RENATO,Capitol University Medical City,nan
ALCANTARA RUBY BEATRIZ,Capitol University Medical City,nan
ALONTO AKISAH,Mindilano Hospital,nan
ALONTO ANISAH HAYAMINNAH,Dr. Abdullah Hospital,nan
AMATO MACRINE GRACE,Maria Reyna Xavier University Hospital,nan
AMBOR RAISALAM,Dr. Abdullah Hospital,nan
ANDAM SALAHUDDIN,Dr. Abdullah Hospital,nan
ANDUTAN RAUL CARLO,Maria Reyna Xavier University Hospital,nan
APOR ALMIRA DOREEN ABIGAIL,Maria Reyna Xavier University Hospital,nan
ATUN RUEL,Puerto Community Hospital,nan
AYUPAN-PEGUIT NATHALIE GRACE,Capitol University Medical City,nan
BADIANG HONEY JIRL,Iligan Medical Center,nan
BAGACAY MARLOU,Mercy Community Hospital,nan
BALABA CHRISTOPHER,Capitol University Medical City,nan
BALLESTEROS-GUTOC ANGELA,ACE MEDICAL CENTER CAGAYAN DE ORO,nan
BARAPANTAO BINGJAHAR,Maria Reyna Xavier University Hospital,nan
BARRETTO ANGELIQUE,Fk Pharmacy Clinic,nan
BARRIGA RODRICK,Maria Reyna Xavier University Hospital,nan
BASCUG MELANIE,Adventist Medical Center - Iligan,77654.0
BAYANA THADDEUS JUDE,Capitol University Medical City,nan
BERTULFO HENISSA,City Health Office - Iligan,nan
BORUNGAWAN OMAR,Adventist Medical Center - Iligan,nan
BRUNO RACQUEL,Internist Hub - A Medical and Diagnostic Center,nan
CAPITAN AIREEN,Capitan Diabetic Clinic,88851.0
CO DONALD,Capitol University Medical City,nan
CORDOVEZ GREGORIO JR,Northern Mindanao Medical Center,nan
CORUNA JOSE JR,Maria Reyna Xavier University Hospital,nan
DACUDAO KAREN,Maria Reyna Xavier University Hospital,nan
DAGUMAN RICHILLO,Mercy Community Hospital,97214.0
DANDAN GRACE,Maria Reyna Xavier University Hospital,nan
DAROY MARK,Adventist Medical Center - Iligan,126269.0
DAYA WENCITO,Maria Reyna Xavier University Hospital,nan
DEBALUCOS ARNEL,Adventist Medical Center - Iligan,85693.0
DEBALUCOS AUDIE,Adventist Medical Center - Iligan,84568.0
DELORINO ROWENA,Adventist Medical Center - Iligan,80090.0
DIMAPORO JOHANIYA,Mercy Community Hospital,127840.0
DUERO DON,SACRED HEART CLINIC,nan
ESCUDERO LOVELLE,COOP LABORATORY,nan
ESLING KATHRENA THERESE,ACE MEDICAL CENTER CAGAYAN DE ORO,nan
ESTRADA NESTOR,AGR Pharmacy Clinic,51446.0
FERNANDEZ SIME RAYMOND,Adventist Medical Center - Iligan,nan
FLORES RUBEN,JM Claire Maternity and Birthing Clinic,nan
FLORES CHAMMIE,Capitol University Medical City,nan
GABALES MELINDA,Northern Mindanao Medical Center,nan
GABULE MARVIN,Mercy Community Hospital,117049.0
GALON MYVIE,Maria Reyna Xavier University Hospital,nan
GARCIA JOSEPH ALLAN,Capitol University Medical City,nan
GARINGARAO CARLO JAN,Mercy Community Hospital,113754.0
GARINGARAO KATHLEEN,Mercy Community Hospital,113733.0
GARRIDO-BAGAYO GWEN,Maria Reyna Xavier University Hospital,nan
GO BENSON,Capitol University Medical City,nan
GO CHRIS JORDAN,Capitol University Medical City,nan
GOMEZ HILARIO ABEL,COOP LABORATORY,70991.0
GONZALES MITCHELL,ACE MEDICAL CENTER CAGAYAN DE ORO,nan
HIPONA ANNA PATRICIA,Capitol University Medical City,nan
HIPONA CHRISTI ANNAH,Capitol University Medical City,nan
INTONG JAIME,Maria Reyna Xavier University Hospital,nan
INTONG JIMSON REY,INTONG Medical Clinic,nan
KAMLIAN JANETH,Mercy Community Hospital,77508.0
LACIDA DESIREE,Eagles Pharmahealth Multi-Specialty Clinic,nan
LAGUINDAB SOHAILI,Dr. Abdullah Hospital,nan
LAURITO ARNOLD,Mercy Community Hospital,nan
LEDESMA ANNA PATRICIA,INTONG Medical Clinic,nan
LIMPAHAN EMERALD,Mercy Community Hospital,124897.0
LINOG JULIE,Capitol University Medical City,nan
LLAVORE CARMELITA,Maria Reyna Xavier University Hospital,nan
LOMANSOC JADE KENNETH,Adventist Medical Center - Iligan,nan
LUCMAN ABDEL HUSSEIN,AMAI PAKPAK MEDICAL CENTER,nan
LUSPO FLORITA,Capitol University Medical City,nan
MAGAHIN KAREN,Adventist Medical Center - Iligan,nan
MAGDALE CYNTHIA,Capitol University Medical City,nan
MALENAB JOHN PAUL,DR. UY HOSPITAL,111106.0
MANALILI SHERYLL ANNE,Capitol University Medical City,nan
MANUA HANNAH,Mercy Community Hospital,119097.0
MEDINA PAUL JULIUS,Mercy Community Hospital,nan
MEJIAS MARIFE,Capitol University Medical City,nan
MIRA-ATO ALINOR,Mindilano Hospital,nan
MONSANTO KENZIE DENISE,DR. UY HOSPITAL,nan
OBRERO TRICIA,Capitol University Medical City,nan
OREJUDOS ROSALIE,Adventist Medical Center - Iligan,78990.0
PAGDILAO FERDINAND,Capitol University Medical City,nan
PAGDILAO JICA,Capitol University Medical City,nan
PAJO AZALEA,Adventist Medical Center - Iligan,nan
PALA-MOHAMMAD ANIZA,Dr. Abdullah Hospital,nan
PENARANDA MA NENA,Capitol University Medical City,nan
PEPINO CHERRY LOU,Maria Reyna Xavier University Hospital,nan
PERALTA ALOYSIUS,Puerto Community Hospital,nan
PIMENTEL AQUILINO JUX,Maria Reyna Xavier University Hospital,nan
PUNDOGAR-MANGOTARA SITTIE ROHANA,Fk Pharmacy Clinic,nan
PUTING   MOHAMMAD,Mindanao State University Campus,nan
QUIBLAT MA. MARGARET,Maria Reyna Xavier University Hospital,nan
QUITOS LEONIL,Adventist Medical Center - Iligan,nan
REYES EDEL JOEY,Mercy Community Hospital,103719.0
SASIL ROY,Maria Reyna Xavier University Hospital,nan
SENO VIRNA NOREENA,Mercy Community Hospital,nan
SUPERABLE GERARDO,Puerto Community Hospital,nan
TAGARDA CES,Maria Reyna Xavier University Hospital,nan
TALADUA KRISTY MICHELLE,Capitol University Medical City,nan
TAMBALO GERALD,Adventist Medical Center - Iligan,nan
TORCENDE NENET,Maria Reyna Xavier University Hospital,nan
TRINO ANGELICA,Medical Specialist Center,89241.0
VALDEHUESA DARYL ANN,Maria Reyna Xavier University Hospital,nan
VALDEZ VALERIE ANN,DR. UY HOSPITAL,108808.0
VALLEJOS ROMMEL,Northern Mindanao Medical Center,nan
WABE NATASHA,Maria Reyna Xavier University Hospital,nan
WAMILDA JENNY,Fk Pharmacy Clinic,nan
YAP RAMON,Capitol University Medical City,nan
YAP RALPH,Maria Reyna Xavier University Hospital,nan
YU MARK WINGLEAF,Mercy Community Hospital,117037.0
YUZON KRISTINA RACHELLE,Capitol University Medical City,nan
ADAMS TIMOTHY,INNOGEN 1,nan
ADAMS ERICSON,INNOGEN 1,4684753654.0
ALEXANDER CHRISTINA,INNOGEN 1,nan
ALEXANDER ASHLEY,INNOGEN 2,nan
ALLEN RUTH,INNOGEN 3,nan
ANDERSON AMY,INNOGEN 4,nan
ANDERSON JUAN,INNOGEN 1,nan
BAILEY AARON,INNOGEN 4,nan
BAILEY JEFFREY,INNOGEN 4,nan
BAKER DIANE,INNOGEN 2,nan
BARNES ROBERT,INNOGEN 1,nan
BELL ALAN,INNOGEN 4,nan
BELL JESSE,INNOGEN 2,nan
BENNETT KEITH,INNOGEN 1,nan
BENNETT PAULA,INNOGEN 4,nan
BROOKS AMANDA,INNOGEN 5,nan
BROOKS ROSE,INNOGEN 3,nan
BROWN EARL,INNOGEN 3,nan
BROWN GERALD,INNOGEN 5,nan
BRYANT RALPH,INNOGEN 3,nan
BRYANT RALPH,INNOGEN 4,nan
BUTLER STEVEN,INNOGEN 1,nan
CAMPBELL WALTER,INNOGEN 3,nan
CAMPBELL SARAH,INNOGEN 3,nan
CARTER JUDY,INNOGEN 2,nan
CARTER ARTHUR,INNOGEN 5,nan
CLARK LOUIS,INNOGEN 2,nan
CLARK ELIZABETH,INNOGEN 3,nan
COLEMAN RICHARD,INNOGEN 5,nan
COLEMAN FRANK,INNOGEN 4,nan
COLLINS TAMMY,INNOGEN 3,nan
COOK ANDREA,INNOGEN 4,nan
COOK DONALD,INNOGEN 5,nan
COOPER EDWARD,INNOGEN 5,nan
COX JUSTIN,INNOGEN 4,nan
COX DEBORAH,INNOGEN 5,nan
DAVIS MILDRED,INNOGEN 3,nan
DIAZ ANGELA,INNOGEN 2,nan
EDWARDS SARA,INNOGEN 1,nan
EVANS ANNA,INNOGEN 4,nan
EVANS ANTHONY,INNOGEN 2,nan
FLORES HARRY,INNOGEN 4,nan
FOSTER JASON,INNOGEN 1,nan
FOSTER ADAM,INNOGEN 5,nan
GARCIA DAVID,INNOGEN 1,nan
GENERIC MD05,GENERIC,nan
GENERIC MD07,GENERIC,nan
GENERIC MD09,GENERIC,nan
GENERIC MD01,GENERIC,nan
GENERIC MD03,GENERIC,nan
GENERIC MD04,GENERIC,nan
GENERIC MD06,GENERIC,nan
GENERIC MD08,GENERIC,nan
GENERIC MD10,GENERIC,nan
GENERIC MD02,GENERIC,nan
GONZALES THERESA,INNOGEN 5,nan
GONZALEZ CHARLES,INNOGEN 4,nan
HILL JERRY,INNOGEN 2,nan
HOWARD BETTY,INNOGEN 4,nan
HOWARD ANNA,INNOGEN 1,nan
HUGHES REBECCA,INNOGEN 3,nan
JACKSON ALBERT,INNOGEN 2,nan
JACKSON VICTOR,INNOGEN 5,nan
JAMES KEVIN,INNOGEN 1,nan
JAMES STEPHEN,INNOGEN 5,nan
JENKINS HEATHER,INNOGEN 5,nan
JENKINS JOSEPH,INNOGEN 2,nan
JOHNSON ANN,INNOGEN 4,nan
JONES SUSAN,INNOGEN 5,nan
JONES ANDREW,INNOGEN 1,nan
KELLY PATRICK,INNOGEN 3,nan
KING BILLY,INNOGEN 4,nan
LEE JEFFREY,INNOGEN 4,nan
LEE ANN,INNOGEN 5,nan
LEWIS DONALD,INNOGEN 2,nan
LONG KENNETH,INNOGEN 1,nan
LOPEZ TODD,INNOGEN 3,nan
LOPEZ EMILY,INNOGEN 5,nan
MARTIN DANIEL,INNOGEN 4,nan
MARTINEZ KAREN,INNOGEN 1,nan
MILLER BONNIE,INNOGEN 5,nan
MITCHELL CYNTHIA,INNOGEN 2,nan
MITCHELL WILLIE,INNOGEN 1,nan
MOORE ANNE,INNOGEN 5,nan
MORGAN MICHELLE,INNOGEN 4,nan
MORGAN LOIS,INNOGEN 5,nan
MORRIS SHAWN,INNOGEN 4,nan
MORRIS DOUGLAS,INNOGEN 2,nan
MURPHY MARGARET,INNOGEN 4,nan
MURPHY AMY,INNOGEN 3,nan
NELSON PHILIP,INNOGEN 5,nan
PARKER PATRICIA,INNOGEN 4,nan
PATTERSON CARLOS,INNOGEN 3,nan
PEREZ TERRY,INNOGEN 3,nan
PERRY FRANCES,INNOGEN 5,nan
PERRY EVELYN,INNOGEN 2,nan
PETERSON JANICE,INNOGEN 3,nan
PETERSON BRANDON,INNOGEN 2,nan
PHILLIPS CRAIG,INNOGEN 3,nan
POWELL JOSHUA,INNOGEN 1,nan
PRICE LAURA,INNOGEN 4,nan
RAMIREZ ANDREW,INNOGEN 4,nan
RAMIREZ NICHOLAS,INNOGEN 3,nan
REED JOSE,INNOGEN 1,nan
REED PATRICIA,INNOGEN 3,nan
RICHARDSON RICHARD,INNOGEN 2,nan
RIVERA RACHEL,INNOGEN 3,nan
RIVERA AMANDA,INNOGEN 5,nan
ROBERTS JEAN,INNOGEN 3,nan
ROBERTS CAROL,INNOGEN 3,nan
ROBINSON PHILLIP,INNOGEN 5,nan
ROBINSON JUDY,INNOGEN 2,nan
RODRIGUEZ EVELYN,INNOGEN 1,nan
ROGERS CATHERINE,INNOGEN 1,nan
ROGERS PAMELA,INNOGEN 1,nan
ROSS JOE,INNOGEN 2,nan
RUSSELL KIMBERLY,INNOGEN 1,nan
SANCHEZ BRANDON,INNOGEN 5,nan
SANCHEZ RICHARD,INNOGEN 2,nan
SANDERS DENISE,INNOGEN 4,nan
SANDERS JULIA,INNOGEN 3,nan
SCOTT EUGENE,INNOGEN 1,nan
SIMMONS JIMMY,INNOGEN 2,nan
SMITH KATHY,INNOGEN 2,nan
STEWART SEAN,INNOGEN 5,nan
TAYLOR MATTHEW,INNOGEN 2,nan
TESTERS TESSSTEEE,INNOGEN 1,nan
THOMAS DENNIS,INNOGEN 3,nan
THOMPSON MARIE,INNOGEN 1,nan
THOMPSON STEVEN,INNOGEN 3,nan
TORRES CHRIS,INNOGEN 4,nan
TORRES DONNA,INNOGEN 5,nan
TURNER LOUISE,INNOGEN 4,nan
WALKER CAROL,INNOGEN 5,nan
WARD ALBERT,INNOGEN 4,nan
WARD GARY,INNOGEN 3,nan
WASHINGTON CHRISTOPHER,INNOGEN 5,nan
WATSON KATHRYN,INNOGEN 2,nan
WHITE BEVERLY,INNOGEN 5,nan
WHITE ERNEST,INNOGEN 1,nan
WILLIAMS ARTHUR,INNOGEN 4,nan
WILLIAMS KEITH,INNOGEN 5,nan
WILSON JEREMY,INNOGEN 1,nan
WILSON TAMMY,INNOGEN 3,nan
WOOD LOIS,INNOGEN 4,nan
WOOD SHIRLEY,INNOGEN 1,nan
WRIGHT HOWARD,INNOGEN 1,nan
WRIGHT MARK,INNOGEN 1,nan
YOUNG ERNEST,INNOGEN 3,nan
YOUNG GEORGE,INNOGEN 2,nan
ABETO MICHELLE,The Doctors Hospital,nan
ADEVA OLIVER,Libertad,nan
AGUIRRE AMADOR,NORD MEDICAL HUB,nan
ANIBAN FERNANDO,The Doctors Hospital,nan
ANTIVO ROSEVELLE,Victorias City,nan
APDOL  JOAN,Medical Plaza,nan
ARANETA ANGEL,Riverside Medical Center,nan
ARCO DIAMOND,Silliman University Medical Center,nan
ARIAS  ANGELO JESUS,Arias Psychiatry Clinic,nan
AUM MAE ANN,Silliman University Medical Center,nan
BACOLOD KATARINA,Tanjay,nan
BANCOLETA HARLEA,Corazon Locsin Montelibano Memorial Hospital,nan
BANDOY MA. LIZ,Silliman University Medical Center,nan
BARCELONA MICHEAL,Riverside Medical Center,nan
BARCELONA JOHN,Riverside Medical Center,nan
BARTOLOME LEOPOLDO,Downtown Territorials,nan
BATOON DENNIS,Tanjay,nan
BAVIERA MARC JUVIC,Silliman University Medical Center,nan
BENEDICTO BELLA,The Doctors Hospital,nan
CABALATUNGAN MICHEAL,Riverside Medical Center,nan
CABALLES GIDEON,Silliman University Medical Center,nan
CALIWANAGAN BRIAN,Silliman University Medical Center,nan
CANTO CARMELO,Riverside Medical Center,nan
CANTO MARIA LOURDES,Riverside Medical Center,nan
CASTILLON JEFFTY,Kabankalan city,nan
CATAYLO ROSELYN,Bacolod Adventist Medical Center,nan
CHUA CHERYL,San Carlos City,nan
CHUA ANA MARIE,Riverside Medical Center,nan
CHUA ARNIEL,Riverside Medical Center,nan
CO JOYCE,Riverside Medical Center,nan
CORDERO RONE,The Doctors Hospital,nan
CORRAL EVRAM,Riverside Medical Center,nan
DAGCUTAN LLLOYD,Murcia,nan
DAVID JHON RODSIL,Riverside Medical Center,nan
DE GUIA CRISITNA,Bais City,nan
DE GUZMAN PATRICIA,Riverside Medical Center,nan
DE LEON JED JOSEF,Bacolod Adventist Medical Center,nan
DE LUZURIAGA MAE LINDA,Our Lady of Mercy,nan
DECOLONGON LILIA,Cadiz City,nan
DIANONGCO MA. LUCILA,Riverside Medical Center,nan
DIPUTADO BRENDA,Silliman University Medical Center,nan
DIVINAGRACIA EDGAR,San Carlos City,nan
DRILON ALEXIS DANICA,Riverside Medical Center,nan
DUMALAGAN DEAN CARLO,Silliman University Medical Center,nan
DY LOVELY APRIL,Diagcare,nan
ESCALONA RODOLFO,Medical Specialist,nan
ESCANDELOR CHARIBEL,Lacson Clinic,nan
ESTORES CHERRY LYN,Riverside Medical Center,nan
FRANCIA CHERRY,Medical Plaza,nan
GALON CHUCK,Bacolod Adventist Medical Center,nan
GARBINO AMELYN,Cadiz City,nan
GARCIA APRIL,The Doctors Hospital,nan
GARCIA MIKAEL,The Doctors Hospital,nan
GEBUSION FRENCHE,Cadiz City,nan
GEBUSION ANTHONY,The Doctors Hospital,nan
GEOLINGO LIONEL,North Point Building,nan
GERMINAL RODOLFO,The Doctors Hospital,nan
GEROCHI HENRY,Riverside Medical Center,nan
GUANZON ROBERTO,Riverside Medical Center,nan
GUANZON VICENTA,The Doctors Hospital,nan
GUSTILO CHRISTINE,Bacolod Adventist Medical Center,nan
HECHANOVA APRIL,Corazon Locsin Montelibano Memorial Hospital,nan
HILADO PAOLO,The Doctors Hospital,nan
IMPERIAL JHEBE,Bacolod Adventist Medical Center,nan
JABONI JUDITH,Silliman University Medical Center,nan
JALANDOON JOY ANGELIE,Riverside Medical Center,nan
JAYME ADA CHERRY,Riverside Hospital Pharmacy,nan
JIAO JOSEPH ALEXIS,Bacolod Adventist Medical Center,nan
JIMINEA LOUIE,Kabankalan city,nan
KHO VIOLETA,Riverside Medical Center,nan
LADINEZ GIAN,Downtown Territorials,nan
LIM-JUAN ERLINDA,Silliman University Medical Center,nan
LIMSIACO MANUEL,Medical Plaza,nan
LUCENTE JEFEL,Cadiz City,nan
MADALAG GALE ANN,Cadiz City,nan
MAGBANUA MARK,The Doctors Hospital,nan
MAGNO CHRISTIAN,Riverside Medical Center,nan
MALAPITAN JOSE PEPITO,Riverside Medical Center,nan
MALEZA FRANCISCO,Medical Plaza,nan
MARQUEZ REBECCA,Cadiz City,nan
MED EXPRESS,Silliman University Medical Center,nan
MERCURY  NORTHDRIVE,Riverside Medical Center,nan
MERCURY 21ST PHARMACY,Riverside Medical Center,nan
MIACO STEPHANIE,"FDS Building, Dumaguete City",nan
MIRANDA ALEX,Silay City,nan
MODINA CHRISTINA,NORD MEDICAL HUB,nan
MONTECLARO BENJIE,Murcia,nan
MORENO JOAQUIN,Riverside Medical Center,nan
NEGROS GRACE RIVERSIDE,Riverside Medical Center,nan
ORCAJADA ROMEO,Paglaum,nan
ORDONEZ EDUARDO,Medical Specialist,nan
PABLICO BEN,Riverside Medical Center,nan
PACETE ARNEE GRACE,NORD MEDICAL HUB,nan
PADILLA CHERRYL JANE,Kabankalan city,nan
PAYLADO FRANCISCO,The Doctors Hospital,nan
QUISUMBING  JOHN MICHEAL,Riverside Medical Center,nan
QUISUMBING  JADDA,Medical Plaza,nan
QUISUMBING EDGARDO,San Carlos City,nan
QUISUMBING JOHN PAUL,Riverside Medical Center,nan
RAMIREZ JOSEL,Talisay City,nan
REYES ROMEO,Riverside Medical Center,nan
REYES PETER,The Doctors Hospital,nan
SALVADOR ROBERTO,The Doctors Hospital,nan
SAMEON NADINE,Corazon Locsin Montelibano Memorial Hospital,nan
SANCHEZ JOHN ANDREW,Riverside Medical Center,nan
SARNO MARK,San Carlos City,nan
SIA ANTHONY,Riverside Medical Center,nan
SOBREPENA JOSEFA,Medical Plaza,nan
SOMODIO LALAINE,Kabankalan city,nan
SORATORIO DARLENE,Libertad,nan
SY DARLENE,Bacolod Adventist Medical Center,nan
SY BOBBIN,Silliman University Medical Center,nan
TAN CARLOS,Riverside Medical Center,nan
TAN LILY,San Carlos City,nan
TAN SUE KIMBERLY,Medical Plaza,nan
TORRES JOSCEL,Silliman University Medical Center,nan
TUBILLARA JOHN ZOILO,Bacolod Adventist Medical Center,nan
TULMO WILSON,Riverside Medical Center,nan
UDARBE PRCOESO MARC,Silliman University Medical Center,nan
UNG PRECY,Tanjay,nan
VARON  MYLA ANTONNETTE,Medical Plaza,nan
VELAYO ARMI GRACE,The Doctors Hospital,nan
VILLACIN LUCIENE,Medical Specialist,nan
VILLANUEVA REGENE,Riverside Medical Center,nan
VILLAR SHIELA,Medical Plaza,nan
VINCO JULIAN,Riverside Medical Center,nan
WONG ANDREW,Silliman University Medical Center,nan
WONG REYNOLD,Medical Plaza,nan
YANSON JOE,Cadiz City,nan
YAP WILMER,San Carlos City,nan
YAP CARL,Arias Psychiatry Clinic,nan
YU JUSTIN MEGAN,Silliman University Medical Center,nan
YUSAY MICHELLI,Riverside Medical Center,nan
YUSAY RICARDO,Riverside Medical Center,nan
ACOS BETSY,Tandag Doctors Hospital,nan
ALBERCA KENNETH,SURIGAO MEDICAL CENTER,nan
ALMACEN GUILLERMO,ER Ochoa Maternity Hospital,nan
ALOJACIN GUAINDOLF,Gingoog Health Center,nan
ANDAYA ROSALIE,MJ Santos Hospital/Butuan Doctors Hospital,nan
ANG BLAKE,BUTUAN DOCTORS HOSPITAL,nan
APARECIO MARIA VIRGINIA,SAN FRANCISCO DOCTORS HOSPITAL,nan
ARRAZ RUTH,Tandag Health Center,nan
ASENIERO NINA CARISSA,ACE Medical Hospital,nan
ATO BENJO,ACE Medical Hospital,nan
AVERION FLORDELIZA,HOLY CHILD COLLEGES HOSPITAL,nan
AWING ARLYN,MJ Santos Hospital/Butuan Doctors Hospital,nan
AYO RUBY,Ayo Clinic,nan
BAJO MIKHAEL,SAN FRANCISCO DOCTORS HOSPITAL,nan
BARRIGA MERIAM,SAN FRANCISCO DOCTORS HOSPITAL,nan
BASCUG ELDA,NEW BAYUGAN HOSPITAL,nan
BATAC ANGEL,CARAGA REGIONAL HOSPITAL,109097.0
BAUTISTA CHRYL,BUTUAN DOCTORS HOSPITAL,57111.0
BAUTISTA  FRANCESCA,BUTUAN DOCTORS HOSPITAL,nan
BONIFACIO  JOSIE,Tandag Doctors Hospital,nan
BONIFACIO CRISELDA,Tandag Doctors Hospital,nan
BRAVO-SOLDE ODYSSA,SAN FRANCISCO DOCTORS HOSPITAL,nan
BRINGAS JM OSHLER,ER Ochoa Maternity Hospital,40437.0
BRODITH ARCHIMEDES,MJ Santos Hospital/Butuan Doctors Hospital,79792.0
BUNIEL SHEILA,Tandag Health Center,nan
BUSICO TERESITA,ER Ochoa Maternity Hospital,29992.0
BUTAL ROXANNE,MJ Santos Hospital/Butuan Doctors Hospital,nan
CABALLERO KEN,Gingoog Health Center,nan
CAGANG HAROLD,GINGOOG LIPUNAN HOSPITAL,nan
CAMPOREDONDO DIMPLES,ER Ochoa Maternity Hospital,nan
CAPARAS MARICRIS,BUTUAN DOCTORS HOSPITAL,nan
CEZAR NINO,Gingoog Health Center,nan
CHANG-ODCHIGUE CELESTE,Medina District Hospital/Gingoog District Hospital,nan
CLARIT ROSEMARIE,Clarit medical Clinic Tandag City,nan
CUBILLAN JERRICK,SURIGAO HEALTH SPECIALIST,nan
DAGOC BREN,BUTUAN DOCTORS HOSPITAL,nan
DAYAN DELFIN,MJ Santos Hospital/Butuan Doctors Hospital,67250.0
DE LEON ZITA,De Leon Hospital San Francisco Agusan Del Sur,nan
DEL CARMEN YUL,SURIGAO MEDICAL CENTER,62615.0
DELLOSA  MARIE ANTONIETTE,MJ Santos Hospital/Butuan Doctors Hospital,99267.0
DENILA MANUEL,Butuan Healthcare Clinic,nan
DERESAS MYRNA,BUTUAN DOCTORS HOSPITAL,82524.0
DIOSO ANNIE,MJ Santos Hospital/Butuan Doctors Hospital,nan
DUENAS ROLAND,MJ Santos Hospital/Butuan Doctors Hospital,55426.0
DUMANGAS VICTOR,SURIGAO MEDICAL CENTER,54065.0
EGNORA  VOLTAIRE,AHDE LASERRA HOSPITAL,nan
FELICILDA JIMMY,GINGOOG LIPUNAN HOSPITAL,nan
FUERTES ALPENIANO,SURIGAO MEDICAL CENTER,90503.0
GANABAN JULIO,Gingoog Health Center,nan
GO MANOLITO,SURIGAO MEDICAL CENTER,88726.0
GONZALEZ ANNA LIZA,MJ Santos Hospital/Butuan Doctors Hospital,85549.0
GONZALEZ LUTGARDO,MJ Santos Hospital/Butuan Doctors Hospital,79949.0
GONZALEZ RENE ANTONIO,MJ Santos Hospital/Butuan Doctors Hospital,44728.0
GUANZON KATHERINE,Gingoog Health Center,nan
GUILLARTE ADELSON,SURIGAO HEALTH SPECIALIST,nan
HANGOS  SYLVIA,MJ Santos Hospital/Butuan Doctors Hospital,79786.0
HIPE JUNETH,SURIGAO HEALTH SPECIALIST,nan
INDO MARLOWE,MJ Santos Hospital/Butuan Doctors Hospital,97216.0
JANDUG CLAIRE,BUTUAN DOCTORS HOSPITAL,nan
JAPITANA MARIA JHESSICA,BUTUAN DOCTORS HOSPITAL,nan
JONGKO JOSE MARI,Jongko Medical Clinic,nan
LAGUNZAD JOSEFINA,SURIGAO MEDICAL CENTER,81363.0
LAYESE LYNDE,ER Ochoa Maternity Hospital,89675.0
LAYESE MA. THERESA,MJ Santos Hospital/Butuan Doctors Hospital,80650.0
LERIAS FE,ER Ochoa Maternity Hospital,nan
LIBARIOS DEANNA,BUTUAN DOCTORS HOSPITAL,103805.0
LIBETARIO MANUEL,Gingoog Sanitarium Hospital,62634.0
LIBOON FATIMA,AGUSAN DEL NORTE PROVINCIAL HOSPITAL,nan
LIBRE HAYDEE,D O Plaza Provincial Hospital,nan
LIM  SHEREE,MJ Santos Hospital/Butuan Doctors Hospital,nan
LIM VIRGELIO,GINGOOG LIPUNAN HOSPITAL,nan
LIM RYAN JOHN,GINGOOG LIPUNAN HOSPITAL,nan
LIM NIKKI,GINGOOG LIPUNAN HOSPITAL,nan
LIM YU ANITA,MJ Santos Hospital/Butuan Doctors Hospital,43448.0
LINDO LAURETZIN,BUTUAN DOCTORS HOSPITAL,nan
LUMANCAS FRANCIS PAOLO,"Tandag, SURIGAO del Sur",nan
MABRAS FLORAVIL,SAN FRANCISCO DOCTORS HOSPITAL,nan
MAGAN JEROME,GINGOOG LIPUNAN HOSPITAL,nan
MANGADLAW JANICE,SAN FRANCISCO DOCTORS HOSPITAL,nan
MEDIDAS ANNA LIZA,Butuan Healthcare Clinic,89223.0
MEDILLO FRANCIS,AGUSAN DEL NORTE PROVINCIAL HOSPITAL,116841.0
MONGADO CYNTHIA,SURIGAO MEDICAL CENTER,91233.0
MONTOJO ANTONIO,D O Plaza Provincial Hospital,nan
MORTIZ GLORIA,Gingoog Sanitarium Hospital,nan
NAKILA DAISY,MJ Santos Hospital/Butuan Doctors Hospital,67559.0
OLIGUEBER LAIDEN,Oligueber Clinic Tandag City,nan
OLIVA JOVY JAY,AGUSAN DEL NORTE PROVINCIAL HOSPITAL,43582.0
PAMA RUBY,Pama Poly Clinic,nan
PARINAS LUCILLE,MJ Santos Hospital/Butuan Doctors Hospital,77638.0
PASTOR LORIELINE,SAN FRANCISCO DOCTORS HOSPITAL,nan
PATINIO IRENE,SURIGAO HEALTH SPECIALIST,nan
PONCE ROSEMARIE,MJ Santos Hospital/Butuan Doctors Hospital,82040.0
QUINTE BAYANI,ER Ochoa Maternity Hospital,nan
RABISANTO JAYZYL,AGUSAN DEL NORTE PROVINCIAL HOSPITAL,nan
RAMIREZ LIBORIO,Ramirez Medical Clinic,nan
RENDON VIOLETA,HOLY CHILD COLLEGES HOSPITAL,67787.0
RIVERA DYSSERIE,SURIGAO HEALTH SPECIALIST,nan
RODRIGUEZ PAUL,Rodriguez Medical Clinic,nan
RODRIGUEZ JENNIFER,Rodriguez Medical Clinic,nan
RUSILLON-SAJULGA ROMINA,SURIGAO MEDICAL CENTER,90482.0
SABAL RESTY,Gingoog Health Center,nan
SANTIAGO JANET,MJ Santos Hospital/Butuan Doctors Hospital,95331.0
SY RAFAEL,MJ Santos Hospital/Butuan Doctors Hospital,72389.0
TALAN MARILOU,AGUSAN DEL NORTE PROVINCIAL HOSPITAL,nan
TAPERLA SHERYL,MJ SANTOS HOSPITAL,nan
TERO BEVERLY,AGUSAN DEL NORTE PROVINCIAL HOSPITAL,nan
TOLDO ANDREA LOISE,SURIGAO HEALTH SPECIALIST,nan
VASAYA LAMBERTO,CARAGA REGIONAL HOSPITAL,nan
VILLARINA MELINDA,"Tandag, SURIGAO del Sur",nan
YAP DHAN MICHELLE,BUTUAN DOCTORS HOSPITAL,nan
YU ODILIU,MJ Santos Hospital/Butuan Doctors Hospital,103981.0
YU ROANNE MARIE,MJ SANTOS HOSPITAL,nan
ZABALLERO DAVE,Gingoog Health Center,nan
ACOSTA TOM LOUIE,ILOCOS SUR MEDICAL CENTER,nan
ADORA CLARISSA,METRO VIGAN HOSPITAL,nan
AFROILAN REGIENALD,MARIANO MARCOS MEMORIAL HOSPITAL- MEDICAL CENTER,nan
AGDAMAG PEEBLE,METRO VIGAN HOSPITAL,nan
AGDEPPA EDWIN,AGDEPPA CLINIC,nan
ANDAL VIDA MARAGARETH,METRO VIGAN HOSPITAL,nan
ARAGON JESUSA MAE,MARIANO MARCOS MEMORIAL HOSPITAL- MEDICAL CENTER,nan
ARELLANO STEVE,NORTHSIDE DOCTORS HOSPITAL,nan
ARTAJOS FRANCES,METRO VIGAN HOSPITAL,nan
ARTAJOS GODARD,METRO VIGAN HOSPITAL,127299.0
ASUNCION JERWIN,MARIANO MARCOS MEMORIAL HOSPITAL- MEDICAL CENTER,nan
AUSTRIA AUBERON ABRHAM,METRO VIGAN HOSPITAL,nan
BANGLAY JUNIPER,CANDON GENERAL HOSPITAL,nan
BARBERO GENE,BABERO CLINIC,nan
BARROGA FELIJOY MELODY,CANDON GENERAL HOSPITAL,nan
BATTAD GLENN,ST. JAMES HOSPITAL,nan
BERNAL BELMOURE,ABRA PROVINCIAL HOSPITAL,nan
BIGORNIA BUTCH,BIGORNIA MEDICAL CLINIC,nan
BUENO LYNN,BUENO MEDICAL CLINIC,nan
BUMANGLAG ALLAN,CORPUZ CLINIC & HOSPITAL,nan
BUNDAL LAURENCE OWEN,METRO VIGAN HOSPITAL,nan
BURGOS FELINO,ASSUMPTA FAMILY HOSPITAL,nan
BURGOS MILA,ASSUMPTA FAMILY HOSPITAL,nan
BUTARDO MAX GERONIMO,ST. JAMES HOSPITAL,nan
CABINIAN CARRIE,MARIANO MARCOS MEMORIAL HOSPITAL- MEDICAL CENTER,nan
CABUENA MARSHA MICHELLE,UNIVERSITY OF NORTHERN PHILIPPINES HOSPITAL,nan
CANDELARIO JAMIA,CORPUZ CLINIC & HOSPITAL,nan
CARINGAL JEAN,CANDON GENERAL HOSPITAL,nan
CASIA MAYENE,BABERO CLINIC,nan
CAUTUN JONAS CLARO,METRO VIGAN HOSPITAL,nan
CIRIACO MARIE CRISTE,ILOCOS SUR MEDICAL CENTER,nan
COMILANG ARNELLIE,COMILANG MEDICAL CLINIC,nan
CORPUZ FLORINA,CORPUZ MEDICAL CLINIC,nan
CORPUZ MARTIN,CORPUZ CLINIC & HOSPITAL,nan
CRUCES TEOFANES,CRUCES MEDICAL CLINIC,nan
DATU OFELIA,METRO VIGAN HOSPITAL,nan
DAUZ EUGENE,DAUZ MEDICAL CLINIC,nan
DE VEZE JUDY,METRO VIGAN HOSPITAL,nan
DEL CASTILLO EVELYN,CITY HEALTH OFFICE,nan
DEL ROSARIO MICHELEEN,METRO VIGAN HOSPITAL,nan
DELA CUADRA LEILANIE,CITY HEALTH OFFICE,nan
DIVINA ALMIRA,METRO VIGAN HOSPITAL,nan
DULAY MARIA CRISTINA,MARIANO MARCOS MEMORIAL HOSPITAL- MEDICAL CENTER,nan
EKESIOBI CHINWIKE,METRO VIGAN HOSPITAL,nan
ESTELON JULIE ANN,MARIANO MARCOS MEMORIAL HOSPITAL- MEDICAL CENTER,nan
FERI CHRISTIAN DALE,METRO VIGAN HOSPITAL,nan
FERI JELNA SHANE,METRO VIGAN HOSPITAL,nan
FRAGANTE MARJORIE,METRO VIGAN HOSPITAL,nan
GALERA LORALIE,CANDON GENERAL HOSPITAL,nan
GALLERO MELANIE,CANDON CITY HOSPITAL,nan
GALUT MIGUEL,METRO VIGAN HOSPITAL,nan
GARCIA BELLY JAMAICA,HI-PRECISION AND DIAGNOSTICS,nan
GUERRERO MARIO JOEL,NORTHSIDE DOCTORS HOSPITAL,nan
HADLOC MARIA ALOIZA,ST. MARTIN DE PORRES HOSPITAL,nan
KUA MARIA BLANCA,MARIANO MARCOS MEMORIAL HOSPITAL- MEDICAL CENTER,nan
LACASANDILE KAREEN,LACASANDILE MEDICAL CLINIC & DIAGOSTIC CENTER,nan
LAHOZ GLORIA,CITY HEALTH OFFICE,nan
LAPIRA ZHERLUCK,METRO VIGAN HOSPITAL,nan
LAZO REYNALDO,MARIANO MARCOS MEMORIAL HOSPITAL- MEDICAL CENTER,nan
LIM DIANA,NARVACAN GENERICS DRUGSTORE,nan
LIM ROBERT,METRO VIGAN HOSPITAL,nan
LU JANE,MARIANO MARCOS MEMORIAL HOSPITAL- MEDICAL CENTER,nan
LUZOD ROBERT,HI-PRECISION AND DIAGNOSTICS,nan
MANALO AGNES,THE BLACK NAZARENE HOSPITAL,nan
MANUEL JOVIE JOY,KARMELLI CLINIC & HOSPITAL,nan
MENDOZA KRYSTAL,MARIANO MARCOS MEMORIAL HOSPITAL- MEDICAL CENTER,nan
MORALES MARY GRACE,METRO VIGAN HOSPITAL,nan
NABLO MICHELLE,CANDON CITY HOSPITAL,nan
NARAG AMOR RHEA,METRO VIGAN HOSPITAL,nan
NAVARRO RAINICK BRENHIZAR,METRO VIGAN HOSPITAL,nan
ONG ELTON,ST. JAMES HOSPITAL,nan
ONILLA JOHN CHRISTOPHER,MARIANO MARCOS MEMORIAL HOSPITAL- MEDICAL CENTER,nan
ORTIZ DENISE AYN,BANGUED CHRISTIAN HOSPITAL,nan
PACIS RHOME ARLYN,PACIS MEDICAL CLINIC,nan
PACQUING JONATHAN,ST. MARTIN DE PORRES HOSPITAL,nan
PAHINAG MARICRIS,MARIANO MARCOS MEMORIAL HOSPITAL- MEDICAL CENTER,nan
PALAFOX JOEY,MARIANO MARCOS MEMORIAL HOSPITAL- MEDICAL CENTER,nan
PASCUA EILEEN,ILOCOS SUR MEDICAL CENTER,nan
PASCUA JOSEPH,ILOCOS SUR MEDICAL CENTER,nan
PASCUAL SHERYL,MARIANO MARCOS MEMORIAL HOSPITAL- MEDICAL CENTER,nan
PAZ REYNALDO,METRO VIGAN HOSPITAL,nan
PIPO ANGELA,METRO VIGAN HOSPITAL,nan
PIPO LORENZA EVANGELINA,NORTHSIDE DOCTORS HOSPITAL,nan
PIZARRO GEDRICK,ST. JAMES HOSPITAL,nan
PIZARRO NIJELL,ST. JAMES HOSPITAL,nan
PRUDENCIO DEBBIE,CITY HEALTH OFFICE,nan
QUADRA CHRISTOPHER JOHN,METRO VIGAN HOSPITAL,nan
QUERUBIN JAN REYNOLD,ILOCOS SUR MEDICAL CENTER,nan
RABAGO NORMAN,KARMELLI CLINIC & HOSPITAL,nan
RABARA BEN PAOLO,METRO VIGAN HOSPITAL,nan
RABARA CHARLES,METRO VIGAN HOSPITAL,nan
RABARA ELYZEL,METRO VIGAN HOSPITAL,nan
RAFANAN LESLIE,METRO VIGAN HOSPITAL,nan
RAGASA LILIBETH,CITY HEALTH OFFICE,nan
RANCHES LOIDA,CITY HEALTH OFFICE,nan
RIAMBON MARVIN,METRO VIGAN HOSPITAL,nan
RUBIO JAKE,PIRA HOSPITAL,nan
SABATEN MARIA FATIMA,ST. JAMES HOSPITAL,nan
SANTOS MARIE JOYCE,MARIANO MARCOS MEMORIAL HOSPITAL- MEDICAL CENTER,nan
SARAOS DEXTER,METRO VIGAN HOSPITAL,nan
SARIAN CORAZON,ILOCOS SUR COOPERATIVE MEDICAL MISSION GROUP AND HOSPITAL,nan
SUNIO RUEL,GABRIELA SILANG GENERAL HOSPITAL,nan
SY FERNANDO,PIRA HOSPITAL,nan
SY MIMI,PIRA HOSPITAL,nan
TAYLAN ALLAN,ST. CAMILLUS HOSPITAL,nan
TIPALLO JOHANNA,MOBILE CLINIC & WELLNESS CENTER,nan
TOLENTINO JOY MELCHORA,GABRIELA SILANG GENERAL HOSPITAL,nan
TOMAS ARNOLFO,MARIANO MARCOS MEMORIAL HOSPITAL- MEDICAL CENTER,nan
TRINIDAD ANGEL,ILOCOS SUR MEDICAL CENTER,nan
UGALE YVES,MARIANO MARCOS MEMORIAL HOSPITAL- MEDICAL CENTER,nan
UJANO STEPHEN,METRO VIGAN HOSPITAL,nan
VALDEZ  MELANIE,THE BLACK NAZARENE HOSPITAL,nan
VERMUDEZ ROLANDO,METRO VIGAN HOSPITAL,nan
VIADO JOAN,ST. JAMES HOSPITAL,nan
VIADO LESLIE,CLINICA ASUNCION,nan
VIADO ALLAN,METRO VIGAN HOSPITAL,nan
VITAMOG MARINELA,NORTHSIDE DOCTORS HOSPITAL,nan
YEE JOHANN,METRO VIGAN HOSPITAL,nan
ZABAT JOHNSON,METRO VIGAN HOSPITAL,nan
ZARA ROLAND,METRO VIGAN HOSPITAL,nan
ABDUL SUSAN,WESLEYAN UNIVERSITY HOSPITAL,nan
AGRAMOSA BERNARD,HEART OF JESUS,nan
ALBERCA KENNETH JAY-R,SURIGAO HEALTH SPECIALIST,121690.0
ALOJACIN GUIANDOLF,GINGOOG CITY HEALTH OFFICE,nan
AMANSEC RICHARD,NUEVA ECIJA DOCTORS HOSPITAL INC,nan
ANDAYA ROSALIE,MJ SANTOS HOSPITAL,125884.0
ANG BLAKE WARREN,B.ANG CLINIC,124961.0
ANGELES CRISTINA,ZARAGOSA,nan
ARAGON MIGUEL,NUEVA ECIJA DOCTORS HOSPITAL INC,nan
AREOLA WILLY,"RIZAL, NUEVA ECIJA",nan
ASENIERO NINA CARISSA,"ACE MEDICAL CENTER,BUTUAN",nan
ASUNCION JEROME JAY,BUTUAN DOCTORS HOSPITAL,nan
ATUPAN JEREME,BUTUAN DOCTORS HOSPITAL,nan
AVERION FLORDELIZA,HOLY CHILD HOSPITAL,49052.0
AWING ARLENE,BUTUAN DOCTORS HOSPITAL,nan
BAJO MIKHAEL,SAN FRANZ DOCTORS HOSPITAL,nan
BALDEMOR DANILO,HEART OF JESUS,nan
BARRIGA MERIAM,SAN FRANZ DOCTORS HOSPITAL,107426.0
BASCUG ELDA,NEW BAYUGAN HOSPITAL,95594.0
BATAC ANGEL EUGENIO,SURIGAO HEALTH SPECIALIST,101723.0
BATACLAN ROMMEL,GAPAN TERRITORIALS,nan
BAUSON MANUEL LUIS,DOK PHARMA CLINIC,82919.0
BAUTISTA CHYRL,BAUTISTA'S CLINIC,57111.0
BAUTISTA MARIA ANETTE,NUEVA ECIJA DOCTORS HOSPITAL INC,nan
BAUTISTA JEREMIAS,NUEVA ECIJA DOCTORS HOSPITAL INC,nan
BAUTISTA RAINVILLE,SAN JOSE,nan
BAUTISTA ANDREA,NUEVA ECIJA DOCTORS HOSPITAL INC,nan
BELTRAN CARLITO,GOODSAM MEDICAL CENTER,nan
BENDANILLO IRVIN,SURIGAO DOCTORS HOSPITAL,nan
BERGONIO ELLEN,STA ROSA TERRITORIALS,nan
BERMUDEZ LUIS,"BERMUDEZ CLINIC, PLACER, SURIGAO CITY",nan
BOADO CARLO,ZARAGOSA,nan
BRINGAS OSHLER,MATERNITY HOSPITAL,86834.0
BRODITH ARCHIMEDES,BUTUAN DOCTORS HOSPITAL,79792.0
BULACAN AMIEL,GOODSAM MEDICAL CENTER,nan
BUNSAN JAMES,PJG HOSPITAL,nan
BUSICO TERESITA,MATERNITY HOSPITAL,22992.0
BUTAL ROXANNE MAE,BUTUAN DOCTORS HOSPITAL,121589.0
CABALLERO KEN JESRYL,GINGOOG CITY HEALTH OFFICE,nan
CAGANG HAROLD,GINGOOG SANITARIUM & HOSPITAL,nan
CALMA WILFREDO,JECSON MEDICAL CENTER,nan
CAMPOREDONDO DIMPLES,MATERNITY HOSPITAL,117285.0
CAPARAS MARICRIS,MJ SANTOS HOSPITAL,118541.0
CASALLO ALLAN VON,NUEVA ECIJA DOCTORS HOSPITAL INC,nan
CASALLO LIA MARIE,NUEVA ECIJA DOCTORS HOSPITAL INC,nan
CASTRO SUSANA,SAN ISIDRO TERRITORIALS,nan
CEZAR NINO OLIVER,GINGOOG CITY HEALTH OFFICE,nan
CHANG-ODCHIGUE CELESTE SONYA,CHANG-ODCHIGUE FAMILY MEDICINE CLINIC,nan
COLOMA RACHEL,HEART OF JESUS,nan
COMBE ROSSEL,GOODSAM MEDICAL CENTER,nan
CORPUZ WILFREDO,CABANATUAN TERRITORIALS,nan
COSIN COLLEN JUNE,CARAGA REGIONAL HOSPITAL,nan
CRUZ RONALD,NUEVA ECIJA DOCTORS HOSPITAL INC,nan
CUARESMA CHRISTIAN,NUEVA ECIJA DOCTORS HOSPITAL INC,nan
CUBILLAN JERICK,SURIGAO HEALTH SPECIALIST,95853.0
DAAN DENEN,BUTUAN DOCTORS HOSPITAL,nan
DAAN ADELINA,BUTUAN DOCTORS HOSPITAL,nan
DACIO RAUL,BONGABON,nan
DACIO TERESARA,BONGABON,nan
DADGARDOUST PARIESSA,GAPAN TERRITORIALS,nan
DADGARDOUST REZA,GAPAN TERRITORIALS,nan
DAGOC BREN,MJ SANTOS HOSPITAL,nan
DAYAN DELFIN,BUTUAN DOCTORS HOSPITAL,67250.0
DE GUZMAN RUFINO,NUEVA ECIJA DOCTORS HOSPITAL INC,nan
DE GUZMAN BOBBY,PRIMIER MEDICAL CENTER,nan
DELA CRUZ ERNEST ABEGAIL,GOODSAM MEDICAL CENTER,nan
DELA CRUZ LAARNI,BALER,nan
DELGADO IAN DAVE,CARAGA REGIONAL HOSPITAL,nan
DELLOSA MARIE ANTOINETTE,"ACE MEDICAL CENTER,BUTUAN",99267.0
DERESAS  MYRNA,BUTUAN DOCTORS HOSPITAL,nan
DIANSUY NINA NOREEN,PRIMIER MEDICAL CENTER,nan
DIEGO MARISSA,GAPAN TERRITORIALS,nan
DIPACULANG GILBERT,PJG HOSPITAL,nan
DIZON MARISSA,RAMOS GENERAL HOSPITAL,nan
DOLORES CANDELARIA,GAPAN TERRITORIALS,nan
DOMINGO ARNEL,MUNOZ,nan
DOTOR ROLAND,CARAGA REGIONAL HOSPITAL,90579.0
DUENAS ROLAND,MJ SANTOS HOSPITAL,55426.0
DUMANGAS MARLOWE,SURIGAO MEDICAL CENTER,128144.0
DUMANGAS VICTOR,DUMANGAS CLINIC,54065.0
DUQUE JOY,APOLLO DUQUE HOSPITAL,nan
DUQUE RUBY,GOODSAM MEDICAL CENTER,nan
DUQUE JASMINE,GAPAN TERRITORIALS,nan
ENRIQUEZ GENESELLE,BALER,nan
ESTEBAN SARA,CABANATUAN TERRITORIALS,nan
FAUSTINO COLLENE,NUEVA ECIJA DOCTORS HOSPITAL INC,nan
FAUSTINO KRIZEL,PJG HOSPITAL,nan
FAUSTO ADRIAN MANUEL,PRIMIER MEDICAL CENTER,nan
FELICILDA JIMMY,FELICILDA FAMILY MEDICINE CLINIC,nan
FERRER IVY,PROVINCIAL HOSPITAL BUTUAN CITY,92732.0
FERRER NIKKA,CABANATUAN TERRITORIALS,nan
FILIPINAS TRISTAN,DOH-AGSUR,nan
FLORES ALFREDO,ZARAGOSA,nan
FRADO MARIO,JECSON MEDICAL CENTER,nan
FUENTES DERRICK,MJ SANTOS HOSPITAL,nan
FUERTES ALPENIANO,SURIGAO HEALTH SPECIALIST,nan
GAMAYON GEOFFREY,BONGABON,nan
GAMBE ERIK,SPEEDEE LABORATORY & DIAGNOSTICS,77819.0
GANABAN JULIO JESS,GINGOOG CITY HEALTH OFFICE,nan
GARCIA RACHEL,GAPAN TERRITORIALS,nan
GARCIA ALEJANDRO,GOODSAM MEDICAL CENTER,nan
GARCIA  EMERSON,PJG HOSPITAL,nan
GAVINO RICARDO,GOODSAM MEDICAL CENTER,nan
GERONIMO ANGIE,CENTRAL LUZON DOCTORS HOSPITAL,nan
GO  ANTHONY,NUEVA ECIJA DOCTORS HOSPITAL INC,nan
GONZALEZ RENE ANTONIO,MJ SANTOS HOSPITAL,59975.0
GONZALEZ ANNA LISA,MJ SANTOS HOSPITAL,84589.0
GONZALEZ JAY REMY,SURIGAO HEALTH SPECIALIST,nan
GUANZON KATHERINE RJ,GINGOOG CITY HEALTH OFFICE,nan
GUERERRO RAYMUND,NUEVA ECIJA DOCTORS HOSPITAL INC,nan
GUILLARTE ADELSON,SURIGAO DOCTORS HOSPITAL,112848.0
GUTIERREZ CHARISSE,NUEVA ECIJA DOCTORS HOSPITAL INC,nan
HANGOS SYLVIA,"ACE MEDICAL CENTER,BUTUAN",79788.0
HIPE JUNETH RIA,SURIGAO HEALTH SPECIALIST,107871.0
HIPE HOWELL,SURIGAO HEALTH SPECIALIST,104298.0
HIPOL RODRIGO,HIPOL UROLOGY CLINIC,nan
IGNACIO RELITO,SAN JOSE,nan
INDO MARLOWE,BUTUAN DOCTORS HOSPITAL,97216.0
ISIDRO ROSALIE,BALER,nan
JACINTO  EMILY,PRIMIER MEDICAL CENTER,nan
JAMANDRE  ALWYN JOHN,GOODSAM MEDICAL CENTER,nan
JANDUG CLAIRE,BUTUAN DOCTORS HOSPITAL,114230.0
JAPITANA-PECSON JHESSICA,BUTUAN DOCTORS HOSPITAL,117276.0
JOYOHOY MARY JOY,BUTUAN DOCTORS HOSPITAL,nan
JUATCO FLORENCIO,CABANATUAN TERRITORIALS,nan
LACANILAO AMBRICHIRUS,PJG HOSPITAL,nan
LACSON ROWENA,NUEVA ECIJA DOCTORS HOSPITAL INC,nan
LAGADE LEO ALEJANDRO,RAMOS GENERAL HOSPITAL,nan
LAGARDE LUIS,ST.PAUL UNIVERSITY HOSPITAL,nan
LAMIGO FLO,CARAGA REGIONAL HOSPITAL,nan
LAYESE LYNDE,MATERNITY HOSPITAL,79815.0
LAYESE MA.THERESA,BUTUAN DOCTORS HOSPITAL,80650.0
LEJANO JOYCE,TARLAC TERRITORIALS,nan
LEOCADIO LESTER,GINGOOG SANITARIUM & HOSPITAL,nan
LEYSON MARY CLAIRE,CARAGA REGIONAL HOSPITAL,nan
LIBARIOS DEANNA RAE,BUTUAN DOCTORS HOSPITAL,103805.0
LIBOON FATIMA ROSENDA,PROVINCIAL HOSPITAL BUTUAN CITY,nan
LIM NIKKI,"LIM CLINIC, GINGOOG",nan
LIM RYAN,"LIPUNAN HOSPITAL INC., GINGOOG",nan
LIM SHEREE,MJ SANTOS HOSPITAL,70516.0
LIM VIRGILIO,"LIPUNAN HOSPITAL INC., GINGOOG",nan
LOPEZ BENNY,NUEVA ECIJA DOCTORS HOSPITAL INC,nan
LOZANO ROMEO,MJ SANTOS HOSPITAL,nan
LUGTU CHRISTIE MAE,NUEVA ECIJA DOCTORS HOSPITAL INC,nan
MABRAS FLORAVIL,SAN FRANZ DOCTORS HOSPITAL,113932.0
MADUCDUC NOEL,GOODSAM MEDICAL CENTER,nan
MAGAN JEROME,"LIPUNAN HOSPITAL INC., GINGOOG",nan
MAGAN VANESSA ROSE,CARAGA REGIONAL HOSPITAL,nan
MAGLEO MA. CHRISTINA,STA ROSA TERRITORIALS,nan
MAMARIL ROSARIO,SAN ISIDRO TERRITORIALS,nan
MANIGOS KIRBY,BUTUAN DOCTORS HOSPITAL,nan
MANTILLA FRANCIS,SURIGAO MEDICAL CENTER,114451.0
MANZANO JEROME,GOODSAM MEDICAL CENTER,nan
MARCELO VINCENT,STA ROSA TERRITORIALS,nan
MEDIDAS ANALIZA,MEDIDAS BUTUAN HEALTHCARE CLINIC,89233.0
MEDINA ADELITA,CABANATUAN TERRITORIALS,nan
MENDOZA ROSS ALLAN,GOODSAM MEDICAL CENTER,nan
MENDOZA  EDGAR,NUEVA ECIJA DOCTORS HOSPITAL INC,nan
MILUHON UTO EYSHA,GAPAN TERRITORIALS,nan
MONGADO CYNTHIA TERESA,SURIGAO DOCTORS HOSPITAL,90322.0
MONTALBAN ANTONETTE,BUTUAN DOCTORS HOSPITAL,nan
MONTALBAN ANTONIO,BUTUAN DOCTORS HOSPITAL,nan
MORA JEFFREY,BALER,nan
MORTIZ GLORIA,MORTIZ CLINIC,nan
MUNEZ RENATO,MJ SANTOS HOSPITAL,nan
MUPAS JULIETA,PRIMIER MEDICAL CENTER,nan
NAKILA DAISY,MJ SANTOS HOSPITAL,67559.0
NESPRAL ANN PRINCESS,BUTUAN DOCTORS HOSPITAL,102743.0
NOCUM MA. LOURDES,NUEVA ECIJA DOCTORS HOSPITAL INC,nan
OCAMPO MA CECILIA,RAMOS GENERAL HOSPITAL,nan
OCAMPO MELLMONT,NUEVA ECIJA DOCTORS HOSPITAL INC,nan
OLIVA JOEVY,"HI-PRECISION DIAGNOSTICS,BUTUAN",85930.0
ORETA BENEDICTO,NUEVA ECIJA DOCTORS HOSPITAL INC,nan
PAATAN ERIC,NUEVA ECIJA DOCTORS HOSPITAL INC,nan
PADILLA MARIKIT,NUEVA ECIJA DOCTORS HOSPITAL INC,nan
PALLARCA MARITA,NUEVA ECIJA MEDICS HOSPITAL,nan
PANTALEON CONDRADO,SAN FRANZ DOCTORS HOSPITAL,nan
PAPA ROSELYN,PRIMIER MEDICAL CENTER,nan
PARINAS ESTER LUCILLE,MJ SANTOS HOSPITAL,77638.0
PASTOR LORELINE,SAN FRANZ DOCTORS HOSPITAL,101525.0
PATINO IRENE,ST.PAUL UNIVERSITY HOSPITAL,115950.0
PATRICIO IANDROF,NUEVA ECIJA DOCTORS HOSPITAL INC,nan
PEREZ MARIE,NUEVA ECIJA MEDICS HOSPITAL,nan
PINEDA ERNEST HOPE,KA-AYO CLINIC,113470.0
PLAZA ALLADIN,KA-AYO CLINIC,106322.0
PONCE ROSEMARIE,BUTUAN DOCTORS HOSPITAL,82040.0
PORNESO JEFFERSON,GUIMBA TERRITORIALS,nan
QUINTE BAYANI,MATERNITY HOSPITAL,nan
RENDON VIOLETA,HOLY CHILD HOSPITAL,67787.0
REYES CARMENCITA,NUEVA ECIJA DOCTORS HOSPITAL INC,nan
REYES JOHN ROBINSON,STA ROSA TERRITORIALS,nan
REYMATIAS JEROME,GOODSAM MEDICAL CENTER,nan
RINOSA NOEL,GOODSAM MEDICAL CENTER,nan
RIVERA DYSSERIE,SURIGAO HEALTH SPECIALIST,131332.0
RIVERA MARCEL,SURIGAO HEALTH SPECIALIST,nan
ROBLES REY ANTHONY,MJ SANTOS HOSPITAL,nan
ROSALES-LINDO LAURITZEN,BUTUAN DOCTORS HOSPITAL,nan
RUSILLON ROMINA,SURIGAO DOCTORS HOSPITAL,90482.0
SABAL RESTY KAYE MARK,GINGOOG CITY HEALTH OFFICE,nan
SALAS- PAYNOR MA. CHRISTINA,NUEVA ECIJA DOCTORS HOSPITAL INC,nan
SAMPANA ALBERT,PRIMIER MEDICAL CENTER,nan
SAMSON KRISTINE ANNE,ALLIAGA,nan
SAN PEDRO JOSEPH,PRIMIER MEDICAL CENTER,nan
SANTARINA ALEX CLIMENTE,NUEVA ECIJA DOCTORS HOSPITAL INC,nan
SANTIAGO JANET,BUTUAN DOCTORS HOSPITAL,nan
SANTIAGO DONNY,PJG HOSPITAL,nan
SANVICTORRES MONINA,GUIMBA GENERAL HOSPITAL,nan
SARMEN FREDERICK,SURIGAO HEALTH SPECIALIST,nan
SEBASTIAN RUTH,PJG HOSPITAL,nan
SEBIAL MAE,PRIMIER MEDICAL CENTER,nan
SEGUIA LARA FE,D.O PLAZA MEMORIAL HOSPITAL,nan
SERGIO SID,PJG HOSPITAL,nan
SISTONA RAYMOND,ST.PAUL UNIVERSITY HOSPITAL,nan
SOBREPENA LEORINO,HEART OF JESUS,nan
SOLDE ODYSSA,CAMPO BRAVO CLINIC,108589.0
SOLIMAN NATHAN PAOLO,PJG HOSPITAL,nan
SORRERA-LERIAS FE,MATERNITY HOSPITAL,26793.0
TADEO PURIFICATION,MUNOZ,nan
TANWANI ALBERT,GOODSAM MEDICAL CENTER,nan
TAPERLA SHERYL,MJ SANTOS HOSPITAL,111703.0
TERO BEVERLY,PROVINCIAL HOSPITAL BUTUAN CITY,nan
TESORO KARL,PJG HOSPITAL,nan
TIENZO JONAS,PRIMIER MEDICAL CENTER,nan
TOLENTINO KATHRYN HAZEL,GOODSAM MEDICAL CENTER,nan
TOMAS MARK LESTER,"RIZAL, NUEVA ECIJA",nan
VALDEZ ROLAND,GOODSAM MEDICAL CENTER,nan
VALENCIA ROLANDO,SAN JOSE,nan
VALMONTE LORENZA,SAN ISIDRO TERRITORIALS,nan
VASAYA LAMBERTO,SURIGAO MEDICAL CENTER,115575.0
VILLANUEVA RENATO,MJ SANTOS HOSPITAL,71667.0
VILLAR DANICA,BALER,nan
YANG SHERYL,PRIMIER MEDICAL CENTER,nan
YANG RACHEL,PRIMIER MEDICAL CENTER,nan
YANG SYLVIA,PRIMIER MEDICAL CENTER,nan
YAOYAO ARNEL,BUTUAN DOCTORS HOSPITAL,124450.0
YAP DHAN MICHELLE,PROVINCIAL HOSPITAL BUTUAN CITY,nan
YCONG ROY,SURIGAO DOCTORS HOSPITAL,67759.0
YU ALVIN,MJ SANTOS HOSPITAL,nan
YU ANITA,LIM-YU CLINIC,43448.0
YU ODILIO,BUTUAN DOCTORS HOSPITAL,103981.0
YU ROANNE,LIM-YU CLINIC,123301.0
ZAGALA AILEEN,PRIMIER MEDICAL CENTER,nan
ZAMORA DANILO,GAPAN TERRITORIALS,nan
ABABON MYLES CLEMENT,SOUTHERN PHILIPPINES MEDICAL CENTER,nan
ABOU ZAKI SHAFIQ DEXTER,METRO DAVAO MEDICAL AND RESEARCH CENTER,nan
ABUJEN ANN MARIE,SOUTHERN PHILIPPINES MEDICAL CENTER,129327.0
ACOSTA JOSEPH JASPER,METRO DAVAO MEDICAL AND RESEARCH CENTER,nan
ALAMPAYAN MARY ANN,METRO DAVAO MEDICAL AND RESEARCH CENTER,95717.0
ALEGARBES SUZETTE,DAVAO DOCTOR'S HOSPITAL,nan
ALEGRO HUBERT JONATHAN,SOUTHERN PHILIPPINES MEDICAL CENTER,nan
ALEJANDRO ROSALITA,POLYCLINIC DAVAO INCORPORATED,48491.0
AMOGUIS LOWEL,UM MULTITEST,nan
ANDOLANA GUER LAW,THE MEDICAL MISSION GROUP HOSPITAL DAVAO,nan
ANDOY ARVIN MICHAEL,DAVAO DOCTOR'S HOSPITAL,nan
ANG ROSITO,THE MEDICAL MISSION GROUP HOSPITAL DAVAO,48136.0
ANGUS VICTORIO JR.,BUHANGIN MEDICAL CLINIC & DIAGNOSTIC CENTER,26719.0
ANIMA JOHN PAUL,SOUTHERN PHILIPPINES MEDICAL CENTER,nan
ANO-OS KATHERINE,METRO DAVAO MEDICAL AND RESEARCH CENTER,112299.0
ANUTA MELDI,SAN PEDRO HOSPITAL,80032.0
AQUITANIA GRACE,DAVAO DOCTOR'S HOSPITAL,nan
ARANIEGO JOEL ERNEST,DAVAO DOCTOR'S HOSPITAL,nan
ARAO MARIA CORAZON,SAN PEDRO HOSPITAL,85205.0
ARREOLA ALLAN,DAVAO MEDICAL SCHOOL FOUNDATION HOSPITAL,93617.0
ARSOLON CLARISSA EQUIPADO,DAVAO DOCTOR'S HOSPITAL,nan
ASIS CYRUS,TAGUM MEDICAL CITY,52325.0
AWIT KRIS KAREN,METRO DAVAO MEDICAL AND RESEARCH CENTER,112975.0
BABAO JERANN,TAGUM MEDICAL CITY,nan
BABAO JANICE,TAGUM MEDICAL CITY,125217.0
BAD-ANG MARIA THERESA,DAVAO MEDICAL SCHOOL FOUNDATION HOSPITAL,90261.0
BAGSIC MERY GRACE,MATI,nan
BALAZO VICENTE,DIGOS DOCTOR'S HOSPITAL,nan
BALINGIT FELIPE,THE MEDICAL MISSION GROUP HOSPITAL TAGUM,54198.0
BANGAYAN TOMMY,SAN PEDRO HOSPITAL,85791.0
BARIA JED,SOUTHERN PHILIPPINES MEDICAL CENTER,nan
BARRIENTOS EARL IAN,METRO DAVAO MEDICAL AND RESEARCH CENTER,102669.0
BATALLA ELFRED,DAVAO DOCTOR'S HOSPITAL,nan
BAULOS POL DENNIS,SAN PEDRO HOSPITAL,nan
BELEN MARCUS ALBERT,SOUTHERN PHILIPPINES MEDICAL CENTER,nan
BERCILLA ANALIE,TAGUM MEDICAL CITY,110217.0
BERNAN ALISA,DAVAO DOCTOR'S HOSPITAL,nan
BERNARDO DIANE,DAVAO DOCTOR'S HOSPITAL,nan
BESAS FRANCIS,THE MEDICAL MISSION GROUP HOSPITAL TAGUM,97168.0
BISNAR LUISA,SAN PEDRO HOSPITAL,47341.0
BITOY FRANCES NICOLE,SOUTHERN PHILIPPINES MEDICAL CENTER,nan
BLAYA JEROME,DAVAO DOCTOR'S HOSPITAL,nan
BONGCAWIL ROXANNE YEN,BROKENSHIRE HOSPITAL,nan
BONJE ANNA THERESA,ANDA RIVERVIEW MEDICAL CENTER,98025.0
BOSQUIT JOHN JAY,SAN PEDRO HOSPITAL,93619.0
BRAGA-ARJONA MAUREEN BETTY,SOUTHERN PHILIPPINES MEDICAL CENTER,nan
BRANZUELA ARTHUR,SOUTHERN PHILIPPINES MEDICAL CENTER,nan
BRILLANTE CHRISTIAN,GREEN LAB.,nan
BRINGAS SARAH VIVIENNE,DAVAO DOCTOR'S HOSPITAL,nan
BURLAZA JOEL IAN PAT BURLAZA,SAN MIGUEL CLINIC,nan
CABAHUG REAGAN,SAN PEDRO HOSPITAL,79935.0
CABALLES FLOR JOCELYN,SAN PEDRO HOSPITAL,55837.0
CAJOLES RICHELLE MAY,METRO DAVAO MEDICAL AND RESEARCH CENTER,nan
CALLOS KERVIN LARKIN,SAN PEDRO HOSPITAL,nan
CAMARAO WARNER,DAVAO DOCTOR'S HOSPITAL,nan
CASTANETO ADEL CARLITO,SOUTHERN PHILIPPINES MEDICAL CENTER,nan
CASTILLO CELIA,DAVAO DOCTOR'S HOSPITAL,nan
CASTILLONES DESIREE,SOUTHERN PHILIPPINES MEDICAL CENTER,nan
CEBALLOS WARREN,RIVERA MEDICAL CENTER,80041.0
CHIEW BERNARD,DAVAO DOCTOR'S HOSPITAL,nan
CHIONG KRISTINE,THE MEDICAL MISSION GROUP HOSPITAL TAGUM,nan
CHIU ROWENA,METRO DAVAO MEDICAL AND RESEARCH CENTER,11860.0
CLET CHRYSTELER,TAGUM DOCTORS HOSPITAL,90428.0
COCHING RAUL MARTIN,DAVAO DOCTOR'S HOSPITAL,nan
CORRE-ESTUYA EDA KRIS,METRO DAVAO MEDICAL AND RESEARCH CENTER,nan
DALMACIO ELISA LOLITA,TAGUM DOCTORS HOSPITAL,77564.0
DAVIN ARTHUR JR.,SOUTHERN PHILIPPINES MEDICAL CENTER,nan
DAYAG-CABRERA MYRRENE BLUE,METRO DAVAO MEDICAL AND RESEARCH CENTER,120291.0
DEJAN MARY ANN,TAGUM DOCTORS HOSPITAL,75293.0
DEL FIERO MARCEL,SOUTHERN PHILIPPINES MEDICAL CENTER,nan
DELES LORA GRACE,METRO DAVAO MEDICAL AND RESEARCH CENTER,nan
DOLIENTE EMILY ROSE,PNJKIS POLYCLINIC AND DIAGNOSTIC CENTER,nan
DUJALI DIZZA,THE MEDICAL MISSION GROUP HOSPITAL TAGUM,94971.0
DURANA VYRON KIM,SOUTHERN PHILIPPINES MEDICAL CENTER,nan
DURBAN EVANGELINE,RICARDO LIMSO MEDICAL CENTER,nan
DY KRISELLE RAE,DAVAO DOCTOR'S HOSPITAL,nan
ELORDE RITA VILLE,METRO DAVAO MEDICAL AND RESEARCH CENTER,nan
ESPARAGOZA CALIXTO II,TAGUM GLOBAL MEDICAL CENTER,106676.0
ESPINO VICTOR,DAVAO MEDICAL SCHOOL FOUNDATION HOSPITAL,nan
ESTABILLO KEA MARIEZE,BMCDC NOVA TIERRA,nan
ESTANISLAO BIEN,METRO DAVAO MEDICAL AND RESEARCH CENTER,nan
EVANGELISTA MARY GRACE,TAGUM MEDICAL CITY,101508.0
EVORA AMOR,DAVAO DOCTOR'S HOSPITAL,nan
FADERAN BERMILLON,METRO DAVAO MEDICAL AND RESEARCH CENTER,105624.0
FERMIL MARY DENISE,SOUTHERN PHILIPPINES MEDICAL CENTER,128475.0
FERNANDO JOSEPH NOEL,TAGUM MEDICAL CITY,106416.0
FORTINEZ JUDY THERESA,DAVAO MEDICAL SCHOOL FOUNDATION HOSPITAL,89166.0
FRANCO KARL FERNAND,METRO DAVAO MEDICAL AND RESEARCH CENTER,103863.0
FRANCO ARTEMIO,MATI,nan
GALLARDO LEO,SAN PEDRO HOSPITAL,66260.0
GAMPON ISAIAH JEREMI,THE MEDICAL MISSION GROUP HOSPITAL TAGUM,nan
GARCIA LIZA ROWENA,METRO DAVAO MEDICAL AND RESEARCH CENTER,99466.0
GARCIA MARIE ANGELIE,THE MEDICAL MISSION GROUP HOSPITAL TAGUM,nan
GATMAITAN PHILLIP JAYNARD,METRO DAVAO MEDICAL AND RESEARCH CENTER,nan
GATO-TENAJA NONITA,SOUTHERN PHILIPPINES MEDICAL CENTER,nan
GAYARES-LAGANSON FAITH KRISTINE,CHRIST THE KING SPECIALIST HOSPITAL,nan
GAZMEN LEW IAN,THE MEDICAL MISSION GROUP HOSPITAL TAGUM,94973.0
GERNALE GERNALE LYN,SOUTHERN PHILIPPINES MEDICAL CENTER,121904.0
GICANA CHRISTINA,TAGUM MEDICAL CITY,114485.0
GO SHERWIN LOUIS NINO,CHRIST THE KING SPECIALIST HOSPITAL,nan
GO GIANNINA,METRO DAVAO MEDICAL AND RESEARCH CENTER,nan
GO DAVID LLOYD,SOUTHERN PHILIPPINES MEDICAL CENTER,nan
GUERRERO MANOLETE,SAN PEDRO HOSPITAL,70332.0
GUILLERMO MARJORIE,SAN PEDRO HOSPITAL,94976.0
GUILLERMO SYRIL BREN,METRO DAVAO MEDICAL AND RESEARCH CENTER,103856.0
GUILLERMO DHARRYL,ST. JOHN HOSPITAL TORIL,nan
HERCEDA AILEEN,DAVAO DOCTOR'S HOSPITAL,nan
HERNANDEZ SHEILA MARIE,DAVAO MEDICAL SCHOOL FOUNDATION HOSPITAL,83319.0
HIMAGAN JEANIE,SAN PEDRO HOSPITAL,357306.0
IBRAHIM AHLIAH,DAVAO DOCTOR'S HOSPITAL,nan
INOJALES TANYA RUTH,TAGUM DOCTORS HOSPITAL,119298.0
ISAGUIRRE MA. CLARA,DAVAO DOCTOR'S HOSPITAL,nan
JAMPAYAS MARIE MICHELLE,THE MEDICAL MISSION GROUP HOSPITAL TAGUM,nan
JAYLO MARIA SALUD,RIVERA MEDICAL CENTER,94952.0
JAYLO BLESSILDA,MATI,nan
KASILAG  MAE,METRO DAVAO MEDICAL AND RESEARCH CENTER,nan
KHAN ANNIE,METRO DAVAO MEDICAL AND RESEARCH CENTER,nan
LAFORTEZA ALEXIS ROBERTO,ANDA RIVERVIEW MEDICAL CENTER,nan
LAGANSON JAN RICHARD,TAGUM DOCTORS HOSPITAL,nan
LANABAN AURA RHEA,METRO DAVAO MEDICAL AND RESEARCH CENTER,112967.0
LAURO KATHLEEN JOY,SOUTHERN PHILIPPINES MEDICAL CENTER,nan
LAYUG CHRISTOPHER,SOUTHERN PHILIPPINES MEDICAL CENTER,nan
LEANO JENNIFER IVY,METRO DAVAO MEDICAL AND RESEARCH CENTER,111896.0
LEGASPI MA. VICTORIA,CHRIST THE KING SPECIALIST HOSPITAL,88730.0
LEGASPI JEORGIE ARVIN,CHRIST THE KING SPECIALIST HOSPITAL,nan
LEONARDIA HARVEY,CLINICA LEONARDIA,82541.0
LEYVA EMILIO LUIS,SOUTHERN PHILIPPINES MEDICAL CENTER,nan
LIBERATO RAYMUND DARIUS,METRO DAVAO MEDICAL AND RESEARCH CENTER,108979.0
LICAYAN PAULITA,POLYCLINIC DAVAO INCORPORATED,45999.0
LICAYAN MANUEL,POLYCLINIC DAVAO INCORPORATED,nan
LIGUID ARLENE,MEDICUS DIAGNOSTIC CENTER TAGUM BRANCH,nan
LLANOS ARYEEL,TAGUM GLOBAL MEDICAL CENTER,84333.0
LOPEZ ERLYN,SOMOSO GENERAL HOSPITAL,97761.0
LOPEZ ERWYN,BUHANGIN MEDICAL CLINIC & DIAGNOSTIC CENTER PANABO BRANCH,nan
LOREN JOSE CARLO,METRO DAVAO MEDICAL AND RESEARCH CENTER,nan
LUMANLAN GENE PAUL,RIVERA MEDICAL CENTER,104854.0
LUY SYBIL CLAUDINE,METRO DAVAO MEDICAL AND RESEARCH CENTER,121618.0
LUY THERESE MARIE,SOUTHERN PHILIPPINES MEDICAL CENTER,141819.0
MABANG SHAHANIE NURMAINE,SOUTHERN PHILIPPINES MEDICAL CENTER,nan
MACAPAGAL CATHERINE,SAN PEDRO HOSPITAL,nan
MACAPAGAL RAMIL,METRO DAVAO MEDICAL AND RESEARCH CENTER,118516.0
MACAPAGAL DESILU ALISA,DAVAO DOCTOR'S HOSPITAL,nan
MADJANI OMAR,SOUTHERN PHILIPPINES MEDICAL CENTER,nan
MADUAY MELINDA,MATI,nan
MAGLANA MARILOU,SAN PEDRO HOSPITAL,55918.0
MAGLANA CHRISTOPHER,SOUTHERN PHILIPPINES MEDICAL CENTER,nan
MALAGA GELINE MAE,DIGOS DOCTOR'S HOSPITAL,nan
MANAGBANAG LENITA,SOUTHERN PHILIPPINES MEDICAL CENTER,102691.0
MANALAYSAY TRISHA MICHELLE,METRO DAVAO MEDICAL AND RESEARCH CENTER,nan
MANIBPEL SHARIFF AMILLOARI,THE MEDICAL MISSION GROUP HOSPITAL TAGUM,117247.0
MANSILLA PAMELA JOANNE,DAVAO DOCTOR'S HOSPITAL,nan
MANTOS KATHERINE,SAN PEDRO HOSPITAL,nan
MARANIAN AIDA,METRO DAVAO MEDICAL AND RESEARCH CENTER,nan
MARUNDAN-MOYA JOY ANGELI,SOUTHERN PHILIPPINES MEDICAL CENTER,nan
MIRAS NEIL BRYAN,SOUTHERN PHILIPPINES MEDICAL CENTER,148827.0
MOHAMMAD FHARNIEZA,SOUTHERN PHILIPPINES MEDICAL CENTER,151525.0
MONTECLARO RACHEL,SOUTHERN PHILIPPINES MEDICAL CENTER,nan
MORELOS AMHERSTIA,METRO DAVAO MEDICAL AND RESEARCH CENTER,nan
MOSQUEDA DONNAH BLESS,METRO DAVAO MEDICAL AND RESEARCH CENTER,113485.0
NAIK SITTIR RIZMINN,SOUTHERN PHILIPPINES MEDICAL CENTER,nan
NARANJO MAY,DAVAO DOCTOR'S HOSPITAL,nan
NASIAD NOREEN,MATI,nan
NOBLES MARIKIT,"CAINGLET MEDICAL HOSPITAL, INC",nan
OBILLOS-LAFORTEZA STEPHANIE MARTHA,DAVAO DOCTOR'S HOSPITAL,nan
OLALO MIKHAIL,DIGOS DOCTOR'S HOSPITAL,nan
OMBAO RON,METRO DAVAO MEDICAL AND RESEARCH CENTER,nan
OMPANG JURGEN,MATI,nan
ONG MARCOS,DAVAO MEDICAL SCHOOL FOUNDATION HOSPITAL,72142.0
ONG RIZZA,SOUTHERN PHILIPPINES MEDICAL CENTER,112991.0
ONG-CALLOS HEDY,SAN PEDRO HOSPITAL,nan
ONGKINGCO JUNE MARIE,METRO DAVAO MEDICAL AND RESEARCH CENTER,nan
OTERO GEMMA,SAN PEDRO HOSPITAL,74742.0
PANOPIO BARBARA JANE,MATI,nan
PANUDA JOSE PAOLO,METRO DAVAO MEDICAL AND RESEARCH CENTER,nan
PAREDES AIMEE,MATI,nan
PARENAS JENNY,SOUTHERN PHILIPPINES MEDICAL CENTER,nan
PASAWA MONIKKA,PERPETUAL POLYCLINIC,nan
PASIA ARNOLD,UM MULTITEST,nan
PAULINO KIM,SOUTHERN PHILIPPINES MEDICAL CENTER,nan
PELEGRINO RAMCIS,THE MEDICAL MISSION GROUP HOSPITAL TAGUM,108970.0
PORZA JERRY WAJAB,METROPOLITAN SPECIALIST,86493.0
PRUDENCIO MARIO,THE MEDICAL MISSION GROUP HOSPITAL TAGUM,12320.0
PRUDENCIO THERESA LEONA,THE MEDICAL MISSION GROUP HOSPITAL TAGUM,nan
PUNAY SONDE CRIS,METRO DAVAO MEDICAL AND RESEARCH CENTER,nan
QUEREQUINCIA KAREN ANN,METRO DAVAO MEDICAL AND RESEARCH CENTER,106336.0
QUIAMBAO HECTOR,METRO DAVAO MEDICAL AND RESEARCH CENTER,90542.0
QUILISADIO JOHN ELMER,TAGUM GLOBAL MEDICAL CENTER,119489.0
QUINO HEIDE,SOUTHERN PHILIPPINES MEDICAL CENTER,104726.0
RACHO VERONICA,DAVAO DOCTOR'S HOSPITAL,nan
RAMISCAL ASTERIO,RAMISCAL CLINIC TRADE CENTER,93534.0
RAMOS SUSANA,AQUINO MEDICAL SPECIALIST,67164.0
RAMOS BROMEO,SOUTHERN PHILIPPINES MEDICAL CENTER,nan
RAMOS SITTIE,HEART AND VASCULAR CLINIC,nan
RAZO LLOYD,RAZO MEDICAL CLINIC,nan
RAZUL RUDOLPH ALLAN,PANABO POLYMEDIC HOSPITAL,103844.0
RECOLETO KEREN JOY,SOUTHERN PHILIPPINES MEDICAL CENTER,nan
REGONDOLA JAY KARLOU,DAVAO DOCTOR'S HOSPITAL,nan
RENEGADO GLENN,TAGUM DOCTORS HOSPITAL,93627.0
REYES ANNABELLE,METRO DAVAO MEDICAL AND RESEARCH CENTER,91712.0
REYES LANCE,THE MEDICAL MISSION GROUP HOSPITAL TAGUM,nan
RIVERA PRINCESS MICHELLE,RIVERA MEDICAL CENTER,126788.0
ROBLEZA XELA PATRICIA,SOUTHERN PHILIPPINES MEDICAL CENTER,nan
ROFLO JUANCHO DAVE,LUPON,nan
RUBIO GENER,SAN PEDRO HOSPITAL,103869.0
SALEGON PLACIBELLA,SAN PEDRO HOSPITAL,50855.0
SANTA CRUZ JUDITH,POLYCLINIC DAVAO INCORPORATED,48232.0
SERENINA-MARTIN ANN KRISTINE,THE MEDICAL MISSION GROUP HOSPITAL TAGUM,nan
SIOSON JEROME,BROKENSHIRE HOSPITAL,nan
SISTOZA JOJILENE,CHRIST THE KING SPECIALIST HOSPITAL,119762.0
TAN YVETTE,METRO DAVAO MEDICAL AND RESEARCH CENTER,64776.0
TOLENTINO CARLO,SOUTHERN PHILIPPINES MEDICAL CENTER,nan
TOM MARK ANTHONY,DAVAO DOCTOR'S HOSPITAL,nan
TORNO LARISSA LARA,METRO DAVAO MEDICAL AND RESEARCH CENTER,92752.0
TORRE ARISFINA,PERPETUAL POLYCLINIC,61856.0
TORRES JULIE ANN KRISTY,METRO DAVAO MEDICAL AND RESEARCH CENTER,nan
UY GLENN DARRYL,TAGUM MEDICAL CITY,nan
VALLES ATHENA JORDAN,METRO DAVAO MEDICAL AND RESEARCH CENTER,nan
VILLANUEVA VIDA ROSE DANIELLE,METRO DAVAO MEDICAL AND RESEARCH CENTER,120209.0
WEE AIVAN MATTHEW,METRO DAVAO MEDICAL AND RESEARCH CENTER,nan
WONG CHARMAINE,SAN PEDRO HOSPITAL,106412.0
YBANEZ ERWIN JANNINO,DAVAO DOCTOR'S HOSPITAL,nan
YBIERNAS JEANETTE,DAVAO DOCTOR'S HOSPITAL,nan
YUZON JUDY ANNE,SAN PEDRO HOSPITAL,61913.0
YUZON ROMEO JR.,SAN PEDRO HOSPITAL,52802.0
ZAFRA GAIL,METRO DAVAO MEDICAL AND RESEARCH CENTER,114506.0
ABALOS RANDOLF,ABALOS MED CTR,nan
APURA MARIA CHENG LYN,CENTRUM MED CTR,nan
AQUINO TESSIE,Aquino Medical Center,nan
AQUINO CHARLENE,R1MC,nan
ARENAS ARTHUR,ELGUIRA GEN HOSP,nan
ASUNCION ANGIELYN,ALAMINOS DOCTORS HOSP,nan
BALDERAS JUBILIA,VILLAFLOR HOSPITAL,nan
BANEZ VENUS,Banez Medical Clinic,nan
BAUTISTA BILLY,Nazareth General Hospital,nan
BAUTISTA BENJAMIN MARCIAL,CHO DAGUPAN,nan
BELTRAN  DYAN JANE,Nazareth General Hospital,nan
BERGONIA JUPITER,Bergonia Medical Clinic,nan
BERNAL ALFREDO,Blessed Family Doctors General Hospital,nan
BERNAL DIANA,Blessed Family Doctors General Hospital,nan
BERSAMIRA MARISSA,ALAMINOS DOCTORS HOSP,nan
BROWN SIMEON,BROWN MED CTR,nan
BULATAO DARLENE,Nazareth General Hospital,nan
BULATAO ALFONSO,Bulatao Medical Clinic,nan
BULATAO AILEEN,Bulatao Medical Clinic,nan
BULATAO CHERRYL,CHO LINGAYEN,nan
CANCINO CHRISTOPHER,CANCINO MED CLINIC,nan
CANTO ALEXIS,CENTRUM MED CTR,nan
CARO  MARILYN KATRINA,Nazareth General Hospital,nan
CASIL LEAH,Region 1 Medical Center,nan
CASIPIT JOSELITO,Sto. Nino De Casipit Gen Hospital,nan
CASUPANG JESSE EMMANUEL,R1MC,nan
CLAUDIO WILFREDO,CLAUDIO MEDICAL CTR,nan
CLAVERIA ALLAN,Metrodoctors,nan
CONSTANTINO ALVIN,Blessed Family Doctors General Hospital,nan
COQUIA ABRAHAM,COQUIA DIALYSIS,nan
CUISON  NELSON,Cuison Hospital Incorporated,nan
CUISON  CONRADO,Cuison Hospital Incorporated,nan
DAMPIL IRENE,Nazareth General Hospital,nan
DE CASTRO AIDA,DE CASTRO MED CLINIC,nan
DE GUZMAN MARLON,Universal Health General Hospital,nan
DE GUZMAN  MILLDEANNA,BLESSED FAM. HOSP,nan
DE LEON SHERILYN,Blessed Family Doctors General Hospital,nan
DE PERIO FLORDELIZA,THE MEDICAL CITY,nan
DE VENECIA MA. JULITA,CHO DAGUPAN,nan
DE VERA JENI-CLAIRE,Cuison Hospital Incorporated,nan
DE VERA GLADYS,Luzon Medical Center,nan
DECENA MADELYN,DECENA MEDICAL HOSPITAL,nan
DEE ROLAND ERIC,The Medical City,nan
DUQUE LALAINE,Luzon Medical Center,nan
ELGUIRA SAMUEL,Elguira General Hospital,nan
ELGUIRA DARWIN,ELGUIRA GEN HOSP,nan
ESIO HEINTJE,Nazareth General Hospital,nan
ESTABILLO ODESON,Nazareth General Hospital,nan
ESTOESTA ELIZABETH,R1MC,nan
EVANGELISTA MARY GRACE,R1MC,nan
FERNANDEZ MICHAEL,Blessed Family Doctors General Hospital,nan
FERNANDEZ MARISSA,Fernandez Medical Clinic,nan
FRIAS NOEL,JESUS NAZARENE HOSP,nan
GARCIA MARIO FERDINAND,R1MC,nan
GO ONASIS,VILLAFLOR HOSPITAL,nan
GOMEZ ZENAIDA,ALAMINOS DOCTORS HOSP,nan
GUIANG FERDINAND JOSEPH,Lingayen District Hospital,nan
IBUAN  CRISPINO JR.,Nazareth General Hospital,nan
IDICA MARINO,Idica Medical Clinic,nan
ISLA MELROSE,R1MC,nan
ISLA FROELDAN,R1MC,nan
JOVELLANOS EFREN,Nazareth General Hospital,nan
JOVELLANOS DORIS,CHO DAGUPAN,nan
LAPENA EMILY,Lapena-Magallanes Medical Clinic,nan
LOMBOY ALLYN REY,Blessed Family Doctors General Hospital,nan
LOPEZ ARLENE,Lopez-De Guzman Medical Clinic,nan
LOPEZ MARIO,Lopez-De Guzman Medical Clinic,nan
MALBOG MILBEN,THE MEDICAL CITY,nan
MANAOIS MITCHIKO,Region 1 Medical Center,nan
MANUEL HEINDRICH,CHO LINGAYEN,nan
MILA JOHN,LUZON MEDICAL CTR,nan
MISLANG  FRANCIS XAVIER,The Medical City,nan
MORANTE  REUBEN PIERRE,Nazareth General Hospital,nan
MORANTE GEORGE,VMMC,nan
ONG DICK,Jesus Nazarene General Hospital,nan
ONTALAN FRANCISCO,NAZARETH GEN HOSP,nan
PALISOC  RODEL,Palisoc Medical Clinic,nan
PARAGAS ANN,CHO DAGUPAN,nan
PITARGUE ARTHUR,Region 1 Medical Center,nan
RAMOS RECTO,Ramos Medical Clinic,nan
RANGEL ROBERT NEIL,RANGEL MED CTR,nan
RANGEL RICARDO,RANGEL MED CTR,nan
RANGEL-BRAVO JANINE PAOLA,VILLAFLOR HOSPITAL,nan
RASAY FRANCE,NAZARETH GEN HOSP,nan
RAYOS KATHLEEN FAYE,R1MC,nan
REYES STACEY MICHELLE,Jesus Nazarene General Hospital,nan
REYES CLARITO,Luzon Medical Center,nan
RIVERA CAMILLO JR.,ALAMINOS DOCTORS HOSP,nan
RIVERA JOVITO,ALAMINOS DOCTORS HOSP,nan
RIVERA  KATHLEEN,Rivera Medical Center,nan
ROQUE MARY GRACE,Region 1 Medical Center,nan
ROXAS IRINA REY,Nazareth General Hospital,nan
SABADO SHIELA,CHO SAN CARLOS,nan
SALTING REGGIE,UNIVERSAL HEALTH HOSP,nan
SANCHEZ MYRA,Universal Health General Hospital,nan
SANTOS FEDERICO,The Medical City,nan
SARINGAN MELANIE,Saringan Medical Clinic,nan
SIAPNO ISABELITA,SIAPNO DIABETES CLINIC,nan
SIAPNO PINKIE,VILLAFLOR HOSPITAL,nan
SIAPNO FRANCIS MOSES,R1MC,nan
SOLAR LARA,The Medical City,nan
SOLIS ORESTES,Nazareth General Hospital,nan
SORIANO FERNANDO,URDUJA GEN. HOSP,nan
SUNGCUAN GUADALUPE,Region 1 Medical Center,nan
TANG PAUL,Luzon Medical Center,nan
TANIGUE ROMULO,R1MC,nan
TIANGSON VON CARLO,Jesus Nazarene General Hospital,nan
TORIO ROWENA LOURDES,The Medical City,nan
TORIO JOSE CHRISTOPHER,The Medical City,nan
TRINIDAD CARLO,Blessed Family Doctors General Hospital,nan
TUMACDER ELMER,TRAUMA CENTER,nan
URSUS DORIA,Virgen Milagrosa Medical Center,128808.0
USON DAPHNIE,CHO SAN CARLOS,nan
VALENCIA RAYMUNDO,VALENCIA MED CLINIC,nan
VALERIO ARRIANNE,BLESSED FAM. HOSP,nan
VELASQUEZ RONALD,VELASQUEZ HOSPITAL,nan
VINLUAN ABEGAIL,Blessed Family Doctors General Hospital,nan
YANES RYAN,Jesus Nazarene General Hospital,nan
ZAMORA SOPHIA,CHO SAN CARLOS,nan
ACLAN JUAN VICENTE,Meycauayan Doctors Hospital,nan
ALFONSO EDWIN,SKYLINE HOSPITAL - SJDM,nan
ASUNCION ROWEN,Meycauayan Doctors Hospital,nan
BABALO RUTH,Meycauayan Doctors Hospital,nan
BABALO RHODA,Meycauayan Doctors Hospital,nan
BATONGBACAL MARY ANNE,Meycauayan Doctors Hospital,nan
BATOON ALEXANDER,BMC,nan
BAUTISTA MACWAIN,BMC,nan
BAUTISTA RONA RUCIO,Grace General Hospital,nan
BAUTISTA KEN LLOYD,BMC,nan
BENTERO SHARON,Grace General Hospital,nan
BERNABE RAIN,LOMA DE GATO CLINIC,nan
BERNARDO CAROLINE,Our Lady Of The Angels,nan
BONILLA TERESITA,TUNGKONG MANGGA,nan
BUYCO RENE,Meycauayan Doctors Hospital,nan
CALIXTO MARILYN,Meycauayan Doctors Hospital,nan
CANITA MARK,BMC,nan
CARIAGA  CATHERINE,Meycauayan Doctors Hospital,nan
CASTRO DENNIS,Meycauayan Doctors Hospital,nan
CHAN CHARLIE JR,Meycauayan Doctors Hospital,nan
CHAN CHARLIE,Luciano Pharmacy Clinic,nan
CHAN CARLOS,Luciano Pharmacy Clinic,nan
CHUA FERDINAND,BMC,nan
CONCEPCION ROY,Our Lady Of The Angels,nan
CONCEPION RINA,Our Lady Of The Angels,nan
CORONEL GERBY,BMC,nan
CRUDA ROWENA,Meycauayan Doctors Hospital,nan
CRUZ ALBERTO,ACE Baliwag,nan
DAVID ARWIN,Grace General Hospital,nan
DE CASTRO DIANA,BMC,nan
DE LEON MIKO,BMC,nan
DE ROXAS RANHEL,QUALIMED HOSPITAL - SJDM,nan
DE VEGA BABY ROCHELLE,Meycauayan Doctors Hospital,nan
DE VERA JOCELYN,Our Lady Of The Angels,nan
DECANO ARTURO,Meycauayan Doctors Hospital,nan
DEL ROSARIO BRYAN,Meycauayan Doctors Hospital,nan
DELA CRUZ  JEFFERSON,Meycauayan Doctors Hospital,nan
DELA MERCED RESTITUTO,BMC,nan
DELA RAMA NIKKI,BMC,nan
DELOS SANTOS CHERRIE MARIE,Grace General Hospital,nan
DELOS SANTOS CHRISTOPHER,Grace General Hospital,nan
DEMETRIA JR ELPIDIO,BMC,nan
DEPAYNOS TERRENCE,BMC,nan
DIOMAMPO LUZVIMINDA,Meycauayan Doctors Hospital,nan
DIZON ANNIE,Meycauayan Doctors Hospital,nan
FARINAS AILEEN ABIGAIL,BMC,nan
FESTIN MARK,Meycauayan Doctors Hospital,nan
FRANCISCO FELIPE,BMC,nan
FREDERIZO FREDERICK,Meycauayan Doctors Hospital,nan
GALANG LENARDE,BMC,nan
GATCHALIAN GLENN,BMC,nan
GATCHALIAN CHERRY,BMC,nan
GERONIMO ALBERT,Meycauayan Doctors Hospital,nan
GUEVARA NARCISO,Dr. Guevarra Hospital,nan
GUNGON MARIA CONCEPCION,BMC,nan
HERNANDEZ HARVIE,BMC,nan
IRA CESARIO,Meycauayan Doctors Hospital,nan
JOSE LILIA,BMC,nan
JOSON MALOU,Meycauayan Doctors Hospital,nan
LAO RONNIE,BMC,nan
LAPLANO NESTOR,SKYLINE HOSPITAL - SJDM,nan
LIM ELVIN,Our Lady Of The Angels,nan
LIMCAUCO MINERVA,Meycauayan Doctors Hospital,nan
LUCAS CATHERINE,Meycauayan Doctors Hospital,nan
LUCERO CLARRISA,Meycauayan Doctors Hospital,nan
MADERA RAELYN,Meycauayan Doctors Hospital,nan
MALIWAT ARCELLI,Meycauayan Doctors Hospital,nan
MALUNDO JOHN,Dr. Malundo Clinic,nan
MANICAD MIGUEL,SKYLINE HOSPITAL - SJDM,nan
MANICAD MARLON,Grace General Hospital,nan
MENDOZA RONAN,Our Lady Of The Angels,nan
NEPOMUCENO ARNEL,Grace General Hospital,nan
NITAFAN CHRISTOPHER,Grace General Hospital,nan
NODADO JEFFERSON,Meycauayan Doctors Hospital,nan
NON JOHN,Meycauayan Doctors Hospital,nan
NON CHRISTINE,Meycauayan Doctors Hospital,nan
PATAWARAN ORPHA,PATAWARAN CLINIC BALIWAG,nan
QUINTOS CATHERINE,Grace General Hospital,nan
RABADON CLINTON,Meycauayan Doctors Hospital,nan
RAMOS JANE,Meycauayan Doctors Hospital,nan
REYES AURELIO,Meycauayan Doctors Hospital,nan
REYES DEBBIE,Our Lady Of The Angels,nan
REYES MARY ANN,QUALIMED HOSPITAL - SJDM,nan
RIVADILLO PAUL,Our Lady Of The Angels,nan
RODRIGUEZ WILLIAM,ACE Baliwag,nan
ROQUE JASON,BMC,nan
RUIZ MALOU,Meycauayan Doctors Hospital,nan
SALVADOR CHERRY ROSE,Meycauayan Doctors Hospital,nan
SAN DIEGO MARY FAY,Laconsolacion Hospital,nan
SAN MIGUEL ROSARIO,Meycauayan Doctors Hospital,nan
SANTOS ALEX  JOE,Our Lady Of The Angels,nan
SAYO MA. THERESE,SAYO CLINIC MALOLOS,nan
SAYO JOSEPH MAURO,SAYO CLINIC MALOLOS,nan
SENGSON CORBELITA,Meycauayan Doctors Hospital,nan
SEVILLA  EZRA,Grace General Hospital,nan
SIQUIAN HAROLD,Grace General Hospital,nan
TAGORDA JOAN,Our Lady Of The Angels,nan
TIONGSON LUISA,BMC,nan
TONGOL MICHAEL,Meycauayan Doctors Hospital,nan
TORDESILLAS JUAN FRANCO,Nazarenus Hospital,nan
TORDESILLAS JUAN GREGO,Nazarenus Hospital,nan
TORRES LLOYD,BMC,nan
TRIPON EDHEL SANTIAGO,Meycauayan Doctors Hospital,nan
TUAZON ALEXANDER,Our Lady Of The Angels,nan
VALENZUELA JR. HERMINIO,Meycauayan Doctors Hospital,nan
VICENTE AMALIA,Meycauayan Doctors Hospital,nan
VICTORIA ROLLAND,Laconsolacion Hospital,nan
VILLANUEVA CARLO,BMC,nan
VILLAREAL RENE,Meycauayan Doctors Hospital,nan
VILLAREAL CRISELDA,Meycauayan Doctors Hospital,nan
YAP JOEY,SKYLINE HOSPITAL - SJDM,nan
ABINOJA JOSE JR.,STA ROSA HOSPITAL AND MEDICAL CENTER,87159.0
ABSALON SONNY,CALAMBA MEDICAL CENTER,nan
ADAYA LORRAINE,UNIHEALTH SOUTHWOODS HOSPITAL& MEDICAL CENTER,nan
AGONCILLO KAREN ELOUIE,WESTLAKE HOSPITAL,nan
AGUILAR HARVEY,FAMILY CARE HOSPITAL,nan
AGUILAR MARILYN,STA ROSA HOSPITAL AND MEDICAL CENTER,nan
ALCAIN ALISTAIR MARIE,UNIHEALTH SOUTHWOODS HOSPITAL& MEDICAL CENTER,nan
ALCANTARA EDUARDO,FAMILY CARE HOSPITAL,54856.0
ALCANTARA FRANCES CLARISA,UNIHEALTH SOUTHWOODS HOSPITAL& MEDICAL CENTER,nan
ALICANDO EZELIEL,PAMANA HOSPITAL,nan
AMORANTO ROGELIO,Amoranto Medical Clinic,nan
ANCHETA JESUS JULIO,STA ROSA HOSPITAL AND MEDICAL CENTER,96095.0
ANDAYA ROMEO,SAN PEDRO TERR,nan
ANG-CO MIGUEL ANGELO,CALAMBA MEDICAL CENTER,nan
ANTONIO AMOR,UNIHEALTH SOUTHWOODS HOSPITAL& MEDICAL CENTER,nan
ARGAMOSA ALLAN,Laguna Diagnostic,nan
ARMADA FRANCIC,The Medical City Southern Tagalog,nan
ARMADA FRANCIS,The Medical City Southern Tagalog,nan
ARROYO MARY JANE,WESTLAKE HOSPITAL,102130.0
BAES ANTHONETTE,BINAN TERR,nan
BALTAZAR RENE,MDI NEW SINAI HOSPITAL,63513.0
BERNABE ROMMEL,CALAMBA MEDICAL CENTER,nan
BLANCO FRANK,STA ROSA HOSPITAL AND MEDICAL CENTER,nan
BRILLANTES AMELITA,BINAN TERR,70176.0
BRILLANTES MA. MARGARITA ANNA,BRILLANTES MEDICAL CLINIC,nan
BUSTAMANTE LEO,STA.ROSA TERR,nan
BUSTAMANTE ZENAIDA,STA.ROSA TERR,nan
CABIGAN REY CALBERT,PERPETUAL HELP BINAN,nan
CALAYAG MIGUEL DELMER,NOT SPECIFIED-BU1SLTER31,nan
CALAYAG  AMOR LUNA,PAMANA HOSPITAL,nan
CANATOY-MASBAD DOMINIQUE,EVANGELISTA HOSPITAL,nan
CARREON ISABEL,ASSOCIATED MEDICAL DOCTORS CLINIC,nan
CARREON-LAYUG MADELINE,STA ROSA HOSPITAL AND MEDICAL CENTER,nan
CASTILLO LEX,WESTLAKE HOSPITAL,nan
CASTILLO KATRINA,WESTLAKE HOSPITAL,nan
CHUA JEFFREY,STA ROSA HOSPITAL AND MEDICAL CENTER,nan
CHUA EARL RICHARDSON,The Medical City Southern Tagalog,nan
CLANOR JAIME,STA.ROSA TERR,nan
CO RAULITO,STA ROSA HOSPITAL AND MEDICAL CENTER,nan
CRUZ ARNE,New MDI sinai Hospital,nan
DAGDAGAN DIONA,Ospital ng Binan,nan
DEFENSOR-MINA MARIA VINNY,The Medical City Southern Tagalog,nan
DELOS REYES VICTORINO,STA ROSA HOSPITAL AND MEDICAL CENTER,85601.0
DESULOC ANNIE ROSE,ASSOCIATED MEDICAL DOCTORS CLINIC,nan
DEZTRIZA JOHANNA MELISSA,EVANGELISTA HOSPITAL,nan
DIMALALA JOY,AVENTUS CALAMBA,nan
DIMALALA JJ,AVENTUS CALAMBA,nan
DONES DAN MICHEAL,PERPETUAL HELP BINAN,nan
EBISON ANDRES,Holy Family Cabuyao,nan
EDUARTE  CECILLA,CALAMBA DOCTORS HOSPITAL,nan
ELAZEGUE DENISE MARION,CALAMBA MEDICAL CENTER,nan
ESCASURA MARIAN IRENE,STA ROSA HOSPITAL AND MEDICAL CENTER,nan
ESTANISLAO CHRISTIAN SIGFRIED,The Medical City Southern Tagalog,nan
ESTRELLA NOEL,STA ROSA HOSPITAL AND MEDICAL CENTER,nan
FERRAZ JULIE,CALAMBA MEDICAL CENTER,nan
FLORENDO MARIA RHOWENA,CALAMBA MEDICAL CENTER,86407.0
FLORENDO WILLIAM OLIVER,CALAMBA MEDICAL CENTER,86408.0
FRANCO FRANCIISCO,STA ROSA HOSPITAL AND MEDICAL CENTER,nan
GERODIAS MA. SALOME,United Sn pedro,nan
GERODIAS FERDINAND,United Sn pedro,nan
GERODIAS JR FERDINAND,SAN PEDRO TERR,nan
GLORY JONA,PERPETUAL HELP BINAN,nan
GODINEZ VINCENT,UNIHEALTH SOUTHWOODS HOSPITAL& MEDICAL CENTER,nan
GOLFO VICTORIA,ASSOCIATED MEDICAL DOCTORS CLINIC,65537.0
GRAN MARIA,CALAMBA MEDICAL CENTER,nan
GUIANG ADA MARIS,CALAMBA MEDICAL CENTER,nan
GUINTO  GLENDA,STA ROSA HOSPITAL AND MEDICAL CENTER,nan
GULINAO ISAGANI,EVANGELISTA HOSPITAL,90029.0
GUTIEREZ JO CRIS,PERPETUAL HELP BINAN,nan
GUTIEREZ ALFONSO,The Medical City Southern Tagalog,nan
HERNANDEZ ABIGAIL,CALAMBA DOCTORS HOSPITAL,nan
HICETA ALVIN,CALAMBA MEDICAL CENTER,nan
JHOCSON AMPARO,SAN MIGUEL CANLUBANG,nan
JUSTIMBASTE ANNA RIZZA,EVANGELISTA HOSPITAL,nan
LALU ANDREA,SAN MIGUEL CANLUBANG,nan
LANTICAN EMMANUEL,HEALTHSERV HOSPITAL,nan
LASALA ROMEL,Lasala Medical Clinic,nan
LAYNESA EDGAR,STA ROSA HOSPITAL AND MEDICAL CENTER,nan
LAYUG JOSE ARMANDO,New MDI sinai Hospital,nan
LAZAGA ANABELLE,STA.ROSA TERR,nan
LAZCONIA ANECILLYN,SAN PEDRO TERR,nan
LERPIDO ROMMEL,MDI NEW SINAI HOSPITAL,79189.0
LIBROJO  ROWENA,New MDI sinai Hospital,nan
LIBROJO  RENE,PERPETUAL HELP BINAN,nan
LO TOM EDUARD,UNIHEALTH SOUTHWOODS HOSPITAL& MEDICAL CENTER,nan
LODRONIO IVAN,STA ROSA HOSPITAL AND MEDICAL CENTER,nan
LOPEZ ELAINE GAYLE,The Medical City Southern Tagalog,nan
LUBATON CYNTHIA,FAMILY CARE HOSPITAL,45064.0
LUMANTA MARIA MONINA,The Medical City Southern Tagalog,nan
LUNA JAY,BINAN DOCTORS HOSPITAL,93336.0
MACHUCA CASSANDRA CAMILE,UNIHEALTH SOUTHWOODS HOSPITAL& MEDICAL CENTER,nan
MADLANG-AWA GERBERT,EVANGELISTA HOSPITAL,nan
MADULID DENNIS,LOS BANOS TERR,nan
MALIGSAY JOYCELYN,Ospital Ng Cabuyao,nan
MALLABO PATRONICIA,Mallabo Medical Clinic,nan
MANUEL JR. RODELIO,BINAN DOCTORS HOSPITAL,nan
MARBELLA RAPAEL EXEQUIEL,BINAN TERR,93166.0
MARBELLA JACOBO,BINAN TERR,nan
MARBELLA CONRADO,BINAN DOCTORS HOSPITAL,nan
MATIC ALEX,SAN PEDRO TERR,nan
MENDOZA ROI JOSEPH,The Medical City Southern Tagalog,nan
MINA ARNOLD,BINAN DOCTORS HOSPITAL,nan
MINA MARIA VINNY,BINAN DOCTORS HOSPITAL,nan
MOJICA MIKHAIL,CALAMBA MEDICAL CENTER,nan
MONDELO APPOLO,New MDI sinai Hospital,nan
MONTECILLO PIA,CALAMBA MEDICAL CENTER,nan
MONTES ROMMEL,FAMILY CARE HOSPITAL,86829.0
MORDENO RIZALITO,STA ROSA HOSPITAL AND MEDICAL CENTER,nan
MORTEL RYAN OLIVER,MDI NEW SINAI HOSPITAL,107690.0
MULLANEDA RHOWENA,Westlake Medical Center,nan
OCAMPO CARLOS JR,MDI NEW SINAI HOSPITAL,94427.0
OCAMPO JOHN MICHEAL,PERPETUAL HELP BINAN,nan
OLIVAREZ MICHEAL,DIVINE MERCY HOSPITAL,nan
OLIVEROS JOHN RONALD,UNIHEALTH SOUTHWOODS HOSPITAL& MEDICAL CENTER,nan
ORONCE ARMAN,Westlake Medical Center,nan
PABELICO JOSE ALFONSO,STA ROSA HOSPITAL AND MEDICAL CENTER,76905.0
PADILLA EMMANUEL,MDI NEW SINAI HOSPITAL,53922.0
PADUA RYAN NINO,STA ROSA HOSPITAL AND MEDICAL CENTER,102938.0
PALABRICA-LARONA FAE,CALAMBA MEDICAL CENTER,nan
PALANGINAN MARK KRYSTER,CALAMBA MEDICAL CENTER,108140.0
PARAS MICHELLE NICOLE,STA ROSA HOSPITAL AND MEDICAL CENTER,nan
PASILA HARMON,CALAMBA MEDICAL CENTER,nan
PATRICIO MARION,BINAN DOCTORS HOSPITAL,nan
PEREZ RANDOLPH,STA ROSA HOSPITAL AND MEDICAL CENTER,nan
PINEDA SALVADOR,UP INFIRMARY HOSPITAL,nan
PULUMBARIT SARAH,CALAMBA MEDICAL CENTER,nan
QUINONES VALERIE JOY,ASSOCIATED MEDICAL DOCTORS CLINIC,nan
QUINONES-EMBRY ANGELICA,CALAMBA TERR,nan
RAMOS GLENN MICHAEL,CALAMBA MEDICAL CENTER,101175.0
RAMOS RODERICK,BINAN DOCTORS HOSPITAL,nan
REANO JOAN DYMPHNA,CALAMBA MEDICAL CENTER,nan
RECTO GREENNE,CALAMBA MEDICAL CENTER,nan
REGINO GIELAINE,PERPETUAL HELP BINAN,nan
RESURRECCION ROY,ST JOHN THE BAPTIST HOSPITAL,102761.0
RETILLA PAOLA,PAMANA HOSPITAL,nan
RETUSTO PATRICIO,CALAMBA MEDICAL CENTER,69227.0
REYES CATHERINE,SAN PEDRO TERR,nan
REYES NICOLAS,CALAMBA MEDICAL CENTER,nan
RODRIGUEZ JENNIFER,CALAMBA TERR,nan
ROME MICHEAL,The Medical City Southern Tagalog,nan
SAMANIEGO ISABELITA,United Sn pedro,nan
SAMANIEGO CHERRIELYN,SAN PEDRO TERR,nan
SAMANIEGO MARIA ISABEL,The Medical City Southern Tagalog,nan
SANTOS ROMAN,STA ROSA HOSPITAL AND MEDICAL CENTER,104698.0
SANTOS JOEL,CALAMBA MEDICAL CENTER,nan
SERON VENUS,STA ROSA HOSPITAL AND MEDICAL CENTER,nan
SERRANO  VERONICA,San pedro doctors hospital,nan
SIO GERARD DANIELLE,CALAMBA MEDICAL CENTER,nan
SOLDIVILLO LYNN MICHELLE,Global Medical Center,nan
SUNGA ARLENE,SAN PEDRO TERR,nan
SY MARICEL,WESTLAKE HOSPITAL,97319.0
TABUCAN CRISTINA,STA ROSA HOSPITAL AND MEDICAL CENTER,123413.0
TINOCO EMELROSE,WESTLAKE HOSPITAL,104208.0
TIONGSON MARC DENVER,The Medical City Southern Tagalog,nan
TOLEDO GENEDEL,New MDI sinai Hospital,nan
TOLENTINO CARL DOMINIC,The Medical City Southern Tagalog,nan
TORRES JOSHUA JOSEF,CALAMBA MEDICAL CENTER,nan
TORRES JEROME,New MDI sinai Hospital,nan
UMALI PERCIVAL,STA ROSA HOSPITAL AND MEDICAL CENTER,nan
VALDEZ MA. VICTORIA,San pedro doctors hospital,nan
VALDEZ ENRICO,United Sn pedro,nan
VALENZONA MA. RHODORA,PERPETUAL HELP BINAN,nan
VERIDIANO AIMEE,The Medical City Southern Tagalog,nan
VILLANUEVA DANIELLE LOUIS,CALAMBA MEDICAL CENTER,nan
WILLIS ROCKY DANILO,CALAMBA MEDICAL CENTER,nan
YAP ALFREDO,San pedro doctors hospital,nan
YU RODOLFO JR,CALAMBA TERR,68883.0
ZABLAN ANDREA,STA ROSA HOSPITAL AND MEDICAL CENTER,nan
ABAN MARK PHILIPP,"PAGCOOR MEDICAL CLINIC, PASAY CITY",116434.0
ABINOJA JR JOSE,MEDICAL CENTER MUNTINLUPA,nan
ACAMPADO LAURA,PERPETUAL HELP MEDICAL CENTER - LAS PINAS,nan
ADEA JOSE ERNESTO,UNIHEALTH PARANAQUE MEDICAL CENTER,nan
AGUILAR RICHMOND,"FESTIVAL MALL, MEDICARD, ALABANG MUNTINLUPA",124121.0
AGUSTIN SILVEROSE,"ALABANG MEDICAL CLINIC, MONTILLANO ST.",nan
ALBA WILLY,ADVENTIST MEDICAL CENTER MANILA,83659.0
ALBARAN NACIANCENO,PERPETUAL HELP MEDICAL CENTER - LAS PINAS,nan
ALEJANDRA JACALA,"THERESA MEDICAL CLINIC, PARANAQUE",nan
ALQUIROZ REDENTOR,"OLIVAREZ GENERAL HOSPITAL, PARANAQUE",nan
ALUDINO MARIANNE,PERPETUAL HELP MEDICAL CENTER - LAS PINAS,114031.0
ALVIAR TED,ALVIAR MEDICAL CLINIC,99223.0
AMORA JONAH,PERPETUAL HELP MEDICAL CENTER - LAS PINAS,nan
ANCHETA EDUARDO,"OLIVAREZ GENERAL HOSPITAL, PARANAQUE",nan
ANG ALBERT,PERPETUAL HELP MEDICAL CENTER - LAS PINAS,nan
AQUINO MARCELLANO,SAN JUAN DE DIOS HOSPITAL,616157.0
ARCEO CARMINIA,PASAY GENERAL HOSPITAL,nan
ARGANA MARIVIC,"OLIVAREZ GENERAL HOSPITAL, PARANAQUE",nan
ARSENIO RODOLFO,PERPETUAL HELP MEDICAL CENTER - LAS PINAS,116394.0
BAGASINO MARY JILL,MEDICAL CENTER MUNTINLUPA,nan
BALABAGNO MARIA  MARGARITA,PERPETUAL HELP MEDICAL CENTER - LAS PINAS,nan
BALABAGNO MARIA MARGARITA,PERPETUAL HELP MEDICAL CENTER - LAS PINAS,nan
BALGUA JEREMIAS,ASIAN HOSPITAL AND MEDICAL CLINIC,nan
BALLONADO EZEKIEL,PERPETUAL HELP MEDICAL CENTER - LAS PINAS,nan
BAQUIRAN  JULIUS,PERPETUAL HELP MEDICAL CENTER - LAS PINAS,103110.0
BATERNA MARIE THERESE,"MEDCARE MEDICAL CLINIC, SOLDERS",nan
BAUTISTA DANIEL,"HARRISON MEDICAL CLINIC, PASAY",71399.0
BENEDICTO MARIA CHARINA,"MATIENZO MEDICAL CLINIC, PARANAQUE",nan
BERNAL ROWENA,"MYHEALTH MEDICAL CLINIC, FESTIVAL MALL, ALABANG MUNTINLUPA",104451.0
BERNALDEZ ROMMEL,"OLIVAREZ GENERAL HOSPITAL, PARANAQUE",nan
BERNALDO EVANGELINE,PERPETUAL HELP MEDICAL CENTER - LAS PINAS,84316.0
BERNARDO CARLO ALBERTO,"OLIVAREZ GENERAL HOSPITAL, PARANAQUE",nan
BETONIO CRISTINA,PERPETUAL HELP MEDICAL CENTER - LAS PINAS,111396.0
BIBOSO ELLEN MAY,"BIBOSO MEDICAL CLINIC, PARANAQUE",103375.0
BILAR LYN,PERPETUAL HELP MEDICAL CENTER - LAS PINAS,nan
BIROG-MALINAO CRISTINA,"VILLAMOR AIRBASE, PASAY CITY",nan
CABINTE JOWI PRUDENTE,PASAY GENERAL HOSPITAL,nan
CALINGAY EMILY,"PROTACIO HOSPITAL BACLARAN, QUIRINO AVE. PARANAQUE",nan
CAMACHO-GALVEZ JULIE ANN,UNIHEALTH PARANAQUE MEDICAL CENTER,121976.0
CAPUNO BERNARD,PERPETUAL HELP MEDICAL CENTER - LAS PINAS,86957.0
CAPUNO BERNAND,PERPETUAL HELP MEDICAL CENTER - LAS PINAS,86957.0
CARAS CHRISTOPHER,PERPETUAL HELP MEDICAL CENTER - LAS PINAS,98827.0
CHAN CIRILO,"TAFT AVE. MEDICAL CLINIC, PASAY CITY",nan
CHAN KARL KEVIN,"TAFT AVE. MEDICAL CLINIC, PASAY CITY",nan
CHUA ZALVEEN,SAN JUAN DE DIOS HOSPITAL,103317.0
CONSIGNADO JONATHAN,PERPETUAL HELP MEDICAL CENTER - LAS PINAS,nan
CORPUZ DIANNE GRACE,ADVENTIST MEDICAL CENTER MANILA,nan
CORPUZ DIANNE,UNIHEALTH PARANAQUE MEDICAL CENTER,124785.0
COSUE MIKAH KEZIA,"VILLAMOR AIRBASE, PASAY CITY",nan
CREENCIA CHEERISH,"HEALTHWAY, FESTIVAL MALL ALABANG MUNTINLUPA",nan
CREUS SONIA,"VILLAMOR AIRBASE, PASAY CITY",73052.0
CRISTOBAL CHERYL,MARIANO-CRISTOBAL MEDICAL CLINIC,75562.0
CRISTOBAL MARC CHESTER,MARIANO-CRISTOBAL MEDICAL CLINIC,140649.0
CRISTOBAL MARC CHRISTIAN,MARIANO-CRISTOBAL MEDICAL CLINIC,130517.0
CRUZ SPICA,PERPETUAL HELP MEDICAL CENTER - LAS PINAS,nan
CRUZ NANETTE,PERPETUAL HELP MEDICAL CENTER - LAS PINAS,nan
CUENCA CRISTY FONTINA,PERPETUAL HELP MEDICAL CENTER - LAS PINAS,114459.0
CUNTAPAY GIORMARU,"ALABANG MEDICAL CLINIC, PUTATAN ALABANG MUNTINLUPA",nan
DACUMOS-LABRADOR MIA,"OLIVAREZ GENERAL HOSPITAL, PARANAQUE",nan
DALISAY CELESTINO,"OLIVAREZ GENERAL HOSPITAL, PARANAQUE",nan
DE JESUS CZARINA JEAN,PERPETUAL HELP MEDICAL CENTER - LAS PINAS,137122.0
DE JESUS-VINLUAN JERRISA,"UNIHEALTH MEDICAL CENTER, PQUE",nan
DE LEON LEANDRO,"CASA MEDICAL, LAS PINAS",nan
DE LEON FROILAN,SAN JUAN DE DIOS HOSPITAL,53303.0
DELA CRUZ HOMER WILROSS,UNIHEALTH PARANAQUE MEDICAL CENTER,nan
DELA CRUZ IDA ROSE,PERPETUAL HELP MEDICAL CENTER - LAS PINAS,nan
DELA CRUZ VERLENE ANNE,"ALABANG MEDICAL CLINIC, PUTATAN ALABANG MUNTINLUPA",nan
DELA ROSA ESMERALDA,"UNIHEALTH MEDICAL CENTER, PQUE",nan
DELA ROSA ESMERALDA,UNIHEALTH PARANAQUE MEDICAL CENTER,nan
DELOS REYES DEBORAH JANE,"ALABANG MEDICAL CLINIC, PUTATAN ALABANG MUNTINLUPA",nan
DIZON TROY,PERPETUAL HELP MEDICAL CENTER - LAS PINAS,nan
DOROMAL CHERRIE CANDY LOU,"FESTIVAL MALL, MEDICARD, ALABANG MUNTINLUPA",133664.0
DY ROSALINA,PERPETUAL HELP MEDICAL CENTER - LAS PINAS,nan
ENERVA ROVI RAYMOND,PERPETUAL HELP MEDICAL CENTER - LAS PINAS,105209.0
ENRIQUEZ MICHAEL VINCENT,UNIHEALTH PARANAQUE MEDICAL CENTER,nan
ENTIENZA HAIDEE,"CAA AVENUE, LAS PINAS",nan
ESQUIVEL JENNIFER,"OLIVAREZ GENERAL HOSPITAL, PARANAQUE",nan
EVANGELISTA MARK,"OLIVAREZ GENERAL HOSPITAL, PARANAQUE",89625.0
FAJARDO HENRY JASON,"MEDCARE MEDICAL CLINIC, SOLDERS",66899.0
FANDIŇO ANTHONY BERNARD,"PROTACIO HOSPITAL, BACLARAN, QUIRINO AVE. PARANAQUE",nan
FELIPE RHEY RYAN,"MYHEALTH MEDICAL CLINIC, FESTIVAL MALL, ALABANG MUNTINLUPA",119704.0
FERRER IMELDA,UNIHEALTH PARANAQUE MEDICAL CENTER,nan
FESTIN CAMILLE ANN,PERPETUAL HELP MEDICAL CENTER - LAS PINAS,156538.0
FLORENTINO GILBERT,PERPETUAL HELP MEDICAL CENTER - LAS PINAS,nan
FLORES ELIOSA,"LA MADRID MEDICAL CLINIC, BACLARAN, QUIRINO AVE. PARANAQUE",124504.0
FLORESCA JASON PATRICK,PASAY GENERAL HOSPITAL,nan
FRANCISCO PETER JULIAN,"FRANCISCO MEDICAL CLINIC, LAHUERTA, QUIRINO AVE. PARANAQUE",nan
FRANCISCO IAN DENNIS,PERPETUAL HELP MEDICAL CENTER - LAS PINAS,nan
FUENTES JOSE ANTONIO FRANCISCO,"ALABANG MEDICAL CLINIC, MONTILLANO ST.",nan
FUENTES DENNIS,PERPETUAL HELP MEDICAL CENTER - LAS PINAS,95084.0
GALANG VIRGILIO,"GALANG MEDICAL CLINIC, MALIBAY PASAY",56144.0
GARCIA SHANE ERWIN,PERPETUAL HELP MEDICAL CENTER - LAS PINAS,110626.0
GESLANI KATHLEEN,MEDICAL CENTER MUNTINLUPA,nan
GIL CORRAINE,"MEDCARE MEDICAL CLINIC, SOLDERS",nan
GREGORIO TAMIKO,PERPETUAL HELP MEDICAL CENTER - LAS PINAS,113074.0
GRINO ROMEO,PERPETUAL HELP MEDICAL CENTER - LAS PINAS,nan
GUCE GLENN KAY,UNIHEALTH PARANAQUE MEDICAL CENTER,nan
GUEVARRA DANIEL,PERPETUAL HELP MEDICAL CENTER - LAS PINAS,125055.0
GUINMAPANG EUIODA,"ALABANG MEDICAL CLINIC, MONTILLANO ST.",nan
GULINAO ISAGANI,"ALABANG MEDICAL CLINIC, MONTILLANO ST.",nan
HAO PERCIVAL,"ALABANG MEDICAL CLINIC, PUTATAN ALABANG MUNTINLUPA",141136.0
HELGA STA MARIA,PERPETUAL HELP MEDICAL CENTER - LAS PINAS,nan
HERRERA LEONOR,MEDICAL CENTER MUNTINLUPA,111973.0
HIPOLITO CARIDAD,"ALABANG MEDICAL CENTER, ALABANG MUNTINLUPA",nan
ILAO MARITONI,UNIHEALTH PARANAQUE MEDICAL CENTER,nan
ILAO JOSEPH  FRANCIS,"THE MEDICAL CITY, SM SUCAT BRANCH PQUE",nan
INGENTE-PINEDA ANNE MARIE KATHRYN,"OLIVAREZ GENERAL HOSPITAL, PARANAQUE",nan
JARCIA DAISY,MEDICAL CENTER MUNTINLUPA,nan
JIMENEZ ALVIN,"OLIVAREZ GENERAL HOSPITAL, PARANAQUE",nan
JUANGCO JOSE RONIE,PERPETUAL HELP MEDICAL CENTER - LAS PINAS,79155.0
JUMARANG JULIETA,UNIHEALTH PARANAQUE MEDICAL CENTER,nan
JUMARANG JULIETA,PERPETUAL HELP MEDICAL CENTER - LAS PINAS,nan
KAWAJI LESLIE DAPHNE,"OLIVAREZ GENERAL HOSPITAL, PARANAQUE",125178.0
LAPUZ CARMENCITA,LAPUZ MEDICAL CLINIC PARANAQUE,nan
LAPUZ REYNALDO,LAPUZ MEDICAL CLINIC PARANAQUE,nan
LAPUZ EMELITA,LAPUZ MEDICAL CLINIC PARANAQUE,nan
LAPUZ REYNALDO VICTOR,LAPUZ MEDICAL CLINIC PARANAQUE,nan
LARANO RUDI JOY,MEDICAL CENTER MUNTINLUPA,nan
LAT KAREN LOISE,PERPETUAL HELP MEDICAL CENTER - LAS PINAS,nan
LEE GEORGETTE,PERPETUAL HELP MEDICAL CENTER - LAS PINAS,nan
LIBOON JOSE MARIA ALESSSADRO,PERPETUAL HELP MEDICAL CENTER - LAS PINAS,123342.0
LLANTO NELIA,PERPETUAL HELP MEDICAL CENTER - LAS PINAS,nan
LONTOC RACHEL,ASIAN HOSPITAL AND MEDICAL CLINIC,nan
LUNA MELANIE,"METROSANITAS, FESTIVAL MALL, ALABANG, MUNTI",118066.0
MACABALLUG AURORA,MEDICAL CENTER MUNTINLUPA,nan
MACALALAG ROLANDO,"ALABANG MEDICAL CLINIC, MONTILLANO ST.",nan
MADARANG MARK GERARD,ALVIAR MEDICAL CLINIC,nan
MAGBOO MARIA LOISA,PERPETUAL HELP MEDICAL CENTER - LAS PINAS,nan
MAGNO HARRY AUSTINE,PERPETUAL HELP MEDICAL CENTER - LAS PINAS,nan
MAGSINO LIELA,UNIHEALTH PARANAQUE MEDICAL CENTER,nan
MAJAM TRINA MARIE,PERPETUAL HELP MEDICAL CENTER - LAS PINAS,nan
MANABAT CYNTHIA,PERPETUAL HELP MEDICAL CENTER - LAS PINAS,nan
MANUEL MARVILLO,PASAY GENERAL HOSPITAL,nan
MARCELO ARLENE,PERPETUAL HELP MEDICAL CENTER - LAS PINAS,nan
MARCELO ARLENE,PERPETUAL HELP MEDICAL CENTER - LAS PINAS,89764.0
MARQUEZ EDUARDO CESAR,UNIHEALTH PARANAQUE MEDICAL CENTER,nan
MARTIN ALFREDO,ADVENTIST MEDICAL CENTER MANILA,nan
MATULAC MELGAR,ADVENTIST MEDICAL CENTER MANILA,nan
MEA ANGELICA,"PAGCOOR MEDICAL CLINIC, PASAY CITY",nan
MEDICAL CENTER PQUE,MEDICAL CENTER PARANAQUE,nan
MEDICAL  CENTER MUNTINLUPA,MEDICAL CENTER MUNTINLUPA,nan
MEDICAL CENTER MUNTINLUPA,MEDICAL CENTER MUNTINLUPA,nan
MIGUEL ALLEN,ADVENTIST MEDICAL CENTER MANILA,nan
MORENO LAARNIE,"SILVERIO MEDICAL CLINIC, PARANAQUE",nan
MUTUC JAYSON,UNIHEALTH PARANAQUE MEDICAL CENTER,nan
NACPIL CYNTHIA,PERPETUAL HELP MEDICAL CENTER - LAS PINAS,nan
NER MARIA TERESA,"MYHEALTH MEDICAL CLINIC, FESTIVAL MALL, ALABANG MUNTINLUPA",nan
NIDUAZA VICTORINO,"OLIVAREZ GENERAL HOSPITAL, PARANAQUE",nan
NIDUAZA VICTORINO,UNIHEALTH PARANAQUE MEDICAL CENTER,nan
OBRADO GAY MARJORIE,ADVENTIST MEDICAL CENTER MANILA,nan
OCAMPO ALTONETTE,"HARRISON MEDICAL CLINIC, PASAY",nan
OCUMA RALPH,"MYHEALTH MEDICAL CLINIC, FESTIVAL MALL, ALABANG MUNTINLUPA",nan
PABELICO CHRISTINE ANNE,PERPETUAL HELP MEDICAL CENTER - LAS PINAS,nan
PACHECO GENEVIEVE MARRIANE,UNIHEALTH PARANAQUE MEDICAL CENTER,106952.0
PAGUNSAN CIRILO,"ALABANG MEDICAL CLINIC, PUTATAN ALABANG MUNTINLUPA",nan
PALER FLORANTE JR,PERPETUAL HELP MEDICAL CENTER - LAS PINAS,nan
PALMA DONALD,"VILLAMOR AIRBASE, PASAY CITY",nan
PALOGAN CHRISTOPHER,"OLIVAREZ GENERAL HOSPITAL, PARANAQUE",nan
PALOGAN LORNA,"OLIVAREZ GENERAL HOSPITAL, PARANAQUE",nan
PAPS SIMOEN,SAN JUAN DE DIOS HOSPITAL,88316.0
PEREZ ROUEMA,LAS PINAS GENERAL HOSPITAL,11731.0
PONGCO MARK CHRISTOPHER,PASAY GENERAL HOSPITAL,nan
QUIANZON DOLORES,PERPETUAL HELP MEDICAL CENTER - LAS PINAS,nan
RAMOS ELIZABETH GAYLE,PERPETUAL HELP MEDICAL CENTER - LAS PINAS,98966.0
RAQUINO JOHN RODULF,ADVENTIST MEDICAL CENTER MANILA,nan
REY-MATIAS JAYMELYN,PERPETUAL HELP MEDICAL CENTER - LAS PINAS,nan
REYES DON ROBESPIERRE,"ALABANG MEDICAL CLINIC, MONTILLANO ST.",nan
REYES ANTONIO JR,"REYES MEDICAL CLINIC BACLARAN, PARANAQUE",107947.0
REYES RITCHE,"MYHEALTH MEDICAL CLINIC, FESTIVAL MALL, ALABANG MUNTINLUPA",nan
RIVERA JOSE DANILO,"RIVERA MEDICAL CLINIC, M.ROXAS ST, BACLARAN, PARANAQUE",nan
ROLDAN KAYE,"FESTIVAL MALL, MEDICARD, ALABANG MUNTINLUPA",136368.0
ROME MICHAEL,PERPETUAL HELP MEDICAL CENTER - LAS PINAS,101341.0
ROTOR AILEEN,"SILVERIO MEDICAL CLINIC, PARANAQUE",nan
SAHAGUN ANGELITO JOJIT,"PAGCOOR MEDICAL CLINIC, PASAY CITY",98827.0
SALGADO CHRISTINE,PERPETUAL HELP MEDICAL CENTER - LAS PINAS,120863.0
SALONGA-DELA ROSA PATRICIA,"UNIHEALTH MEDICAL CENTER, PQUE",nan
SALVANERA JOHN VINCENT,PERPETUAL HELP MEDICAL CENTER - LAS PINAS,nan
SAN LUIS RICHARD ALBERT,ADVENTIST MEDICAL CENTER MANILA,101086.0
SAN VICENTE PETER JAY,ADVENTIST MEDICAL CENTER MANILA,80470.0
SANDOVAL MAREON,UNIHEALTH PARANAQUE MEDICAL CENTER,111784.0
SANTIANO OSCAR,SAN JUAN DE DIOS HOSPITAL,53597.0
SANTOS CARMENCITA,"SAN ROQUE MEDICAL CLINIC, MONTILLANO ST. ALABANG MUNTINLUPA",nan
SANTOS MARTHA ROCELLA,"SAN ROQUE MEDICAL CLINIC, MONTILLANO ST. ALABANG MUNTINLUPA",92710.0
SANTOS EDUARDO,"OLIVAREZ GENERAL HOSPITAL, PARANAQUE",nan
SANTOS MARIA RITA,MEDICAL CENTER MUNTINLUPA,nan
SAWI MINERVA,LAS PINAS GENERAL HOSPITAL,95576.0
SILVA AIMEE,"OLIVAREZ GENERAL HOSPITAL, PARANAQUE",nan
SISON CHERIE MAE,"ALABANG MEDICAL CLINIC, PUTATAN ALABANG MUNTINLUPA",nan
SOMBRERO MARIA CRISTINA,UNIHEALTH PARANAQUE MEDICAL CENTER,nan
SUYOM ROGELIO JR,"OLIVAREZ GENERAL HOSPITAL, PARANAQUE",107315.0
SY CESAR,"ALABANG MEDICAL CLINIC, MONTILLANO ST.",52471.0
TAMAYO JULLIANA,PERPETUAL HELP MEDICAL CENTER - LAS PINAS,nan
TAN FREDERICK,UNIHEALTH PARANAQUE MEDICAL CENTER,nan
TAPPAN HOLIDAY,UNIHEALTH PARANAQUE MEDICAL CENTER,nan
TAPPAN SWEET GARLLIE ALBERT,UNIHEALTH PARANAQUE MEDICAL CENTER,nan
TINDOY ACE MARVIN,"ALABANG MEDICAL CLINIC, PUTATAN ALABANG MUNTINLUPA",nan
TIRANTE JOSE KARLO,UNIHEALTH PARANAQUE MEDICAL CENTER,98476.0
TOJINO ANDRE LAWRENCE,PERPETUAL HELP MEDICAL CENTER - LAS PINAS,nan
TOLEDO LANCE,LAS PINAS GENERAL HOSPITAL,nan
TORRES PAUL IVAN,LAS PINAS DOCTOR'S HOSPITAL,nan
TORRIJOS JENNY LYND,LAS PINAS DOCTOR'S HOSPITAL,nan
TUAZON RONALD,"TUANZON MEDICAL CLINIC, CUPANG MUNTINLUPA",nan
TUBLE FE,"MKT MEDICAL CLINIC, ATIS ST. GOLDERN ACRE, LAS PINAS",nan
TUI JOAN AVA KAYE,PERPETUAL HELP MEDICAL CENTER - LAS PINAS,114348.0
TURLA MARIA VICTORIA,PERPETUAL HELP MEDICAL CENTER - LAS PINAS,nan
UNIHEALTH PQUE HOSP,UNIHEALTH PARANAQUE MEDICAL CENTER,nan
UNIHEALTH LAS PINAS,PERPETUAL HELP MEDICAL CENTER - LAS PINAS,nan
URMATAM FIDEL,"SAN ROQUE MEDICAL CLINIC, MONTILLANO ST. ALABANG MUNTINLUPA",nan
VALENTE KATHLEEN,PERPETUAL HELP MEDICAL CENTER - LAS PINAS,nan
VALERIO JOSEPHINE,"VILLAMOR AIRBASE, PASAY CITY",82782.0
VALEROS KATHERINE,"OLIVAREZ GENERAL HOSPITAL, PARANAQUE",nan
VILLANUEVA ALLEN RICHARD,PERPETUAL HELP MEDICAL CENTER - LAS PINAS,nan
VILLAREAL EARL FIDEL,MEDICAL CENTER PARANAQUE,nan
VIRAY KARMINA VIANCA,"ALABANG MEDICAL CLINIC, PUTATAN ALABANG MUNTINLUPA",144142.0
VIZCONDE EDELISSA,MEDICAL CENTER MUNTINLUPA,nan
YEBAN CHRISTINE,LAS PINAS DOCTOR'S HOSPITAL,nan
ZULUETA CESAR ANTONIO,PERPETUAL HELP MEDICAL CENTER - LAS PINAS,83990.0
ABEJAR FEL RONSON FEL RONSON,THE DOCTORS HOSPITAL,nan
ABETO MICHELLE MICHELLE,THE DOCTORS HOSPITAL,nan
ADEVA OLIVER OLIVER,BACOLOD TERRITORIALS,nan
AGUIRE AMADOR,BACOLOD TERRITORIALS,nan
ALAYON RICKY,THE DOCTORS HOSPITAL,nan
ALBA GEMMA,MEDICAL PLAZA,nan
ANIBAN FERNANDO,THE DOCTORS HOSPITAL,nan
ANTIVO ROSEVELLE,VICTORIAS CITY,nan
ANTONIO ALLAN,VICTORIAS CITY,nan
APDOL JOANNE,THE DOCTORS HOSPITAL,nan
ARANETA ANGEL,THE DOCTORS HOSPITAL,nan
ARANETA MARICRIS,MEDICAL PLAZA,nan
ARRIOLA NANETTE,MEDICAL PLAZA,nan
ASCALON ARTHUR,THE DOCTORS HOSPITAL,nan
ATIS MAY GRACE,THE DOCTORS HOSPITAL,nan
AU JILL,THE DOCTORS HOSPITAL,nan
AUSTRIA JOSEPH PETER,MEDICAL PLAZA,nan
AVELINO PATRICIA ANN,THE DOCTORS HOSPITAL,nan
BARTOLOME LEOPOLDO,THE DOCTORS HOSPITAL,nan
BENEDICTO BELLA ESPERANZA,BACOLOD TERRITORIALS,nan
BENJAMIN DOROTHY,THE DOCTORS HOSPITAL,nan
BERMEJO KATE ANNE,THE DOCTORS HOSPITAL,nan
CABALATUNGAN MICHAEL,MEDICAL PLAZA,nan
CARATAO FAITH,MEDICAL PLAZA,nan
CARIAL HARY,MEDICAL PLAZA,nan
CARJANO NONATO,THE DOCTORS HOSPITAL,nan
CASTILLO JEFTY,KABANKALAN CITY,nan
CONCEAL  LEOPOLDO.,KABANKALAN CITY,nan
CRUZ ARIELLE ANGELIQUE,THE DOCTORS HOSPITAL,nan
DAEL MAE SHYLLA  THERESA,THE DOCTORS HOSPITAL,nan
DAGCUTAN LLOYD,BACOLOD TERRITORIALS,nan
DAVID JOHN RODSIL,THE DOCTORS HOSPITAL,nan
DELA CRUZ JULIUS JOSEPH,BINALBAGAN TERRITORIALS,nan
DELA TORE RICARDO,MEDICAL PLAZA,nan
DICOLONGON LILIA,THE DOCTORS HOSPITAL,nan
DOCTORA JANE TOLEDO,THE DOCTORS HOSPITAL,nan
DUYONGCO KATHERINE,CADIZ CITY,nan
EMPESTAN MARIA VICTORIA,MEDICAL PLAZA,nan
ENANO ANN GRACE,MEDICAL PLAZA,nan
ENCARNACION JOSELINE,MEDICAL PLAZA,nan
ESPINOSA WENDELL,MEDICAL PLAZA,nan
ESTORES CHERRLYN,MEDICAL PLAZA,nan
FRAYCO FRAYCO CARINA,MEDICAL PLAZA,nan
GALON CHUCK EDWARD,THE DOCTORS HOSPITAL,nan
GARCIA APRIL,THE DOCTORS HOSPITAL,nan
GATUMBATO JOANNE MAY,THE DOCTORS HOSPITAL,nan
GEBUSION ANTHONY,THE DOCTORS HOSPITAL,nan
GEMINIA LOUI,THE DOCTORS HOSPITAL,nan
GERMINAL RODOLFO,THE DOCTORS HOSPITAL,nan
GUANZON LUZ VICENTA,THE DOCTORS HOSPITAL,nan
GUILLON LARRIE-LYN,THE DOCTORS HOSPITAL,nan
HINOLAN PEDRO,THE DOCTORS HOSPITAL,nan
HISTORIADOR MARTINA,THE DOCTORS HOSPITAL,nan
JALEA AILEEN,THE DOCTORS HOSPITAL,nan
JIMENEZ GERARD CHARLES,THE DOCTORS HOSPITAL,nan
KHO JOYCE,BACOLOD TERRITORIALS,nan
KHO VIOLETA,BACOLOD TERRITORIALS,nan
LEMONCITO MICHELLE,BACOLOD TERRITORIALS,nan
LIBUTAN AURABELLE,BACOLOD TERRITORIALS,nan
LIM JOSE ROBERT,THE DOCTORS HOSPITAL,nan
LIMSIACO MANUEL,THE DOCTORS HOSPITAL,nan
LOGRONIO SUSAN,THE DOCTORS HOSPITAL,nan
MAGBANUA MARK,THE DOCTORS HOSPITAL,nan
MAGBANUA CYRIL FRANZ,THE DOCTORS HOSPITAL,nan
MALEZA FRANCISCO,THE DOCTORS HOSPITAL,nan
MIRANDA JOSE ALEX,THE DOCTORS HOSPITAL,nan
MODINA CHRISTINA,THE DOCTORS HOSPITAL,nan
NG JAN PATRICK,THE DOCTORS HOSPITAL,nan
ORMEO MICAH SAM,THE DOCTORS HOSPITAL,nan
OYOS ELLA FE,MEDICAL PLAZA,nan
PACETE ARNEE,MEDICAL PLAZA,nan
PADILLA CHERYL,MEDICAL PLAZA,nan
PAEZ DANIEL.,THE DOCTORS HOSPITAL,nan
PAEZ LARNY JOY,THE DOCTORS HOSPITAL,nan
PAJANTOY ALYN,BACOLOD TERRITORIALS,nan
PAYLADO FRANCISCO.,BACOLOD TERRITORIALS,nan
PAYLADO FRANELIN,THE DOCTORS HOSPITAL,nan
PRAMIO CELESTE,THE DOCTORS HOSPITAL,nan
PUEY CHRISTINE MARIE,THE DOCTORS HOSPITAL,nan
QUISUMBING JOHN PAUL,THE DOCTORS HOSPITAL,nan
QUIZUMBING JADDA,THE DOCTORS HOSPITAL,nan
RALLOS KIMUEL,THE DOCTORS HOSPITAL,nan
REYES PETER ANDREW,MEDICAL PLAZA,nan
RIVAS RIVAS ERA MAY,MEDICAL PLAZA,nan
SALVADOR CECILIA,THE DOCTORS HOSPITAL,nan
SALVADOR RAFAELITO,THE DOCTORS HOSPITAL,nan
SALVADOR. MICHAEL THOMAS,THE DOCTORS HOSPITAL,nan
SOBREPENA MA JOSEFA,MEDICAL PLAZA,nan
SOLINAP JEFFREY,THE DOCTORS HOSPITAL,nan
SORATORIO DARLENE,BACOLOD TERRITORIALS,nan
SY DARLEEN,THE DOCTORS HOSPITAL,nan
TABUGA ZIA,MURCIA,nan
TABUJARA RHEA JOY,BACOLOD TERRITORIALS,nan
TAN SUE,MEDICAL PLAZA,nan
TANEZA PUREZA,BACOLOD TERRITORIALS,nan
TENFERE ALLAN,BACOLOD TERRITORIALS,nan
TIBON HYGIA,MEDICAL PLAZA,nan
TOGLE BRIAN ANTONIO,BACOLOD TERRITORIALS,nan
TORRES FRANCIS RAPHAEL,THE DOCTORS HOSPITAL,nan
TRAJERA DANIEL,BACOLOD TERRITORIALS,nan
TULMO WILSON,MEDICAL PLAZA,nan
VARELA MARY STEPHANIE,BACOLOD TERRITORIALS,nan
VARON MYLA ANTONIETE,MEDICAL PLAZA,nan
VILLAR SHEILA MAE,MEDICAL PLAZA,nan
VILLASIN LUZ SHIEN,BACOLOD TERRITORIALS,nan
VILLASOR VANESSA,BACOLOD TERRITORIALS,nan
WONG REYNOLD,MEDICAL PLAZA,nan
ABASOLO JUAN PAOLO,EAST AVENEU MEDICAL CENTER,nan
AFABLE MA. LUISA,WORLD CITI MEDICAL CENTER,nan
ALMORO YVETTE,THE MDEICAL CITY- TRINOMA,nan
ANG ALEXANDER,PHILIPPINE HEAR CENTER,nan
AYUYAO .,PHILIPPINE HEART CENTER,nan
BALANKIG MERCEDES,SSS CUBAO BRANCH,nan
BALANQUIT BRIAN JANN,EAST AVENEU MEDICAL CENTER,nan
BATUMBAKAL MARIA CECILIA,HI-PRECISION EAST AVE,nan
BONGOSIA LEANDRO,PHILIPPINE HEAR CENTER,nan
BORJA BEVERLY,HI-PRECISION EAST AVE,nan
BUGAWAN CORTONE,HI-PRECISION V LUNA,nan
CALISON LUIGI,PHILIPPINE HEAR CENTER,nan
CAPPUCCINO MARICEL,PHILIPPINE HEART CENTER,nan
CARPIO BERNARD,KERALTY CUBAO,nan
CASABAR ALBERT DANIEL,PHILIPPINE HEAR CENTER,nan
CEBALLOS HECTOR JAMES,EAST AVENEU MEDICAL CENTER,nan
CHUA ANA,PHILIPPINE HEAR CENTER,nan
CHUA RONALDO,EAST AVENEU MEDICAL CENTER,nan
CIMACIO DERLYNE,BAUTISTA CLINIC,nan
CRISTOBAL JOSETTE,PHILIPPINE HEAR CENTER,nan
CUSTODIO MYLA,PHILIPPINE HEAR CENTER,nan
DE LEON JERICHO,PHILIPPINE HEAR CENTER,nan
DE LEON SONIA,MADRID POLYCLINIC,nan
DEL POSO DOROTHY,PHILIPPINE HEAR CENTER,nan
DELA PENA PETE,EAST AVENEU MEDICAL CENTER,nan
DELOS REYES KRISTINA,PHILIPPINE HEAR CENTER,nan
DITANGCO DIANNE,EAST AVENEU MEDICAL CENTER,nan
DURAN SAMUEL,EAST AVENEU MEDICAL CENTER,nan
DY MICAH,PHILIPPINE HEAR CENTER,nan
EAY KATRINA ANDREA,HI-PRECISION V LUNA,nan
ERASMO RASEME,PHILIPPINE HEAR CENTER,nan
FALLER THERESA,WORLD CITI MEDICAL CENTER,nan
FELIPE ROY RAUL,EAST AVENEU MEDICAL CENTER,nan
FERNANDOS THERESE,PHILIPPINE HEAR CENTER,124701.0
FERROLINO ARTHUR,PHILIPPINE HEAR CENTER,nan
FORTUNO AGAPITO,PHILIPPINE HEAR CENTER,nan
FRESNOZA JACQUELINE,THE MDEICAL CITY- TRINOMA,nan
GACARAMA .,PHILIPPINE HEART CENTER,nan
GALLEON EDMAR,PHILIPPINE HEAR CENTER,nan
GARGALICANA ZELL,EAST AVENEU MEDICAL CENTER,nan
GATDULA JOSEPH,PHILIPPINE HEAR CENTER,nan
GERARDO MICHAEL,ALPHASTAR CLINIC,nan
GERONA MARK LEDGE,PHILIPPINE HEAR CENTER,nan
GOMEZ NEIL,PHILIPPINE HEAR CENTER,nan
GONZALES NICOLE,PHILIPPINE HEAR CENTER,nan
GONZALES IRISH,EAST AVENEU MEDICAL CENTER,nan
GRAYDA JOSE MELANIO,PHILIPPINE HEAR CENTER,nan
GUILLERMO KENT,EAST AVENEU MEDICAL CENTER,nan
GUTTIEREZ DAN ENRICO,PHILIPPINE HEAR CENTER,nan
HABALUYAS CHRISTEL,PHILIPPINE HEAR CENTER,nan
HO JAMES,EAST AVENEU MEDICAL CENTER,nan
IWAG DOMINIC,PHILIPPINE HEAR CENTER,137409.0
JALBUENA CARLO,PHILIPPINE HEAR CENTER,nan
LAIGO ALLEN,WORLD CITI MEDICAL CENTER,nan
LAMBOON JOHN CARLO,PHILIPPINE HEAR CENTER,nan
LIBROJO JONATHAN,PHILIPPINE HEAR CENTER,nan
LIMPIN ENCARNITA,PHILIPPINE HEAR CENTER,nan
LUMABAN CHRISTINA,PHILIPPINE HEAR CENTER,nan
MAGBOJOS ADRIAN LEVI,BAUTISTA CLINIC,nan
MALILAY ARLENE,THE MDEICAL CITY- TRINOMA,nan
MALLARE JASON,PHILIPPINE HEAR CENTER,nan
MANGAHAS MARGARITA,EAST AVENEU MEDICAL CENTER,nan
MANLANGIT NICO,PHILIPPINE HEAR CENTER,nan
MANUEL JAMES,EAST AVENEU MEDICAL CENTER,nan
MISSION ROGER,PHILIPPINE HEAR CENTER,nan
MORA REYMOND,WORLD CITI MEDICAL CENTER,nan
NGO ROXANNE,PHILIPPINE HEAR CENTER,nan
OARDE VERONICA,SSS CUBAO BRANCH,nan
ONG  WILLIAM,PHILIPPINE HEART CENTER,nan
ONG  JILLIANE MONIQUE,HI-PRECISION EAST AVE,nan
ONGJOCO EDGAR,MADRID POLYCLINIC,nan
ORDONEZ RONALDO,WORLD CITI MEDICAL CENTER,nan
PABAYO VICTORINA,THE MEDICAL CITY- CYBERPARK,nan
PANGANIBAN RANDY,PHILIPPINE HEAR CENTER,nan
PEREZ RAY,PHILIPPINE HEAR CENTER,nan
PUA EMMET VI,PHILIPPINE HEAR CENTER,nan
QUIWA LESLIE,EAST AVENEU MEDICAL CENTER,nan
QUIZON LENDRY,THE MDEICAL CITY- TRINOMA,nan
RAMOS KEVIN,PHILIPPINE HEART CENTER,nan
RAYMUNDO LORJIE,ALMONTE CLINIC,nan
REBULLIDA SALVADOR PEDRO,PHILIPPINE HEAR CENTER,nan
RIGOR DODEE,PHILIPPINE HEAR CENTER,nan
RIVERA ANTOINETTE,PHILIPPINE HEAR CENTER,nan
RIVERA ALYSSA,PHILIPPINE HEART CENTER,nan
RUIZ MABEL,PHILIPPINE HEAR CENTER,nan
SALAS BELINDA,HOLY ANGEL CLINIC,nan
SALI ELSHAD,EAST AVENEU MEDICAL CENTER,nan
SALUDES HERMOGENES,PHILIPPINE HEAR CENTER,nan
SAMANIEGO ARLETTE,SANCHEZ CLINIC,nan
SAMONTE AIKO,PHILIPPINE HEAR CENTER,nan
SANHEZ NICOLE,PHILIPPINE HEAR CENTER,136046.0
SANTOS DANILO,PHILIPPINE HEAR CENTER,nan
SANTOS ROMEO,PHILIPPINE HEAR CENTER,nan
SANTOS ALBINO,CAMP GENERAL EMILIO AGUINALDO STATION HOSPITAL,nan
SUPE MYLA,PHILIPPINE HEAR CENTER,nan
TAN ARMAND DELO,PHILIPPINE HEAR CENTER,nan
TAN MYRA,PHILIPPINE HEAR CENTER,nan
TAN CATHY,PHILIPPINE HEART CENTER,nan
TANQUE MARIBEL,PHILIPPINE HEAR CENTER,nan
TAPNIO GEMMA,CAMP GENERAL EMILIO AGUINALDO STATION HOSPITAL,nan
TRIA RAMONCITO,PHILIPPINE HEAR CENTER,nan
TUANO NORBERTO,PHILIPPINE HEAR CENTER,nan
TUAZON ALEXANDER,PHILIPPINE HEAR CENTER,nan
URBINA KRISTINE,PHILIPPINE HEART CENTER,nan
USMAN JERU,PHILIPPINE HEAR CENTER,nan
VALEZA RUSS AURO,EAST AVENEU MEDICAL CENTER,nan
VICENTE FREDIRICK,PHILIPPINE HEAR CENTER,nan
VICTORIANO ALEXANDER,WORLD CITI MEDICAL CENTER,nan
VILLANUEVA JOHANNA,PHILIPPINE HEART CENTER,nan
VILLAROMAN JOSE,PHILIPPINE HEAR CENTER,nan
YULO JUDY,BAUTISTA CLINIC,nan
YULO DEDRIC,PHILIPPINE HEAR CENTER,nan
ABE ALEXANDER,CLINICA ANTIPOLO,nan
ADVINCULA  GLENN ROSE,TMC STA. LUCIA,nan
AGAPAY PERLA,TMC STA. LUCIA,nan
AGONCILLO MELANIE,MARIKINA VALLEY MEDICAL HOSPITAL,nan
AGUINALDO  AMADO,TMC STA. LUCIA,nan
ALEJANDRE ARCY,MEMC,nan
ALFONSO - GABAS ANA MARICON,APEX ANTIPOLO,nan
ALMAZAN RITCHELDA,MEMC,nan
ALVAREZ  RAY,TMC STA. LUCIA,nan
AMBROSIO MA.DOREEN,MEMC,nan
ANCHETA  JESUS,GARCIA GENERAL HOSPITAL,nan
ASIS EDMUND,TANAY,0.0
AVENIDO LOWELL,MARIKINA VALLEY MEDICAL HOSPITAL,nan
BACAYANA ALLAN,TMC STA. LUCIA,nan
BALAJADIA IMELDA,STA.LUCIA HEALTH CARE,nan
BAQUIR ANNA,TMC STA. LUCIA,nan
BELLEZA  ROMEO,QUEEN MARY HOSPITAL TANAY,nan
BERNARDO IRINEO III,TANAY COMMUNITY HOSPITAL,0.0
BORJA ERWIN,MEMC,nan
BULOSAN TEOFILO,TAYTAY DOCTORS HOSPITAL,nan
CABARRUBIAS SYLMAN,MEMC,nan
CABRERA ETHEL,TMC CAINTA,nan
CADIENTE GILBERT,MARIKINA TERRITORIALS,nan
CARLOS  RUBELINO,MARIKINA TERRITORIALS,nan
CARUNGAY JOSEPHINE,ST. VICTORIA HOSPITAL,nan
CASTIGADOR  MARIA CORAZON,MARIKINA VALLEY MEDICAL HOSPITAL,nan
CASTILLO LISBETH,MEMC,nan
CAYANAN CLARO,MEMC,0.0
CENINA ALVIN RAE,MEMC,nan
CHANCO VICTORIA,ANTIPOLO,0.0
CHANCO GLENN,TAYTAY,0.0
CHANYONGCO  JOEY,MARIKINA VALLEY MEDICAL HOSPITAL,nan
CHUA PHILIP,UNCIANO HOSPITAL,0.0
CO PATRICK JAMES,ADRAMEDIX TANAY,0.0
CRISOSTOMO  MARIETTA,PADRE PIO MATERNITY AND MEDICAL HOSPITAL,nan
CRUZ  RAFAEL,TAYTAY,nan
CRUZ AGNES,MARIKINA VALLEY MEDICAL HOSPITAL,nan
CRUZ RITCHIE,MEMC,nan
CUSTODIO ALLAN,TANAY GENERAL HOSPITAL,0.0
DE GUZMAN  WILFREDO,MARIKINA TERRITORIALS,nan
DE JESUS MALOU,APEX ANTIPOLO,nan
DE LEON ROEHL,COGEO,0.0
DELA CRUZ MIKE,ADRAMEDIX TANAY,nan
DELA CRUZ CYNTHIA,TMC STA. LUCIA,0.0
DIZON ROCKY,ST. VINCENT GENERAL HOSPITAL,102766.0
DURIAN ROSARIO,MEMC,nan
DYCOCO  LEAH,TMC STA. LUCIA,nan
ENCISO MIYAME,ADRAMEDIX TANAY,nan
ENRIQUEZ ALVIN,MARIKINA VALLEY MEDICAL HOSPITAL,nan
FLOR  PARAISO,TMC STA. LUCIA,nan
FORONDA EDGARDO,MEMC,nan
GARCIA MARIA VICTORIA,MEMC,nan
GARCIA GERALDINE,STA.LUCIA HEALTH CARE,81282.0
GARCIA ELMER,MARIKINA VALLEY MEDICAL HOSPITAL,nan
GATMAITAN INGRID MARIE,TMC STA. LUCIA,nan
GONZALES  MARIA NERESSA,TMC STA. LUCIA,nan
HABACON GEORGE PAUL,MEMC,nan
HERNANDEZ  BIANCA FLOR,TMC STA. LUCIA,nan
HERNANDEZ  MARK,ST. VINCENT HOSPITAL,nan
IMPERIAL  MARK RAY,TMC CAINTA,nan
JAVONILLO ELEANOR,TMC STA. LUCIA,nan
JOSE  LOUIE,MARIKINA VALLEY MEDICAL HOSPITAL,nan
JOSEF CHERIDINE,MARIKINA TERRITORIALS,nan
LARANG  CHERNOBYLL,ST. VINCENT HOSPITAL,nan
LAZARO ERMA,TAYTAY DOCTORS HOSPITAL,nan
LAZARO IAN,MEMC,nan
LEYBAG BRIAN,MEMC,nan
LIM ARMAN,MEMC,nan
LLAMAS CRISANTO,CLINICA ANTIPOLO,nan
LUCE  RENE,TANAY,nan
MACAPAGAL RAYMOND,MARIKINA TERRITORIALS,nan
MACARAEG EDGAR,MARIKINA TERRITORIALS,nan
MAGRACIA MARISSA,TANAY,nan
MAGTIBAY  MA. TERESA,STA. LUCIA TERRITORIALS,nan
MAGUSLOG SVETHLANA,ST. VINCENT GENERAL HOSPITAL,nan
MANLUTAC BENJAMIN,MARIKINA TERRITORIALS,nan
MANUNGAS KEN,ST. VINCENT HOSPITAL,nan
MAPALO MYRABEL,ADRAMEDIX TANAY,nan
MAPANAO DAISY,ST. VINCENT GENERAL HOSPITAL,90318.0
MARIANO  EMERSON,SAN MATEO DOCTORS HOSPITAL,nan
MARIANO GRACE,SAN MATEO DOCTORS HOSPITAL,nan
MARIANO  LORDBENJIE,ANGONO MEDICS HOSPITAL,nan
MARIANO RAMELITO,MARIANO MEDICAL CLINIC,79121.0
MARTIN  HELEN,TMC CAINTA,nan
MENDOZA - TORRES ROMINA,TAYTAY DOCTORS HOSPITAL,nan
MORALES  ERIC JHON,MARIKINA VALLEY MEDICAL HOSPITAL,nan
NIDUAZA VICTORINO,ST. VINCENT GENERAL HOSPITAL,90865.0
NISPEROS MICHELLE,APEX ANTIPOLO,nan
OBMASCA LEONORA,TAYTAY DOCTORS HOSPITAL,nan
OJEDA  KRISTIAN,ANGONO MEDICS HOSPITAL,nan
ORDONEZ  RONALDO,MARIKINA TERRITORIALS,nan
PANGANIBAN  IVAN,GARCIA GENERAL HOSPITAL,nan
PASCUA  ROSALIINA,ST. VINCENT GENERAL HOSPITAL,nan
PELAYO  MAYA,ORTIGAS HOSPITAL,nan
PIZZARRO  KHRISTINE,TMC STA. LUCIA,nan
PUA MELQUIDES,MARIKINA VALLEY MEDICAL HOSPITAL,nan
QUIDAY  JOSEPH,MONTALBAN TERRITORIALS,nan
QUIJANO  BING,QUEEN MARY HOSPITAL TANAY,nan
RAMIREZ  MARK AUSTINE,ST. VINCENT HOSPITAL/SDS HOSPITAL,nan
RAMIREZ GLIZERIA,MEMC,nan
RAMOS  RUSSEL,TMC STA. LUCIA,nan
REMEGIO RENANTE,TAYTAY DOCTORS HOSPITAL,0.0
REYES  RAQUEL,ANTIPOLO,nan
RICO CYNTHIA,APEX ANTIPOLO,68979.0
RIVERA REY,TAYTAY DOCTORS HOSPITAL,nan
RIVERA CHARLES KIVEN,MANILA EAST MEDICAL CENTER,nan
RIVERA CLARA,TAYTAY DOCTORS HOSPITAL,nan
SAN DIEGO FRANCISCO,CAINTA,nan
SAN DIEGO LEE ROBERT,CAINTA,nan
SAN JUAN  MARY JANE,TMC STA. LUCIA,nan
SANTOS JEROME,MARIKINA VALLEY MEDICAL HOSPITAL,nan
SENAR  PETER,MARIKINA VALLEY MEDICAL HOSPITAL,nan
SORIANO PHILIP,ADRAMEDIX TANAY,nan
STA. ANA ENRICO,ST. VINCENT GENERAL HOSPITAL,71167.0
SUAREZ  HOPE,TMC STA. LUCIA,nan
SULIEK PATRICIA ANN,MEMC,nan
TANAEL  GESIET,TANAY GENERAL HOSPITAL,nan
TANSINSIN JUSTINE,ST. VICTORIA HOSPITAL,nan
TIPON REYNALDO,ANTIPOLO,nan
TIPON RYAN,MEMC,nan
TOLENTINO CORNELIO,COGEO,0.0
TOLENTINO EDITHA,COGEO,0.0
TRONCALES AURA,ST. VINCENT GENERAL HOSPITAL,nan
UY RUBEN,ANTIPOLO,nan
VELLARA KATERINA ANN,MEMC,nan
VITAL MA. FLORES,APEX ANTIPOLO,nan
YANEZA  LIBERTY,TMC STA. LUCIA,nan
