timestamp,No_,No_ 2,Description,Search Description,Description 2,Base Unit of Measure,Price Unit Conversion,Type,Inventory Posting Group,Shelf No_,Item Disc_ Group,Allow Invoice Disc_,Statistics Group,Commission Group,Unit Price,Price_Profit Calculation,Profit _,Costing Method,Unit Cost,Standard Cost,Last Direct Cost,Indirect Cost _,Cost is Adjusted,Allow Online Adjustment,Vendor No_,Vendor Item No_,Lead Time Calculation,Reorder Point,Maximum Inventory,Reorder Quantity,Alternative Item No_,Unit List Price,Duty Due _,Duty Code,Gross Weight,Net Weight,Units per Parcel,Unit Volume,Durability,Freight Type,Tariff No_,Duty Unit Conversion,Country_Region Purchased Code,Budget Quantity,Budgeted Amount,Budget Profit,Blocked,Block Reason,Last DateTime Modified,Last Date Modified,Last Time Modified,Price Includes VAT,VAT Bus_ Posting Gr_ (Price),Gen_ Prod_ Posting Group,Picture,Country_Region of Origin Code,Automatic Ext_ Texts,No_ Series,Tax Group Code,VAT Prod_ Posting Group,Reserve,Global Dimension 1 Code,Global Dimension 2 Code,Stockout Warning,Prevent Negative Inventory,Application Wksh_ User ID,Assembly Policy,GTIN,Default Deferral Template Code,Low-Level Code,Lot Size,Serial Nos_,Last Unit Cost Calc_ Date,Rolled-up Material Cost,Rolled-up Capacity Cost,Scrap _,Inventory Value Zero,Discrete Order Quantity,Minimum Order Quantity,Maximum Order Quantity,Safety Stock Quantity,Order Multiple,Safety Lead Time,Flushing Method,Replenishment System,Rounding Precision,Sales Unit of Measure,Purch_ Unit of Measure,Time Bucket,Reordering Policy,Include Inventory,Manufacturing Policy,Rescheduling Period,Lot Accumulation Period,Dampener Period,Dampener Quantity,Overflow Level,Manufacturer Code,Item Category Code,Created From Nonstock Item,Product Group Code,Purchasing Code,Service Item Group,Item Tracking Code,Lot Nos_,Expiration Calculation,Warehouse Class Code,Special Equipment Code,Put-away Template Code,Put-away Unit of Measure Code,Phys Invt Counting Period Code,Last Counting Period Update,Use Cross-Docking,Next Counting Start Date,Next Counting End Date,Id,Unit of Measure Id,Tax Group Id,Sales Blocked,Purchasing Blocked,Item Category Id,Over-Receipt Code,Routing No_,Production BOM No_,Single-Level Material Cost,Single-Level Capacity Cost,Single-Level Subcontrd_ Cost,Single-Level Cap_ Ovhd Cost,Single-Level Mfg_ Ovhd Cost,Overhead Rate,Rolled-up Subcontracted Cost,Rolled-up Mfg_ Ovhd Cost,Rolled-up Cap_ Overhead Cost,Order Tracking Policy,Critical,Common Item No_,$systemId,$systemCreatedAt,$systemCreatedBy,$systemModifiedAt,$systemModifiedBy
b'\x00\x00\x00\x00\r\x06Y\x0c',AIP000001,,TRIFIXIME 200MG CAPSULE x 50's,TRIFIXIME 200MG CAPSULE X 50'S,,BOX,0,0,STOCK,,,1,0,0,0.0,0,0.0,4,513.39004,513.39004,513.39282,0.0,1,1,,,,0.0,0.0,0.0,,0.0,0.0,,0.0,0.0,0.0,0.0,,,,0.0,,0.0,0.0,0.0,0,,2025-02-28 06:35:34.747,2025-02-28,1754-01-01 14:35:34.747,0,,STOCK,00000000-0000-0000-0000-000000000000,,0,,,GOODS12,1,,,0,0,,0,,,0,0.0,,1753-01-01,513.39004,0.0,0.0,0,0,0.0,0.0,0.0,0.0,,0,3,1.0,BOX,BOX,,0,0,0,,,,0.0,0.0,,STOCKS,0,,,,LOTEXP,,,,,,,,1753-01-01,1,1753-01-01,1753-01-01,00000000-0000-0000-0000-000000000000,00000000-0000-0000-0000-000000000000,00000000-0000-0000-0000-000000000000,0,0,00000000-0000-0000-0000-000000000000,,,,513.39004,0.0,0.0,0.0,0.0,0.0,0.0,0.0,0.0,0,0,,2DB01CA2-2178-EB11-AA10-000D3AA30FE3,2021-02-26 10:59:02.553,7E45060B-A2A4-4F72-B553-3234C753B380,2026-01-12 01:50:42.237,5428A7C5-0CCA-4C68-BF2D-3ED6031F3D6F
b'\x00\x00\x00\x00\ne\xfae',AIP000002,,TRIFIXIME 100MG/5ML SUSP 60ML,TRIFIXIME 100MG/5ML SUSP 60ML,,BOT,0,0,STOCK,,,1,0,0,0.0,0,0.0,4,41.96,41.96,41.96,0.0,1,1,,,,0.0,0.0,0.0,,0.0,0.0,,0.0,0.0,0.0,0.0,,,,0.0,,0.0,0.0,0.0,0,,2021-11-15 11:13:15.660,2021-11-15,1754-01-01 19:13:15.660,0,,STOCK,00000000-0000-0000-0000-000000000000,,0,,,GOODS12,1,,,0,0,,0,,,0,0.0,,1753-01-01,41.96,0.0,0.0,0,0,0.0,0.0,0.0,0.0,,0,0,1.0,BOT,BOT,,0,0,0,,,,0.0,0.0,,STOCKS,0,,,,LOTEXP,,,,,,,,1753-01-01,1,1753-01-01,1753-01-01,00000000-0000-0000-0000-000000000000,00000000-0000-0000-0000-000000000000,00000000-0000-0000-0000-000000000000,0,0,00000000-0000-0000-0000-000000000000,,,,41.96,0.0,0.0,0.0,0.0,0.0,0.0,0.0,0.0,0,0,,2EB01CA2-2178-EB11-AA10-000D3AA30FE3,2021-02-26 10:59:02.630,7E45060B-A2A4-4F72-B553-3234C753B380,2024-07-02 02:28:01.727,34C3286C-E7F6-4F45-8F69-19CD015F1C1B
b'\x00\x00\x00\x00\ne\xfai',AIP000003,,TRIFIXIME 20MG/ML 30ML DROPS,TRIFIXIME 20MG/ML 30ML DROPS,,BOT,0,0,STOCK,,,1,0,0,0.0,0,0.0,4,37.5,37.5,0.0,0.0,1,1,,,,0.0,0.0,0.0,,0.0,0.0,,0.0,0.0,0.0,0.0,,,,0.0,,0.0,0.0,0.0,0,,2021-11-15 11:13:27.017,2021-11-15,1754-01-01 19:13:27.017,0,,STOCK,00000000-0000-0000-0000-000000000000,,0,,,GOODS12,1,,,0,0,,0,,,0,0.0,,1753-01-01,37.5,0.0,0.0,0,0,0.0,0.0,0.0,0.0,,0,0,1.0,BOT,BOT,,0,0,0,,,,0.0,0.0,,STOCKS,0,,,,LOTEXP,,,,,,,,1753-01-01,1,1753-01-01,1753-01-01,00000000-0000-0000-0000-000000000000,00000000-0000-0000-0000-000000000000,00000000-0000-0000-0000-000000000000,0,0,00000000-0000-0000-0000-000000000000,,,,37.5,0.0,0.0,0.0,0.0,0.0,0.0,0.0,0.0,0,0,,2FB01CA2-2178-EB11-AA10-000D3AA30FE3,2021-02-26 10:59:02.630,7E45060B-A2A4-4F72-B553-3234C753B380,2024-07-02 02:28:01.727,34C3286C-E7F6-4F45-8F69-19CD015F1C1B
b'\x00\x00\x00\x00\x0c\x85v=',AIP000006,,IRBEGEN 300MG FC TABLET x 30's,IRBEGEN 300MG FC TABLET X 30'S,,BOX,0,0,STOCK,,,1,0,0,0.0,0,0.0,4,141.96007,141.96007,141.96,0.0,1,1,,,,0.0,0.0,0.0,,0.0,0.0,,0.0,0.0,0.0,0.0,,,,0.0,,0.0,0.0,0.0,0,,2021-11-15 11:13:37.050,2021-11-15,1754-01-01 19:13:37.050,0,,STOCK,00000000-0000-0000-0000-000000000000,,0,,,EXEMPT,1,,,0,0,,0,,,0,0.0,,1753-01-01,141.96007,0.0,0.0,0,0,0.0,0.0,0.0,0.0,,0,0,1.0,BOX,BOX,,0,0,0,,,,0.0,0.0,,STOCKS,0,,,,LOTEXP,,,,,,,,1753-01-01,1,1753-01-01,1753-01-01,00000000-0000-0000-0000-000000000000,00000000-0000-0000-0000-000000000000,00000000-0000-0000-0000-000000000000,0,0,00000000-0000-0000-0000-000000000000,,,,141.96007,0.0,0.0,0.0,0.0,0.0,0.0,0.0,0.0,0,0,,30B01CA2-2178-EB11-AA10-000D3AA30FE3,2021-02-26 10:59:02.647,7E45060B-A2A4-4F72-B553-3234C753B380,2025-11-26 00:42:24.717,34C3286C-E7F6-4F45-8F69-19CD015F1C1B
b'\x00\x00\x00\x00\r\x06\xbd\xa7',AIP000010,,ENTEGARD 500MCG TABLET x 30's,ENTEGARD 500MCG TABLET X 30'S,,BOX,0,0,STOCK,,,1,0,0,0.0,0,0.0,4,803.57,803.57,803.57143,0.0,1,1,,,,0.0,0.0,0.0,,0.0,0.0,,0.0,0.0,0.0,0.0,,,,0.0,,0.0,0.0,0.0,0,,2024-09-30 06:11:40.957,2024-09-30,1754-01-01 14:11:40.957,0,,STOCK,00000000-0000-0000-0000-000000000000,,0,,,GOODS12,1,,,0,0,,0,,,1,0.0,,1753-01-01,803.57,0.0,0.0,0,0,0.0,0.0,0.0,0.0,,0,0,1.0,BOX,BOX,,0,0,0,,,,0.0,0.0,,STOCKS,0,,,,LOTEXP,,,,,,,,1753-01-01,1,1753-01-01,1753-01-01,00000000-0000-0000-0000-000000000000,00000000-0000-0000-0000-000000000000,00000000-0000-0000-0000-000000000000,0,0,00000000-0000-0000-0000-000000000000,,,,803.57,0.0,0.0,0.0,0.0,0.0,0.0,0.0,0.0,0,0,,31B01CA2-2178-EB11-AA10-000D3AA30FE3,2021-02-26 10:59:02.647,7E45060B-A2A4-4F72-B553-3234C753B380,2026-01-12 08:02:05.817,5428A7C5-0CCA-4C68-BF2D-3ED6031F3D6F
"b'\x00\x00\x00\x00\r\x06\x81,'",AIP000013,,CLONIGEN 75MCG TABLET x 100's,CLONIGEN 75MCG TABLET X 100'S,,BOX,0,0,STOCK,,,1,0,0,0.0,0,0.0,4,240.0,240.0,240.0,0.0,1,1,,,,0.0,0.0,0.0,,0.0,0.0,,0.0,0.0,0.0,0.0,,,,0.0,,0.0,0.0,0.0,0,,2025-03-06 02:26:27.710,2025-03-06,1754-01-01 10:26:27.710,0,,STOCK,00000000-0000-0000-0000-000000000000,,0,,,EXEMPT,1,,,0,0,,0,,,1,0.0,,2025-02-28,240.0,0.0,0.0,0,0,0.0,0.0,0.0,0.0,,0,0,1.0,BOX,BOX,,0,0,0,,,,0.0,0.0,,STOCKS,0,,,,LOTEXP,,,,,,,,1753-01-01,1,1753-01-01,1753-01-01,00000000-0000-0000-0000-000000000000,00000000-0000-0000-0000-000000000000,00000000-0000-0000-0000-000000000000,0,0,00000000-0000-0000-0000-000000000000,,,,240.0,0.0,0.0,0.0,0.0,0.0,0.0,0.0,0.0,0,0,,32B01CA2-2178-EB11-AA10-000D3AA30FE3,2021-02-26 10:59:02.663,7E45060B-A2A4-4F72-B553-3234C753B380,2026-01-12 03:37:41.797,0B709DB4-D647-42B9-9EEF-809FBE63D915
b'\x00\x00\x00\x00\r\x06(K',AIP000017,,CLONIGEN 150MCG TABLET x 100's,CLONIGEN 150MCG TABLET X 100'S,,BOX,0,0,STOCK,,,1,0,0,0.0,0,0.0,4,446.43,446.43,446.43,0.0,1,1,,,,0.0,0.0,0.0,,0.0,0.0,,0.0,0.0,0.0,0.0,,,,0.0,,0.0,0.0,0.0,0,,2024-09-30 06:12:11.667,2024-09-30,1754-01-01 14:12:11.667,0,,STOCK,00000000-0000-0000-0000-000000000000,,0,,,EXEMPT,1,,,0,0,,0,,,1,0.0,,1753-01-01,446.43,0.0,0.0,0,0,0.0,0.0,0.0,0.0,,0,0,1.0,BOX,BOX,,0,0,0,,,,0.0,0.0,,STOCKS,0,,,,LOTEXP,,,,,,,,1753-01-01,1,1753-01-01,1753-01-01,00000000-0000-0000-0000-000000000000,00000000-0000-0000-0000-000000000000,00000000-0000-0000-0000-000000000000,0,0,00000000-0000-0000-0000-000000000000,,,,446.43,0.0,0.0,0.0,0.0,0.0,0.0,0.0,0.0,0,0,,33B01CA2-2178-EB11-AA10-000D3AA30FE3,2021-02-26 10:59:02.680,7E45060B-A2A4-4F72-B553-3234C753B380,2026-01-12 00:42:00.580,0B709DB4-D647-42B9-9EEF-809FBE63D915
b'\x00\x00\x00\x00\r\x06f\t',AIP000018,,KALIGEN 750MG SR TAB x 50's,KALIGEN 750MG SR TAB X 50'S,,BOT,0,0,STOCK,,,1,0,0,0.0,0,0.0,4,223.21,223.21,223.21429,0.0,1,1,,,,0.0,0.0,0.0,,0.0,0.0,,0.0,0.0,0.0,0.0,,,,0.0,,0.0,0.0,0.0,0,,2024-09-26 02:51:41.837,2024-09-26,1754-01-01 10:51:41.837,0,,STOCK,00000000-0000-0000-0000-000000000000,,0,,,GOODS12,1,,,0,0,,0,,,0,0.0,,1753-01-01,223.21,0.0,0.0,0,0,0.0,0.0,0.0,0.0,,0,0,1.0,BOT,BOT,,0,0,0,,,,0.0,0.0,,STOCKS,0,,,,LOTEXP,,,,,,,,1753-01-01,1,1753-01-01,1753-01-01,00000000-0000-0000-0000-000000000000,00000000-0000-0000-0000-000000000000,00000000-0000-0000-0000-000000000000,0,0,00000000-0000-0000-0000-000000000000,,,,223.21,0.0,0.0,0.0,0.0,0.0,0.0,0.0,0.0,0,0,,34B01CA2-2178-EB11-AA10-000D3AA30FE3,2021-02-26 10:59:02.680,7E45060B-A2A4-4F72-B553-3234C753B380,2026-01-12 02:03:04.443,0A03287F-3B77-4821-969F-D1C214171B0D
b'\x00\x00\x00\x00\x06u3\xd6',AIP000019,,AMOXICILLIN 500MG CAPS x 100's ,AMOXICILLIN 500MG CAPS X 100'S,,BOX,0,0,STOCK,,,1,0,0,0.0,0,0.0,4,125.0,125.0,0.0,0.0,1,1,,,,0.0,0.0,0.0,,0.0,0.0,,0.0,0.0,0.0,0.0,,,,0.0,,0.0,0.0,0.0,0,,2022-12-05 03:25:58.290,2022-12-05,1754-01-01 11:25:58.290,0,,STOCK,00000000-0000-0000-0000-000000000000,,0,,,GOODS12,1,,,0,0,,0,,,0,0.0,,1753-01-01,125.0,0.0,0.0,0,0,0.0,0.0,0.0,0.0,,0,0,1.0,BOX,BOX,,0,0,0,,,,0.0,0.0,,STOCKS,0,,,,LOTEXP,,,,,,,,1753-01-01,1,1753-01-01,1753-01-01,00000000-0000-0000-0000-000000000000,00000000-0000-0000-0000-000000000000,00000000-0000-0000-0000-000000000000,0,0,00000000-0000-0000-0000-000000000000,,,,125.0,0.0,0.0,0.0,0.0,0.0,0.0,0.0,0.0,0,0,,35B01CA2-2178-EB11-AA10-000D3AA30FE3,2021-02-26 10:59:02.693,7E45060B-A2A4-4F72-B553-3234C753B380,2022-12-05 03:25:58.290,8FDCE4A2-E551-4114-AA5B-A4A6BAB4255F
b'\x00\x00\x00\x00\x0c\x93\x13Y',AIP000020,,CEFALEXIN 500MG CAPS x 100's  (ACTIMED),CEFALEXIN 500MG CAPS X 100'S  (ACTIMED),,BOX,0,0,STOCK,,,1,0,0,0.0,0,0.0,4,313.39,313.39,313.39286,0.0,1,1,,,,0.0,0.0,0.0,,0.0,0.0,,0.0,0.0,0.0,0.0,,,,0.0,,0.0,0.0,0.0,0,,2024-11-26 05:29:06.633,2024-11-26,1754-01-01 13:29:06.633,0,,STOCK,00000000-0000-0000-0000-000000000000,,0,,,GOODS12,1,,,0,0,,0,,,0,0.0,,2023-02-28,313.39,0.0,0.0,0,0,0.0,0.0,0.0,0.0,,0,0,1.0,BOX,BOX,,0,0,0,,,,0.0,0.0,,STOCKS,0,,,,LOTEXP,,,,,,,,1753-01-01,1,1753-01-01,1753-01-01,00000000-0000-0000-0000-000000000000,00000000-0000-0000-0000-000000000000,00000000-0000-0000-0000-000000000000,0,0,00000000-0000-0000-0000-000000000000,,,,313.39,0.0,0.0,0.0,0.0,0.0,0.0,0.0,0.0,0,0,,36B01CA2-2178-EB11-AA10-000D3AA30FE3,2021-02-26 10:59:02.717,7E45060B-A2A4-4F72-B553-3234C753B380,2025-12-22 02:49:01.727,0B709DB4-D647-42B9-9EEF-809FBE63D915
b'\x00\x00\x00\x00\x05O\x93\x98',AIP000021,,MEFENAMIC ACID 500MG CAPx100's (WESTFIELD),MEFENAMIC ACID 500MG CAPX100'S (WESTFIELD),,BOX,0,0,STOCK,,,1,0,0,0.0,0,0.0,4,62.5,62.5,0.0,0.0,1,1,,,,0.0,0.0,0.0,,0.0,0.0,,0.0,0.0,0.0,0.0,,,,0.0,,0.0,0.0,0.0,0,,2022-01-25 03:07:43.273,2022-01-25,1754-01-01 11:07:43.273,0,,STOCK,00000000-0000-0000-0000-000000000000,,0,,,GOODS12,1,,,0,0,,0,,,0,0.0,,1753-01-01,62.5,0.0,0.0,0,0,0.0,0.0,0.0,0.0,,0,0,1.0,BOX,BOX,,0,0,0,,,,0.0,0.0,,STOCKS,0,,,,LOTEXP,,,,,,,,1753-01-01,1,1753-01-01,1753-01-01,00000000-0000-0000-0000-000000000000,00000000-0000-0000-0000-000000000000,00000000-0000-0000-0000-000000000000,0,0,00000000-0000-0000-0000-000000000000,,,,62.5,0.0,0.0,0.0,0.0,0.0,0.0,0.0,0.0,0,0,,37B01CA2-2178-EB11-AA10-000D3AA30FE3,2021-02-26 10:59:02.727,7E45060B-A2A4-4F72-B553-3234C753B380,2022-01-25 03:07:43.273,8FDCE4A2-E551-4114-AA5B-A4A6BAB4255F
b'\x00\x00\x00\x00\x0c\x93\x13]',AIP000022,,CARBOCISTEINE 500MG CAPSx100's (ACTIMED),CARBOCISTEINE 500MG CAPSX100'S (ACTIMED),,BOX,0,0,STOCK,,,1,0,0,0.0,0,0.0,4,109.82,109.82,109.82143,0.0,1,1,,,,0.0,0.0,0.0,,0.0,0.0,,0.0,0.0,0.0,0.0,,,,0.0,,0.0,0.0,0.0,0,,2024-11-26 05:29:22.180,2024-11-26,1754-01-01 13:29:22.180,0,,STOCK,00000000-0000-0000-0000-000000000000,,0,,,GOODS12,1,,,0,0,,0,,,0,0.0,,2022-01-31,109.82,0.0,0.0,0,0,0.0,0.0,0.0,0.0,,0,0,1.0,BOX,BOX,,0,0,0,,,,0.0,0.0,,STOCKS,0,,,,LOTEXP,,,,,,,,1753-01-01,1,1753-01-01,1753-01-01,00000000-0000-0000-0000-000000000000,00000000-0000-0000-0000-000000000000,00000000-0000-0000-0000-000000000000,0,0,00000000-0000-0000-0000-000000000000,,,,109.82,0.0,0.0,0.0,0.0,0.0,0.0,0.0,0.0,0,0,,38B01CA2-2178-EB11-AA10-000D3AA30FE3,2021-02-26 10:59:02.727,7E45060B-A2A4-4F72-B553-3234C753B380,2025-12-22 02:49:01.740,0B709DB4-D647-42B9-9EEF-809FBE63D915
b'\x00\x00\x00\x00\x0c\x97\x1c\r',AIP000041,,LOPERAMIDE 2MG CAPS x 100's (ACTIMED),LOPERAMIDE 2MG CAPS X 100'S (ACTIMED),,BOX,0,0,STOCK,,,1,0,0,0.0,0,0.0,4,45.54,45.54,45.53571,0.0,1,1,,,,0.0,0.0,0.0,,0.0,0.0,,0.0,0.0,0.0,0.0,,,,0.0,,0.0,0.0,0.0,0,,2026-01-06 07:07:15.597,2026-01-06,1754-01-01 15:07:15.597,0,,STOCK,00000000-0000-0000-0000-000000000000,,0,,,GOODS12,1,,,0,0,,0,,,0,0.0,,1753-01-01,45.54,0.0,0.0,0,0,0.0,0.0,0.0,0.0,,0,0,1.0,BOX,BOX,,0,0,0,,,,0.0,0.0,,STOCKS,0,,,,LOTEXP,,,,,,,,1753-01-01,1,1753-01-01,1753-01-01,00000000-0000-0000-0000-000000000000,00000000-0000-0000-0000-000000000000,00000000-0000-0000-0000-000000000000,0,0,00000000-0000-0000-0000-000000000000,,,,45.54,0.0,0.0,0.0,0.0,0.0,0.0,0.0,0.0,0,0,,39B01CA2-2178-EB11-AA10-000D3AA30FE3,2021-02-26 10:59:02.740,7E45060B-A2A4-4F72-B553-3234C753B380,2026-01-06 07:21:47.230,7A43DFC9-AF93-4335-A1C5-3ABC0B06A73C
b'\x00\x00\x00\x00\x0b3\xf7\xaa',AIP000060,,GUAIFENESIN 200MG SOFTGEL CAPS x100's (WATSONS),GUAIFENESIN 200MG SOFTGEL CAPS X100'S (WATSONS),,BOX,0,0,STOCK,,,1,0,0,0.0,0,0.0,4,500.0,500.0,0.0,0.0,1,1,,,,0.0,0.0,0.0,,0.0,0.0,,0.0,0.0,0.0,0.0,,,,0.0,,0.0,0.0,0.0,0,,2024-11-26 05:29:42.813,2024-11-26,1754-01-01 13:29:42.813,0,,STOCK,00000000-0000-0000-0000-000000000000,,0,,,GOODS12,1,,,0,0,,0,,,0,0.0,,2022-01-31,500.0,0.0,0.0,0,0,0.0,0.0,0.0,0.0,,0,0,1.0,BOX,BOX,,0,0,0,,,,0.0,0.0,,STOCKS,0,,,,LOTEXP,,,,,,,,1753-01-01,1,1753-01-01,1753-01-01,00000000-0000-0000-0000-000000000000,00000000-0000-0000-0000-000000000000,00000000-0000-0000-0000-000000000000,0,0,00000000-0000-0000-0000-000000000000,,,,500.0,0.0,0.0,0.0,0.0,0.0,0.0,0.0,0.0,0,0,,3AB01CA2-2178-EB11-AA10-000D3AA30FE3,2021-02-26 10:59:02.740,7E45060B-A2A4-4F72-B553-3234C753B380,2024-11-26 05:29:42.817,8FDCE4A2-E551-4114-AA5B-A4A6BAB4255F
b'\x00\x00\x00\x00\x0b3\xf7\xb8',AIP000061,,PSYLLIUM FIBER SACHET 5G x 30's (WATSONS),PSYLLIUM FIBER SACHET 5G X 30'S (WATSONS),,BOX,0,0,STOCK,,,1,0,0,0.0,0,0.0,4,160.71,160.71,0.0,0.0,1,1,,,,0.0,0.0,0.0,,0.0,0.0,,0.0,0.0,0.0,0.0,,,,0.0,,0.0,0.0,0.0,0,,2024-11-26 05:29:58.907,2024-11-26,1754-01-01 13:29:58.907,0,,STOCK,00000000-0000-0000-0000-000000000000,,0,,,GOODS12,1,,,0,0,,0,,,0,0.0,,1753-01-01,160.71,0.0,0.0,0,0,0.0,0.0,0.0,0.0,,0,0,1.0,BOX,BOX,,0,0,0,,,,0.0,0.0,,STOCKS,0,,,,LOTEXP,,,,,,,,1753-01-01,1,1753-01-01,1753-01-01,00000000-0000-0000-0000-000000000000,00000000-0000-0000-0000-000000000000,00000000-0000-0000-0000-000000000000,0,0,00000000-0000-0000-0000-000000000000,,,,160.71,0.0,0.0,0.0,0.0,0.0,0.0,0.0,0.0,0,0,,3BB01CA2-2178-EB11-AA10-000D3AA30FE3,2021-02-26 10:59:02.757,7E45060B-A2A4-4F72-B553-3234C753B380,2024-11-26 05:29:58.907,8FDCE4A2-E551-4114-AA5B-A4A6BAB4255F
b'\x00\x00\x00\x00\x0b3\xf7\xc2',AIP000062,,PSYLLIUM FIBER SACHET 10G x 15's  (WATSONS),PSYLLIUM FIBER SACHET 10G X 15'S  (WATSONS),,BOX,0,0,STOCK,,,1,0,0,0.0,0,0.0,4,91.07,91.07,91.875,0.0,1,1,,,,0.0,0.0,0.0,,0.0,0.0,,0.0,0.0,0.0,0.0,,,,0.0,,0.0,0.0,0.0,0,,2024-11-26 05:30:18.187,2024-11-26,1754-01-01 13:30:18.187,0,,STOCK,00000000-0000-0000-0000-000000000000,,0,,,GOODS12,1,,,0,0,,0,,,0,0.0,,1753-01-01,91.07,0.0,0.0,0,0,0.0,0.0,0.0,0.0,,0,0,1.0,BOX,BOX,,0,0,0,,,,0.0,0.0,,STOCKS,0,,,,LOTEXP,,,,,,,,1753-01-01,1,1753-01-01,1753-01-01,00000000-0000-0000-0000-000000000000,00000000-0000-0000-0000-000000000000,00000000-0000-0000-0000-000000000000,0,0,00000000-0000-0000-0000-000000000000,,,,91.07,0.0,0.0,0.0,0.0,0.0,0.0,0.0,0.0,0,0,,3CB01CA2-2178-EB11-AA10-000D3AA30FE3,2021-02-26 10:59:02.757,7E45060B-A2A4-4F72-B553-3234C753B380,2024-11-26 05:30:18.190,8FDCE4A2-E551-4114-AA5B-A4A6BAB4255F
b'\x00\x00\x00\x00\r\x06\x83\xff',AIP000063,,Collagen 350mg+VIT C100mg+Zinc 4mg CAP x 60's,COLLAGEN 350MG+VIT C100MG+ZINC 4MG CAP X 60'S,(WATSONS),BOX,0,0,STOCK,,,1,0,0,0.0,0,0.0,4,245.89,245.89,245.89286,0.0,1,1,,,,0.0,0.0,0.0,,0.0,0.0,,0.0,0.0,0.0,0.0,,,,0.0,,0.0,0.0,0.0,0,,2024-11-26 05:30:39.283,2024-11-26,1754-01-01 13:30:39.283,0,,STOCK,00000000-0000-0000-0000-000000000000,,0,,,GOODS12,1,,,0,0,,0,,,0,0.0,,1753-01-01,245.89,0.0,0.0,0,0,0.0,0.0,0.0,0.0,,0,0,1.0,BOX,BOX,,0,0,0,,,,0.0,0.0,,STOCKS,0,,,,LOTEXP,,,,,,,,1753-01-01,1,1753-01-01,1753-01-01,00000000-0000-0000-0000-000000000000,00000000-0000-0000-0000-000000000000,00000000-0000-0000-0000-000000000000,0,0,00000000-0000-0000-0000-000000000000,,,,245.89,0.0,0.0,0.0,0.0,0.0,0.0,0.0,0.0,0,0,,3DB01CA2-2178-EB11-AA10-000D3AA30FE3,2021-02-26 10:59:02.773,7E45060B-A2A4-4F72-B553-3234C753B380,2026-01-12 03:45:29.330,5428A7C5-0CCA-4C68-BF2D-3ED6031F3D6F
b'\x00\x00\x00\x00\x0c\x8eU\x88',AIP000064,,LUTEIN 20% EXTRACT-SOFTGEL 50MG x100's (WATSONS),LUTEIN 20% EXTRACT-SOFTGEL 50MG X100'S (WATSONS),,BOX,0,0,STOCK,,,1,0,0,0.0,0,0.0,4,517.86,517.86,517.85715,0.0,1,1,,,,0.0,0.0,0.0,,0.0,0.0,,0.0,0.0,0.0,0.0,,,,0.0,,0.0,0.0,0.0,0,,2024-11-26 05:30:55.367,2024-11-26,1754-01-01 13:30:55.367,0,,STOCK,00000000-0000-0000-0000-000000000000,,0,,,GOODS12,1,,,0,0,,0,,,0,0.0,,2024-02-29,517.86,0.0,0.0,0,0,0.0,0.0,0.0,0.0,,0,0,1.0,BOX,BOX,,0,0,0,,,,0.0,0.0,,STOCKS,0,,,,LOTEXP,,,,,,,,1753-01-01,1,1753-01-01,1753-01-01,00000000-0000-0000-0000-000000000000,00000000-0000-0000-0000-000000000000,00000000-0000-0000-0000-000000000000,0,0,00000000-0000-0000-0000-000000000000,,,,517.86,0.0,0.0,0.0,0.0,0.0,0.0,0.0,0.0,0,0,,3EB01CA2-2178-EB11-AA10-000D3AA30FE3,2021-02-26 10:59:02.773,7E45060B-A2A4-4F72-B553-3234C753B380,2025-12-10 08:27:03.973,0B709DB4-D647-42B9-9EEF-809FBE63D915
b'\x00\x00\x00\x00\x0b3\xf8\xa8',AIP000066,,MANGOSTEEN 450MG+MALUNGGAY 50MG CAPx60's (WATSONS),MANGOSTEEN 450MG+MALUNGGAY 50MG CAPX60'S (WATSONS),,BOX,0,0,STOCK,,,1,0,0,0.0,0,0.0,4,334.82,334.82,334.82143,0.0,1,1,,,,0.0,0.0,0.0,,0.0,0.0,,0.0,0.0,0.0,0.0,,,,0.0,,0.0,0.0,0.0,0,,2024-11-26 05:31:14.753,2024-11-26,1754-01-01 13:31:14.753,0,,STOCK,00000000-0000-0000-0000-000000000000,,0,,,GOODS12,1,,,0,0,,0,,,0,0.0,,2022-01-31,334.82,0.0,0.0,0,0,0.0,0.0,0.0,0.0,,0,0,1.0,BOX,BOX,,0,0,0,,,,0.0,0.0,,STOCKS,0,,,,LOTEXP,,,,,,,,1753-01-01,1,1753-01-01,1753-01-01,00000000-0000-0000-0000-000000000000,00000000-0000-0000-0000-000000000000,00000000-0000-0000-0000-000000000000,0,0,00000000-0000-0000-0000-000000000000,,,,334.82,0.0,0.0,0.0,0.0,0.0,0.0,0.0,0.0,0,0,,3FB01CA2-2178-EB11-AA10-000D3AA30FE3,2021-02-26 10:59:02.773,7E45060B-A2A4-4F72-B553-3234C753B380,2024-11-26 05:31:14.753,8FDCE4A2-E551-4114-AA5B-A4A6BAB4255F
b'\x00\x00\x00\x00\x0b3\xf8\xae',AIP000092,,ASCORBIC ACID 500MG TAB x 100's (ACTIMED),ASCORBIC ACID 500MG TAB X 100'S (ACTIMED),,BOX,0,0,STOCK,,,1,0,0,0.0,0,0.0,4,107.14,107.14,0.0,0.0,1,1,,,,0.0,0.0,0.0,,0.0,0.0,,0.0,0.0,0.0,0.0,,,,0.0,,0.0,0.0,0.0,0,,2024-11-26 05:31:30.440,2024-11-26,1754-01-01 13:31:30.440,0,,STOCK,00000000-0000-0000-0000-000000000000,,0,,,GOODS12,1,,,0,0,,0,,,0,0.0,,1753-01-01,107.14,0.0,0.0,0,0,0.0,0.0,0.0,0.0,,0,0,1.0,BOX,BOX,,0,0,0,,,,0.0,0.0,,STOCKS,0,,,,LOTEXP,,,,,,,,1753-01-01,1,1753-01-01,1753-01-01,00000000-0000-0000-0000-000000000000,00000000-0000-0000-0000-000000000000,00000000-0000-0000-0000-000000000000,0,0,00000000-0000-0000-0000-000000000000,,,,107.14,0.0,0.0,0.0,0.0,0.0,0.0,0.0,0.0,0,0,,40B01CA2-2178-EB11-AA10-000D3AA30FE3,2021-02-26 10:59:02.787,7E45060B-A2A4-4F72-B553-3234C753B380,2024-11-26 05:31:30.443,8FDCE4A2-E551-4114-AA5B-A4A6BAB4255F
b'\x00\x00\x00\x00\x0c\x85\xb7^',AIP000093,,VITAMIN B1+B6+B12 CAP x 100's (ACTIMED),VITAMIN B1+B6+B12 CAP X 100'S (ACTIMED),,BOX,0,0,STOCK,,,1,0,0,0.0,0,0.0,4,102.68,102.68,89.28571,0.0,1,1,,,,0.0,0.0,0.0,,0.0,0.0,,0.0,0.0,0.0,0.0,,,,0.0,,0.0,0.0,0.0,0,,2024-11-26 05:31:47.123,2024-11-26,1754-01-01 13:31:47.123,0,,STOCK,00000000-0000-0000-0000-000000000000,,0,,,GOODS12,1,,,0,0,,0,,,0,0.0,,2022-01-31,102.68,0.0,0.0,0,0,0.0,0.0,0.0,0.0,,0,0,1.0,BOX,BOX,,0,0,0,,,,0.0,0.0,,STOCKS,0,,,,LOTEXP,,,,,,,,1753-01-01,1,1753-01-01,1753-01-01,00000000-0000-0000-0000-000000000000,00000000-0000-0000-0000-000000000000,00000000-0000-0000-0000-000000000000,0,0,00000000-0000-0000-0000-000000000000,,,,102.68,0.0,0.0,0.0,0.0,0.0,0.0,0.0,0.0,0,0,,41B01CA2-2178-EB11-AA10-000D3AA30FE3,2021-02-26 10:59:02.803,7E45060B-A2A4-4F72-B553-3234C753B380,2025-11-26 06:18:58.837,0A03287F-3B77-4821-969F-D1C214171B0D
b'\x00\x00\x00\x00\x0c\x93\xa1\xb1',AIP000094,,BUTAMIRATE CITRATE 50MG x100's (ACTIMED),BUTAMIRATE CITRATE 50MG X100'S (ACTIMED),,BOX,0,0,STOCK,,,1,0,0,0.0,0,0.0,4,459.82,459.82,450.89286,0.0,1,1,,,,0.0,0.0,0.0,,0.0,0.0,,0.0,0.0,0.0,0.0,,,,0.0,,0.0,0.0,0.0,0,,2024-11-26 05:32:09.743,2024-11-26,1754-01-01 13:32:09.743,0,,STOCK,00000000-0000-0000-0000-000000000000,,0,,,GOODS12,1,,,0,0,,0,,,0,0.0,,2023-02-28,459.82,0.0,0.0,0,0,0.0,0.0,0.0,0.0,,0,0,1.0,BOX,BOX,,0,0,0,,,,0.0,0.0,,STOCKS,0,,,,LOTEXP,,,,,,,,1753-01-01,1,1753-01-01,1753-01-01,00000000-0000-0000-0000-000000000000,00000000-0000-0000-0000-000000000000,00000000-0000-0000-0000-000000000000,0,0,00000000-0000-0000-0000-000000000000,,,,459.82,0.0,0.0,0.0,0.0,0.0,0.0,0.0,0.0,0,0,,42B01CA2-2178-EB11-AA10-000D3AA30FE3,2021-02-26 10:59:02.803,7E45060B-A2A4-4F72-B553-3234C753B380,2025-12-23 08:52:05.050,0A03287F-3B77-4821-969F-D1C214171B0D
b'\x00\x00\x00\x00\x04\xcd\x08\xa7',AIP000095,,PARACETAMOL 500MG TAB x 100's,PARACETAMOL 500MG TAB X 100'S,,BOX,0,0,STOCK,,,1,0,0,0.0,0,0.0,4,29.46,29.46,0.0,0.0,1,1,,,,0.0,0.0,0.0,,0.0,0.0,,0.0,0.0,0.0,0.0,,,,0.0,,0.0,0.0,0.0,0,,2021-11-15 11:17:18.810,2021-11-15,1754-01-01 19:17:18.810,0,,STOCK,00000000-0000-0000-0000-000000000000,,0,,,GOODS12,1,,,0,0,,0,,,0,0.0,,1753-01-01,29.46,0.0,0.0,0,0,0.0,0.0,0.0,0.0,,0,0,1.0,BOX,BOX,,0,0,0,,,,0.0,0.0,,STOCKS,0,,,,LOTEXP,,,,,,,,1753-01-01,1,1753-01-01,1753-01-01,00000000-0000-0000-0000-000000000000,00000000-0000-0000-0000-000000000000,00000000-0000-0000-0000-000000000000,0,0,00000000-0000-0000-0000-000000000000,,,,29.46,0.0,0.0,0.0,0.0,0.0,0.0,0.0,0.0,0,0,,43B01CA2-2178-EB11-AA10-000D3AA30FE3,2021-02-26 10:59:02.820,7E45060B-A2A4-4F72-B553-3234C753B380,2021-11-15 11:17:18.810,8FDCE4A2-E551-4114-AA5B-A4A6BAB4255F
b'\x00\x00\x00\x00\x05O\x93\x94',AIP000110,,VITAMIN B COMPLEX TABLET x 100's (WESTFIELD),VITAMIN B COMPLEX TABLET X 100'S (WESTFIELD),,BOX,0,0,STOCK,,,1,0,0,0.0,0,0.0,4,75.89,75.89,0.0,0.0,1,1,,,,0.0,0.0,0.0,,0.0,0.0,,0.0,0.0,0.0,0.0,,,,0.0,,0.0,0.0,0.0,0,,2022-01-25 03:07:29.757,2022-01-25,1754-01-01 11:07:29.757,0,,STOCK,00000000-0000-0000-0000-000000000000,,0,,,GOODS12,1,,,0,0,,0,,,0,0.0,,1753-01-01,75.89,0.0,0.0,0,0,0.0,0.0,0.0,0.0,,0,0,1.0,BOX,BOX,,0,0,0,,,,0.0,0.0,,STOCKS,0,,,,LOTEXP,,,,,,,,1753-01-01,1,1753-01-01,1753-01-01,00000000-0000-0000-0000-000000000000,00000000-0000-0000-0000-000000000000,00000000-0000-0000-0000-000000000000,0,0,00000000-0000-0000-0000-000000000000,,,,75.89,0.0,0.0,0.0,0.0,0.0,0.0,0.0,0.0,0,0,,44B01CA2-2178-EB11-AA10-000D3AA30FE3,2021-02-26 10:59:02.820,7E45060B-A2A4-4F72-B553-3234C753B380,2022-01-25 03:07:29.757,8FDCE4A2-E551-4114-AA5B-A4A6BAB4255F
b'\x00\x00\x00\x00\x05O\x93\x95',AIP000113,,METOPROLOL 50MG TAB x 100's (WESTFIELD),METOPROLOL 50MG TAB X 100'S (WESTFIELD),,BOX,0,0,STOCK,,,1,0,0,0.0,0,0.0,4,53.57,53.57,0.0,0.0,1,1,,,,0.0,0.0,0.0,,0.0,0.0,,0.0,0.0,0.0,0.0,,,,0.0,,0.0,0.0,0.0,0,,2022-01-25 03:07:35.100,2022-01-25,1754-01-01 11:07:35.100,0,,STOCK,00000000-0000-0000-0000-000000000000,,0,,,EXEMPT,1,,,0,0,,0,,,0,0.0,,1753-01-01,53.57,0.0,0.0,0,0,0.0,0.0,0.0,0.0,,0,0,1.0,BOX,BOX,,0,0,0,,,,0.0,0.0,,STOCKS,0,,,,LOTEXP,,,,,,,,1753-01-01,1,1753-01-01,1753-01-01,00000000-0000-0000-0000-000000000000,00000000-0000-0000-0000-000000000000,00000000-0000-0000-0000-000000000000,0,0,00000000-0000-0000-0000-000000000000,,,,53.57,0.0,0.0,0.0,0.0,0.0,0.0,0.0,0.0,0,0,,45B01CA2-2178-EB11-AA10-000D3AA30FE3,2021-02-26 10:59:02.820,7E45060B-A2A4-4F72-B553-3234C753B380,2022-01-25 03:07:35.100,8FDCE4A2-E551-4114-AA5B-A4A6BAB4255F
b'\x00\x00\x00\x00\x0b3\xf9 ',AIP000115,,ASCORBIC ACID 100MG/5ML SYRUP x120mL (ACTIMED),ASCORBIC ACID 100MG/5ML SYRUP X120ML (ACTIMED),,BOT,0,0,STOCK,,,1,0,0,0.0,0,0.0,4,20.09,20.09,20.08929,0.0,1,1,,,,0.0,0.0,0.0,,0.0,0.0,,0.0,0.0,0.0,0.0,,,,0.0,,0.0,0.0,0.0,0,,2024-11-26 05:33:00.010,2024-11-26,1754-01-01 13:33:00.010,0,,STOCK,00000000-0000-0000-0000-000000000000,,0,,,GOODS12,1,,,0,0,,0,,,0,0.0,,1753-01-01,20.09,0.0,0.0,0,0,0.0,0.0,0.0,0.0,,0,0,1.0,BOT,BOT,,0,0,0,,,,0.0,0.0,,STOCKS,0,,,,LOTEXP,,,,,,,,1753-01-01,1,1753-01-01,1753-01-01,00000000-0000-0000-0000-000000000000,00000000-0000-0000-0000-000000000000,00000000-0000-0000-0000-000000000000,0,0,00000000-0000-0000-0000-000000000000,,,,20.09,0.0,0.0,0.0,0.0,0.0,0.0,0.0,0.0,0,0,,46B01CA2-2178-EB11-AA10-000D3AA30FE3,2021-02-26 10:59:02.833,7E45060B-A2A4-4F72-B553-3234C753B380,2024-11-26 05:33:00.010,8FDCE4A2-E551-4114-AA5B-A4A6BAB4255F
b'\x00\x00\x00\x00\x0c\x8c\xcf\x11',AIP000125,,COLLAGEN+TURMERIC+SODIUM+ASCORBIC x30's (ACTIMED),COLLAGEN+TURMERIC+SODIUM+ASCORBIC X30'S (ACTIMED),,BOX,0,0,STOCK,,,1,0,0,0.0,0,0.0,4,230.36,230.36,230.35714,0.0,1,1,,,,0.0,0.0,0.0,,0.0,0.0,,0.0,0.0,0.0,0.0,,,,0.0,,0.0,0.0,0.0,0,,2024-11-26 05:33:20.157,2024-11-26,1754-01-01 13:33:20.157,0,,STOCK,00000000-0000-0000-0000-000000000000,,0,,,GOODS12,1,,,0,0,,0,,,0,0.0,,2023-02-28,230.36,0.0,0.0,0,0,0.0,0.0,0.0,0.0,,0,0,1.0,BOX,BOX,,0,0,0,,,,0.0,0.0,,STOCKS,0,,,,LOTEXP,,,,,,,,1753-01-01,1,1753-01-01,1753-01-01,00000000-0000-0000-0000-000000000000,00000000-0000-0000-0000-000000000000,00000000-0000-0000-0000-000000000000,0,0,00000000-0000-0000-0000-000000000000,,,,230.36,0.0,0.0,0.0,0.0,0.0,0.0,0.0,0.0,0,0,,47B01CA2-2178-EB11-AA10-000D3AA30FE3,2021-02-26 10:59:02.850,7E45060B-A2A4-4F72-B553-3234C753B380,2025-12-05 06:44:56.770,0B709DB4-D647-42B9-9EEF-809FBE63D915
b'\x00\x00\x00\x00\x0b3\xf9u',AIP000126,,GARLIC+HAWTHORNE BERRY+GINKGOx 60's (ACTIMED),GARLIC+HAWTHORNE BERRY+GINKGOX 60'S (ACTIMED),Biloba Vit.E Lemon,BOX,0,0,STOCK,,,1,0,0,0.0,0,0.0,4,204.11,204.11,204.10714,0.0,1,1,,,,0.0,0.0,0.0,,0.0,0.0,,0.0,0.0,0.0,0.0,,,,0.0,,0.0,0.0,0.0,0,,2024-11-26 05:33:37.987,2024-11-26,1754-01-01 13:33:37.987,0,,STOCK,00000000-0000-0000-0000-000000000000,,0,,,GOODS12,1,,,0,0,,0,,,0,0.0,,1753-01-01,204.11,0.0,0.0,0,0,0.0,0.0,0.0,0.0,,0,0,1.0,BOX,BOX,,0,0,0,,,,0.0,0.0,,STOCKS,0,,,,LOTEXP,,,,,,,,1753-01-01,1,1753-01-01,1753-01-01,00000000-0000-0000-0000-000000000000,00000000-0000-0000-0000-000000000000,00000000-0000-0000-0000-000000000000,0,0,00000000-0000-0000-0000-000000000000,,,,204.11,0.0,0.0,0.0,0.0,0.0,0.0,0.0,0.0,0,0,,48B01CA2-2178-EB11-AA10-000D3AA30FE3,2021-02-26 10:59:02.850,7E45060B-A2A4-4F72-B553-3234C753B380,2024-11-26 05:33:37.987,8FDCE4A2-E551-4114-AA5B-A4A6BAB4255F
b'\x00\x00\x00\x00\x0c\x85{\x87',AIP000127,,BACOPA MONNIERA+OMEGA-3+GUARAN+TAURINE,BACOPA MONNIERA+OMEGA-3+GUARAN+TAURINE,+VIT CAPS x60's (ACTIMED),BOX,0,0,STOCK,,,1,0,0,0.0,0,0.0,4,258.21,258.21,258.21428,0.0,1,1,,,,0.0,0.0,0.0,,0.0,0.0,,0.0,0.0,0.0,0.0,,,,0.0,,0.0,0.0,0.0,0,,2024-11-26 05:34:00.910,2024-11-26,1754-01-01 13:34:00.910,0,,STOCK,00000000-0000-0000-0000-000000000000,,0,,,GOODS12,1,,,0,0,,0,,,0,0.0,,2023-02-28,258.21,0.0,0.0,0,0,0.0,0.0,0.0,0.0,,0,0,1.0,BOX,BOX,,0,0,0,,,,0.0,0.0,,STOCKS,0,,,,LOTEXP,,,,,,,,1753-01-01,1,1753-01-01,1753-01-01,00000000-0000-0000-0000-000000000000,00000000-0000-0000-0000-000000000000,00000000-0000-0000-0000-000000000000,0,0,00000000-0000-0000-0000-000000000000,,,,258.21,0.0,0.0,0.0,0.0,0.0,0.0,0.0,0.0,0,0,,49B01CA2-2178-EB11-AA10-000D3AA30FE3,2021-02-26 10:59:02.867,7E45060B-A2A4-4F72-B553-3234C753B380,2025-11-26 00:47:19.300,34C3286C-E7F6-4F45-8F69-19CD015F1C1B
b'\x00\x00\x00\x00\x05O\x93\xe6',AIP000129,,COQ10+TOCOTRIENOL SOFTGEL CAP 5MG x30's (WATSONS),COQ10+TOCOTRIENOL SOFTGEL CAP 5MG X30'S (WATSONS),,BOX,0,0,STOCK,,,1,0,0,0.0,0,0.0,4,147.32,147.32,0.0,0.0,1,1,,,,0.0,0.0,0.0,,0.0,0.0,,0.0,0.0,0.0,0.0,,,,0.0,,0.0,0.0,0.0,0,,2022-01-25 03:11:53.917,2022-01-25,1754-01-01 11:11:53.917,0,,STOCK,00000000-0000-0000-0000-000000000000,,0,,,GOODS12,1,,,0,0,,0,,,0,0.0,,1753-01-01,147.32,0.0,0.0,0,0,0.0,0.0,0.0,0.0,,0,0,1.0,BOX,BOX,,0,0,0,,,,0.0,0.0,,STOCKS,0,,,,LOTEXP,,,,,,,,1753-01-01,1,1753-01-01,1753-01-01,00000000-0000-0000-0000-000000000000,00000000-0000-0000-0000-000000000000,00000000-0000-0000-0000-000000000000,0,0,00000000-0000-0000-0000-000000000000,,,,147.32,0.0,0.0,0.0,0.0,0.0,0.0,0.0,0.0,0,0,,4AB01CA2-2178-EB11-AA10-000D3AA30FE3,2021-02-26 10:59:02.867,7E45060B-A2A4-4F72-B553-3234C753B380,2022-01-25 03:11:53.917,8FDCE4A2-E551-4114-AA5B-A4A6BAB4255F
b'\x00\x00\x00\x00\x0cK\x1e\xda',AIP000130,,CRANBERRY 300MG SOFTGEL CAPSx 60's (WATSONS),CRANBERRY 300MG SOFTGEL CAPSX 60'S (WATSONS),,BOX,0,0,STOCK,,,1,0,0,0.0,0,0.0,4,254.46,254.46,254.46428,0.0,1,1,,,,0.0,0.0,0.0,,0.0,0.0,,0.0,0.0,0.0,0.0,,,,0.0,,0.0,0.0,0.0,0,,2025-03-06 02:26:30.197,2025-03-06,1754-01-01 10:26:30.197,0,,STOCK,00000000-0000-0000-0000-000000000000,,0,,,GOODS12,1,,,0,0,,0,,,0,0.0,,2025-02-28,254.46,0.0,0.0,0,0,0.0,0.0,0.0,0.0,,0,0,1.0,BOX,BOX,,0,0,0,,,,0.0,0.0,,STOCKS,0,,,,LOTEXP,,,,,,,,1753-01-01,1,1753-01-01,1753-01-01,00000000-0000-0000-0000-000000000000,00000000-0000-0000-0000-000000000000,00000000-0000-0000-0000-000000000000,0,0,00000000-0000-0000-0000-000000000000,,,,254.46,0.0,0.0,0.0,0.0,0.0,0.0,0.0,0.0,0,0,,4BB01CA2-2178-EB11-AA10-000D3AA30FE3,2021-02-26 10:59:02.880,7E45060B-A2A4-4F72-B553-3234C753B380,2025-07-30 08:04:46.687,0B709DB4-D647-42B9-9EEF-809FBE63D915
b'\x00\x00\x00\x00\x08G\xe4\xdc',AIP000131,,LUYANG DILAW 500MG CAPS x 30's (WATSONS),LUYANG DILAW 500MG CAPS X 30'S (WATSONS),,BOX,0,0,STOCK,,,1,0,0,0.0,0,0.0,4,80.36,80.36,80.35714,0.0,1,1,,,,0.0,0.0,0.0,,0.0,0.0,,0.0,0.0,0.0,0.0,,,,0.0,,0.0,0.0,0.0,0,,2022-02-05 03:16:48.087,2022-02-05,1754-01-01 11:16:48.087,0,,STOCK,00000000-0000-0000-0000-000000000000,,0,,,GOODS12,1,,,0,0,,0,,,0,0.0,,2022-01-31,80.36,0.0,0.0,0,0,0.0,0.0,0.0,0.0,,0,0,1.0,BOX,BOX,,0,0,0,,,,0.0,0.0,,STOCKS,0,,,,LOTEXP,,,,,,,,1753-01-01,1,1753-01-01,1753-01-01,00000000-0000-0000-0000-000000000000,00000000-0000-0000-0000-000000000000,00000000-0000-0000-0000-000000000000,0,0,00000000-0000-0000-0000-000000000000,,,,80.36,0.0,0.0,0.0,0.0,0.0,0.0,0.0,0.0,0,0,,4CB01CA2-2178-EB11-AA10-000D3AA30FE3,2021-02-26 10:59:02.880,7E45060B-A2A4-4F72-B553-3234C753B380,2023-12-13 02:07:51.737,0A03287F-3B77-4821-969F-D1C214171B0D
b'\x00\x00\x00\x00\nm\xca\x84',AIP000135,,AMOXICILLIN TRIHYDRATE 500MG CAPSx100's (ACTIMED),AMOXICILLIN TRIHYDRATE 500MG CAPSX100'S (ACTIMED),,BOX,0,0,STOCK,,,1,0,0,0.0,0,0.0,4,245.54,245.54,223.21429,0.0,1,1,,,,0.0,0.0,0.0,,0.0,0.0,,0.0,0.0,0.0,0.0,,,,0.0,,0.0,0.0,0.0,0,,2024-03-07 02:45:30.383,2024-03-07,1754-01-01 10:45:30.383,0,,STOCK,00000000-0000-0000-0000-000000000000,,0,,,GOODS12,1,,,0,0,,0,,,0,0.0,,2024-02-29,245.54,0.0,0.0,0,0,0.0,0.0,0.0,0.0,,0,0,1.0,BOX,BOX,,0,0,0,,,,0.0,0.0,,STOCKS,0,,,,LOTEXP,,,,,,,,1753-01-01,1,1753-01-01,1753-01-01,00000000-0000-0000-0000-000000000000,00000000-0000-0000-0000-000000000000,00000000-0000-0000-0000-000000000000,0,0,00000000-0000-0000-0000-000000000000,,,,245.54,0.0,0.0,0.0,0.0,0.0,0.0,0.0,0.0,0,0,,4DB01CA2-2178-EB11-AA10-000D3AA30FE3,2021-02-26 10:59:02.897,7E45060B-A2A4-4F72-B553-3234C753B380,2024-07-17 08:22:31.763,34C3286C-E7F6-4F45-8F69-19CD015F1C1B
b'\x00\x00\x00\x00\x0c\x89v\x89',AIP000136,,GLIBENCLAMIDE 5MG TABLET x100's (ACTIMED),GLIBENCLAMIDE 5MG TABLET X100'S (ACTIMED),,BOX,0,0,STOCK,,,1,0,0,0.0,0,0.0,4,71.43,71.43,71.43,0.0,1,1,,,,0.0,0.0,0.0,,0.0,0.0,,0.0,0.0,0.0,0.0,,,,0.0,,0.0,0.0,0.0,0,,2024-11-26 05:34:59.027,2024-11-26,1754-01-01 13:34:59.027,0,,STOCK,00000000-0000-0000-0000-000000000000,,0,,,EXEMPT,1,,,0,0,,0,,,0,0.0,,1753-01-01,71.43,0.0,0.0,0,0,0.0,0.0,0.0,0.0,,0,0,1.0,BOX,BOX,,0,0,0,,,,0.0,0.0,,STOCKS,0,,,,LOTEXP,,,,,,,,1753-01-01,1,1753-01-01,1753-01-01,00000000-0000-0000-0000-000000000000,00000000-0000-0000-0000-000000000000,00000000-0000-0000-0000-000000000000,0,0,00000000-0000-0000-0000-000000000000,,,,71.43,0.0,0.0,0.0,0.0,0.0,0.0,0.0,0.0,0,0,,4EB01CA2-2178-EB11-AA10-000D3AA30FE3,2021-02-26 10:59:02.897,7E45060B-A2A4-4F72-B553-3234C753B380,2025-12-01 07:12:42.093,34C3286C-E7F6-4F45-8F69-19CD015F1C1B
b'\x00\x00\x00\x00\x0c\x8c\xceY',AIP000137,,NAPROXEN SODIUM 550MG FCTAB x100's (ACTIMED),NAPROXEN SODIUM 550MG FCTAB X100'S (ACTIMED),,BOX,0,0,STOCK,,,1,0,0,0.0,0,0.0,4,263.39,263.39,263.39286,0.0,1,1,,,,0.0,0.0,0.0,,0.0,0.0,,0.0,0.0,0.0,0.0,,,,0.0,,0.0,0.0,0.0,0,,2024-09-27 00:10:53.873,2024-09-27,1754-01-01 08:10:53.873,0,,STOCK,00000000-0000-0000-0000-000000000000,,0,,,GOODS12,1,,,0,0,,0,,,0,0.0,,2022-01-31,263.39,0.0,0.0,0,0,0.0,0.0,0.0,0.0,,0,0,1.0,BOX,BOX,,0,0,0,,,,0.0,0.0,,STOCKS,0,,,,LOTEXP,,,,,,,,1753-01-01,1,1753-01-01,1753-01-01,00000000-0000-0000-0000-000000000000,00000000-0000-0000-0000-000000000000,00000000-0000-0000-0000-000000000000,0,0,00000000-0000-0000-0000-000000000000,,,,263.39,0.0,0.0,0.0,0.0,0.0,0.0,0.0,0.0,0,0,,4FB01CA2-2178-EB11-AA10-000D3AA30FE3,2021-02-26 10:59:02.913,7E45060B-A2A4-4F72-B553-3234C753B380,2025-12-05 06:44:32.927,0B709DB4-D647-42B9-9EEF-809FBE63D915
b'\x00\x00\x00\x00\r\x069\xc0',AIP000138,,MEFENAMIC ACID 500MG CAPS x100's (ACTIMED),MEFENAMIC ACID 500MG CAPS X100'S (ACTIMED),,BOX,0,0,STOCK,,,1,0,0,0.0,0,0.0,4,93.75,93.75,89.28571,0.0,1,1,,,,0.0,0.0,0.0,,0.0,0.0,,0.0,0.0,0.0,0.0,,,,0.0,,0.0,0.0,0.0,0,,2025-03-06 02:26:30.353,2025-03-06,1754-01-01 10:26:30.353,0,,STOCK,00000000-0000-0000-0000-000000000000,,0,,,GOODS12,1,,,0,0,,0,,,0,0.0,,2025-02-28,93.75,0.0,0.0,0,0,0.0,0.0,0.0,0.0,,0,0,1.0,BOX,BOX,,0,0,0,,,,0.0,0.0,,STOCKS,0,,,,LOTEXP,,,,,,,,1753-01-01,1,1753-01-01,1753-01-01,00000000-0000-0000-0000-000000000000,00000000-0000-0000-0000-000000000000,00000000-0000-0000-0000-000000000000,0,0,00000000-0000-0000-0000-000000000000,,,,93.75,0.0,0.0,0.0,0.0,0.0,0.0,0.0,0.0,0,0,,50B01CA2-2178-EB11-AA10-000D3AA30FE3,2021-02-26 10:59:02.913,7E45060B-A2A4-4F72-B553-3234C753B380,2026-01-12 00:56:09.303,0B709DB4-D647-42B9-9EEF-809FBE63D915
b'\x00\x00\x00\x00\x0cxI\xeb',AIP000139,,PARACETAMOL 500MG TABLET x100's (ACTIMED),PARACETAMOL 500MG TABLET X100'S (ACTIMED),,BOX,0,0,STOCK,,,1,0,0,0.0,0,0.0,4,66.96,66.96,62.5,0.0,1,1,,,,0.0,0.0,0.0,,0.0,0.0,,0.0,0.0,0.0,0.0,,,,0.0,,0.0,0.0,0.0,0,,2024-11-26 05:35:43.507,2024-11-26,1754-01-01 13:35:43.507,0,,STOCK,00000000-0000-0000-0000-000000000000,,0,,,GOODS12,1,,,0,0,,0,,,0,0.0,,2023-02-28,66.96,0.0,0.0,0,0,0.0,0.0,0.0,0.0,,0,0,1.0,BOX,BOX,,0,0,0,,,,0.0,0.0,,STOCKS,0,,,,LOTEXP,,,,,,,,1753-01-01,1,1753-01-01,1753-01-01,00000000-0000-0000-0000-000000000000,00000000-0000-0000-0000-000000000000,00000000-0000-0000-0000-000000000000,0,0,00000000-0000-0000-0000-000000000000,,,,66.96,0.0,0.0,0.0,0.0,0.0,0.0,0.0,0.0,0,0,,51B01CA2-2178-EB11-AA10-000D3AA30FE3,2021-02-26 10:59:02.927,7E45060B-A2A4-4F72-B553-3234C753B380,2025-10-30 09:41:11.463,0B709DB4-D647-42B9-9EEF-809FBE63D915
b'\x00\x00\x00\x00\x0c\x93\x13a',AIP000140,,ASPIRIN 80MG ECTABLET x100's (ACTIMED),ASPIRIN 80MG ECTABLET X100'S (ACTIMED),,BOX,0,0,STOCK,,,1,0,0,0.0,0,0.0,4,66.96,66.96,66.96428,0.0,1,1,,,,0.0,0.0,0.0,,0.0,0.0,,0.0,0.0,0.0,0.0,,,,0.0,,0.0,0.0,0.0,0,,2024-11-26 05:36:08.787,2024-11-26,1754-01-01 13:36:08.787,0,,STOCK,00000000-0000-0000-0000-000000000000,,0,,,GOODS12,1,,,0,0,,0,,,0,0.0,,2022-01-31,66.96,0.0,0.0,0,0,0.0,0.0,0.0,0.0,,0,0,1.0,BOX,BOX,,0,0,0,,,,0.0,0.0,,STOCKS,0,,,,LOTEXP,,,,,,,,1753-01-01,1,1753-01-01,1753-01-01,00000000-0000-0000-0000-000000000000,00000000-0000-0000-0000-000000000000,00000000-0000-0000-0000-000000000000,0,0,00000000-0000-0000-0000-000000000000,,,,66.96,0.0,0.0,0.0,0.0,0.0,0.0,0.0,0.0,0,0,,52B01CA2-2178-EB11-AA10-000D3AA30FE3,2021-02-26 10:59:02.927,7E45060B-A2A4-4F72-B553-3234C753B380,2025-12-22 02:49:01.763,0B709DB4-D647-42B9-9EEF-809FBE63D915
b'\x00\x00\x00\x00\x05O\x93\xfa',AIP000144,,MANGOSTEEN 6PLUS1 CAP (WATSONS),MANGOSTEEN 6PLUS1 CAP (WATSONS),,PACK,0,0,STOCK,,,1,0,0,0.0,0,0.0,4,42.25,42.25,0.0,0.0,1,1,,,,0.0,0.0,0.0,,0.0,0.0,,0.0,0.0,0.0,0.0,,,,0.0,,0.0,0.0,0.0,0,,2022-01-25 03:13:26.053,2022-01-25,1754-01-01 11:13:26.053,0,,STOCK,00000000-0000-0000-0000-000000000000,,0,,,GOODS12,1,,,0,0,,0,,,0,0.0,,1753-01-01,42.25,0.0,0.0,0,0,0.0,0.0,0.0,0.0,,0,0,1.0,PACK,PACK,,0,0,0,,,,0.0,0.0,,STOCKS,0,,,,LOTEXP,,,,,,,,1753-01-01,1,1753-01-01,1753-01-01,00000000-0000-0000-0000-000000000000,00000000-0000-0000-0000-000000000000,00000000-0000-0000-0000-000000000000,0,0,00000000-0000-0000-0000-000000000000,,,,42.25,0.0,0.0,0.0,0.0,0.0,0.0,0.0,0.0,0,0,,53B01CA2-2178-EB11-AA10-000D3AA30FE3,2021-02-26 10:59:02.943,7E45060B-A2A4-4F72-B553-3234C753B380,2022-01-25 03:13:26.053,8FDCE4A2-E551-4114-AA5B-A4A6BAB4255F
b'\x00\x00\x00\x00\x08\xdb7o',AIP000145,,CRANBERRY 300MG 6PLUS1 SOFTGEL (WATSONS),CRANBERRY 300MG 6PLUS1 SOFTGEL (WATSONS),,PACK,0,0,STOCK,,,1,0,0,0.0,0,0.0,4,36.25,36.25,0.0,0.0,1,1,,,,0.0,0.0,0.0,,0.0,0.0,,0.0,0.0,0.0,0.0,,,,0.0,,0.0,0.0,0.0,0,,2024-03-07 02:45:30.947,2024-03-07,1754-01-01 10:45:30.947,0,,STOCK,00000000-0000-0000-0000-000000000000,,0,,,GOODS12,1,,,0,0,,0,,,0,0.0,,2024-02-29,36.25,0.0,0.0,0,0,0.0,0.0,0.0,0.0,,0,0,1.0,PACK,PACK,,0,0,0,,,,0.0,0.0,,STOCKS,0,,,,LOTEXP,,,,,,,,1753-01-01,1,1753-01-01,1753-01-01,00000000-0000-0000-0000-000000000000,00000000-0000-0000-0000-000000000000,00000000-0000-0000-0000-000000000000,0,0,00000000-0000-0000-0000-000000000000,,,,36.25,0.0,0.0,0.0,0.0,0.0,0.0,0.0,0.0,0,0,,54B01CA2-2178-EB11-AA10-000D3AA30FE3,2021-02-26 10:59:02.943,7E45060B-A2A4-4F72-B553-3234C753B380,2024-03-07 02:45:30.947,4A96EAA9-3DB9-423D-8512-43281713C4ED
b'\x00\x00\x00\x00\x0c\x93\xa1\xf4',AIP000147,,PARACETAMOL 500MG+PHENYL 25MG+CPM 2MG TABx30's,PARACETAMOL 500MG+PHENYL 25MG+CPM 2MG TABX30'S,(ACTIMED),BOX,0,0,STOCK,,,1,0,0,0.0,0,0.0,4,34.82,34.82,34.82144,0.0,1,1,,,,0.0,0.0,0.0,,0.0,0.0,,0.0,0.0,0.0,0.0,,,,0.0,,0.0,0.0,0.0,0,,2025-03-06 02:26:31.487,2025-03-06,1754-01-01 10:26:31.487,0,,STOCK,00000000-0000-0000-0000-000000000000,,0,,,GOODS12,1,,,0,0,,0,,,0,0.0,,2025-02-28,34.82,0.0,0.0,0,0,0.0,0.0,0.0,0.0,,0,0,1.0,BOX,BOX,,0,0,0,,,,0.0,0.0,,STOCKS,0,,,,LOTEXP,,,,,,,,1753-01-01,1,1753-01-01,1753-01-01,00000000-0000-0000-0000-000000000000,00000000-0000-0000-0000-000000000000,00000000-0000-0000-0000-000000000000,0,0,00000000-0000-0000-0000-000000000000,,,,34.82,0.0,0.0,0.0,0.0,0.0,0.0,0.0,0.0,0,0,,55B01CA2-2178-EB11-AA10-000D3AA30FE3,2021-02-26 10:59:02.960,7E45060B-A2A4-4F72-B553-3234C753B380,2025-12-23 08:53:02.677,0A03287F-3B77-4821-969F-D1C214171B0D
b'\x00\x00\x00\x00\x05O\x94\x0c',AIP000148,,WHEATGRASS PWDER DRINK MIX-APPLE FLAVOR x15's (WATSONS),WHEATGRASS PWDER DRINK MIX-APPLE FLAVOR X15'S (WATSONS),,BOX,0,0,STOCK,,,1,0,0,0.0,0,0.0,4,83.03,83.03,0.0,0.0,1,1,,,,0.0,0.0,0.0,,0.0,0.0,,0.0,0.0,0.0,0.0,,,,0.0,,0.0,0.0,0.0,0,,2022-01-25 03:14:52.933,2022-01-25,1754-01-01 11:14:52.933,0,,STOCK,00000000-0000-0000-0000-000000000000,,0,,,GOODS12,1,,,0,0,,0,,,0,0.0,,1753-01-01,83.03,0.0,0.0,0,0,0.0,0.0,0.0,0.0,,0,0,1.0,BOX,BOX,,0,0,0,,,,0.0,0.0,,STOCKS,0,,,,LOTEXP,,,,,,,,1753-01-01,1,1753-01-01,1753-01-01,00000000-0000-0000-0000-000000000000,00000000-0000-0000-0000-000000000000,00000000-0000-0000-0000-000000000000,0,0,00000000-0000-0000-0000-000000000000,,,,83.03,0.0,0.0,0.0,0.0,0.0,0.0,0.0,0.0,0,0,,56B01CA2-2178-EB11-AA10-000D3AA30FE3,2021-02-26 10:59:02.960,7E45060B-A2A4-4F72-B553-3234C753B380,2022-01-25 03:14:52.933,8FDCE4A2-E551-4114-AA5B-A4A6BAB4255F
b'\x00\x00\x00\x00\x04\xcf\x8c\xdc',AIP000149,,WHEATGRASS POWDER 15's (WATSON,WHEATGRASS POWDER 15'S (WATSON,,BOX,0,0,STOCK,,,1,0,0,0.0,0,0.0,4,66.96,66.96,0.0,0.0,1,1,,,,0.0,0.0,0.0,,0.0,0.0,,0.0,0.0,0.0,0.0,,,,0.0,,0.0,0.0,0.0,0,,2021-11-18 08:01:35.403,2021-11-18,1754-01-01 16:01:35.403,0,,STOCK,00000000-0000-0000-0000-000000000000,,0,,,GOODS12,1,,,0,0,,0,,,0,0.0,,1753-01-01,66.96,0.0,0.0,0,0,0.0,0.0,0.0,0.0,,0,0,1.0,BOX,BOX,,0,0,0,,,,0.0,0.0,,STOCKS,0,,,,LOTEXP,,,,,,,,1753-01-01,1,1753-01-01,1753-01-01,00000000-0000-0000-0000-000000000000,00000000-0000-0000-0000-000000000000,00000000-0000-0000-0000-000000000000,0,0,00000000-0000-0000-0000-000000000000,,,,66.96,0.0,0.0,0.0,0.0,0.0,0.0,0.0,0.0,0,0,,57B01CA2-2178-EB11-AA10-000D3AA30FE3,2021-02-26 10:59:02.977,7E45060B-A2A4-4F72-B553-3234C753B380,2021-11-18 08:01:35.403,8FDCE4A2-E551-4114-AA5B-A4A6BAB4255F
b'\x00\x00\x00\x00\x05O\x94\x0f',AIP000150,,CALAMANSI WITH MALUNGGAY POWDERED DRINK MIX x20's (WATSONS),CALAMANSI WITH MALUNGGAY POWDERED DRINK MIX X20'S (WATSONS),,BOX,0,0,STOCK,,,1,0,0,0.0,0,0.0,4,141.07,141.07,0.0,0.0,1,1,,,,0.0,0.0,0.0,,0.0,0.0,,0.0,0.0,0.0,0.0,,,,0.0,,0.0,0.0,0.0,0,,2022-01-25 03:15:18.627,2022-01-25,1754-01-01 11:15:18.627,0,,STOCK,00000000-0000-0000-0000-000000000000,,0,,,GOODS12,1,,,0,0,,0,,,0,0.0,,1753-01-01,141.07,0.0,0.0,0,0,0.0,0.0,0.0,0.0,,0,0,1.0,BOX,BOX,,0,0,0,,,,0.0,0.0,,STOCKS,0,,,,LOTEXP,,,,,,,,1753-01-01,1,1753-01-01,1753-01-01,00000000-0000-0000-0000-000000000000,00000000-0000-0000-0000-000000000000,00000000-0000-0000-0000-000000000000,0,0,00000000-0000-0000-0000-000000000000,,,,141.07,0.0,0.0,0.0,0.0,0.0,0.0,0.0,0.0,0,0,,58B01CA2-2178-EB11-AA10-000D3AA30FE3,2021-02-26 10:59:02.977,7E45060B-A2A4-4F72-B553-3234C753B380,2022-01-25 03:15:18.627,8FDCE4A2-E551-4114-AA5B-A4A6BAB4255F
b'\x00\x00\x00\x00\x05\xcb\xd5K',AIP000152,,GUAIFENESIN 6+1 200MG CAP SF WATSON,GUAIFENESIN 6+1 200MG CAP SF WATSON,,PACK,0,0,STOCK,,,1,0,0,0.0,0,0.0,4,30.19,30.19,30.19,0.0,1,1,,,,0.0,0.0,0.0,,0.0,0.0,,0.0,0.0,0.0,0.0,,,,0.0,,0.0,0.0,0.0,0,,2022-01-25 02:54:01.327,2022-01-25,1754-01-01 10:54:01.327,0,,STOCK,00000000-0000-0000-0000-000000000000,,0,,,GOODS12,1,,,0,0,,0,,,0,0.0,,1753-01-01,30.19,0.0,0.0,0,0,0.0,0.0,0.0,0.0,,0,0,1.0,PACK,PACK,,0,0,0,,,,0.0,0.0,,STOCKS,0,,,,LOTEXP,,,,,,,,1753-01-01,1,1753-01-01,1753-01-01,00000000-0000-0000-0000-000000000000,00000000-0000-0000-0000-000000000000,00000000-0000-0000-0000-000000000000,0,0,00000000-0000-0000-0000-000000000000,,,,30.19,0.0,0.0,0.0,0.0,0.0,0.0,0.0,0.0,0,0,,59B01CA2-2178-EB11-AA10-000D3AA30FE3,2021-02-26 10:59:02.977,7E45060B-A2A4-4F72-B553-3234C753B380,2022-03-31 06:57:14.067,70170656-5682-4370-856C-D35272AD94A5
b'\x00\x00\x00\x00\x06\xca\xcb\x0c',AIP000153,,LUTEIN 6+1 CAP SF WATSONS 50MG,LUTEIN 6+1 CAP SF WATSONS 50MG,,PACK,0,0,STOCK,,,1,0,0,0.0,0,0.0,4,39.37,39.37,39.37,0.0,1,1,,,,0.0,0.0,0.0,,0.0,0.0,,0.0,0.0,0.0,0.0,,,,0.0,,0.0,0.0,0.0,0,,2021-11-18 08:01:56.073,2021-11-18,1754-01-01 16:01:56.073,0,,STOCK,00000000-0000-0000-0000-000000000000,,0,,,GOODS12,1,,,0,0,,0,,,0,0.0,,1753-01-01,39.37,0.0,0.0,0,0,0.0,0.0,0.0,0.0,,0,0,1.0,PACK,PACK,,0,0,0,,,,0.0,0.0,,STOCKS,0,,,,LOTEXP,,,,,,,,1753-01-01,1,1753-01-01,1753-01-01,00000000-0000-0000-0000-000000000000,00000000-0000-0000-0000-000000000000,00000000-0000-0000-0000-000000000000,0,0,00000000-0000-0000-0000-000000000000,,,,39.37,0.0,0.0,0.0,0.0,0.0,0.0,0.0,0.0,0,0,,5AB01CA2-2178-EB11-AA10-000D3AA30FE3,2021-02-26 10:59:02.990,7E45060B-A2A4-4F72-B553-3234C753B380,2023-01-31 01:25:15.737,5428A7C5-0CCA-4C68-BF2D-3ED6031F3D6F
b'\x00\x00\x00\x00\x06|B\xd7',AIP000155,,LUYANG DILAW 500MG 6PLUS1CAP WATSONS,LUYANG DILAW 500MG 6PLUS1CAP WATSONS,,BOX,0,0,STOCK,,,1,0,0,0.0,0,0.0,4,21.88,21.88,21.88,0.0,1,1,,,,0.0,0.0,0.0,,0.0,0.0,,0.0,0.0,0.0,0.0,,,,0.0,,0.0,0.0,0.0,0,,2022-01-25 02:54:23.217,2022-01-25,1754-01-01 10:54:23.217,0,,STOCK,00000000-0000-0000-0000-000000000000,,0,,,GOODS12,1,,,0,0,,0,,,0,0.0,,1753-01-01,21.88,0.0,0.0,0,0,0.0,0.0,0.0,0.0,,0,0,1.0,BOX,BOX,,0,0,0,,,,0.0,0.0,,STOCKS,0,,,,LOTEXP,,,,,,,,1753-01-01,1,1753-01-01,1753-01-01,00000000-0000-0000-0000-000000000000,00000000-0000-0000-0000-000000000000,00000000-0000-0000-0000-000000000000,0,0,00000000-0000-0000-0000-000000000000,,,,21.88,0.0,0.0,0.0,0.0,0.0,0.0,0.0,0.0,0,0,,5BB01CA2-2178-EB11-AA10-000D3AA30FE3,2021-02-26 10:59:03.007,7E45060B-A2A4-4F72-B553-3234C753B380,2022-12-27 01:33:52.563,0B709DB4-D647-42B9-9EEF-809FBE63D915
b'\x00\x00\x00\x00\r\x056\x01',AIP000172,,ATORVASTATIN 10MG TABLET x 30's (ACTIMED),ATORVASTATIN 10MG TABLET X 30'S (ACTIMED),,BOX,0,0,STOCK,,,1,0,0,0.0,0,0.0,4,46.88,46.88,46.88,0.0,1,1,,,,0.0,0.0,0.0,,0.0,0.0,,0.0,0.0,0.0,0.0,,,,0.0,,0.0,0.0,0.0,0,,2024-11-26 05:40:35.470,2024-11-26,1754-01-01 13:40:35.470,0,,STOCK,00000000-0000-0000-0000-000000000000,,0,,,EXEMPT,1,,,0,0,,0,,,0,0.0,,1753-01-01,46.88,0.0,0.0,0,0,0.0,0.0,0.0,0.0,,0,0,1.0,BOX,BOX,,0,0,0,,,,0.0,0.0,,STOCKS,0,,,,LOTEXP,,,,,,,,1753-01-01,1,1753-01-01,1753-01-01,00000000-0000-0000-0000-000000000000,00000000-0000-0000-0000-000000000000,00000000-0000-0000-0000-000000000000,0,0,00000000-0000-0000-0000-000000000000,,,,46.88,0.0,0.0,0.0,0.0,0.0,0.0,0.0,0.0,0,0,,5CB01CA2-2178-EB11-AA10-000D3AA30FE3,2021-02-26 10:59:03.007,7E45060B-A2A4-4F72-B553-3234C753B380,2026-01-09 08:32:23.117,4A96EAA9-3DB9-423D-8512-43281713C4ED
b'\x00\x00\x00\x00\x04\xcf\x8c\xe5',AIP000207,,SALON PROF.ALOEVERA COND 200ML,SALON PROF.ALOEVERA COND 200ML,,BOX,0,0,STOCK,,,1,0,0,0.0,0,0.0,4,1986.86,1986.86,0.0,0.0,1,1,,,,0.0,0.0,0.0,,0.0,0.0,,0.0,0.0,0.0,0.0,,,,0.0,,0.0,0.0,0.0,0,,2021-11-18 08:02:10.897,2021-11-18,1754-01-01 16:02:10.897,0,,STOCK,00000000-0000-0000-0000-000000000000,,0,,,GOODS12,1,,,0,0,,0,,,0,0.0,,1753-01-01,1986.86,0.0,0.0,0,0,0.0,0.0,0.0,0.0,,0,0,1.0,BOX,BOX,,0,0,0,,,,0.0,0.0,,STOCKS,0,,,,LOTEXP,,,,,,,,1753-01-01,1,1753-01-01,1753-01-01,00000000-0000-0000-0000-000000000000,00000000-0000-0000-0000-000000000000,00000000-0000-0000-0000-000000000000,0,0,00000000-0000-0000-0000-000000000000,,,,1986.86,0.0,0.0,0.0,0.0,0.0,0.0,0.0,0.0,0,0,,5DB01CA2-2178-EB11-AA10-000D3AA30FE3,2021-02-26 10:59:03.023,7E45060B-A2A4-4F72-B553-3234C753B380,2021-11-18 08:02:10.897,8FDCE4A2-E551-4114-AA5B-A4A6BAB4255F
b'\x00\x00\x00\x00\x04\xcf\x8c\xe6',AIP000208,,SALON PROF.ARNWHTPN COND 200ML,SALON PROF.ARNWHTPN COND 200ML,,BOX,0,0,STOCK,,,1,0,0,0.0,0,0.0,4,2003.57,2003.57,0.0,0.0,1,1,,,,0.0,0.0,0.0,,0.0,0.0,,0.0,0.0,0.0,0.0,,,,0.0,,0.0,0.0,0.0,0,,2021-11-18 08:02:18.643,2021-11-18,1754-01-01 16:02:18.643,0,,STOCK,00000000-0000-0000-0000-000000000000,,0,,,GOODS12,1,,,0,0,,0,,,0,0.0,,1753-01-01,2003.57,0.0,0.0,0,0,0.0,0.0,0.0,0.0,,0,0,1.0,BOX,BOX,,0,0,0,,,,0.0,0.0,,STOCKS,0,,,,LOTEXP,,,,,,,,1753-01-01,1,1753-01-01,1753-01-01,00000000-0000-0000-0000-000000000000,00000000-0000-0000-0000-000000000000,00000000-0000-0000-0000-000000000000,0,0,00000000-0000-0000-0000-000000000000,,,,2003.57,0.0,0.0,0.0,0.0,0.0,0.0,0.0,0.0,0,0,,5EB01CA2-2178-EB11-AA10-000D3AA30FE3,2021-02-26 10:59:03.043,7E45060B-A2A4-4F72-B553-3234C753B380,2021-11-18 08:02:18.643,8FDCE4A2-E551-4114-AA5B-A4A6BAB4255F
b'\x00\x00\x00\x00\x04\xcf\x8c\xe7',AIP000210,,SALON PROF.CCNUTMLK COND 200ML,SALON PROF.CCNUTMLK COND 200ML,,BOX,0,0,STOCK,,,1,0,0,0.0,0,0.0,4,1910.14,1910.14,0.0,0.0,1,1,,,,0.0,0.0,0.0,,0.0,0.0,,0.0,0.0,0.0,0.0,,,,0.0,,0.0,0.0,0.0,0,,2021-11-18 08:02:21.950,2021-11-18,1754-01-01 16:02:21.950,0,,STOCK,00000000-0000-0000-0000-000000000000,,0,,,GOODS12,1,,,0,0,,0,,,0,0.0,,1753-01-01,1910.14,0.0,0.0,0,0,0.0,0.0,0.0,0.0,,0,0,1.0,BOX,BOX,,0,0,0,,,,0.0,0.0,,STOCKS,0,,,,LOTEXP,,,,,,,,1753-01-01,1,1753-01-01,1753-01-01,00000000-0000-0000-0000-000000000000,00000000-0000-0000-0000-000000000000,00000000-0000-0000-0000-000000000000,0,0,00000000-0000-0000-0000-000000000000,,,,1910.14,0.0,0.0,0.0,0.0,0.0,0.0,0.0,0.0,0,0,,5FB01CA2-2178-EB11-AA10-000D3AA30FE3,2021-02-26 10:59:03.053,7E45060B-A2A4-4F72-B553-3234C753B380,2021-11-18 08:02:21.950,8FDCE4A2-E551-4114-AA5B-A4A6BAB4255F
b'\x00\x00\x00\x00\x04\xcf\x8c\xeb',AIP000215,,SALON PROF.THCKNNG VOLMZR 100M,SALON PROF.THCKNNG VOLMZR 100M,,BOX,0,0,STOCK,,,1,0,0,0.0,0,0.0,4,1699.29,1699.29,0.0,0.0,1,1,,,,0.0,0.0,0.0,,0.0,0.0,,0.0,0.0,0.0,0.0,,,,0.0,,0.0,0.0,0.0,0,,2021-11-18 08:02:26.873,2021-11-18,1754-01-01 16:02:26.873,0,,STOCK,00000000-0000-0000-0000-000000000000,,0,,,GOODS12,1,,,0,0,,0,,,0,0.0,,1753-01-01,1699.29,0.0,0.0,0,0,0.0,0.0,0.0,0.0,,0,0,1.0,BOX,BOX,,0,0,0,,,,0.0,0.0,,STOCKS,0,,,,LOTEXP,,,,,,,,1753-01-01,1,1753-01-01,1753-01-01,00000000-0000-0000-0000-000000000000,00000000-0000-0000-0000-000000000000,00000000-0000-0000-0000-000000000000,0,0,00000000-0000-0000-0000-000000000000,,,,1699.29,0.0,0.0,0.0,0.0,0.0,0.0,0.0,0.0,0,0,,60B01CA2-2178-EB11-AA10-000D3AA30FE3,2021-02-26 10:59:03.053,7E45060B-A2A4-4F72-B553-3234C753B380,2021-11-18 08:02:26.873,8FDCE4A2-E551-4114-AA5B-A4A6BAB4255F
b'\x00\x00\x00\x00\x04\xcf\x8c\xec',AIP000216,,SALON PROF.ANTFRZSFTFRLTN 100M,SALON PROF.ANTFRZSFTFRLTN 100M,,BOX,0,0,STOCK,,,1,0,0,0.0,0,0.0,4,1671.43,1671.43,0.0,0.0,1,1,,,,0.0,0.0,0.0,,0.0,0.0,,0.0,0.0,0.0,0.0,,,,0.0,,0.0,0.0,0.0,0,,2021-11-18 08:02:30.310,2021-11-18,1754-01-01 16:02:30.310,0,,STOCK,00000000-0000-0000-0000-000000000000,,0,,,GOODS12,1,,,0,0,,0,,,0,0.0,,1753-01-01,1671.43,0.0,0.0,0,0,0.0,0.0,0.0,0.0,,0,0,1.0,BOX,BOX,,0,0,0,,,,0.0,0.0,,STOCKS,0,,,,LOTEXP,,,,,,,,1753-01-01,1,1753-01-01,1753-01-01,00000000-0000-0000-0000-000000000000,00000000-0000-0000-0000-000000000000,00000000-0000-0000-0000-000000000000,0,0,00000000-0000-0000-0000-000000000000,,,,1671.43,0.0,0.0,0.0,0.0,0.0,0.0,0.0,0.0,0,0,,61B01CA2-2178-EB11-AA10-000D3AA30FE3,2021-02-26 10:59:03.070,7E45060B-A2A4-4F72-B553-3234C753B380,2021-11-18 08:02:30.310,8FDCE4A2-E551-4114-AA5B-A4A6BAB4255F
b'\x00\x00\x00\x00\x05\xa3\x8b\x93',AIP000220,,LAGUNDI 300MG TABLET x 100's (ACTIMED),LAGUNDI 300MG TABLET X 100'S (ACTIMED),,BOX,0,0,STOCK,,,1,0,0,0.0,0,0.0,4,107.14,107.14,107.14286,0.0,1,1,,,,0.0,0.0,0.0,,0.0,0.0,,0.0,0.0,0.0,0.0,,,,0.0,,0.0,0.0,0.0,0,,2022-01-25 03:15:33.547,2022-01-25,1754-01-01 11:15:33.547,0,,STOCK,00000000-0000-0000-0000-000000000000,,0,,,GOODS12,1,,,0,0,,0,,,0,0.0,,1753-01-01,107.14,0.0,0.0,0,0,0.0,0.0,0.0,0.0,,0,0,1.0,BOX,BOX,,0,0,0,,,,0.0,0.0,,STOCKS,0,,,,LOTEXP,,,,,,,,1753-01-01,1,1753-01-01,1753-01-01,00000000-0000-0000-0000-000000000000,00000000-0000-0000-0000-000000000000,00000000-0000-0000-0000-000000000000,0,0,00000000-0000-0000-0000-000000000000,,,,107.14,0.0,0.0,0.0,0.0,0.0,0.0,0.0,0.0,0,0,,62B01CA2-2178-EB11-AA10-000D3AA30FE3,2021-02-26 10:59:03.070,7E45060B-A2A4-4F72-B553-3234C753B380,2022-03-15 08:26:59.147,F2CF650B-55FF-430A-B85A-C98239668A07
b'\x00\x00\x00\x00\r\x06>U',AIP000221,,LAGUNDI 600MG TABLET x 100's (ACTIMED),LAGUNDI 600MG TABLET X 100'S (ACTIMED),,BOX,0,0,STOCK,,,1,0,0,0.0,0,0.0,4,151.79,151.79,151.78572,0.0,1,1,,,,0.0,0.0,0.0,,0.0,0.0,,0.0,0.0,0.0,0.0,,,,0.0,,0.0,0.0,0.0,0,,2024-11-26 05:41:10.213,2024-11-26,1754-01-01 13:41:10.213,0,,STOCK,00000000-0000-0000-0000-000000000000,,0,,,GOODS12,1,,,0,0,,0,,,0,0.0,,1753-01-01,151.79,0.0,0.0,0,0,0.0,0.0,0.0,0.0,,0,0,1.0,BOX,BOX,,0,0,0,,,,0.0,0.0,,STOCKS,0,,,,LOTEXP,,,,,,,,1753-01-01,1,1753-01-01,1753-01-01,00000000-0000-0000-0000-000000000000,00000000-0000-0000-0000-000000000000,00000000-0000-0000-0000-000000000000,0,0,00000000-0000-0000-0000-000000000000,,,,151.79,0.0,0.0,0.0,0.0,0.0,0.0,0.0,0.0,0,0,,63B01CA2-2178-EB11-AA10-000D3AA30FE3,2021-02-26 10:59:03.070,7E45060B-A2A4-4F72-B553-3234C753B380,2026-01-12 01:00:19.167,0B709DB4-D647-42B9-9EEF-809FBE63D915
b'\x00\x00\x00\x00\x0c\x1b\x1ds',AIP000223,,VALAZYD AM 5 5MG/160MG FCT 21's (ZYDUS),VALAZYD AM 5 5MG/160MG FCT 21'S (ZYDUS),,BOX,0,0,STOCK,,,1,0,0,0.0,0,0.0,4,145.31,145.31,145.31,0.0,1,1,,,,0.0,0.0,0.0,,0.0,0.0,,0.0,0.0,0.0,0.0,,,,0.0,,0.0,0.0,0.0,0,,2024-09-26 01:04:09.950,2024-09-26,1754-01-01 09:04:09.950,0,,STOCK,00000000-0000-0000-0000-000000000000,,0,,,EXEMPT,1,,,0,0,,0,,,0,0.0,,1753-01-01,145.31,0.0,0.0,0,0,0.0,0.0,0.0,0.0,,0,0,1.0,BOX,BOX,,0,0,0,,,,0.0,0.0,,STOCKS,0,,,,LOTEXP,,,,,,,,1753-01-01,1,1753-01-01,1753-01-01,00000000-0000-0000-0000-000000000000,00000000-0000-0000-0000-000000000000,00000000-0000-0000-0000-000000000000,0,0,00000000-0000-0000-0000-000000000000,,,,145.31,0.0,0.0,0.0,0.0,0.0,0.0,0.0,0.0,0,0,,64B01CA2-2178-EB11-AA10-000D3AA30FE3,2021-02-26 10:59:03.083,7E45060B-A2A4-4F72-B553-3234C753B380,2025-04-29 07:48:17.937,7A43DFC9-AF93-4335-A1C5-3ABC0B06A73C
b'\x00\x00\x00\x00\x0cLQ\xec',AIP000224,,VALAZYD AM 10 10MG/160MG FCTAB x 21's  (ZYDUS),VALAZYD AM 10 10MG/160MG FCTAB X 21'S  (ZYDUS),,BOX,0,0,STOCK,,,1,0,0,0.0,0,0.0,4,154.69,154.69,154.69,0.0,1,1,,,,0.0,0.0,0.0,,0.0,0.0,,0.0,0.0,0.0,0.0,,,,0.0,,0.0,0.0,0.0,0,,2024-10-02 06:42:46.500,2024-10-02,1754-01-01 14:42:46.500,0,,STOCK,00000000-0000-0000-0000-000000000000,,0,,,EXEMPT,1,,,0,0,,0,,,0,0.0,,1753-01-01,154.69,0.0,0.0,0,0,0.0,0.0,0.0,0.0,,0,0,1.0,BOX,BOX,,0,0,0,,,,0.0,0.0,,STOCKS,0,,,,LOTEXP,,,,,,,,1753-01-01,1,1753-01-01,1753-01-01,00000000-0000-0000-0000-000000000000,00000000-0000-0000-0000-000000000000,00000000-0000-0000-0000-000000000000,0,0,00000000-0000-0000-0000-000000000000,,,,154.69,0.0,0.0,0.0,0.0,0.0,0.0,0.0,0.0,0,0,,65B01CA2-2178-EB11-AA10-000D3AA30FE3,2021-02-26 10:59:03.100,7E45060B-A2A4-4F72-B553-3234C753B380,2025-08-01 02:42:15.347,7A43DFC9-AF93-4335-A1C5-3ABC0B06A73C
b'\x00\x00\x00\x00\x0c\x8c\xb73',AIP000225,,LOSACAR AM 50 5MG/50MG FCT 30's (ZYDUS),LOSACAR AM 50 5MG/50MG FCT 30'S,,BOX,0,0,STOCK,,,1,0,0,0.0,0,0.0,4,73.66,73.66,73.66,0.0,1,1,,,,0.0,0.0,0.0,,0.0,0.0,,0.0,0.0,0.0,0.0,,,,0.0,,0.0,0.0,0.0,0,,2024-12-05 06:24:11.003,2024-12-05,1754-01-01 14:24:11.003,0,,STOCK,00000000-0000-0000-0000-000000000000,,0,,,EXEMPT,1,,,0,0,,0,,,0,0.0,,1753-01-01,73.66,0.0,0.0,0,0,0.0,0.0,0.0,0.0,,0,0,1.0,BOX,BOX,,0,0,0,,,,0.0,0.0,,STOCKS,0,,,,LOTEXP,,,,,,,,1753-01-01,1,1753-01-01,1753-01-01,00000000-0000-0000-0000-000000000000,00000000-0000-0000-0000-000000000000,00000000-0000-0000-0000-000000000000,0,0,00000000-0000-0000-0000-000000000000,,,,73.66,0.0,0.0,0.0,0.0,0.0,0.0,0.0,0.0,0,0,,66B01CA2-2178-EB11-AA10-000D3AA30FE3,2021-02-26 10:59:03.100,7E45060B-A2A4-4F72-B553-3234C753B380,2025-12-05 03:09:27.930,7A43DFC9-AF93-4335-A1C5-3ABC0B06A73C
b'\x00\x00\x00\x00\nK\x93\x97',AIP000227,,NEUROZ 75MG CAPSULE x20's (ZYDUS),NEUROZ 75MG CAPSULE X20'S (ZYDUS),,BOX,0,0,STOCK,,,1,0,0,0.0,0,0.0,4,66.96,66.96,66.96,0.0,1,1,,,,0.0,0.0,0.0,,0.0,0.0,,0.0,0.0,0.0,0.0,,,,0.0,,0.0,0.0,0.0,0,,2022-02-24 01:27:53.390,2022-02-24,1754-01-01 09:27:53.390,0,,STOCK,00000000-0000-0000-0000-000000000000,,0,,,EXEMPT,1,,,0,0,,0,,,0,0.0,,1753-01-01,66.96,0.0,0.0,0,0,0.0,0.0,0.0,0.0,,0,0,1.0,BOX,BOX,,0,0,0,,,,0.0,0.0,,STOCKS,0,,,,LOTEXP,,,,,,,,1753-01-01,1,1753-01-01,1753-01-01,00000000-0000-0000-0000-000000000000,00000000-0000-0000-0000-000000000000,00000000-0000-0000-0000-000000000000,0,0,00000000-0000-0000-0000-000000000000,,,,66.96,0.0,0.0,0.0,0.0,0.0,0.0,0.0,0.0,0,0,,67B01CA2-2178-EB11-AA10-000D3AA30FE3,2021-02-26 10:59:03.117,7E45060B-A2A4-4F72-B553-3234C753B380,2024-05-03 05:54:34.533,7A43DFC9-AF93-4335-A1C5-3ABC0B06A73C
b'\x00\x00\x00\x00\x08\xdb7s',AIP000228,,ETOXI 120 120MG FCTABLET x30's (ZYDUS),ETOXI 120 120MG FCTABLET X30'S (ZYDUS),,BOX,0,0,STOCK,,,1,0,0,0.0,0,0.0,4,270.8,270.8,270.80357,0.0,1,1,,,,0.0,0.0,0.0,,0.0,0.0,,0.0,0.0,0.0,0.0,,,,0.0,,0.0,0.0,0.0,0,,2024-03-07 02:45:30.977,2024-03-07,1754-01-01 10:45:30.977,0,,STOCK,00000000-0000-0000-0000-000000000000,,0,,,GOODS12,1,,,0,0,,0,,,0,0.0,,2024-02-29,270.8,0.0,0.0,0,0,0.0,0.0,0.0,0.0,,0,0,1.0,BOX,BOX,,0,0,0,,,,0.0,0.0,,STOCKS,0,,,,LOTEXP,,,,,,,,1753-01-01,1,1753-01-01,1753-01-01,00000000-0000-0000-0000-000000000000,00000000-0000-0000-0000-000000000000,00000000-0000-0000-0000-000000000000,0,0,00000000-0000-0000-0000-000000000000,,,,270.8,0.0,0.0,0.0,0.0,0.0,0.0,0.0,0.0,0,0,,68B01CA2-2178-EB11-AA10-000D3AA30FE3,2021-02-26 10:59:03.117,7E45060B-A2A4-4F72-B553-3234C753B380,2024-03-07 02:45:30.977,4A96EAA9-3DB9-423D-8512-43281713C4ED
b'\x00\x00\x00\x00\x08\xdb7w',AIP000229,,ETOXI 90 90MG FCTABLET x 30's (ZYDUS),ETOXI 90 90MG FCTABLET X 30'S (ZYDUS),,BOX,0,0,STOCK,,,1,0,0,0.0,0,0.0,4,219.11,219.11,0.0,0.0,1,1,,,,0.0,0.0,0.0,,0.0,0.0,,0.0,0.0,0.0,0.0,,,,0.0,,0.0,0.0,0.0,0,,2024-03-07 02:45:31.040,2024-03-07,1754-01-01 10:45:31.040,0,,STOCK,00000000-0000-0000-0000-000000000000,,0,,,GOODS12,1,,,0,0,,0,,,0,0.0,,2024-02-29,219.11,0.0,0.0,0,0,0.0,0.0,0.0,0.0,,0,0,1.0,BOX,BOX,,0,0,0,,,,0.0,0.0,,STOCKS,0,,,,LOTEXP,,,,,,,,1753-01-01,1,1753-01-01,1753-01-01,00000000-0000-0000-0000-000000000000,00000000-0000-0000-0000-000000000000,00000000-0000-0000-0000-000000000000,0,0,00000000-0000-0000-0000-000000000000,,,,219.11,0.0,0.0,0.0,0.0,0.0,0.0,0.0,0.0,0,0,,69B01CA2-2178-EB11-AA10-000D3AA30FE3,2021-02-26 10:59:03.130,7E45060B-A2A4-4F72-B553-3234C753B380,2024-03-07 02:45:31.040,4A96EAA9-3DB9-423D-8512-43281713C4ED
b'\x00\x00\x00\x00\x08\xdb7{',AIP000230,,ETOXI 60 60MG FCTABLET x 30's (ZYDUS),ETOXI 60 60MG FCTABLET X 30'S (ZYDUS),,BOX,0,0,STOCK,,,1,0,0,0.0,0,0.0,4,199.29,199.29,199.28572,0.0,1,1,,,,0.0,0.0,0.0,,0.0,0.0,,0.0,0.0,0.0,0.0,,,,0.0,,0.0,0.0,0.0,0,,2024-03-07 02:45:31.057,2024-03-07,1754-01-01 10:45:31.057,0,,STOCK,00000000-0000-0000-0000-000000000000,,0,,,GOODS12,1,,,0,0,,0,,,0,0.0,,2024-02-29,199.29,0.0,0.0,0,0,0.0,0.0,0.0,0.0,,0,0,1.0,BOX,BOX,,0,0,0,,,,0.0,0.0,,STOCKS,0,,,,LOTEXP,,,,,,,,1753-01-01,1,1753-01-01,1753-01-01,00000000-0000-0000-0000-000000000000,00000000-0000-0000-0000-000000000000,00000000-0000-0000-0000-000000000000,0,0,00000000-0000-0000-0000-000000000000,,,,199.29,0.0,0.0,0.0,0.0,0.0,0.0,0.0,0.0,0,0,,6AB01CA2-2178-EB11-AA10-000D3AA30FE3,2021-02-26 10:59:03.130,7E45060B-A2A4-4F72-B553-3234C753B380,2024-03-07 02:45:31.057,4A96EAA9-3DB9-423D-8512-43281713C4ED
b'\x00\x00\x00\x00\x0c\x07\xa1\xc1',AIP000231,,STARCOX 120MG FCTABLET x 30's (GETZ),STARCOX 120MG FCTABLET X 30'S (GETZ),,BOX,0,0,STOCK,,,1,0,0,0.0,0,0.0,4,270.8,270.8,270.80357,0.0,1,1,,,,0.0,0.0,0.0,,0.0,0.0,,0.0,0.0,0.0,0.0,,,,0.0,,0.0,0.0,0.0,0,,2022-01-25 02:57:34.160,2022-01-25,1754-01-01 10:57:34.160,0,,STOCK,00000000-0000-0000-0000-000000000000,,0,,,GOODS12,1,,,0,0,,0,,,0,0.0,,1753-01-01,270.8,0.0,0.0,0,0,0.0,0.0,0.0,0.0,,0,0,1.0,BOX,BOX,,0,0,0,,,,0.0,0.0,,STOCKS,0,,,,LOTEXP,,,,,,,,1753-01-01,1,1753-01-01,1753-01-01,00000000-0000-0000-0000-000000000000,00000000-0000-0000-0000-000000000000,00000000-0000-0000-0000-000000000000,0,0,00000000-0000-0000-0000-000000000000,,,,270.8,0.0,0.0,0.0,0.0,0.0,0.0,0.0,0.0,0,0,,6BB01CA2-2178-EB11-AA10-000D3AA30FE3,2021-02-26 10:59:03.130,7E45060B-A2A4-4F72-B553-3234C753B380,2025-03-14 05:32:18.753,7A43DFC9-AF93-4335-A1C5-3ABC0B06A73C
b'\x00\x00\x00\x00\x0c\x0e\x1b\x9e',AIP000232,,STARCOX 90MG FCTABLET x 30's (GETZ),STARCOX 90MG FCTABLET X 30'S (GETZ),,BOX,0,0,STOCK,,,1,0,0,0.0,0,0.0,4,219.11,219.11,219.10714,0.0,1,1,,,,0.0,0.0,0.0,,0.0,0.0,,0.0,0.0,0.0,0.0,,,,0.0,,0.0,0.0,0.0,0,,2022-01-25 02:57:43.270,2022-01-25,1754-01-01 10:57:43.270,0,,STOCK,00000000-0000-0000-0000-000000000000,,0,,,GOODS12,1,,,0,0,,0,,,0,0.0,,1753-01-01,219.11,0.0,0.0,0,0,0.0,0.0,0.0,0.0,,0,0,1.0,BOX,BOX,,0,0,0,,,,0.0,0.0,,STOCKS,0,,,,LOTEXP,,,,,,,,1753-01-01,1,1753-01-01,1753-01-01,00000000-0000-0000-0000-000000000000,00000000-0000-0000-0000-000000000000,00000000-0000-0000-0000-000000000000,0,0,00000000-0000-0000-0000-000000000000,,,,219.11,0.0,0.0,0.0,0.0,0.0,0.0,0.0,0.0,0,0,,6CB01CA2-2178-EB11-AA10-000D3AA30FE3,2021-02-26 10:59:03.147,7E45060B-A2A4-4F72-B553-3234C753B380,2025-03-28 05:22:25.083,34C3286C-E7F6-4F45-8F69-19CD015F1C1B
b'\x00\x00\x00\x00\x0c\x1b\r\x8b',AIP000233,,STARCOX 60MG FCTABLET x 30's (GETZ),STARCOX 60MG FCTABLET X 30'S (GETZ),,BOX,0,0,STOCK,,,1,0,0,0.0,0,0.0,4,199.29,199.29,199.28571,0.0,1,1,,,,0.0,0.0,0.0,,0.0,0.0,,0.0,0.0,0.0,0.0,,,,0.0,,0.0,0.0,0.0,0,,2022-01-25 02:57:59.067,2022-01-25,1754-01-01 10:57:59.067,0,,STOCK,00000000-0000-0000-0000-000000000000,,0,,,GOODS12,1,,,0,0,,0,,,0,0.0,,1753-01-01,199.29,0.0,0.0,0,0,0.0,0.0,0.0,0.0,,0,0,1.0,BOX,BOX,,0,0,0,,,,0.0,0.0,,STOCKS,0,,,,LOTEXP,,,,,,,,1753-01-01,1,1753-01-01,1753-01-01,00000000-0000-0000-0000-000000000000,00000000-0000-0000-0000-000000000000,00000000-0000-0000-0000-000000000000,0,0,00000000-0000-0000-0000-000000000000,,,,199.29,0.0,0.0,0.0,0.0,0.0,0.0,0.0,0.0,0,0,,6DB01CA2-2178-EB11-AA10-000D3AA30FE3,2021-02-26 10:59:03.147,7E45060B-A2A4-4F72-B553-3234C753B380,2025-04-29 07:22:26.837,7A43DFC9-AF93-4335-A1C5-3ABC0B06A73C
b'\x00\x00\x00\x00\x0b`\xa9\xc3',AIP000234,,AMZEF 5MG/50MG FCTABLET x 30's (MPPI),AMZEF 5MG/50MG FCTABLET X 30'S (MPPI),,BOX,0,0,STOCK,,,1,0,0,0.0,0,0.0,4,80.36,80.36,80.36,0.0,1,1,,,,0.0,0.0,0.0,,0.0,0.0,,0.0,0.0,0.0,0.0,,,,0.0,,0.0,0.0,0.0,0,,2022-01-25 03:15:57.610,2022-01-25,1754-01-01 11:15:57.610,0,,STOCK,00000000-0000-0000-0000-000000000000,,0,,,EXEMPT,1,,,0,0,,0,,,0,0.0,,1753-01-01,80.36,0.0,0.0,0,0,0.0,0.0,0.0,0.0,,0,0,1.0,BOX,BOX,,0,0,0,,,,0.0,0.0,,STOCKS,0,,,,LOTEXP,,,,,,,,1753-01-01,1,1753-01-01,1753-01-01,00000000-0000-0000-0000-000000000000,00000000-0000-0000-0000-000000000000,00000000-0000-0000-0000-000000000000,0,0,00000000-0000-0000-0000-000000000000,,,,80.36,0.0,0.0,0.0,0.0,0.0,0.0,0.0,0.0,0,0,,6EB01CA2-2178-EB11-AA10-000D3AA30FE3,2021-02-26 10:59:03.163,7E45060B-A2A4-4F72-B553-3234C753B380,2025-02-28 05:39:50.223,34C3286C-E7F6-4F45-8F69-19CD015F1C1B
b'\x00\x00\x00\x00\x0c\x83\x07\x0f',AIP000235,,PREGALIN 75MG CAPSULE x 20's (MPPI),PREGALIN 75MG CAPSULE X 20'S (MPPI),,BOX,0,0,STOCK,,,1,0,0,0.0,0,0.0,4,71.43,71.43,71.43,0.0,1,1,,,,0.0,0.0,0.0,,0.0,0.0,,0.0,0.0,0.0,0.0,,,,0.0,,0.0,0.0,0.0,0,,2025-11-21 00:27:51.360,2025-11-21,1754-01-01 08:27:51.360,0,,STOCK,00000000-0000-0000-0000-000000000000,,0,,,EXEMPT,1,,,0,0,,0,,,0,0.0,,1753-01-01,71.43,0.0,0.0,0,0,0.0,0.0,0.0,0.0,,0,0,1.0,BOX,BOX,,0,0,0,,,,0.0,0.0,,STOCKS,0,,,,LOTEXP,,,,,,,,1753-01-01,1,1753-01-01,1753-01-01,00000000-0000-0000-0000-000000000000,00000000-0000-0000-0000-000000000000,00000000-0000-0000-0000-000000000000,0,0,00000000-0000-0000-0000-000000000000,,,,71.43,0.0,0.0,0.0,0.0,0.0,0.0,0.0,0.0,0,0,,6FB01CA2-2178-EB11-AA10-000D3AA30FE3,2021-02-26 10:59:03.163,7E45060B-A2A4-4F72-B553-3234C753B380,2025-11-21 00:27:51.363,8FDCE4A2-E551-4114-AA5B-A4A6BAB4255F
b'\x00\x00\x00\x00\x0b=\x88\xbf',AIP000236,,AMLODIPINE+VALSARTAN 10mg/160mg x21's (WATSONS),AMLODIPINE+VALSARTAN 10MG/160MG X21'S (WATSONS),,BOX,0,0,STOCK,,,1,0,0,0.0,0,0.0,4,159.38,159.38,159.38,0.0,1,1,,,,0.0,0.0,0.0,,0.0,0.0,,0.0,0.0,0.0,0.0,,,,0.0,,0.0,0.0,0.0,0,,2024-11-26 05:41:58.567,2024-11-26,1754-01-01 13:41:58.567,0,,STOCK,00000000-0000-0000-0000-000000000000,,0,,,EXEMPT,1,,,0,0,,0,,,0,0.0,,1753-01-01,159.38,0.0,0.0,0,0,0.0,0.0,0.0,0.0,,0,0,1.0,BOX,BOX,,0,0,0,,,,0.0,0.0,,STOCKS,0,,,,LOTEXP,,,,,,,,1753-01-01,1,1753-01-01,1753-01-01,00000000-0000-0000-0000-000000000000,00000000-0000-0000-0000-000000000000,00000000-0000-0000-0000-000000000000,0,0,00000000-0000-0000-0000-000000000000,,,,159.38,0.0,0.0,0.0,0.0,0.0,0.0,0.0,0.0,0,0,,70B01CA2-2178-EB11-AA10-000D3AA30FE3,2021-02-26 10:59:03.177,7E45060B-A2A4-4F72-B553-3234C753B380,2024-12-12 01:48:36.220,0A03287F-3B77-4821-969F-D1C214171B0D
b'\x00\x00\x00\x00\x0b3\xfd\x84',AIP000237,,AMLODIPINE+VALSARTAN 5mg/80mg x 30's (WATSONS),AMLODIPINE+VALSARTAN 5MG/80MG X 30'S (WATSONS),,BOX,0,0,STOCK,,,1,0,0,0.0,0,0.0,4,160.71,160.71,160.71,0.0,1,1,,,,0.0,0.0,0.0,,0.0,0.0,,0.0,0.0,0.0,0.0,,,,0.0,,0.0,0.0,0.0,0,,2024-11-26 05:42:16.740,2024-11-26,1754-01-01 13:42:16.740,0,,STOCK,00000000-0000-0000-0000-000000000000,,0,,,EXEMPT,1,,,0,0,,0,,,0,0.0,,1753-01-01,160.71,0.0,0.0,0,0,0.0,0.0,0.0,0.0,,0,0,1.0,BOX,BOX,,0,0,0,,,,0.0,0.0,,STOCKS,0,,,,LOTEXP,,,,,,,,1753-01-01,1,1753-01-01,1753-01-01,00000000-0000-0000-0000-000000000000,00000000-0000-0000-0000-000000000000,00000000-0000-0000-0000-000000000000,0,0,00000000-0000-0000-0000-000000000000,,,,160.71,0.0,0.0,0.0,0.0,0.0,0.0,0.0,0.0,0,0,,71B01CA2-2178-EB11-AA10-000D3AA30FE3,2021-02-26 10:59:03.177,7E45060B-A2A4-4F72-B553-3234C753B380,2024-11-26 05:42:16.743,8FDCE4A2-E551-4114-AA5B-A4A6BAB4255F
b'\x00\x00\x00\x00\r\x05\xbf\x17',AIP000238,,AMLODIPINE + LOSARTAN 5mg/50mg x 30's (WATSONS),AMLODIPINE + LOSARTAN 5MG/50MG X 30'S (WATSONS),,BOX,0,0,STOCK,,,1,0,0,0.0,0,0.0,4,80.36,80.36,80.36,0.0,1,1,,,,0.0,0.0,0.0,,0.0,0.0,,0.0,0.0,0.0,0.0,,,,0.0,,0.0,0.0,0.0,0,,2024-11-26 05:42:31.627,2024-11-26,1754-01-01 13:42:31.627,0,,STOCK,00000000-0000-0000-0000-000000000000,,0,,,EXEMPT,1,,,0,0,,0,,,0,0.0,,1753-01-01,80.36,0.0,0.0,0,0,0.0,0.0,0.0,0.0,,0,0,1.0,BOX,BOX,,0,0,0,,,,0.0,0.0,,STOCKS,0,,,,LOTEXP,,,,,,,,1753-01-01,1,1753-01-01,1753-01-01,00000000-0000-0000-0000-000000000000,00000000-0000-0000-0000-000000000000,00000000-0000-0000-0000-000000000000,0,0,00000000-0000-0000-0000-000000000000,,,,80.36,0.0,0.0,0.0,0.0,0.0,0.0,0.0,0.0,0,0,,72B01CA2-2178-EB11-AA10-000D3AA30FE3,2021-02-26 10:59:03.193,7E45060B-A2A4-4F72-B553-3234C753B380,2026-01-10 02:33:20.020,0B709DB4-D647-42B9-9EEF-809FBE63D915
b'\x00\x00\x00\x00\r\x05\xc7\x1d',AIP000239,,CELECOXIB 200mg x 100's (WATSONS),CELECOXIB 200MG X 100'S (WATSONS),,BOX,0,0,STOCK,,,1,0,0,0.0,0,0.0,4,312.5,312.5,299.10714,0.0,1,1,,,,0.0,0.0,0.0,,0.0,0.0,,0.0,0.0,0.0,0.0,,,,0.0,,0.0,0.0,0.0,0,,2024-11-26 05:42:56.467,2024-11-26,1754-01-01 13:42:56.467,0,,STOCK,00000000-0000-0000-0000-000000000000,,0,,,GOODS12,1,,,0,0,,0,,,0,0.0,,1753-01-01,312.5,0.0,0.0,0,0,0.0,0.0,0.0,0.0,,0,0,1.0,BOX,BOX,,0,0,0,,,,0.0,0.0,,STOCKS,0,,,,LOTEXP,,,,,,,,1753-01-01,1,1753-01-01,1753-01-01,00000000-0000-0000-0000-000000000000,00000000-0000-0000-0000-000000000000,00000000-0000-0000-0000-000000000000,0,0,00000000-0000-0000-0000-000000000000,,,,312.5,0.0,0.0,0.0,0.0,0.0,0.0,0.0,0.0,0,0,,73B01CA2-2178-EB11-AA10-000D3AA30FE3,2021-02-26 10:59:03.210,7E45060B-A2A4-4F72-B553-3234C753B380,2026-01-10 02:41:02.660,0B709DB4-D647-42B9-9EEF-809FBE63D915
b'\x00\x00\x00\x00\x0c\x97\xf0K',AIP000240,,SULTAMICILLIN 750mg x 50's (WATSONS),SULTAMICILLIN 750MG X 50'S (WATSONS),,BOX,0,0,STOCK,,,1,0,0,0.0,0,0.0,4,937.5,937.5,0.0,0.0,1,1,,,,0.0,0.0,0.0,,0.0,0.0,,0.0,0.0,0.0,0.0,,,,0.0,,0.0,0.0,0.0,0,,2026-01-07 06:33:53.487,2026-01-07,1754-01-01 14:33:53.487,0,,STOCK,00000000-0000-0000-0000-000000000000,,0,,,GOODS12,1,,,0,0,,0,,,0,0.0,,1753-01-01,937.5,0.0,0.0,0,0,0.0,0.0,0.0,0.0,,0,0,1.0,BOX,BOX,,0,0,0,,,,0.0,0.0,,STOCKS,0,,,,LOTEXP,,,,,,,,1753-01-01,1,1753-01-01,1753-01-01,00000000-0000-0000-0000-000000000000,00000000-0000-0000-0000-000000000000,00000000-0000-0000-0000-000000000000,0,0,00000000-0000-0000-0000-000000000000,,,,937.5,0.0,0.0,0.0,0.0,0.0,0.0,0.0,0.0,0,0,,74B01CA2-2178-EB11-AA10-000D3AA30FE3,2021-02-26 10:59:03.210,7E45060B-A2A4-4F72-B553-3234C753B380,2026-01-07 06:33:53.487,4A96EAA9-3DB9-423D-8512-43281713C4ED
b'\x00\x00\x00\x00\r\x06\x89\xe1',AIP000241,,PREGABALIN 75mg x 20's (WATSONS),PREGABALIN 75MG X 20'S (WATSONS),,BOX,0,0,STOCK,,,1,0,0,0.0,0,0.0,4,71.43,71.43,71.43,0.0,1,1,,,,0.0,0.0,0.0,,0.0,0.0,,0.0,0.0,0.0,0.0,,,,0.0,,0.0,0.0,0.0,0,,2024-11-26 05:43:31.957,2024-11-26,1754-01-01 13:43:31.957,0,,STOCK,00000000-0000-0000-0000-000000000000,,0,,,EXEMPT,1,,,0,0,,0,,,0,0.0,,1753-01-01,71.43,0.0,0.0,0,0,0.0,0.0,0.0,0.0,,0,0,1.0,BOX,BOX,,0,0,0,,,,0.0,0.0,,STOCKS,0,,,,LOTEXP,,,,,,,,1753-01-01,1,1753-01-01,1753-01-01,00000000-0000-0000-0000-000000000000,00000000-0000-0000-0000-000000000000,00000000-0000-0000-0000-000000000000,0,0,00000000-0000-0000-0000-000000000000,,,,71.43,0.0,0.0,0.0,0.0,0.0,0.0,0.0,0.0,0,0,,75B01CA2-2178-EB11-AA10-000D3AA30FE3,2021-02-26 10:59:03.210,7E45060B-A2A4-4F72-B553-3234C753B380,2026-01-12 04:07:56.667,B3ED33C1-826A-4A50-B804-A09AB079FD95
b'\x00\x00\x00\x00\x05O\x944',AIP000242,,ZOLNISH-4 4MG LYOPHILIZED POWDER INJ. I.V x 1's (ONCO),ZOLNISH-4 4MG LYOPHILIZED POWDER INJ. I.V X 1'S (ONCO),,BOX,0,0,STOCK,,,1,0,0,0.0,0,0.0,4,1383.93,1383.93,0.0,0.0,1,1,,,,0.0,0.0,0.0,,0.0,0.0,,0.0,0.0,0.0,0.0,,,,0.0,,0.0,0.0,0.0,0,,2022-01-25 03:17:17.200,2022-01-25,1754-01-01 11:17:17.200,0,,STOCK,00000000-0000-0000-0000-000000000000,,0,,,GOODS12,1,,,0,0,,0,,,0,0.0,,1753-01-01,1383.93,0.0,0.0,0,0,0.0,0.0,0.0,0.0,,0,0,1.0,BOX,BOX,,0,0,0,,,,0.0,0.0,,STOCKS,0,,,,LOTEXP,,,,,,,,1753-01-01,1,1753-01-01,1753-01-01,00000000-0000-0000-0000-000000000000,00000000-0000-0000-0000-000000000000,00000000-0000-0000-0000-000000000000,0,0,00000000-0000-0000-0000-000000000000,,,,1383.93,0.0,0.0,0.0,0.0,0.0,0.0,0.0,0.0,0,0,,76B01CA2-2178-EB11-AA10-000D3AA30FE3,2021-02-26 10:59:03.227,7E45060B-A2A4-4F72-B553-3234C753B380,2022-01-25 03:17:17.200,8FDCE4A2-E551-4114-AA5B-A4A6BAB4255F
b'\x00\x00\x00\x00\ne\xfa\x8f',AIP000245,,TRUXONE 1G POWDER FOR INJ. (IM/IV) x 10's,TRUXONE 1G POWDER FOR INJ. (IM/IV) X 10'S,,BOX,0,0,STOCK,,,1,0,0,0.0,0,0.0,4,344.87,344.87,344.87,0.0,1,1,,,,0.0,0.0,0.0,,0.0,0.0,,0.0,0.0,0.0,0.0,,,,0.0,,0.0,0.0,0.0,0,,2022-01-25 02:58:12.477,2022-01-25,1754-01-01 10:58:12.477,0,,STOCK,00000000-0000-0000-0000-000000000000,,0,,,GOODS12,1,,,0,0,,0,,,0,0.0,,1753-01-01,344.87,0.0,0.0,0,0,0.0,0.0,0.0,0.0,,0,0,1.0,BOX,BOX,,0,0,0,,,,0.0,0.0,,STOCKS,0,,,,LOTEXP,,,,,,,,1753-01-01,1,1753-01-01,1753-01-01,00000000-0000-0000-0000-000000000000,00000000-0000-0000-0000-000000000000,00000000-0000-0000-0000-000000000000,0,0,00000000-0000-0000-0000-000000000000,,,,344.87,0.0,0.0,0.0,0.0,0.0,0.0,0.0,0.0,0,0,,77B01CA2-2178-EB11-AA10-000D3AA30FE3,2021-02-26 10:59:03.227,7E45060B-A2A4-4F72-B553-3234C753B380,2024-07-02 02:28:01.853,34C3286C-E7F6-4F45-8F69-19CD015F1C1B
b'\x00\x00\x00\x00\x05\x9f\x0e\xbd',AIP000246,,ALNEPEZIL 10MG FCT x 100's,ALNEPEZIL 10MG FCT X 100'S,,BOX,0,0,STOCK,,,1,0,0,0.0,0,0.0,4,535.71,535.71,0.0,0.0,1,1,,,,0.0,0.0,0.0,,0.0,0.0,,0.0,0.0,0.0,0.0,,,,0.0,,0.0,0.0,0.0,0,,2022-03-07 02:12:25.780,2022-03-07,1754-01-01 10:12:25.780,0,,STOCK,00000000-0000-0000-0000-000000000000,,0,,,EXEMPT,1,,,0,0,,0,,,0,0.0,,1753-01-01,535.71,0.0,0.0,0,0,0.0,0.0,0.0,0.0,,0,0,1.0,BOX,BOX,,0,0,0,,,,0.0,0.0,,STOCKS,0,,,,LOTEXP,,,,,,,,1753-01-01,1,1753-01-01,1753-01-01,00000000-0000-0000-0000-000000000000,00000000-0000-0000-0000-000000000000,00000000-0000-0000-0000-000000000000,0,0,00000000-0000-0000-0000-000000000000,,,,535.71,0.0,0.0,0.0,0.0,0.0,0.0,0.0,0.0,0,0,,78B01CA2-2178-EB11-AA10-000D3AA30FE3,2021-02-26 10:59:03.240,7E45060B-A2A4-4F72-B553-3234C753B380,2022-03-07 02:12:25.780,8FDCE4A2-E551-4114-AA5B-A4A6BAB4255F
b'\x00\x00\x00\x00\x06\xd2\xa5\xdd',AIP000247,,FERTYL 50MG TABLET x 30's,FERTYL 50MG TABLET X 30'S,,BOX,0,0,STOCK,,,1,0,0,0.0,0,0.0,4,401.79,401.79,401.78571,0.0,1,1,,,,0.0,0.0,0.0,,0.0,0.0,,0.0,0.0,0.0,0.0,,,,0.0,,0.0,0.0,0.0,0,,2021-11-18 08:09:13.367,2021-11-18,1754-01-01 16:09:13.367,0,,STOCK,00000000-0000-0000-0000-000000000000,,0,,,GOODS12,1,,,0,0,,0,,,0,0.0,,1753-01-01,401.79,0.0,0.0,0,0,0.0,0.0,0.0,0.0,,0,0,1.0,BOX,BOX,,0,0,0,,,,0.0,0.0,,STOCKS,0,,,,LOTEXP,,,,,,,,1753-01-01,1,1753-01-01,1753-01-01,00000000-0000-0000-0000-000000000000,00000000-0000-0000-0000-000000000000,00000000-0000-0000-0000-000000000000,0,0,00000000-0000-0000-0000-000000000000,,,,401.79,0.0,0.0,0.0,0.0,0.0,0.0,0.0,0.0,0,0,,79B01CA2-2178-EB11-AA10-000D3AA30FE3,2021-02-26 10:59:03.240,7E45060B-A2A4-4F72-B553-3234C753B380,2023-02-15 08:19:35.653,38477BBC-6CEA-46E1-81BA-B318E4518C57
b'\x00\x00\x00\x00\x04\xcf\x8d\x99',AIP000248,,IMANORM-400 400MG FCTAB x30's,IMANORM-400 400MG FCTAB X30'S,,BOX,0,0,STOCK,,,1,0,0,0.0,0,0.0,4,6562.5,6562.5,0.0,0.0,1,1,,,,0.0,0.0,0.0,,0.0,0.0,,0.0,0.0,0.0,0.0,,,,0.0,,0.0,0.0,0.0,0,,2021-11-18 08:09:17.067,2021-11-18,1754-01-01 16:09:17.067,0,,STOCK,00000000-0000-0000-0000-000000000000,,0,,,GOODS12,1,,,0,0,,0,,,0,0.0,,1753-01-01,6562.5,0.0,0.0,0,0,0.0,0.0,0.0,0.0,,0,0,1.0,BOX,BOX,,0,0,0,,,,0.0,0.0,,STOCKS,0,,,,LOTEXP,,,,,,,,1753-01-01,1,1753-01-01,1753-01-01,00000000-0000-0000-0000-000000000000,00000000-0000-0000-0000-000000000000,00000000-0000-0000-0000-000000000000,0,0,00000000-0000-0000-0000-000000000000,,,,6562.5,0.0,0.0,0.0,0.0,0.0,0.0,0.0,0.0,0,0,,7AB01CA2-2178-EB11-AA10-000D3AA30FE3,2021-02-26 10:59:03.257,7E45060B-A2A4-4F72-B553-3234C753B380,2021-11-18 08:09:17.067,8FDCE4A2-E551-4114-AA5B-A4A6BAB4255F
b'\x00\x00\x00\x00\r\x067\x18',AIP000249,,MEFENAMIC ACID 500MG CAPSULE x100's (SJD),MEFENAMIC ACID 500MG CAPSULE X100'S (SJD),,BOX,0,0,STOCK,,,1,0,0,0.0,0,0.0,4,129.46,129.46,111.60715,0.0,1,1,,,,0.0,0.0,0.0,,0.0,0.0,,0.0,0.0,0.0,0.0,,,,0.0,,0.0,0.0,0.0,0,,2024-09-26 01:11:23.967,2024-09-26,1754-01-01 09:11:23.967,0,,STOCK,00000000-0000-0000-0000-000000000000,,0,,,GOODS12,1,,,0,0,,0,,,0,0.0,,2023-02-28,129.46,0.0,0.0,0,0,0.0,0.0,0.0,0.0,,0,0,1.0,BOX,BOX,,0,0,0,,,,0.0,0.0,,STOCKS,0,,,,LOTEXP,,,,,,,,1753-01-01,1,1753-01-01,1753-01-01,00000000-0000-0000-0000-000000000000,00000000-0000-0000-0000-000000000000,00000000-0000-0000-0000-000000000000,0,0,00000000-0000-0000-0000-000000000000,,,,129.46,0.0,0.0,0.0,0.0,0.0,0.0,0.0,0.0,0,0,,7BB01CA2-2178-EB11-AA10-000D3AA30FE3,2021-02-26 10:59:03.257,7E45060B-A2A4-4F72-B553-3234C753B380,2026-01-12 00:54:42.157,0B709DB4-D647-42B9-9EEF-809FBE63D915
b'\x00\x00\x00\x00\r\x067\x1c',AIP000250,,AMOXICILLIN 500MG CAPSULE x100's (SJD),AMOXICILLIN 500MG CAPSULE X100'S (SJD),,BOX,0,0,STOCK,,,1,0,0,0.0,0,0.0,4,245.54,245.54,245.53572,0.0,1,1,,,,0.0,0.0,0.0,,0.0,0.0,,0.0,0.0,0.0,0.0,,,,0.0,,0.0,0.0,0.0,0,,2024-11-26 05:44:09.687,2024-11-26,1754-01-01 13:44:09.687,0,,STOCK,00000000-0000-0000-0000-000000000000,,0,,,GOODS12,1,,,0,0,,0,,,0,0.0,,2024-02-29,245.54,0.0,0.0,0,0,0.0,0.0,0.0,0.0,,0,0,1.0,BOX,BOX,,0,0,0,,,,0.0,0.0,,STOCKS,0,,,,LOTEXP,,,,,,,,1753-01-01,1,1753-01-01,1753-01-01,00000000-0000-0000-0000-000000000000,00000000-0000-0000-0000-000000000000,00000000-0000-0000-0000-000000000000,0,0,00000000-0000-0000-0000-000000000000,,,,245.54,0.0,0.0,0.0,0.0,0.0,0.0,0.0,0.0,0,0,,7CB01CA2-2178-EB11-AA10-000D3AA30FE3,2021-02-26 10:59:03.273,7E45060B-A2A4-4F72-B553-3234C753B380,2026-01-12 00:54:42.170,0B709DB4-D647-42B9-9EEF-809FBE63D915
b'\x00\x00\x00\x00\x05O\x94T',AIP000251,,SALON PROFESSIONALS PR ALVRPPMT SHCON 200ML,SALON PROFESSIONALS PR ALVRPPMT SHCON 200ML,,BOX,0,0,STOCK,,,1,0,0,0.0,0,0.0,4,1366.07,1366.07,0.0,0.0,1,1,,,,0.0,0.0,0.0,,0.0,0.0,,0.0,0.0,0.0,0.0,,,,0.0,,0.0,0.0,0.0,0,,2022-01-25 03:17:48.397,2022-01-25,1754-01-01 11:17:48.397,0,,STOCK,00000000-0000-0000-0000-000000000000,,0,,,GOODS12,1,,,0,0,,0,,,0,0.0,,1753-01-01,1366.07,0.0,0.0,0,0,0.0,0.0,0.0,0.0,,0,0,1.0,BOX,BOX,,0,0,0,,,,0.0,0.0,,STOCKS,0,,,,LOTEXP,,,,,,,,1753-01-01,1,1753-01-01,1753-01-01,00000000-0000-0000-0000-000000000000,00000000-0000-0000-0000-000000000000,00000000-0000-0000-0000-000000000000,0,0,00000000-0000-0000-0000-000000000000,,,,1366.07,0.0,0.0,0.0,0.0,0.0,0.0,0.0,0.0,0,0,,7DB01CA2-2178-EB11-AA10-000D3AA30FE3,2021-02-26 10:59:03.273,7E45060B-A2A4-4F72-B553-3234C753B380,2022-01-25 03:17:48.397,8FDCE4A2-E551-4114-AA5B-A4A6BAB4255F
b'\x00\x00\x00\x00\x05O\x94W',AIP000255,,SALON PROFESSIONALS PR THCKNG VOL. 100ML,SALON PROFESSIONALS PR THCKNG VOL. 100ML,,BOX,0,0,STOCK,,,1,0,0,0.0,0,0.0,4,1285.71,1285.71,0.0,0.0,1,1,,,,0.0,0.0,0.0,,0.0,0.0,,0.0,0.0,0.0,0.0,,,,0.0,,0.0,0.0,0.0,0,,2022-01-25 03:18:03.547,2022-01-25,1754-01-01 11:18:03.547,0,,STOCK,00000000-0000-0000-0000-000000000000,,0,,,GOODS12,1,,,0,0,,0,,,0,0.0,,1753-01-01,1285.71,0.0,0.0,0,0,0.0,0.0,0.0,0.0,,0,0,1.0,BOX,BOX,,0,0,0,,,,0.0,0.0,,STOCKS,0,,,,LOTEXP,,,,,,,,1753-01-01,1,1753-01-01,1753-01-01,00000000-0000-0000-0000-000000000000,00000000-0000-0000-0000-000000000000,00000000-0000-0000-0000-000000000000,0,0,00000000-0000-0000-0000-000000000000,,,,1285.71,0.0,0.0,0.0,0.0,0.0,0.0,0.0,0.0,0,0,,7EB01CA2-2178-EB11-AA10-000D3AA30FE3,2021-02-26 10:59:03.273,7E45060B-A2A4-4F72-B553-3234C753B380,2022-01-25 03:18:03.547,8FDCE4A2-E551-4114-AA5B-A4A6BAB4255F
b'\x00\x00\x00\x00\x0cu3\x01',AIP000257,,MEFENAMIC ACID 500MG CAPx100's (RPI),MEFENAMIC ACID 500MG CAPX100'S (RPI),,BOX,0,0,STOCK,,,1,0,0,0.0,0,0.0,4,129.46,129.46,116.07143,0.0,1,1,,,,0.0,0.0,0.0,,0.0,0.0,,0.0,0.0,0.0,0.0,,,,0.0,,0.0,0.0,0.0,0,,2024-09-27 00:14:07.290,2024-09-27,1754-01-01 08:14:07.290,0,,STOCK,00000000-0000-0000-0000-000000000000,,0,,,GOODS12,1,,,0,0,,0,,,0,0.0,,2023-02-28,129.46,0.0,0.0,0,0,0.0,0.0,0.0,0.0,,0,0,1.0,BOX,BOX,,0,0,0,,,,0.0,0.0,,STOCKS,0,,,,LOTEXP,,,,,,,,1753-01-01,1,1753-01-01,1753-01-01,00000000-0000-0000-0000-000000000000,00000000-0000-0000-0000-000000000000,00000000-0000-0000-0000-000000000000,0,0,00000000-0000-0000-0000-000000000000,,,,129.46,0.0,0.0,0.0,0.0,0.0,0.0,0.0,0.0,0,0,,7FB01CA2-2178-EB11-AA10-000D3AA30FE3,2021-02-26 10:59:03.287,7E45060B-A2A4-4F72-B553-3234C753B380,2025-10-24 02:58:42.863,0B709DB4-D647-42B9-9EEF-809FBE63D915
b'\x00\x00\x00\x00\x0c\x85y\x92',AIP000258,,AMOXICILLIN 500MG CAP x 100's (RPI),AMOXICILLIN 500MG CAP X 100'S (RPI),,BOX,0,0,STOCK,,,1,0,0,0.0,0,0.0,4,245.54,245.54,236.60714,0.0,1,1,,,,0.0,0.0,0.0,,0.0,0.0,,0.0,0.0,0.0,0.0,,,,0.0,,0.0,0.0,0.0,0,,2024-11-26 05:44:44.640,2024-11-26,1754-01-01 13:44:44.640,0,,STOCK,00000000-0000-0000-0000-000000000000,,0,,,GOODS12,1,,,0,0,,0,,,0,0.0,,2023-02-28,245.54,0.0,0.0,0,0,0.0,0.0,0.0,0.0,,0,0,1.0,BOX,BOX,,0,0,0,,,,0.0,0.0,,STOCKS,0,,,,LOTEXP,,,,,,,,1753-01-01,1,1753-01-01,1753-01-01,00000000-0000-0000-0000-000000000000,00000000-0000-0000-0000-000000000000,00000000-0000-0000-0000-000000000000,0,0,00000000-0000-0000-0000-000000000000,,,,245.54,0.0,0.0,0.0,0.0,0.0,0.0,0.0,0.0,0,0,,80B01CA2-2178-EB11-AA10-000D3AA30FE3,2021-02-26 10:59:03.303,7E45060B-A2A4-4F72-B553-3234C753B380,2025-11-26 00:43:58.623,0B709DB4-D647-42B9-9EEF-809FBE63D915
b'\x00\x00\x00\x00\x0c\x96\xa9f',AIP000259,,PARACETAMOL 500MG TAB x 100's (RPI),PARACETAMOL 500MG TAB X 100'S (RPI),,BOX,0,0,STOCK,,,1,0,0,0.0,0,0.0,4,89.29,89.29,75.89286,0.0,1,1,,,,0.0,0.0,0.0,,0.0,0.0,,0.0,0.0,0.0,0.0,,,,0.0,,0.0,0.0,0.0,0,,2024-11-26 05:44:57.887,2024-11-26,1754-01-01 13:44:57.887,0,,STOCK,00000000-0000-0000-0000-000000000000,,0,,,GOODS12,1,,,0,0,,0,,,0,0.0,,2024-02-29,89.29,0.0,0.0,0,0,0.0,0.0,0.0,0.0,,0,0,1.0,BOX,BOX,,0,0,0,,,,0.0,0.0,,STOCKS,0,,,,LOTEXP,,,,,,,,1753-01-01,1,1753-01-01,1753-01-01,00000000-0000-0000-0000-000000000000,00000000-0000-0000-0000-000000000000,00000000-0000-0000-0000-000000000000,0,0,00000000-0000-0000-0000-000000000000,,,,89.29,0.0,0.0,0.0,0.0,0.0,0.0,0.0,0.0,0,0,,81B01CA2-2178-EB11-AA10-000D3AA30FE3,2021-02-26 10:59:03.303,7E45060B-A2A4-4F72-B553-3234C753B380,2026-01-06 03:17:27.783,7A43DFC9-AF93-4335-A1C5-3ABC0B06A73C
b'\x00\x00\x00\x00\x0c\x88KT',AIP000260,,AMLODIPINE+LOSARTAN 5MG/50MG FCTx30's (RPI),AMLODIPINE+LOSARTAN 5MG/50MG FCTX30'S (RPI),,BOX,0,0,STOCK,,,1,0,0,0.0,0,0.0,4,80.36,80.36,80.36,0.0,1,1,,,,0.0,0.0,0.0,,0.0,0.0,,0.0,0.0,0.0,0.0,,,,0.0,,0.0,0.0,0.0,0,,2025-03-06 02:26:31.863,2025-03-06,1754-01-01 10:26:31.863,0,,STOCK,00000000-0000-0000-0000-000000000000,,0,,,EXEMPT,1,,,0,0,,0,,,0,0.0,,2025-02-28,80.36,0.0,0.0,0,0,0.0,0.0,0.0,0.0,,0,0,1.0,BOX,BOX,,0,0,0,,,,0.0,0.0,,STOCKS,0,,,,LOTEXP,,,,,,,,1753-01-01,1,1753-01-01,1753-01-01,00000000-0000-0000-0000-000000000000,00000000-0000-0000-0000-000000000000,00000000-0000-0000-0000-000000000000,0,0,00000000-0000-0000-0000-000000000000,,,,80.36,0.0,0.0,0.0,0.0,0.0,0.0,0.0,0.0,0,0,,82B01CA2-2178-EB11-AA10-000D3AA30FE3,2021-02-26 10:59:03.320,7E45060B-A2A4-4F72-B553-3234C753B380,2025-11-28 09:03:34.080,7A43DFC9-AF93-4335-A1C5-3ABC0B06A73C
b'\x00\x00\x00\x00\r\x067 ',AIP000261,,CARBOCISTEINE 500MG CAPS x100's (SJD),CARBOCISTEINE 500MG CAPS X100'S (SJD),,BOX,0,0,STOCK,,,1,0,0,0.0,0,0.0,4,138.39,138.39,138.39292,0.0,1,1,,,,0.0,0.0,0.0,,0.0,0.0,,0.0,0.0,0.0,0.0,,,,0.0,,0.0,0.0,0.0,0,,2026-01-09 06:21:59.080,2026-01-09,1754-01-01 14:21:59.080,0,,STOCK,00000000-0000-0000-0000-000000000000,,0,,,GOODS12,1,,,0,0,,0,,,0,0.0,,2025-12-31,138.39,0.0,0.0,0,0,0.0,0.0,0.0,0.0,,0,0,1.0,BOX,BOX,,0,0,0,,,,0.0,0.0,,STOCKS,0,,,,LOTEXP,,,,,,,,1753-01-01,1,1753-01-01,1753-01-01,00000000-0000-0000-0000-000000000000,00000000-0000-0000-0000-000000000000,00000000-0000-0000-0000-000000000000,0,0,00000000-0000-0000-0000-000000000000,,,,138.39,0.0,0.0,0.0,0.0,0.0,0.0,0.0,0.0,0,0,,83B01CA2-2178-EB11-AA10-000D3AA30FE3,2021-02-26 10:59:03.333,7E45060B-A2A4-4F72-B553-3234C753B380,2026-01-12 00:54:42.183,0B709DB4-D647-42B9-9EEF-809FBE63D915
b'\x00\x00\x00\x00\r\x067$',AIP000262,,CEFALEXIN 500MG CAPS x 100's (SJD),CEFALEXIN 500MG CAPS X 100'S (SJD),,BOX,0,0,STOCK,,,1,0,0,0.0,0,0.0,4,328.57,328.57,328.57143,0.0,1,1,,,,0.0,0.0,0.0,,0.0,0.0,,0.0,0.0,0.0,0.0,,,,0.0,,0.0,0.0,0.0,0,,2024-11-26 05:45:42.560,2024-11-26,1754-01-01 13:45:42.560,0,,STOCK,00000000-0000-0000-0000-000000000000,,0,,,GOODS12,1,,,0,0,,0,,,0,0.0,,2023-02-28,328.57,0.0,0.0,0,0,0.0,0.0,0.0,0.0,,0,0,1.0,BOX,BOX,,0,0,0,,,,0.0,0.0,,STOCKS,0,,,,LOTEXP,,,,,,,,1753-01-01,1,1753-01-01,1753-01-01,00000000-0000-0000-0000-000000000000,00000000-0000-0000-0000-000000000000,00000000-0000-0000-0000-000000000000,0,0,00000000-0000-0000-0000-000000000000,,,,328.57,0.0,0.0,0.0,0.0,0.0,0.0,0.0,0.0,0,0,,84B01CA2-2178-EB11-AA10-000D3AA30FE3,2021-02-26 10:59:03.333,7E45060B-A2A4-4F72-B553-3234C753B380,2026-01-12 00:54:42.197,0B709DB4-D647-42B9-9EEF-809FBE63D915
b'\x00\x00\x00\x00\r\x067(',AIP000263,,CELECOXIB 200MG CAP x100's (SJD),CELECOXIB 200MG CAP X100'S (SJD),,BOX,0,0,STOCK,,,1,0,0,0.0,0,0.0,4,312.5,312.5,312.5,0.0,1,1,,,,0.0,0.0,0.0,,0.0,0.0,,0.0,0.0,0.0,0.0,,,,0.0,,0.0,0.0,0.0,0,,2024-11-26 05:45:58.950,2024-11-26,1754-01-01 13:45:58.950,0,,STOCK,00000000-0000-0000-0000-000000000000,,0,,,GOODS12,1,,,0,0,,0,,,0,0.0,,2024-02-29,312.5,0.0,0.0,0,0,0.0,0.0,0.0,0.0,,0,0,1.0,BOX,BOX,,0,0,0,,,,0.0,0.0,,STOCKS,0,,,,LOTEXP,,,,,,,,1753-01-01,1,1753-01-01,1753-01-01,00000000-0000-0000-0000-000000000000,00000000-0000-0000-0000-000000000000,00000000-0000-0000-0000-000000000000,0,0,00000000-0000-0000-0000-000000000000,,,,312.5,0.0,0.0,0.0,0.0,0.0,0.0,0.0,0.0,0,0,,85B01CA2-2178-EB11-AA10-000D3AA30FE3,2021-02-26 10:59:03.350,7E45060B-A2A4-4F72-B553-3234C753B380,2026-01-12 00:54:42.207,0B709DB4-D647-42B9-9EEF-809FBE63D915
b'\x00\x00\x00\x00\x08\xdb7\x95',AIP000264,,ALNEPEZIL 10MG FCT x 30's,ALNEPEZIL 10MG FCT X 30'S,,BOX,0,0,STOCK,,,1,0,0,0.0,0,0.0,4,160.71,160.71,160.68,0.0,1,1,,,,0.0,0.0,0.0,,0.0,0.0,,0.0,0.0,0.0,0.0,,,,0.0,,0.0,0.0,0.0,0,,2024-03-07 02:45:31.367,2024-03-07,1754-01-01 10:45:31.367,0,,STOCK,00000000-0000-0000-0000-000000000000,,0,,,EXEMPT,1,,,0,0,,0,,,0,0.0,,2024-02-29,160.71,0.0,0.0,0,0,0.0,0.0,0.0,0.0,,0,0,1.0,BOX,BOX,,0,0,0,,,,0.0,0.0,,STOCKS,0,,,,LOTEXP,,,,,,,,1753-01-01,1,1753-01-01,1753-01-01,00000000-0000-0000-0000-000000000000,00000000-0000-0000-0000-000000000000,00000000-0000-0000-0000-000000000000,0,0,00000000-0000-0000-0000-000000000000,,,,160.71,0.0,0.0,0.0,0.0,0.0,0.0,0.0,0.0,0,0,,86B01CA2-2178-EB11-AA10-000D3AA30FE3,2021-02-26 10:59:03.350,7E45060B-A2A4-4F72-B553-3234C753B380,2024-03-07 02:45:31.367,4A96EAA9-3DB9-423D-8512-43281713C4ED
b'\x00\x00\x00\x00\x0c\x85\x8c\xdf',AIP000267,,CLONIDINE 75MCG TAB x 100's (RPI),CLONIDINE 75MCG TAB X 100'S (RPI),,BOX,0,0,STOCK,,,1,0,0,0.0,0,0.0,4,313.0,313.0,268.0,0.0,1,1,,,,0.0,0.0,0.0,,0.0,0.0,,0.0,0.0,0.0,0.0,,,,0.0,,0.0,0.0,0.0,0,,2024-11-26 05:46:16.983,2024-11-26,1754-01-01 13:46:16.983,0,,STOCK,00000000-0000-0000-0000-000000000000,,0,,,EXEMPT,1,,,0,0,,0,,,0,0.0,,1753-01-01,313.0,0.0,0.0,0,0,0.0,0.0,0.0,0.0,,0,0,1.0,BOX,BOX,,0,0,0,,,,0.0,0.0,,STOCKS,0,,,,LOTEXP,,,,,,,,1753-01-01,1,1753-01-01,1753-01-01,00000000-0000-0000-0000-000000000000,00000000-0000-0000-0000-000000000000,00000000-0000-0000-0000-000000000000,0,0,00000000-0000-0000-0000-000000000000,,,,313.0,0.0,0.0,0.0,0.0,0.0,0.0,0.0,0.0,0,0,,87B01CA2-2178-EB11-AA10-000D3AA30FE3,2021-02-26 10:59:03.367,7E45060B-A2A4-4F72-B553-3234C753B380,2025-11-26 02:02:15.163,0B709DB4-D647-42B9-9EEF-809FBE63D915
b'\x00\x00\x00\x00\x0c\x85y\x9a',AIP000268,,CELECOXIB 200MG CAPS x 100's (RPI),CELECOXIB 200MG CAPS X 100'S (RPI),,BOX,0,0,STOCK,,,1,0,0,0.0,0,0.0,4,312.5,312.5,312.5,0.0,1,1,,,,0.0,0.0,0.0,,0.0,0.0,,0.0,0.0,0.0,0.0,,,,0.0,,0.0,0.0,0.0,0,,2024-11-26 05:46:39.940,2024-11-26,1754-01-01 13:46:39.940,0,,STOCK,00000000-0000-0000-0000-000000000000,,0,,,GOODS12,1,,,0,0,,0,,,0,0.0,,2022-01-31,312.5,0.0,0.0,0,0,0.0,0.0,0.0,0.0,,0,0,1.0,BOX,BOX,,0,0,0,,,,0.0,0.0,,STOCKS,0,,,,LOTEXP,,,,,,,,1753-01-01,1,1753-01-01,1753-01-01,00000000-0000-0000-0000-000000000000,00000000-0000-0000-0000-000000000000,00000000-0000-0000-0000-000000000000,0,0,00000000-0000-0000-0000-000000000000,,,,312.5,0.0,0.0,0.0,0.0,0.0,0.0,0.0,0.0,0,0,,88B01CA2-2178-EB11-AA10-000D3AA30FE3,2021-02-26 10:59:03.367,7E45060B-A2A4-4F72-B553-3234C753B380,2025-11-26 00:43:58.707,0B709DB4-D647-42B9-9EEF-809FBE63D915
b'\x00\x00\x00\x00\r\x05p\x85',AIP000269,,ASCORBIC ACID 500MG DR ZENS x100's (SJD),ASCORBIC ACID 500MG DR ZENS X100'S (SJD),,BOX,0,0,STOCK,,,1,0,0,0.0,0,0.0,4,133.93,133.93,500.0,0.0,1,1,,,,0.0,0.0,0.0,,0.0,0.0,,0.0,0.0,0.0,0.0,,,,0.0,,0.0,0.0,0.0,0,,2026-01-10 01:10:15.890,2026-01-10,1754-01-01 09:10:15.890,0,,STOCK,00000000-0000-0000-0000-000000000000,,0,,,GOODS12,1,,,0,0,,0,,,0,0.0,,2025-12-31,133.93,0.0,0.0,0,0,0.0,0.0,0.0,0.0,,0,0,1.0,BOX,BOX,,0,0,0,,,,0.0,0.0,,STOCKS,0,,,,LOTEXP,,,,,,,,1753-01-01,1,1753-01-01,1753-01-01,00000000-0000-0000-0000-000000000000,00000000-0000-0000-0000-000000000000,00000000-0000-0000-0000-000000000000,0,0,00000000-0000-0000-0000-000000000000,,,,133.93,0.0,0.0,0.0,0.0,0.0,0.0,0.0,0.0,0,0,,89B01CA2-2178-EB11-AA10-000D3AA30FE3,2021-02-26 10:59:03.367,7E45060B-A2A4-4F72-B553-3234C753B380,2026-01-10 01:10:15.890,4A96EAA9-3DB9-423D-8512-43281713C4ED
b'\x00\x00\x00\x00\x05O\x94l',AIP000270,,MERGOT 125mcg FCTab x 100's (SOLVANG),MERGOT 125MCG FCTAB X 100'S (SOLVANG),,BOX,0,0,STOCK,,,1,0,0,0.0,0,0.0,4,145.0,145.0,0.0,0.0,1,1,,,,0.0,0.0,0.0,,0.0,0.0,,0.0,0.0,0.0,0.0,,,,0.0,,0.0,0.0,0.0,0,,2022-01-25 03:19:46.427,2022-01-25,1754-01-01 11:19:46.427,0,,STOCK,00000000-0000-0000-0000-000000000000,,0,,,GOODS12,1,,,0,0,,0,,,0,0.0,,1753-01-01,145.0,0.0,0.0,0,0,0.0,0.0,0.0,0.0,,0,0,1.0,BOX,BOX,,0,0,0,,,,0.0,0.0,,STOCKS,0,,,,LOTEXP,,,,,,,,1753-01-01,1,1753-01-01,1753-01-01,00000000-0000-0000-0000-000000000000,00000000-0000-0000-0000-000000000000,00000000-0000-0000-0000-000000000000,0,0,00000000-0000-0000-0000-000000000000,,,,145.0,0.0,0.0,0.0,0.0,0.0,0.0,0.0,0.0,0,0,,8AB01CA2-2178-EB11-AA10-000D3AA30FE3,2021-02-26 10:59:03.380,7E45060B-A2A4-4F72-B553-3234C753B380,2022-01-25 03:19:46.427,8FDCE4A2-E551-4114-AA5B-A4A6BAB4255F
b'\x00\x00\x00\x00\x0b8!&',AIP000281,,LESOFAT 120MG 10+1 PROMO PACK x 1's,LESOFAT 120MG 10+1 PROMO PACK X 1'S,,PACK,0,0,STOCK,,,1,0,0,0.0,0,0.0,4,206.25,206.25,181.5,0.0,1,1,,,,0.0,0.0,0.0,,0.0,0.0,,0.0,0.0,0.0,0.0,,,,0.0,,0.0,0.0,0.0,0,,2021-08-31 11:00:31.207,2021-08-31,1754-01-01 19:00:31.207,0,,STOCK,00000000-0000-0000-0000-000000000000,,0,,,GOODS12,1,,,0,0,,0,,,0,0.0,,1753-01-01,206.25,0.0,0.0,0,0,0.0,0.0,0.0,0.0,,0,0,1.0,PACK,PACK,,0,0,0,,,,0.0,0.0,,STOCKS,0,,,,LOTEXP,,,,,,,,1753-01-01,1,1753-01-01,1753-01-01,00000000-0000-0000-0000-000000000000,E730D469-806F-EB11-AA04-000D3AA30FE3,00000000-0000-0000-0000-000000000000,0,0,00000000-0000-0000-0000-000000000000,,,,206.25,0.0,0.0,0.0,0.0,0.0,0.0,0.0,0.0,0,0,,0F376383-2804-EC11-A4C7-5E2CC006407F,2021-08-23 15:41:00.130,8FDCE4A2-E551-4114-AA5B-A4A6BAB4255F,2024-12-03 09:31:58.407,4A96EAA9-3DB9-423D-8512-43281713C4ED
b'\x00\x00\x00\x00\r\x067.',AIP000282,,ASPIRIN 80MG ECTABLET x100's (SJD),ASPIRIN 80MG ECTABLET X100'S (SJD),,BOX,0,0,STOCK,,,1,0,0,0.0,0,0.0,4,84.82,84.82,84.82142,0.0,1,1,,,,0.0,0.0,0.0,,0.0,0.0,,0.0,0.0,0.0,0.0,,,,0.0,,0.0,0.0,0.0,0,,2024-11-26 05:48:35.223,2024-11-26,1754-01-01 13:48:35.223,0,,STOCK,00000000-0000-0000-0000-000000000000,,0,,,GOODS12,1,,,0,0,,0,,,0,0.0,,2024-02-29,84.82,0.0,0.0,0,0,0.0,0.0,0.0,0.0,,0,0,1.0,BOX,BOX,,0,0,0,,,,0.0,0.0,,STOCKS,0,,,,LOTEXP,,,,,,,,1753-01-01,1,1753-01-01,1753-01-01,00000000-0000-0000-0000-000000000000,E230D469-806F-EB11-AA04-000D3AA30FE3,00000000-0000-0000-0000-000000000000,0,0,00000000-0000-0000-0000-000000000000,,,,84.82,0.0,0.0,0.0,0.0,0.0,0.0,0.0,0.0,0,0,,2DB7E10A-318D-EB11-AA37-000D3AA30FE3,2021-03-25 06:12:15.057,7E45060B-A2A4-4F72-B553-3234C753B380,2026-01-12 00:54:42.243,0B709DB4-D647-42B9-9EEF-809FBE63D915
b'\x00\x00\x00\x00\r\x065y',AIP000283,,METOPROLOL 50MG FCTAB x100's (SJD),METOPROLOL 50MG FCTAB X100'S (SJD),,BOX,0,0,STOCK,,,1,0,0,0.0,0,0.0,4,65.0,65.0,65.0,0.0,1,1,,,,0.0,0.0,0.0,,0.0,0.0,,0.0,0.0,0.0,0.0,,,,0.0,,0.0,0.0,0.0,0,,2024-09-26 01:10:50.127,2024-09-26,1754-01-01 09:10:50.127,0,,STOCK,00000000-0000-0000-0000-000000000000,,0,,,EXEMPT,1,,,0,0,,0,,,0,0.0,,2022-01-31,65.0,0.0,0.0,0,0,0.0,0.0,0.0,0.0,,0,0,1.0,BOX,BOX,,0,0,0,,,,0.0,0.0,,STOCKS,0,,,,LOTEXP,,,,,,,,1753-01-01,1,1753-01-01,1753-01-01,00000000-0000-0000-0000-000000000000,E230D469-806F-EB11-AA04-000D3AA30FE3,00000000-0000-0000-0000-000000000000,0,0,00000000-0000-0000-0000-000000000000,,,,65.0,0.0,0.0,0.0,0.0,0.0,0.0,0.0,0.0,0,0,,2EB7E10A-318D-EB11-AA37-000D3AA30FE3,2021-03-25 06:12:15.130,7E45060B-A2A4-4F72-B553-3234C753B380,2026-01-12 00:51:49.700,0B709DB4-D647-42B9-9EEF-809FBE63D915
b'\x00\x00\x00\x00\r\x06=\xa0',AIP000284,,PARACETAMOL+PHENYL+DEXTRO 100's (ACTIMED),PARACETAMOL+PHENYL+DEXTRO 100'S (ACTIMED),,BOX,0,0,STOCK,,,1,0,0,0.0,0,0.0,4,174.11,174.11,174.10714,0.0,1,1,,,,0.0,0.0,0.0,,0.0,0.0,,0.0,0.0,0.0,0.0,,,,0.0,,0.0,0.0,0.0,0,,2025-03-06 02:26:31.983,2025-03-06,1754-01-01 10:26:31.983,0,,STOCK,00000000-0000-0000-0000-000000000000,,0,,,GOODS12,1,,,0,0,,0,,,0,0.0,,2025-02-28,174.11,0.0,0.0,0,0,0.0,0.0,0.0,0.0,,0,0,1.0,BOX,BOX,,0,0,0,,,,0.0,0.0,,STOCKS,0,,,,LOTEXP,,,,,,,,1753-01-01,1,1753-01-01,1753-01-01,00000000-0000-0000-0000-000000000000,E230D469-806F-EB11-AA04-000D3AA30FE3,00000000-0000-0000-0000-000000000000,0,0,00000000-0000-0000-0000-000000000000,,,,174.11,0.0,0.0,0.0,0.0,0.0,0.0,0.0,0.0,0,0,,2FB7E10A-318D-EB11-AA37-000D3AA30FE3,2021-03-25 06:12:15.137,7E45060B-A2A4-4F72-B553-3234C753B380,2026-01-12 00:58:19.233,0B709DB4-D647-42B9-9EEF-809FBE63D915
b'\x00\x00\x00\x00\r\x05\xbd\xde',AIP000285,,NAPROXEN SODIUM 550MG FCT x100's (WATSONS),NAPROXEN SODIUM 550MG FCT X100'S (WATSONS),,BOX,0,0,STOCK,,,1,0,0,0.0,0,0.0,4,263.39,263.39,263.39286,0.0,1,1,,,,0.0,0.0,0.0,,0.0,0.0,,0.0,0.0,0.0,0.0,,,,0.0,,0.0,0.0,0.0,0,,2026-01-09 06:22:00.110,2026-01-09,1754-01-01 14:22:00.110,0,,STOCK,00000000-0000-0000-0000-000000000000,,0,,,GOODS12,1,,,0,0,,0,,,0,0.0,,2025-12-31,263.39,0.0,0.0,0,0,0.0,0.0,0.0,0.0,,0,0,1.0,BOX,BOX,,0,0,0,,,,0.0,0.0,,STOCKS,0,,,,LOTEXP,,,,,,,,1753-01-01,1,1753-01-01,1753-01-01,00000000-0000-0000-0000-000000000000,E230D469-806F-EB11-AA04-000D3AA30FE3,00000000-0000-0000-0000-000000000000,0,0,00000000-0000-0000-0000-000000000000,,,,263.39,0.0,0.0,0.0,0.0,0.0,0.0,0.0,0.0,0,0,,ABC7E323-8647-EC11-A4CA-5E2CC006407F,2021-11-17 09:10:00.497,8FDCE4A2-E551-4114-AA5B-A4A6BAB4255F,2026-01-10 02:32:11.637,0B709DB4-D647-42B9-9EEF-809FBE63D915
b'\x00\x00\x00\x00\x06Z\xdd\xac',AIP000286,,FAVIPIRAVIR 200MG FCTAB x 1's,FAVIPIRAVIR 200MG FCTAB X 1'S,,PC,0,0,STOCK,,,1,0,0,0.0,0,0.0,4,151.79,151.79,151.79,0.0,1,1,,,,0.0,0.0,0.0,,0.0,0.0,,0.0,0.0,0.0,0.0,,,,0.0,,0.0,0.0,0.0,0,,2021-08-31 10:58:50.007,2021-08-31,1754-01-01 18:58:50.007,0,,STOCK,00000000-0000-0000-0000-000000000000,,0,,,EXEMPT,1,,,0,0,,0,,,0,0.0,,1753-01-01,151.79,0.0,0.0,0,0,0.0,0.0,0.0,0.0,,0,0,1.0,PC,PC,,0,0,0,,,,0.0,0.0,,STOCKS,0,,,,LOTEXP,,,,,,,,1753-01-01,1,1753-01-01,1753-01-01,00000000-0000-0000-0000-000000000000,EC30D469-806F-EB11-AA04-000D3AA30FE3,00000000-0000-0000-0000-000000000000,0,0,00000000-0000-0000-0000-000000000000,,,,151.79,0.0,0.0,0.0,0.0,0.0,0.0,0.0,0.0,0,0,,7732077A-2A04-EC11-A4C7-5E2CC006407F,2021-08-23 15:55:03.407,8FDCE4A2-E551-4114-AA5B-A4A6BAB4255F,2022-10-06 05:12:31.070,231778F0-FC62-474D-8BCC-F79E6C896C7A
b'\x00\x00\x00\x00\x02E\xb3g',AIP000287,,IVERMECTIN 6MG TABLET x 100's,IVERMECTIN 6MG TABLET X 100'S,,BOX,0,0,STOCK,,,1,0,0,0.0,0,0.0,4,1004.46,1004.46,0.0,0.0,1,1,,,,0.0,0.0,0.0,,0.0,0.0,,0.0,0.0,0.0,0.0,,,,0.0,,0.0,0.0,0.0,0,,2021-09-09 07:49:09.717,2021-09-09,1754-01-01 15:49:09.717,0,,STOCK,00000000-0000-0000-0000-000000000000,,0,,,GOODS12,1,,,0,0,,0,,,0,0.0,,1753-01-01,1004.46,0.0,0.0,0,0,0.0,0.0,0.0,0.0,,0,0,1.0,BOX,BOX,,0,0,0,,,,0.0,0.0,,STOCKS,0,,,,LOTEXP,,,,,,,,1753-01-01,1,1753-01-01,1753-01-01,00000000-0000-0000-0000-000000000000,E230D469-806F-EB11-AA04-000D3AA30FE3,00000000-0000-0000-0000-000000000000,0,0,00000000-0000-0000-0000-000000000000,,,,1004.46,0.0,0.0,0.0,0.0,0.0,0.0,0.0,0.0,0,0,,67944766-2D04-EC11-A4C7-5E2CC006407F,2021-08-23 16:15:58.763,8FDCE4A2-E551-4114-AA5B-A4A6BAB4255F,2021-09-09 07:49:09.717,4A96EAA9-3DB9-423D-8512-43281713C4ED
b'\x00\x00\x00\x00\x06\x01\x16\xe0',AIP000288,,IVERMECTIN 12MG TABLET x 100's,IVERMECTIN 12MG TABLET X 100'S,,BOX,0,0,STOCK,,,1,0,0,0.0,0,0.0,4,1116.07,1116.07,1992.98211,0.0,1,1,,,,0.0,0.0,0.0,,0.0,0.0,,0.0,0.0,0.0,0.0,,,,0.0,,0.0,0.0,0.0,0,,2021-08-31 11:02:16.933,2021-08-31,1754-01-01 19:02:16.933,0,,STOCK,00000000-0000-0000-0000-000000000000,,0,,,EXEMPT,1,,,0,0,,0,,,0,0.0,,1753-01-01,1116.07,0.0,0.0,0,0,0.0,0.0,0.0,0.0,,0,0,1.0,BOX,BOX,,0,0,0,,,,0.0,0.0,,STOCKS,0,,,,LOTEXP,,,,,,,,1753-01-01,1,1753-01-01,1753-01-01,00000000-0000-0000-0000-000000000000,E230D469-806F-EB11-AA04-000D3AA30FE3,00000000-0000-0000-0000-000000000000,0,0,00000000-0000-0000-0000-000000000000,,,,1116.07,0.0,0.0,0.0,0.0,0.0,0.0,0.0,0.0,0,0,,20CC1ACA-2B04-EC11-A4C7-5E2CC006407F,2021-08-23 16:04:27.250,8FDCE4A2-E551-4114-AA5B-A4A6BAB4255F,2022-08-08 08:28:16.147,231778F0-FC62-474D-8BCC-F79E6C896C7A
b'\x00\x00\x00\x00\x06X \xa0',AIP000289,,IVERMECTIN 15MG TABLET x 100's,IVERMECTIN 15MG TABLET X 100'S,,BOX,0,0,STOCK,,,1,0,0,0.0,0,0.0,4,1205.36,1205.36,1205.3571,0.0,1,1,,,,0.0,0.0,0.0,,0.0,0.0,,0.0,0.0,0.0,0.0,,,,0.0,,0.0,0.0,0.0,0,,2021-08-31 11:01:52.853,2021-08-31,1754-01-01 19:01:52.853,0,,STOCK,00000000-0000-0000-0000-000000000000,,0,,,GOODS12,1,,,0,0,,0,,,0,0.0,,1753-01-01,1205.36,0.0,0.0,0,0,0.0,0.0,0.0,0.0,,0,0,1.0,BOX,BOX,,0,0,0,,,,0.0,0.0,,STOCKS,0,,,,LOTEXP,,,,,,,,1753-01-01,1,1753-01-01,1753-01-01,00000000-0000-0000-0000-000000000000,E230D469-806F-EB11-AA04-000D3AA30FE3,00000000-0000-0000-0000-000000000000,0,0,00000000-0000-0000-0000-000000000000,,,,1205.36,0.0,0.0,0.0,0.0,0.0,0.0,0.0,0.0,0,0,,332B1267-2C04-EC11-A4C7-5E2CC006407F,2021-08-23 16:08:50.597,8FDCE4A2-E551-4114-AA5B-A4A6BAB4255F,2022-10-04 09:51:52.963,231778F0-FC62-474D-8BCC-F79E6C896C7A
b'\x00\x00\x00\x00\x06\x7f\x9aC',AIP000291,,DR. ZEN'S QUERCETIN 500MG FCT x 80's,DR. ZEN'S QUERCETIN 500MG FCT X 80'S,,BOX,0,0,STOCK,,,1,0,0,0.0,0,0.0,4,514.29,514.29,1440.0,0.0,1,1,,,,0.0,0.0,0.0,,0.0,0.0,,0.0,0.0,0.0,0.0,,,,0.0,,0.0,0.0,0.0,0,,2021-09-09 05:10:38.937,2021-09-09,1754-01-01 13:10:38.937,0,,STOCK,00000000-0000-0000-0000-000000000000,,0,,,GOODS12,1,,,0,0,,0,,,0,0.0,,1753-01-01,514.29,0.0,0.0,0,0,0.0,0.0,0.0,0.0,,0,0,1.0,BOX,BOX,,0,0,0,,,,0.0,0.0,,STOCKS,0,,,,LOTEXP,,,,,,,,1753-01-01,1,1753-01-01,1753-01-01,00000000-0000-0000-0000-000000000000,E230D469-806F-EB11-AA04-000D3AA30FE3,00000000-0000-0000-0000-000000000000,0,0,00000000-0000-0000-0000-000000000000,,,,514.29,0.0,0.0,0.0,0.0,0.0,0.0,0.0,0.0,0,0,,D6B6ACAF-2211-EC11-A4C7-5E2CC006407F,2021-09-09 04:02:04.860,8FDCE4A2-E551-4114-AA5B-A4A6BAB4255F,2023-01-05 09:29:49.750,231778F0-FC62-474D-8BCC-F79E6C896C7A
b'\x00\x00\x00\x00\x0c\x951p',AIP000292,,AMLODIPINE+LOSARTAN 5MG/50MG FCT x30's (SSD),AMLODIPINE+LOSARTAN 5MG/50MG FCT X30'S (SSD),,BOX,0,0,STOCK,,,1,0,0,0.0,0,0.0,4,84.9,84.9,84.9,0.0,1,1,,,,0.0,0.0,0.0,,0.0,0.0,,0.0,0.0,0.0,0.0,,,,0.0,,0.0,0.0,0.0,0,,2024-11-26 05:50:52.463,2024-11-26,1754-01-01 13:50:52.463,0,,STOCK,00000000-0000-0000-0000-000000000000,,0,,,EXEMPT,1,,,0,0,,0,,,0,0.0,,2023-02-28,84.9,0.0,0.0,0,0,0.0,0.0,0.0,0.0,,0,0,1.0,BOX,BOX,,0,0,0,,,,0.0,0.0,,STOCKS,0,,,,LOTEXP,,,,,,,,1753-01-01,1,1753-01-01,1753-01-01,00000000-0000-0000-0000-000000000000,E230D469-806F-EB11-AA04-000D3AA30FE3,00000000-0000-0000-0000-000000000000,0,0,00000000-0000-0000-0000-000000000000,,,,84.9,0.0,0.0,0.0,0.0,0.0,0.0,0.0,0.0,0,0,,6B9EF12C-8117-EC11-A4C7-5E2CC006407F,2021-09-17 06:33:32.407,8FDCE4A2-E551-4114-AA5B-A4A6BAB4255F,2026-01-02 01:11:36.970,34C3286C-E7F6-4F45-8F69-19CD015F1C1B
b'\x00\x00\x00\x00\x0b_K\xf0',AIP000293,,AMOXICILLIN 500MG CAPSULE x100's (SSD),AMOXICILLIN 500MG CAPSULE X100'S (SSD),,BOX,0,0,STOCK,,,1,0,0,0.0,0,0.0,4,245.54,245.54,245.53571,0.0,1,1,,,,0.0,0.0,0.0,,0.0,0.0,,0.0,0.0,0.0,0.0,,,,0.0,,0.0,0.0,0.0,0,,2024-11-26 05:51:07.057,2024-11-26,1754-01-01 13:51:07.057,0,,STOCK,00000000-0000-0000-0000-000000000000,,0,,,GOODS12,1,,,0,0,,0,,,0,0.0,,2023-02-28,245.54,0.0,0.0,0,0,0.0,0.0,0.0,0.0,,0,0,1.0,BOX,BOX,,0,0,0,,,,0.0,0.0,,STOCKS,0,,,,LOTEXP,,,,,,,,1753-01-01,1,1753-01-01,1753-01-01,00000000-0000-0000-0000-000000000000,E230D469-806F-EB11-AA04-000D3AA30FE3,00000000-0000-0000-0000-000000000000,0,0,00000000-0000-0000-0000-000000000000,,,,245.54,0.0,0.0,0.0,0.0,0.0,0.0,0.0,0.0,0,0,,17E83C1E-8217-EC11-A4C7-5E2CC006407F,2021-09-17 06:40:17.213,8FDCE4A2-E551-4114-AA5B-A4A6BAB4255F,2025-02-27 03:25:03.967,34C3286C-E7F6-4F45-8F69-19CD015F1C1B
b'\x00\x00\x00\x00\x0c\x02}\xe5',AIP000294,,METOPROLOL 50MG FCTABLET x100's (SSD),METOPROLOL 50MG FCTABLET X100'S (SSD),,BOX,0,0,STOCK,,,1,0,0,0.0,0,0.0,4,80.0,80.0,80.0,0.0,1,1,,,,0.0,0.0,0.0,,0.0,0.0,,0.0,0.0,0.0,0.0,,,,0.0,,0.0,0.0,0.0,0,,2025-03-06 02:26:32.083,2025-03-06,1754-01-01 10:26:32.083,0,,STOCK,00000000-0000-0000-0000-000000000000,,0,,,EXEMPT,1,,,0,0,,0,,,0,0.0,,2025-02-28,80.0,0.0,0.0,0,0,0.0,0.0,0.0,0.0,,0,0,1.0,BOX,BOX,,0,0,0,,,,0.0,0.0,,STOCKS,0,,,,LOTEXP,,,,,,,,1753-01-01,1,1753-01-01,1753-01-01,00000000-0000-0000-0000-000000000000,E230D469-806F-EB11-AA04-000D3AA30FE3,00000000-0000-0000-0000-000000000000,0,0,00000000-0000-0000-0000-000000000000,,,,80.0,0.0,0.0,0.0,0.0,0.0,0.0,0.0,0.0,0,0,,9AF976FA-8217-EC11-A4C7-5E2CC006407F,2021-09-17 06:46:26.693,8FDCE4A2-E551-4114-AA5B-A4A6BAB4255F,2025-03-06 02:26:32.083,4A96EAA9-3DB9-423D-8512-43281713C4ED
b'\x00\x00\x00\x00\x04\xef\xa2J',AIP000295,,TOCILIZUMAB 80MG/4ML FOR INJ. IV x 1's,TOCILIZUMAB 80MG/4ML FOR INJ. IV X 1'S,,BOX,0,0,STOCK,,,1,0,0,0.0,0,0.0,4,4151.785,4151.785,8303.57,0.0,1,1,,,,0.0,0.0,0.0,,0.0,0.0,,0.0,0.0,0.0,0.0,,,,0.0,,0.0,0.0,0.0,0,,2021-11-24 05:57:28.333,2021-11-24,1754-01-01 13:57:28.333,0,,STOCK,00000000-0000-0000-0000-000000000000,,0,,,EXEMPT,1,,,0,0,,0,,,0,0.0,,1753-01-01,4151.785,0.0,0.0,0,0,0.0,0.0,0.0,0.0,,0,0,1.0,BOX,BOX,,0,0,0,,,,0.0,0.0,,STOCKS,0,,,,LOTEXP,,,,,,,,1753-01-01,1,1753-01-01,1753-01-01,00000000-0000-0000-0000-000000000000,E230D469-806F-EB11-AA04-000D3AA30FE3,00000000-0000-0000-0000-000000000000,0,0,00000000-0000-0000-0000-000000000000,,,,4151.785,0.0,0.0,0.0,0.0,0.0,0.0,0.0,0.0,0,0,,CDFBD4BD-461B-EC11-A4C7-5E2CC006407F,2021-09-22 01:45:19.817,8FDCE4A2-E551-4114-AA5B-A4A6BAB4255F,2021-12-13 00:41:01.267,F2CF650B-55FF-430A-B85A-C98239668A07
b'\x00\x00\x00\x00\r\x068\xf4',AIP000296,,TFOUR 100MCG TABLET x 100's,TFOUR 100MCG TABLET X 100'S,,BOX,0,0,STOCK,,,1,0,0,0.0,0,0.0,4,111.61,111.61,111.60714,0.0,1,1,,,,0.0,0.0,0.0,,0.0,0.0,,0.0,0.0,0.0,0.0,,,,0.0,,0.0,0.0,0.0,0,,2024-03-07 02:45:31.493,2024-03-07,1754-01-01 10:45:31.493,0,,STOCK,00000000-0000-0000-0000-000000000000,,0,,,GOODS12,1,,,0,0,,0,,,0,0.0,,2024-02-29,111.61,0.0,0.0,0,0,0.0,0.0,0.0,0.0,,0,0,1.0,BOX,BOX,,0,0,0,,,,0.0,0.0,,STOCKS,0,,,,LOTEXP,,,,,,,,1753-01-01,1,1753-01-01,1753-01-01,00000000-0000-0000-0000-000000000000,E230D469-806F-EB11-AA04-000D3AA30FE3,00000000-0000-0000-0000-000000000000,0,0,00000000-0000-0000-0000-000000000000,,,,111.61,0.0,0.0,0.0,0.0,0.0,0.0,0.0,0.0,0,0,,2D07BD36-B125-EC11-A4C9-5E2CC006407F,2021-10-05 07:52:40.943,8FDCE4A2-E551-4114-AA5B-A4A6BAB4255F,2026-01-12 00:55:56.397,0B709DB4-D647-42B9-9EEF-809FBE63D915
b'\x00\x00\x00\x00\r\x068\x8a',AIP000297,,TFOUR 50MCG TABLET x 100'S,TFOUR 50MCG TABLET X 100'S,,BOX,0,0,STOCK,,,1,0,0,0.0,0,0.0,4,68.75,68.75,68.75,0.0,1,1,,,,0.0,0.0,0.0,,0.0,0.0,,0.0,0.0,0.0,0.0,,,,0.0,,0.0,0.0,0.0,0,,2026-01-10 01:36:17.887,2026-01-10,1754-01-01 09:36:17.887,0,,STOCK,00000000-0000-0000-0000-000000000000,,0,,,GOODS12,1,,,0,0,,0,,,0,0.0,,2025-12-31,68.75,0.0,0.0,0,0,0.0,0.0,0.0,0.0,,0,0,1.0,BOX,BOX,,0,0,0,,,,0.0,0.0,,STOCKS,0,,,,LOTEXP,,,,,,,,1753-01-01,1,1753-01-01,1753-01-01,00000000-0000-0000-0000-000000000000,E230D469-806F-EB11-AA04-000D3AA30FE3,00000000-0000-0000-0000-000000000000,0,0,00000000-0000-0000-0000-000000000000,,,,68.75,0.0,0.0,0.0,0.0,0.0,0.0,0.0,0.0,0,0,,3B666AE7-B225-EC11-A4C9-5E2CC006407F,2021-10-05 08:04:46.857,8FDCE4A2-E551-4114-AA5B-A4A6BAB4255F,2026-01-12 00:55:39.093,0B709DB4-D647-42B9-9EEF-809FBE63D915
b'\x00\x00\x00\x00\r\x05p\x89',AIP000298,,FORHYPO 25MCG TAB x100's (APEX),FORHYPO 25MCG TAB X100'S (APEX),,BOT,0,0,STOCK,,,1,0,0,0.0,0,0.0,4,62.5,62.5,58.03571,0.0,1,1,,,,0.0,0.0,0.0,,0.0,0.0,,0.0,0.0,0.0,0.0,,,,0.0,,0.0,0.0,0.0,0,,2026-01-10 01:10:15.957,2026-01-10,1754-01-01 09:10:15.957,0,,STOCK,00000000-0000-0000-0000-000000000000,,0,,,GOODS12,1,,,0,0,,0,,,0,0.0,,2025-12-31,62.5,0.0,0.0,0,0,0.0,0.0,0.0,0.0,,0,0,1.0,BOT,BOT,,0,0,0,,,,0.0,0.0,,STOCKS,0,,,,LOTEXP,,,,,,,,1753-01-01,1,1753-01-01,1753-01-01,00000000-0000-0000-0000-000000000000,E130D469-806F-EB11-AA04-000D3AA30FE3,00000000-0000-0000-0000-000000000000,0,0,00000000-0000-0000-0000-000000000000,,,,62.5,0.0,0.0,0.0,0.0,0.0,0.0,0.0,0.0,0,0,,EC7C22F6-4C32-EC11-A4CA-5E2CC006407F,2021-10-21 08:57:54.347,8FDCE4A2-E551-4114-AA5B-A4A6BAB4255F,2026-01-10 01:10:15.957,4A96EAA9-3DB9-423D-8512-43281713C4ED
b'\x00\x00\x00\x00\x0c\x8c\xb5\xa5',AIP000299,,FORHYPO 50MCG TAB x100's (APEX),FORHYPO 50MCG TAB X100'S (APEX),,BOT,0,0,STOCK,,,1,0,0,0.0,0,0.0,4,68.75,68.75,68.75,0.0,1,1,,,,0.0,0.0,0.0,,0.0,0.0,,0.0,0.0,0.0,0.0,,,,0.0,,0.0,0.0,0.0,0,,2024-11-26 05:52:11.877,2024-11-26,1754-01-01 13:52:11.877,0,,STOCK,00000000-0000-0000-0000-000000000000,,0,,,GOODS12,1,,,0,0,,0,,,0,0.0,,2024-02-29,68.75,0.0,0.0,0,0,0.0,0.0,0.0,0.0,,0,0,1.0,BOT,BOT,,0,0,0,,,,0.0,0.0,,STOCKS,0,,,,LOTEXP,,,,,,,,1753-01-01,1,1753-01-01,1753-01-01,00000000-0000-0000-0000-000000000000,E130D469-806F-EB11-AA04-000D3AA30FE3,00000000-0000-0000-0000-000000000000,0,0,00000000-0000-0000-0000-000000000000,,,,68.75,0.0,0.0,0.0,0.0,0.0,0.0,0.0,0.0,0,0,,E29CB491-4E32-EC11-A4CA-5E2CC006407F,2021-10-21 09:09:18.500,8FDCE4A2-E551-4114-AA5B-A4A6BAB4255F,2025-12-05 02:59:12.177,7A43DFC9-AF93-4335-A1C5-3ABC0B06A73C
b'\x00\x00\x00\x00\x0c\x8c\xb7\xfa',AIP000300,,FORHYPO 100MCG TAB x100's (APEX),FORHYPO 100MCG TAB X100'S (APEX),,BOT,0,0,STOCK,,,1,0,0,0.0,0,0.0,4,111.61,111.61,111.60714,0.0,1,1,,,,0.0,0.0,0.0,,0.0,0.0,,0.0,0.0,0.0,0.0,,,,0.0,,0.0,0.0,0.0,0,,2024-11-26 05:52:25.710,2024-11-26,1754-01-01 13:52:25.710,0,,STOCK,00000000-0000-0000-0000-000000000000,,0,,,GOODS12,1,,,0,0,,0,,,0,0.0,,2024-02-29,111.61,0.0,0.0,0,0,0.0,0.0,0.0,0.0,,0,0,1.0,BOT,BOT,,0,0,0,,,,0.0,0.0,,STOCKS,0,,,,LOTEXP,,,,,,,,1753-01-01,1,1753-01-01,1753-01-01,00000000-0000-0000-0000-000000000000,E130D469-806F-EB11-AA04-000D3AA30FE3,00000000-0000-0000-0000-000000000000,0,0,00000000-0000-0000-0000-000000000000,,,,111.61,0.0,0.0,0.0,0.0,0.0,0.0,0.0,0.0,0,0,,867C003F-4F32-EC11-A4CA-5E2CC006407F,2021-10-21 09:14:11.210,8FDCE4A2-E551-4114-AA5B-A4A6BAB4255F,2025-12-05 03:12:52.480,7A43DFC9-AF93-4335-A1C5-3ABC0B06A73C
b'\x00\x00\x00\x00\r\x05?G',AIP000302,,ASCORBIC ACID+ZINC 500MG/10MG CAPS x100's (RPI),ASCORBIC ACID+ZINC 500MG/10MG CAPS X100'S (RPI),,BOX,0,0,STOCK,,,1,0,0,0.0,0,0.0,4,223.21,223.21,223.21428,0.0,1,1,,,,0.0,0.0,0.0,,0.0,0.0,,0.0,0.0,0.0,0.0,,,,0.0,,0.0,0.0,0.0,0,,2026-01-09 06:22:00.170,2026-01-09,1754-01-01 14:22:00.170,0,,STOCK,00000000-0000-0000-0000-000000000000,,0,,,GOODS12,1,,,0,0,,0,,,0,0.0,,2025-12-31,223.21,0.0,0.0,0,0,0.0,0.0,0.0,0.0,,0,0,1.0,BOX,BOX,,0,0,0,,,,0.0,0.0,,STOCKS,0,,,,LOTEXP,,,,,,,,1753-01-01,1,1753-01-01,1753-01-01,00000000-0000-0000-0000-000000000000,E230D469-806F-EB11-AA04-000D3AA30FE3,00000000-0000-0000-0000-000000000000,0,0,00000000-0000-0000-0000-000000000000,,,,223.21,0.0,0.0,0.0,0.0,0.0,0.0,0.0,0.0,0,0,,A2EE304E-1E74-EC11-A4CE-5E2CC006407F,2022-01-13 03:10:08.710,8FDCE4A2-E551-4114-AA5B-A4A6BAB4255F,2026-01-09 08:50:03.110,0B709DB4-D647-42B9-9EEF-809FBE63D915
b'\x00\x00\x00\x00\r\x05\xbe\xbe',AIP000303,,SITAGLIPTIN 50MG FCT x30's (WATSONS),SITAGLIPTIN 50MG FCT X30'S (WATSONS),,BOX,0,0,STOCK,,,1,0,0,0.0,0,0.0,4,172.5,172.5,165.0,0.0,1,1,,,,0.0,0.0,0.0,,0.0,0.0,,0.0,0.0,0.0,0.0,,,,0.0,,0.0,0.0,0.0,0,,2026-01-09 06:22:00.220,2026-01-09,1754-01-01 14:22:00.220,0,,STOCK,00000000-0000-0000-0000-000000000000,,0,,,EXEMPT,1,,,0,0,,0,,,0,0.0,,2025-12-31,172.5,0.0,0.0,0,0,0.0,0.0,0.0,0.0,,0,0,1.0,BOX,BOX,,0,0,0,,,,0.0,0.0,,STOCKS,0,,,,LOTEXP,,,,,,,,1753-01-01,1,1753-01-01,1753-01-01,00000000-0000-0000-0000-000000000000,E230D469-806F-EB11-AA04-000D3AA30FE3,00000000-0000-0000-0000-000000000000,0,0,00000000-0000-0000-0000-000000000000,,,,172.5,0.0,0.0,0.0,0.0,0.0,0.0,0.0,0.0,0,0,,B8A7C656-9979-EC11-A4CE-5E2CC006407F,2022-01-20 02:33:24.447,8FDCE4A2-E551-4114-AA5B-A4A6BAB4255F,2026-01-10 02:32:59.110,0B709DB4-D647-42B9-9EEF-809FBE63D915
b'\x00\x00\x00\x00\r\x05\xbe\xc2',AIP000304,,SITAGLIPTIN 100MG FCT x30's (WATSONS),SITAGLIPTIN 100MG FCT X30'S (WATSONS),,BOX,0,0,STOCK,,,1,0,0,0.0,0,0.0,4,187.5,187.5,180.0,0.0,1,1,,,,0.0,0.0,0.0,,0.0,0.0,,0.0,0.0,0.0,0.0,,,,0.0,,0.0,0.0,0.0,0,,2024-11-26 05:53:24.963,2024-11-26,1754-01-01 13:53:24.963,0,,STOCK,00000000-0000-0000-0000-000000000000,,0,,,EXEMPT,1,,,0,0,,0,,,0,0.0,,1753-01-01,187.5,0.0,0.0,0,0,0.0,0.0,0.0,0.0,,0,0,1.0,BOX,BOX,,0,0,0,,,,0.0,0.0,,STOCKS,0,,,,LOTEXP,,,,,,,,1753-01-01,1,1753-01-01,1753-01-01,00000000-0000-0000-0000-000000000000,E230D469-806F-EB11-AA04-000D3AA30FE3,00000000-0000-0000-0000-000000000000,0,0,00000000-0000-0000-0000-000000000000,,,,187.5,0.0,0.0,0.0,0.0,0.0,0.0,0.0,0.0,0,0,,CEF48739-A079-EC11-A4CE-5E2CC006407F,2022-01-20 03:22:45.780,8FDCE4A2-E551-4114-AA5B-A4A6BAB4255F,2026-01-10 02:32:59.123,0B709DB4-D647-42B9-9EEF-809FBE63D915
b'\x00\x00\x00\x00\r\x05:*',AIP000305,,IRBESARTAN 150MG FCTAB x 30's (SSD),IRBESARTAN 150MG FCTAB X 30'S (SSD),,BOX,0,0,STOCK,,,1,0,0,0.0,0,0.0,4,93.9,93.9,93.75,0.0,1,1,,,,0.0,0.0,0.0,,0.0,0.0,,0.0,0.0,0.0,0.0,,,,0.0,,0.0,0.0,0.0,0,,2024-11-26 05:53:39.837,2024-11-26,1754-01-01 13:53:39.837,0,,STOCK,00000000-0000-0000-0000-000000000000,,0,,,EXEMPT,1,,,0,0,,0,,,0,0.0,,1753-01-01,93.9,0.0,0.0,0,0,0.0,0.0,0.0,0.0,,0,0,1.0,BOX,BOX,,0,0,0,,,,0.0,0.0,,STOCKS,0,,,,LOTEXP,,,,,,,,1753-01-01,1,1753-01-01,1753-01-01,00000000-0000-0000-0000-000000000000,E230D469-806F-EB11-AA04-000D3AA30FE3,00000000-0000-0000-0000-000000000000,0,0,00000000-0000-0000-0000-000000000000,,,,93.9,0.0,0.0,0.0,0.0,0.0,0.0,0.0,0.0,0,0,,F09D87EF-598D-EC11-A4D5-5E2CC006407F,2022-02-14 05:49:56.190,8FDCE4A2-E551-4114-AA5B-A4A6BAB4255F,2026-01-09 08:36:58.910,4A96EAA9-3DB9-423D-8512-43281713C4ED
b'\x00\x00\x00\x00\r\x06=\xa4',AIP000306,,CLONIDINE 75MCG TABLET x 100's (ACTIMED),CLONIDINE 75MCG TABLET X 100'S (ACTIMED),,BOX,0,0,STOCK,,,1,0,0,0.0,0,0.0,4,255.0,255.0,268.0,0.0,1,1,,,,0.0,0.0,0.0,,0.0,0.0,,0.0,0.0,0.0,0.0,,,,0.0,,0.0,0.0,0.0,0,,2024-11-26 05:53:53.140,2024-11-26,1754-01-01 13:53:53.140,0,,STOCK,00000000-0000-0000-0000-000000000000,,0,,,EXEMPT,1,,,0,0,,0,,,0,0.0,,1753-01-01,255.0,0.0,0.0,0,0,0.0,0.0,0.0,0.0,,0,0,1.0,BOX,BOX,,0,0,0,,,,0.0,0.0,,STOCKS,0,,,,LOTEXP,,,,,,,,1753-01-01,1,1753-01-01,1753-01-01,00000000-0000-0000-0000-000000000000,E230D469-806F-EB11-AA04-000D3AA30FE3,00000000-0000-0000-0000-000000000000,0,0,00000000-0000-0000-0000-000000000000,,,,255.0,0.0,0.0,0.0,0.0,0.0,0.0,0.0,0.0,0,0,,9533993F-C093-EC11-A4DC-5E2CC006407F,2022-02-22 09:17:26.180,8FDCE4A2-E551-4114-AA5B-A4A6BAB4255F,2026-01-12 00:58:19.243,0B709DB4-D647-42B9-9EEF-809FBE63D915
b'\x00\x00\x00\x00\r\x05@L',AIP000307,,PARACETAMOL 500MG TABLET x 100's (SJD),PARACETAMOL 500MG TABLET X 100'S (SJD),,BOX,0,0,STOCK,,,1,0,0,0.0,0,0.0,4,89.29,89.29,89.28571,0.0,1,1,,,,0.0,0.0,0.0,,0.0,0.0,,0.0,0.0,0.0,0.0,,,,0.0,,0.0,0.0,0.0,0,,2024-11-26 05:54:09.220,2024-11-26,1754-01-01 13:54:09.220,0,,STOCK,00000000-0000-0000-0000-000000000000,,0,,,GOODS12,1,,,0,0,,0,,,0,0.0,,2023-02-28,89.29,0.0,0.0,0,0,0.0,0.0,0.0,0.0,,0,0,1.0,BOX,BOX,,0,0,0,,,,0.0,0.0,,STOCKS,0,,,,LOTEXP,,,,,,,,1753-01-01,1,1753-01-01,1753-01-01,00000000-0000-0000-0000-000000000000,E230D469-806F-EB11-AA04-000D3AA30FE3,00000000-0000-0000-0000-000000000000,0,0,00000000-0000-0000-0000-000000000000,,,,89.29,0.0,0.0,0.0,0.0,0.0,0.0,0.0,0.0,0,0,,C6357584-C193-EC11-A4DC-5E2CC006407F,2022-02-22 09:26:31.187,8FDCE4A2-E551-4114-AA5B-A4A6BAB4255F,2026-01-09 08:50:22.603,0B709DB4-D647-42B9-9EEF-809FBE63D915
b'\x00\x00\x00\x00\x0cL\xe9z',AIP000308,,TFOUR 50MCG TABLET x 10's PHYSICIAN SAMPLES,TFOUR 50MCG TABLET X 10'S PHYSICIAN SAMPLES,,BOX,0,0,STOCK,,,1,0,0,0.0,0,0.0,4,33.04,33.04,33.03571,0.0,1,1,,,,0.0,0.0,0.0,,0.0,0.0,,0.0,0.0,0.0,0.0,,,,0.0,,0.0,0.0,0.0,0,,2024-03-07 02:45:31.710,2024-03-07,1754-01-01 10:45:31.710,0,,STOCK,00000000-0000-0000-0000-000000000000,,0,,,GOODS12,1,,,0,0,,0,,,0,0.0,,2024-02-29,33.04,0.0,0.0,0,0,0.0,0.0,0.0,0.0,,0,0,1.0,BOX,BOX,,0,0,0,,,,0.0,0.0,,STOCKS,0,,,,LOTEXP,,,,,,,,1753-01-01,1,1753-01-01,1753-01-01,00000000-0000-0000-0000-000000000000,E230D469-806F-EB11-AA04-000D3AA30FE3,00000000-0000-0000-0000-000000000000,0,0,00000000-0000-0000-0000-000000000000,,,,33.04,0.0,0.0,0.0,0.0,0.0,0.0,0.0,0.0,0,0,,663DFFED-4F95-EC11-A4DC-5E2CC006407F,2022-02-24 08:58:34.650,8FDCE4A2-E551-4114-AA5B-A4A6BAB4255F,2025-08-02 03:17:39.217,0B709DB4-D647-42B9-9EEF-809FBE63D915
b'\x00\x00\x00\x00\x08\xdb7\xbb',AIP000309,,TFOUR 100MCG TABLET x 10's PHYSICIAN SAMPLES,TFOUR 100MCG TABLET X 10'S PHYSICIAN SAMPLES,,BOX,0,0,STOCK,,,1,0,0,0.0,0,0.0,4,41.96,41.96,41.96429,0.0,1,1,,,,0.0,0.0,0.0,,0.0,0.0,,0.0,0.0,0.0,0.0,,,,0.0,,0.0,0.0,0.0,0,,2024-03-07 02:45:31.727,2024-03-07,1754-01-01 10:45:31.727,0,,STOCK,00000000-0000-0000-0000-000000000000,,0,,,GOODS12,1,,,0,0,,0,,,0,0.0,,2024-02-29,41.96,0.0,0.0,0,0,0.0,0.0,0.0,0.0,,0,0,1.0,BOX,BOX,,0,0,0,,,,0.0,0.0,,STOCKS,0,,,,LOTEXP,,,,,,,,1753-01-01,1,1753-01-01,1753-01-01,00000000-0000-0000-0000-000000000000,E230D469-806F-EB11-AA04-000D3AA30FE3,00000000-0000-0000-0000-000000000000,0,0,00000000-0000-0000-0000-000000000000,,,,41.96,0.0,0.0,0.0,0.0,0.0,0.0,0.0,0.0,0,0,,84761344-3A98-EC11-A4DD-5E2CC006407F,2022-02-28 02:01:02.233,8FDCE4A2-E551-4114-AA5B-A4A6BAB4255F,2024-03-07 02:45:31.727,4A96EAA9-3DB9-423D-8512-43281713C4ED
b'\x00\x00\x00\x00\x0c\x8d}\xd1',AIP000310,,RISPONZ 1MG/ML ORAL SOL. x 30ML (ZYDUS),RISPONZ 1MG/ML ORAL SOL. X 30ML (ZYDUS),,BOT,0,0,STOCK,,,1,0,0,0.0,0,0.0,4,250.0,250.0,223.21,0.0,1,1,,,,0.0,0.0,0.0,,0.0,0.0,,0.0,0.0,0.0,0.0,,,,0.0,,0.0,0.0,0.0,0,,2024-11-26 05:54:33.510,2024-11-26,1754-01-01 13:54:33.510,0,,STOCK,00000000-0000-0000-0000-000000000000,,0,,,EXEMPT,1,,,0,0,,0,,,0,0.0,,1753-01-01,250.0,0.0,0.0,0,0,0.0,0.0,0.0,0.0,,0,0,1.0,BOT,BOT,,0,0,0,,,,0.0,0.0,,STOCKS,0,,,,LOTEXP,,,,,,,,1753-01-01,1,1753-01-01,1753-01-01,00000000-0000-0000-0000-000000000000,E130D469-806F-EB11-AA04-000D3AA30FE3,00000000-0000-0000-0000-000000000000,0,0,00000000-0000-0000-0000-000000000000,,,,250.0,0.0,0.0,0.0,0.0,0.0,0.0,0.0,0.0,0,0,,40B9FB01-40F0-EC11-A4E4-5E2CC006407F,2022-06-20 02:23:52.913,8FDCE4A2-E551-4114-AA5B-A4A6BAB4255F,2025-12-09 00:39:01.167,7A43DFC9-AF93-4335-A1C5-3ABC0B06A73C
b'\x00\x00\x00\x00\x0ba\x18 ',AIP000311,,LUPIGLIPTIN 50mg FCTABLET x 30's (MULTICARE),LUPIGLIPTIN 50MG FCTABLET X 30'S (MULTICARE),,BOX,0,0,STOCK,,,1,0,0,0.0,0,0.0,4,187.5,187.5,120.0,0.0,1,1,,,,0.0,0.0,0.0,,0.0,0.0,,0.0,0.0,0.0,0.0,,,,0.0,,0.0,0.0,0.0,0,,2024-11-26 05:54:49.397,2024-11-26,1754-01-01 13:54:49.397,0,,STOCK,00000000-0000-0000-0000-000000000000,,0,,,EXEMPT,1,,,0,0,,0,,,0,0.0,,1753-01-01,187.5,0.0,0.0,0,0,0.0,0.0,0.0,0.0,,0,0,1.0,BOX,BOX,,0,0,0,,,,0.0,0.0,,STOCKS,0,,,,LOTEXP,,,,,,,,1753-01-01,1,1753-01-01,1753-01-01,00000000-0000-0000-0000-000000000000,E230D469-806F-EB11-AA04-000D3AA30FE3,00000000-0000-0000-0000-000000000000,0,0,00000000-0000-0000-0000-000000000000,,,,187.5,0.0,0.0,0.0,0.0,0.0,0.0,0.0,0.0,0,0,,7E7D6626-7902-ED11-A4E4-5E2CC006407F,2022-07-13 06:58:08.690,8FDCE4A2-E551-4114-AA5B-A4A6BAB4255F,2025-03-01 02:25:08.273,0B709DB4-D647-42B9-9EEF-809FBE63D915
b'\x00\x00\x00\x00\x0c\x15\xfc\xca',AIP000312,,LUPIGLIPTIN 100mg FCTABLET x 30's (MULTICARE),LUPIGLIPTIN 100MG FCTABLET X 30'S (MULTICARE),,BOX,0,0,STOCK,,,1,0,0,0.0,0,0.0,4,187.5,187.5,187.5,0.0,1,1,,,,0.0,0.0,0.0,,0.0,0.0,,0.0,0.0,0.0,0.0,,,,0.0,,0.0,0.0,0.0,0,,2024-11-26 05:55:04.177,2024-11-26,1754-01-01 13:55:04.177,0,,STOCK,00000000-0000-0000-0000-000000000000,,0,,,EXEMPT,1,,,0,0,,0,,,0,0.0,,1753-01-01,187.5,0.0,0.0,0,0,0.0,0.0,0.0,0.0,,0,0,1.0,BOX,BOX,,0,0,0,,,,0.0,0.0,,STOCKS,0,,,,LOTEXP,,,,,,,,1753-01-01,1,1753-01-01,1753-01-01,00000000-0000-0000-0000-000000000000,E230D469-806F-EB11-AA04-000D3AA30FE3,00000000-0000-0000-0000-000000000000,0,0,00000000-0000-0000-0000-000000000000,,,,187.5,0.0,0.0,0.0,0.0,0.0,0.0,0.0,0.0,0,0,,CDE2F6D2-7B02-ED11-A4E4-5E2CC006407F,2022-07-13 07:17:17.213,8FDCE4A2-E551-4114-AA5B-A4A6BAB4255F,2025-04-14 01:25:14.667,0B709DB4-D647-42B9-9EEF-809FBE63D915
b'\x00\x00\x00\x00\x08\xdb7\xbf',AIP000313,,SOLPRIM EPO 1000MG F.S. SOFTGEL CAPS x 30's,SOLPRIM EPO 1000MG F.S. SOFTGEL CAPS X 30'S,,BOX,0,0,STOCK,,,1,0,0,0.0,0,0.0,4,190.45,190.45,0.0,0.0,1,1,,,,0.0,0.0,0.0,,0.0,0.0,,0.0,0.0,0.0,0.0,,,,0.0,,0.0,0.0,0.0,0,,2024-03-07 02:45:31.727,2024-03-07,1754-01-01 10:45:31.727,0,,STOCK,00000000-0000-0000-0000-000000000000,,0,,,GOODS12,1,,,0,0,,0,,,0,0.0,,2024-02-29,190.45,0.0,0.0,0,0,0.0,0.0,0.0,0.0,,0,0,1.0,BOX,BOX,,0,0,0,,,,0.0,0.0,,STOCKS,0,,,,LOTEXP,,,,,,,,1753-01-01,1,1753-01-01,1753-01-01,00000000-0000-0000-0000-000000000000,E230D469-806F-EB11-AA04-000D3AA30FE3,00000000-0000-0000-0000-000000000000,0,0,00000000-0000-0000-0000-000000000000,,,,190.45,0.0,0.0,0.0,0.0,0.0,0.0,0.0,0.0,0,0,,D7614BCD-904B-ED11-A4EA-5E2CC006407F,2022-10-14 07:21:22.017,8FDCE4A2-E551-4114-AA5B-A4A6BAB4255F,2024-03-07 02:45:31.727,4A96EAA9-3DB9-423D-8512-43281713C4ED
b'\x00\x00\x00\x00\x08\xdb7\xc3',AIP000314,,PREHEXA F.O VITS. MIN. F.S. SOFTGEL CAPS x 30's,PREHEXA F.O VITS. MIN. F.S. SOFTGEL CAPS X 30'S,,BOX,0,0,STOCK,,,1,0,0,0.0,0,0.0,4,147.05,147.05,125.301,0.0,1,1,,,,0.0,0.0,0.0,,0.0,0.0,,0.0,0.0,0.0,0.0,,,,0.0,,0.0,0.0,0.0,0,,2024-03-07 02:45:31.743,2024-03-07,1754-01-01 10:45:31.743,0,,STOCK,00000000-0000-0000-0000-000000000000,,0,,,GOODS12,1,,,0,0,,0,,,0,0.0,,2024-02-29,147.05,0.0,0.0,0,0,0.0,0.0,0.0,0.0,,0,0,1.0,BOX,BOX,,0,0,0,,,,0.0,0.0,,STOCKS,0,,,,LOTEXP,,,,,,,,1753-01-01,1,1753-01-01,1753-01-01,00000000-0000-0000-0000-000000000000,E230D469-806F-EB11-AA04-000D3AA30FE3,00000000-0000-0000-0000-000000000000,0,0,00000000-0000-0000-0000-000000000000,,,,147.05,0.0,0.0,0.0,0.0,0.0,0.0,0.0,0.0,0,0,,A881CFF5-914B-ED11-A4EA-5E2CC006407F,2022-10-14 07:29:39.470,8FDCE4A2-E551-4114-AA5B-A4A6BAB4255F,2024-03-07 02:45:31.743,4A96EAA9-3DB9-423D-8512-43281713C4ED
b'\x00\x00\x00\x00\x0c\x90{\x8f',AIP000315,,LOPERAMIDE 2MG CAPSULE x 100's (ST. JOSEPH),LOPERAMIDE 2MG CAPSULE X 100'S (ST. JOSEPH),,BOX,0,0,STOCK,,,1,0,0,0.0,0,0.0,4,63.39,63.39,63.39286,0.0,1,1,,,,0.0,0.0,0.0,,0.0,0.0,,0.0,0.0,0.0,0.0,,,,0.0,,0.0,0.0,0.0,0,,2024-09-27 00:09:03.253,2024-09-27,1754-01-01 08:09:03.253,0,,STOCK,00000000-0000-0000-0000-000000000000,,0,,,GOODS12,1,,,0,0,,0,,,0,0.0,,1753-01-01,63.39,0.0,0.0,0,0,0.0,0.0,0.0,0.0,,0,0,1.0,BOX,BOX,,0,0,0,,,,0.0,0.0,,STOCKS,0,,,,LOTEXP,,,,,,,,1753-01-01,1,1753-01-01,1753-01-01,00000000-0000-0000-0000-000000000000,E230D469-806F-EB11-AA04-000D3AA30FE3,00000000-0000-0000-0000-000000000000,0,0,00000000-0000-0000-0000-000000000000,,,,63.39,0.0,0.0,0.0,0.0,0.0,0.0,0.0,0.0,0,0,,FA5F1380-A66B-ED11-A4EC-5E2CC006407F,2022-11-24 03:17:18.583,8FDCE4A2-E551-4114-AA5B-A4A6BAB4255F,2025-12-16 06:10:07.860,0B709DB4-D647-42B9-9EEF-809FBE63D915
b'\x00\x00\x00\x00\x0c\x97\x17\xe2',AIP000316,,LUPIGLIPTIN PLUS 50mg/500mg FCTab x 21's,LUPIGLIPTIN PLUS 50MG/500MG FCTAB X 21'S,(MULTICARE),BOX,0,0,STOCK,,,1,0,0,0.0,0,0.0,4,73.5,73.5,73.5,0.0,1,1,,,,0.0,0.0,0.0,,0.0,0.0,,0.0,0.0,0.0,0.0,,,,0.0,,0.0,0.0,0.0,0,,2025-03-27 05:59:45.797,2025-03-27,1754-01-01 13:59:45.797,0,,STOCK,00000000-0000-0000-0000-000000000000,,0,,,EXEMPT,1,,,0,0,,0,,,0,0.0,,2025-02-28,73.5,0.0,0.0,0,0,0.0,0.0,0.0,0.0,,0,0,1.0,BOX,BOX,,0,0,0,,,,0.0,0.0,,STOCKS,0,,,,LOTEXP,,,,,,,,1753-01-01,1,1753-01-01,1753-01-01,00000000-0000-0000-0000-000000000000,E230D469-806F-EB11-AA04-000D3AA30FE3,00000000-0000-0000-0000-000000000000,0,0,00000000-0000-0000-0000-000000000000,,,,73.5,0.0,0.0,0.0,0.0,0.0,0.0,0.0,0.0,0,0,,DCD7B045-1B93-ED11-A4EC-5E2CC006407F,2023-01-13 08:21:27.097,8FDCE4A2-E551-4114-AA5B-A4A6BAB4255F,2026-01-06 07:01:49.977,7A43DFC9-AF93-4335-A1C5-3ABC0B06A73C
b'\x00\x00\x00\x00\x0c\x959\x82',AIP000317,,LUPIGLIPTIN PLUS 1g/50mg FCTAB x 21's (MULTICARE),LUPIGLIPTIN PLUS 1G/50MG FCTAB,,BOX,0,0,STOCK,,,1,0,0,0.0,0,0.0,4,89.25,89.25,89.25,0.0,1,1,,,,0.0,0.0,0.0,,0.0,0.0,,0.0,0.0,0.0,0.0,,,,0.0,,0.0,0.0,0.0,0,,2025-03-06 02:26:32.263,2025-03-06,1754-01-01 10:26:32.263,0,,STOCK,00000000-0000-0000-0000-000000000000,,0,,,EXEMPT,1,,,0,0,,0,,,0,0.0,,2025-02-28,89.25,0.0,0.0,0,0,0.0,0.0,0.0,0.0,,0,0,1.0,BOX,BOX,,0,0,0,,,,0.0,0.0,,STOCKS,0,,,,LOTEXP,,,,,,,,1753-01-01,1,1753-01-01,1753-01-01,00000000-0000-0000-0000-000000000000,E230D469-806F-EB11-AA04-000D3AA30FE3,00000000-0000-0000-0000-000000000000,0,0,00000000-0000-0000-0000-000000000000,,,,89.25,0.0,0.0,0.0,0.0,0.0,0.0,0.0,0.0,0,0,,2D1B3CEC-1C93-ED11-A4EC-5E2CC006407F,2023-01-13 08:33:16.007,8FDCE4A2-E551-4114-AA5B-A4A6BAB4255F,2026-01-02 01:30:50.053,34C3286C-E7F6-4F45-8F69-19CD015F1C1B
b'\x00\x00\x00\x00\x0c\x87=E',AIP000318,,METOPROLOL 100MG FCTABLET x 100's (ACTIMED),METOPROLOL 100MG FCTABLET X 100'S (ACTIMED),,BOX,0,0,STOCK,,,1,0,0,0.0,0,0.0,4,85.0,85.0,85.0,0.0,1,1,,,,0.0,0.0,0.0,,0.0,0.0,,0.0,0.0,0.0,0.0,,,,0.0,,0.0,0.0,0.0,0,,2025-03-06 02:26:32.383,2025-03-06,1754-01-01 10:26:32.383,0,,STOCK,00000000-0000-0000-0000-000000000000,,0,,,EXEMPT,1,,,0,0,,0,,,0,0.0,,2025-02-28,85.0,0.0,0.0,0,0,0.0,0.0,0.0,0.0,,0,0,1.0,BOX,BOX,,0,0,0,,,,0.0,0.0,,STOCKS,0,,,,LOTEXP,,,,,,,,1753-01-01,1,1753-01-01,1753-01-01,00000000-0000-0000-0000-000000000000,E230D469-806F-EB11-AA04-000D3AA30FE3,00000000-0000-0000-0000-000000000000,0,0,00000000-0000-0000-0000-000000000000,,,,85.0,0.0,0.0,0.0,0.0,0.0,0.0,0.0,0.0,0,0,,F2C46355-16B8-ED11-A4EC-5E2CC006407F,2023-03-01 09:49:18.990,8FDCE4A2-E551-4114-AA5B-A4A6BAB4255F,2025-11-28 00:28:03.777,0B709DB4-D647-42B9-9EEF-809FBE63D915
b'\x00\x00\x00\x00\x07\x80:\xb6',AIP000319,,JAGAPLEX Film Coated Tablet x 100's,JAGAPLEX FILM COATED TABLET X 100'S,,BOX,0,0,STOCK,,,1,0,0,0.0,0,0.0,4,417.34,417.34,417.34,0.0,1,1,,,,0.0,0.0,0.0,,0.0,0.0,,0.0,0.0,0.0,0.0,,,,0.0,,0.0,0.0,0.0,0,,2023-04-03 10:02:40.970,2023-04-03,1754-01-01 18:02:40.970,0,,STOCK,00000000-0000-0000-0000-000000000000,,0,,,GOODS12,1,,,0,0,,0,,,0,0.0,,1753-01-01,417.34,0.0,0.0,0,0,0.0,0.0,0.0,0.0,,0,0,1.0,BOX,BOX,,0,0,0,,,,0.0,0.0,,STOCKS,0,,,,LOTEXP,,,,,,,,1753-01-01,1,1753-01-01,1753-01-01,00000000-0000-0000-0000-000000000000,E230D469-806F-EB11-AA04-000D3AA30FE3,00000000-0000-0000-0000-000000000000,0,0,00000000-0000-0000-0000-000000000000,,,,417.34,0.0,0.0,0.0,0.0,0.0,0.0,0.0,0.0,0,0,,C182A25D-04D2-ED11-A4EC-5E2CC006407F,2023-04-03 09:46:13.020,8FDCE4A2-E551-4114-AA5B-A4A6BAB4255F,2023-05-11 02:18:43.703,38477BBC-6CEA-46E1-81BA-B318E4518C57
b'\x00\x00\x00\x00\x0bQ\xad*',AIP000320,,KIDDIREL SYRUP w/ ZINC x120mL,KIDDIREL SYRUP W/ ZINC X120ML,,BOT,0,0,STOCK,,,1,0,0,0.0,0,0.0,4,93.75,93.75,105.0,0.0,1,1,,,,0.0,0.0,0.0,,0.0,0.0,,0.0,0.0,0.0,0.0,,,,0.0,,0.0,0.0,0.0,0,,2023-04-28 00:35:06.987,2023-04-28,1754-01-01 08:35:06.987,0,,STOCK,00000000-0000-0000-0000-000000000000,,0,,,GOODS12,1,,,0,0,,0,,,0,0.0,,1753-01-01,93.75,0.0,0.0,0,0,0.0,0.0,0.0,0.0,,0,0,1.0,BOT,BOT,,0,0,0,,,,0.0,0.0,,STOCKS,0,,,,LOTEXP,,,,,,,,1753-01-01,1,1753-01-01,1753-01-01,00000000-0000-0000-0000-000000000000,E130D469-806F-EB11-AA04-000D3AA30FE3,00000000-0000-0000-0000-000000000000,0,0,00000000-0000-0000-0000-000000000000,,,,93.75,0.0,0.0,0.0,0.0,0.0,0.0,0.0,0.0,0,0,,D158B8B7-DAE4-ED11-A4EC-5E2CC006407F,2023-04-27 09:05:56.467,8FDCE4A2-E551-4114-AA5B-A4A6BAB4255F,2025-02-04 03:01:57.200,34C3286C-E7F6-4F45-8F69-19CD015F1C1B
b'\x00\x00\x00\x00\x0ce\x8eT',AIP000321,,KIDDIREL DROPS w/ ZINC x 15mL,KIDDIREL DROPS W/ ZINC X 15ML,,BOT,0,0,STOCK,,,1,0,0,0.0,0,0.0,4,53.57,53.57,60.0,0.0,1,1,,,,0.0,0.0,0.0,,0.0,0.0,,0.0,0.0,0.0,0.0,,,,0.0,,0.0,0.0,0.0,0,,2023-04-28 00:35:37.843,2023-04-28,1754-01-01 08:35:37.843,0,,STOCK,00000000-0000-0000-0000-000000000000,,0,,,GOODS12,1,,,0,0,,0,,,0,0.0,,1753-01-01,53.57,0.0,0.0,0,0,0.0,0.0,0.0,0.0,,0,0,1.0,BOT,BOT,,0,0,0,,,,0.0,0.0,,STOCKS,0,,,,LOTEXP,,,,,,,,1753-01-01,1,1753-01-01,1753-01-01,00000000-0000-0000-0000-000000000000,E130D469-806F-EB11-AA04-000D3AA30FE3,00000000-0000-0000-0000-000000000000,0,0,00000000-0000-0000-0000-000000000000,,,,53.57,0.0,0.0,0.0,0.0,0.0,0.0,0.0,0.0,0,0,,B123E453-DBE4-ED11-A4EC-5E2CC006407F,2023-04-27 09:10:25.647,8FDCE4A2-E551-4114-AA5B-A4A6BAB4255F,2025-09-24 08:07:44.130,0A03287F-3B77-4821-969F-D1C214171B0D
b'\x00\x00\x00\x00\x0c\x07\xa7\xb2',AIP000322,,LEVOPRES 30MG/5ML SYRUP 60mL x 1's,LEVOPRES 30MG/5ML SYRUP 60ML X 1'S,,BOT,0,0,STOCK,,,1,0,0,0.0,0,0.0,4,62.5,62.5,56.25,0.0,1,1,,,,0.0,0.0,0.0,,0.0,0.0,,0.0,0.0,0.0,0.0,,,,0.0,,0.0,0.0,0.0,0,,2024-03-07 02:45:31.837,2024-03-07,1754-01-01 10:45:31.837,0,,STOCK,00000000-0000-0000-0000-000000000000,,0,,,GOODS12,1,,,0,0,,0,,,0,0.0,,2024-02-29,62.5,0.0,0.0,0,0,0.0,0.0,0.0,0.0,,0,0,1.0,BOT,BOT,,0,0,0,,,,0.0,0.0,,STOCKS,0,,,,LOTEXP,,,,,,,,1753-01-01,1,1753-01-01,1753-01-01,00000000-0000-0000-0000-000000000000,E130D469-806F-EB11-AA04-000D3AA30FE3,00000000-0000-0000-0000-000000000000,0,0,00000000-0000-0000-0000-000000000000,,,,62.5,0.0,0.0,0.0,0.0,0.0,0.0,0.0,0.0,0,0,,139BDFB1-18EB-ED11-A4EC-5E2CC006407F,2023-05-05 07:44:42.430,8FDCE4A2-E551-4114-AA5B-A4A6BAB4255F,2025-03-14 05:50:53.857,7A43DFC9-AF93-4335-A1C5-3ABC0B06A73C
b'\x00\x00\x00\x00\x0cb\xa4\xcf',AIP000323,,LEVOPRES 30MG/5ML SYRUP 120mL x 1's,LEVOPRES 30MG/5ML SYRUP,,BOT,0,0,STOCK,,,1,0,0,0.0,0,0.0,4,93.75,93.75,89.28571,0.0,1,1,,,,0.0,0.0,0.0,,0.0,0.0,,0.0,0.0,0.0,0.0,,,,0.0,,0.0,0.0,0.0,0,,2024-03-07 02:45:31.853,2024-03-07,1754-01-01 10:45:31.853,0,,STOCK,00000000-0000-0000-0000-000000000000,,0,,,GOODS12,1,,,0,0,,0,,,0,0.0,,2024-02-29,93.75,0.0,0.0,0,0,0.0,0.0,0.0,0.0,,0,0,1.0,BOT,BOT,,0,0,0,,,,0.0,0.0,,STOCKS,0,,,,LOTEXP,,,,,,,,1753-01-01,1,1753-01-01,1753-01-01,00000000-0000-0000-0000-000000000000,E130D469-806F-EB11-AA04-000D3AA30FE3,00000000-0000-0000-0000-000000000000,0,0,00000000-0000-0000-0000-000000000000,,,,93.75,0.0,0.0,0.0,0.0,0.0,0.0,0.0,0.0,0,0,,014CF52B-1AEB-ED11-A4EC-5E2CC006407F,2023-05-05 07:55:16.753,8FDCE4A2-E551-4114-AA5B-A4A6BAB4255F,2025-09-17 05:36:55.227,7A43DFC9-AF93-4335-A1C5-3ABC0B06A73C
b'\x00\x00\x00\x00\r\x0674',AIP000324,,CO-AMOXICLAV 500MG/125MG FCTABLET x 30's (SJD),CO-AMOXICLAV 500MG/125MG FCTABLET X 30'S (SJD),,BOX,0,0,STOCK,,,1,0,0,0.0,0,0.0,4,321.43,321.43,321.42857,0.0,1,1,,,,0.0,0.0,0.0,,0.0,0.0,,0.0,0.0,0.0,0.0,,,,0.0,,0.0,0.0,0.0,0,,2024-11-26 05:56:22.443,2024-11-26,1754-01-01 13:56:22.443,0,,STOCK,00000000-0000-0000-0000-000000000000,,0,,,GOODS12,1,,,0,0,,0,,,0,0.0,,1753-01-01,321.43,0.0,0.0,0,0,0.0,0.0,0.0,0.0,,0,0,1.0,BOX,BOX,,0,0,0,,,,0.0,0.0,,STOCKS,0,,,,LOTEXP,,,,,,,,1753-01-01,1,1753-01-01,1753-01-01,00000000-0000-0000-0000-000000000000,E230D469-806F-EB11-AA04-000D3AA30FE3,00000000-0000-0000-0000-000000000000,0,0,00000000-0000-0000-0000-000000000000,,,,321.43,0.0,0.0,0.0,0.0,0.0,0.0,0.0,0.0,0,0,,FD4240B4-0DEE-ED11-A4EC-5E2CC006407F,2023-05-09 02:03:35.443,8FDCE4A2-E551-4114-AA5B-A4A6BAB4255F,2026-01-12 00:54:42.313,0B709DB4-D647-42B9-9EEF-809FBE63D915
b'\x00\x00\x00\x00\r\x05p\x8d',AIP000325,,ETORICOXIB 120MG FCTABLET x 30's (WATSONS),ETORICOXIB 120MG FCTABLET X 30'S (WATSONS),,BOX,0,0,STOCK,,,1,0,0,0.0,0,0.0,4,254.46,254.46,254.46429,0.0,1,1,,,,0.0,0.0,0.0,,0.0,0.0,,0.0,0.0,0.0,0.0,,,,0.0,,0.0,0.0,0.0,0,,2026-01-10 01:10:16.030,2026-01-10,1754-01-01 09:10:16.030,0,,STOCK,00000000-0000-0000-0000-000000000000,,0,,,GOODS12,1,,,0,0,,0,,,0,0.0,,2025-12-31,254.46,0.0,0.0,0,0,0.0,0.0,0.0,0.0,,0,0,1.0,BOX,BOX,,0,0,0,,,,0.0,0.0,,STOCKS,0,,,,LOTEXP,,,,,,,,1753-01-01,1,1753-01-01,1753-01-01,00000000-0000-0000-0000-000000000000,E230D469-806F-EB11-AA04-000D3AA30FE3,00000000-0000-0000-0000-000000000000,0,0,00000000-0000-0000-0000-000000000000,,,,254.46,0.0,0.0,0.0,0.0,0.0,0.0,0.0,0.0,0,0,,A98B835A-35EE-ED11-A4EC-5E2CC006407F,2023-05-09 06:47:24.777,8FDCE4A2-E551-4114-AA5B-A4A6BAB4255F,2026-01-10 01:10:16.030,4A96EAA9-3DB9-423D-8512-43281713C4ED
b'\x00\x00\x00\x00\r\x0678',AIP000326,,VITAMIN B1+B6+B12 CAPSULE x 100's (SJD),VITAMIN B1+B6+B12 CAPSULE X 100'S (SJD),,BOX,0,0,STOCK,,,1,0,0,0.0,0,0.0,4,130.36,130.36,107.14286,0.0,1,1,,,,0.0,0.0,0.0,,0.0,0.0,,0.0,0.0,0.0,0.0,,,,0.0,,0.0,0.0,0.0,0,,2024-11-26 05:56:57.917,2024-11-26,1754-01-01 13:56:57.917,0,,STOCK,00000000-0000-0000-0000-000000000000,,0,,,GOODS12,1,,,0,0,,0,,,0,0.0,,2024-02-29,130.36,0.0,0.0,0,0,0.0,0.0,0.0,0.0,,0,0,1.0,BOX,BOX,,0,0,0,,,,0.0,0.0,,STOCKS,0,,,,LOTEXP,,,,,,,,1753-01-01,1,1753-01-01,1753-01-01,00000000-0000-0000-0000-000000000000,E230D469-806F-EB11-AA04-000D3AA30FE3,00000000-0000-0000-0000-000000000000,0,0,00000000-0000-0000-0000-000000000000,,,,130.36,0.0,0.0,0.0,0.0,0.0,0.0,0.0,0.0,0,0,,B5757146-0814-EE11-A4EC-5E2CC006407F,2023-06-26 10:00:36.260,8FDCE4A2-E551-4114-AA5B-A4A6BAB4255F,2026-01-12 00:54:42.327,0B709DB4-D647-42B9-9EEF-809FBE63D915
b'\x00\x00\x00\x00\r\x05p\x91',AIP000327,,RAPIFORT 30MG/5ML SYRUP 60ML (ZYDUS),RAPIFORT 30MG/5ML SYRUP 60ML (ZYDUS),,BOX,0,0,STOCK,,,1,0,0,0.0,0,0.0,4,56.25,56.25,56.25,0.0,1,1,,,,0.0,0.0,0.0,,0.0,0.0,,0.0,0.0,0.0,0.0,,,,0.0,,0.0,0.0,0.0,0,,2026-01-10 01:10:16.127,2026-01-10,1754-01-01 09:10:16.127,0,,STOCK,00000000-0000-0000-0000-000000000000,,0,,,GOODS12,1,,,0,0,,0,,,0,0.0,,2025-12-31,56.25,0.0,0.0,0,0,0.0,0.0,0.0,0.0,,0,0,1.0,BOX,BOX,,0,0,0,,,,0.0,0.0,,STOCKS,0,,,,LOTEXP,,,,,,,,1753-01-01,1,1753-01-01,1753-01-01,00000000-0000-0000-0000-000000000000,E230D469-806F-EB11-AA04-000D3AA30FE3,00000000-0000-0000-0000-000000000000,0,0,00000000-0000-0000-0000-000000000000,,,,56.25,0.0,0.0,0.0,0.0,0.0,0.0,0.0,0.0,0,0,,A1454EA6-4625-EE11-A4EC-5E2CC006407F,2023-07-18 08:39:47.317,8FDCE4A2-E551-4114-AA5B-A4A6BAB4255F,2026-01-10 01:10:16.127,4A96EAA9-3DB9-423D-8512-43281713C4ED
b'\x00\x00\x00\x00\r\x05p\x95',AIP000328,,RAPIFORT 30MG/5ML SYRUP 120ML (ZYDUS),RAPIFORT 30MG/5ML SYRUP 120ML (ZYDUS),,BOX,0,0,STOCK,,,1,0,0,0.0,0,0.0,4,89.29,89.29,89.28571,0.0,1,1,,,,0.0,0.0,0.0,,0.0,0.0,,0.0,0.0,0.0,0.0,,,,0.0,,0.0,0.0,0.0,0,,2026-01-10 01:10:16.150,2026-01-10,1754-01-01 09:10:16.150,0,,STOCK,00000000-0000-0000-0000-000000000000,,0,,,GOODS12,1,,,0,0,,0,,,0,0.0,,2025-12-31,89.29,0.0,0.0,0,0,0.0,0.0,0.0,0.0,,0,0,1.0,BOX,BOX,,0,0,0,,,,0.0,0.0,,STOCKS,0,,,,LOTEXP,,,,,,,,1753-01-01,1,1753-01-01,1753-01-01,00000000-0000-0000-0000-000000000000,E230D469-806F-EB11-AA04-000D3AA30FE3,00000000-0000-0000-0000-000000000000,0,0,00000000-0000-0000-0000-000000000000,,,,89.29,0.0,0.0,0.0,0.0,0.0,0.0,0.0,0.0,0,0,,437EDC78-4725-EE11-A4EC-5E2CC006407F,2023-07-18 08:45:40.570,8FDCE4A2-E551-4114-AA5B-A4A6BAB4255F,2026-01-10 01:10:16.150,4A96EAA9-3DB9-423D-8512-43281713C4ED
b'\x00\x00\x00\x00\x0c.@|',AIP000329,,PECOF DRY 30MG/5ML SYRUP 120ML x1's (GLENMARK),PECOF DRY 30MG/5ML SYRUP 120ML X1'S (GLENMARK),,BOT,0,0,STOCK,,,1,0,0,0.0,0,0.0,4,83.04,83.04,83.03571,0.0,1,1,,,,0.0,0.0,0.0,,0.0,0.0,,0.0,0.0,0.0,0.0,,,,0.0,,0.0,0.0,0.0,0,,2024-11-26 05:58:05.227,2024-11-26,1754-01-01 13:58:05.227,0,,STOCK,00000000-0000-0000-0000-000000000000,,0,,,GOODS12,1,,,0,0,,0,,,0,0.0,,1753-01-01,83.04,0.0,0.0,0,0,0.0,0.0,0.0,0.0,,0,0,1.0,BOT,BOT,,0,0,0,,,,0.0,0.0,,STOCKS,0,,,,LOTEXP,,,,,,,,1753-01-01,1,1753-01-01,1753-01-01,00000000-0000-0000-0000-000000000000,E130D469-806F-EB11-AA04-000D3AA30FE3,00000000-0000-0000-0000-000000000000,0,0,00000000-0000-0000-0000-000000000000,,,,83.04,0.0,0.0,0.0,0.0,0.0,0.0,0.0,0.0,0,0,,796B929B-7632-EE11-A4EC-5E2CC006407F,2023-08-04 03:25:50.267,8FDCE4A2-E551-4114-AA5B-A4A6BAB4255F,2025-06-10 05:53:27.787,7A43DFC9-AF93-4335-A1C5-3ABC0B06A73C
b'\x00\x00\x00\x00\x0b4\x08\r',AIP000330,,FERTYL 50MG TABLET x 10's (MPPI),FERTYL 50MG TABLET X 10'S (MPPI),,BOX,0,0,STOCK,,,1,0,0,0.0,0,0.0,4,133.93,133.93,133.92857,0.0,1,1,,,,0.0,0.0,0.0,,0.0,0.0,,0.0,0.0,0.0,0.0,,,,0.0,,0.0,0.0,0.0,0,,2024-11-26 05:58:20.873,2024-11-26,1754-01-01 13:58:20.873,0,,STOCK,00000000-0000-0000-0000-000000000000,,0,,,GOODS12,1,,,0,0,,0,,,0,0.0,,1753-01-01,133.93,0.0,0.0,0,0,0.0,0.0,0.0,0.0,,0,0,1.0,BOX,BOX,,0,0,0,,,,0.0,0.0,,STOCKS,0,,,,LOTEXP,,,,,,,,1753-01-01,1,1753-01-01,1753-01-01,00000000-0000-0000-0000-000000000000,E230D469-806F-EB11-AA04-000D3AA30FE3,00000000-0000-0000-0000-000000000000,0,0,00000000-0000-0000-0000-000000000000,,,,133.93,0.0,0.0,0.0,0.0,0.0,0.0,0.0,0.0,0,0,,97A2D011-443A-EE11-A4EC-5E2CC006407F,2023-08-14 01:44:13.613,8FDCE4A2-E551-4114-AA5B-A4A6BAB4255F,2024-11-26 05:58:20.877,8FDCE4A2-E551-4114-AA5B-A4A6BAB4255F
b'\x00\x00\x00\x00\r\x05p\x99',AIP000331,,TELMISARTAN 40MG TABLET x 30's (SSD),TELMISARTAN 40MG TABLET X 30'S (SSD),,BOX,0,0,STOCK,,,1,0,0,0.0,0,0.0,4,102.0,102.0,102.0,0.0,1,1,,,,0.0,0.0,0.0,,0.0,0.0,,0.0,0.0,0.0,0.0,,,,0.0,,0.0,0.0,0.0,0,,2026-01-10 01:10:16.173,2026-01-10,1754-01-01 09:10:16.173,0,,STOCK,00000000-0000-0000-0000-000000000000,,0,,,EXEMPT,1,,,0,0,,0,,,0,0.0,,2025-12-31,102.0,0.0,0.0,0,0,0.0,0.0,0.0,0.0,,0,0,1.0,BOX,BOX,,0,0,0,,,,0.0,0.0,,STOCKS,0,,,,LOTEXP,,,,,,,,1753-01-01,1,1753-01-01,1753-01-01,00000000-0000-0000-0000-000000000000,E230D469-806F-EB11-AA04-000D3AA30FE3,00000000-0000-0000-0000-000000000000,0,0,00000000-0000-0000-0000-000000000000,,,,102.0,0.0,0.0,0.0,0.0,0.0,0.0,0.0,0.0,0,0,,60A7381F-7CC5-EE11-A4EE-5E2CC006407F,2024-02-07 05:45:39.550,8FDCE4A2-E551-4114-AA5B-A4A6BAB4255F,2026-01-10 01:10:16.173,4A96EAA9-3DB9-423D-8512-43281713C4ED
b'\x00\x00\x00\x00\r\x065\x7f',AIP000332,,AMLODIPINE+LOSARTAN 5MG/50MG FCT x 30's (SJD),AMLODIPINE+LOSARTAN 5MG/50MG FCT X 30'S (SJD),,BOX,0,0,STOCK,,,1,0,0,0.0,0,0.0,4,80.4,80.4,80.36,0.0,1,1,,,,0.0,0.0,0.0,,0.0,0.0,,0.0,0.0,0.0,0.0,,,,0.0,,0.0,0.0,0.0,0,,2024-11-26 05:58:54.547,2024-11-26,1754-01-01 13:58:54.547,0,,STOCK,00000000-0000-0000-0000-000000000000,,0,,,EXEMPT,1,,,0,0,,0,,,0,0.0,,1753-01-01,80.4,0.0,0.0,0,0,0.0,0.0,0.0,0.0,,0,0,1.0,BOX,BOX,,0,0,0,,,,0.0,0.0,,STOCKS,0,,,,LOTEXP,,,,,,,,1753-01-01,1,1753-01-01,1753-01-01,00000000-0000-0000-0000-000000000000,E230D469-806F-EB11-AA04-000D3AA30FE3,00000000-0000-0000-0000-000000000000,0,0,00000000-0000-0000-0000-000000000000,,,,80.4,0.0,0.0,0.0,0.0,0.0,0.0,0.0,0.0,0,0,,D690B73B-90D4-EE11-A4EE-5E2CC006407F,2024-02-26 10:17:24.733,8FDCE4A2-E551-4114-AA5B-A4A6BAB4255F,2026-01-12 00:51:49.887,0B709DB4-D647-42B9-9EEF-809FBE63D915
b'\x00\x00\x00\x00\r\x05\xc7!',AIP000333,,COLLAGEN+VIT.C+ZINC CAP 8+2 PROMO PACK x10's (WATSONS),COLLAGEN+VIT.C+ZINC CAP 8+2 PROMO PACK X10'S (WATSONS),,PACK,0,0,STOCK,,,1,0,0,0.0,0,0.0,4,54.64,54.64,54.64286,0.0,1,1,,,,0.0,0.0,0.0,,0.0,0.0,,0.0,0.0,0.0,0.0,,,,0.0,,0.0,0.0,0.0,0,,2025-03-06 02:26:32.513,2025-03-06,1754-01-01 10:26:32.513,0,,STOCK,00000000-0000-0000-0000-000000000000,,0,,,GOODS12,1,,,0,0,,0,,,0,0.0,,2025-02-28,54.64,0.0,0.0,0,0,0.0,0.0,0.0,0.0,,0,0,1.0,PACK,PACK,,0,0,0,,,,0.0,0.0,,STOCKS,0,,,,LOTEXP,,,,,,,,1753-01-01,1,1753-01-01,1753-01-01,00000000-0000-0000-0000-000000000000,E730D469-806F-EB11-AA04-000D3AA30FE3,00000000-0000-0000-0000-000000000000,0,0,00000000-0000-0000-0000-000000000000,,,,54.64,0.0,0.0,0.0,0.0,0.0,0.0,0.0,0.0,0,0,,222F1D60-8AF5-EE11-A4F0-5E2CC006407F,2024-04-08 09:28:40.140,8FDCE4A2-E551-4114-AA5B-A4A6BAB4255F,2026-01-10 02:41:02.680,0B709DB4-D647-42B9-9EEF-809FBE63D915
b'\x00\x00\x00\x00\x0c\x02}\xff',AIP000334,,CRANBERRY 300MG SOFTGEL CAPS 8+2 PROMO PACK x10's (WATSONS),CRANBERRY 300MG SOFTGEL CAPS 8+2 PROMO PACK X10'S (WATSONS),,PACK,0,0,STOCK,,,1,0,0,0.0,0,0.0,4,55.71,55.71,55.35714,0.0,1,1,,,,0.0,0.0,0.0,,0.0,0.0,,0.0,0.0,0.0,0.0,,,,0.0,,0.0,0.0,0.0,0,,2025-03-06 02:26:32.537,2025-03-06,1754-01-01 10:26:32.537,0,,STOCK,00000000-0000-0000-0000-000000000000,,0,,,GOODS12,1,,,0,0,,0,,,0,0.0,,2025-02-28,55.71,0.0,0.0,0,0,0.0,0.0,0.0,0.0,,0,0,1.0,PACK,PACK,,0,0,0,,,,0.0,0.0,,STOCKS,0,,,,LOTEXP,,,,,,,,1753-01-01,1,1753-01-01,1753-01-01,00000000-0000-0000-0000-000000000000,E730D469-806F-EB11-AA04-000D3AA30FE3,00000000-0000-0000-0000-000000000000,0,0,00000000-0000-0000-0000-000000000000,,,,55.71,0.0,0.0,0.0,0.0,0.0,0.0,0.0,0.0,0,0,,A3BDF6E1-8BF5-EE11-A4F0-5E2CC006407F,2024-04-08 09:39:28.867,8FDCE4A2-E551-4114-AA5B-A4A6BAB4255F,2025-03-06 02:26:32.537,4A96EAA9-3DB9-423D-8512-43281713C4ED
b'\x00\x00\x00\x00\r\x058\xff',AIP000335,,TELMISARTAN 80MG TABLET x 30's (SSD),TELMISARTAN 80MG TABLET X 30'S (SSD),,BOX,0,0,STOCK,,,1,0,0,0.0,0,0.0,4,157.5,157.5,157.5,0.0,1,1,,,,0.0,0.0,0.0,,0.0,0.0,,0.0,0.0,0.0,0.0,,,,0.0,,0.0,0.0,0.0,0,,2024-11-26 05:59:51.607,2024-11-26,1754-01-01 13:59:51.607,0,,STOCK,00000000-0000-0000-0000-000000000000,,0,,,EXEMPT,1,,,0,0,,0,,,0,0.0,,1753-01-01,157.5,0.0,0.0,0,0,0.0,0.0,0.0,0.0,,0,0,1.0,BOX,BOX,,0,0,0,,,,0.0,0.0,,STOCKS,0,,,,LOTEXP,,,,,,,,1753-01-01,1,1753-01-01,1753-01-01,00000000-0000-0000-0000-000000000000,E230D469-806F-EB11-AA04-000D3AA30FE3,00000000-0000-0000-0000-000000000000,0,0,00000000-0000-0000-0000-000000000000,,,,157.5,0.0,0.0,0.0,0.0,0.0,0.0,0.0,0.0,0,0,,A85D47CF-A406-EF11-A4F0-5E2CC006407F,2024-04-30 03:50:40.373,8FDCE4A2-E551-4114-AA5B-A4A6BAB4255F,2026-01-09 08:36:08.623,4A96EAA9-3DB9-423D-8512-43281713C4ED
b'\x00\x00\x00\x00\x0c\x0e\x19\xe5',AIP000336,,DAPAGLIFLOZIN 10MG FCTAB x 30's (ODMI),DAPAGLIFLOZIN 10MG FCTAB X 30'S (ODMI),,BOX,0,0,STOCK,,,1,0,0,0.0,0,0.0,4,180.0,180.0,180.0,0.0,1,1,,,,0.0,0.0,0.0,,0.0,0.0,,0.0,0.0,0.0,0.0,,,,0.0,,0.0,0.0,0.0,0,,2024-11-26 06:00:27.647,2024-11-26,1754-01-01 14:00:27.647,0,,STOCK,00000000-0000-0000-0000-000000000000,,0,,,EXEMPT,1,,,0,0,,0,,,0,0.0,,1753-01-01,180.0,0.0,0.0,0,0,0.0,0.0,0.0,0.0,,0,0,1.0,BOX,BOX,,0,0,0,,,,0.0,0.0,,STOCKS,0,,,,LOTEXP,,,,,,,,1753-01-01,1,1753-01-01,1753-01-01,00000000-0000-0000-0000-000000000000,E230D469-806F-EB11-AA04-000D3AA30FE3,00000000-0000-0000-0000-000000000000,0,0,00000000-0000-0000-0000-000000000000,,,,180.0,0.0,0.0,0.0,0.0,0.0,0.0,0.0,0.0,0,0,,870F6348-3509-EF11-A4F0-5E2CC006407F,2024-05-03 10:09:53.413,8FDCE4A2-E551-4114-AA5B-A4A6BAB4255F,2025-03-28 05:20:23.843,34C3286C-E7F6-4F45-8F69-19CD015F1C1B
b'\x00\x00\x00\x00\x0c#\xa8\xd5',AIP000337,,PARACETAMOL+ORPHENADRINE 450MG/35MG TAB 30's (WATSONS),PARACETAMOL+ORPHENADRINE 450MG/35MG TAB 30'S (WATSONS),,BOX,0,0,STOCK,,,1,0,0,0.0,0,0.0,4,83.04,83.04,83.04,0.0,1,1,,,,0.0,0.0,0.0,,0.0,0.0,,0.0,0.0,0.0,0.0,,,,0.0,,0.0,0.0,0.0,0,,2024-11-26 06:00:36.183,2024-11-26,1754-01-01 14:00:36.183,0,,STOCK,00000000-0000-0000-0000-000000000000,,0,,,GOODS12,1,,,0,0,,0,,,0,0.0,,1753-01-01,83.04,0.0,0.0,0,0,0.0,0.0,0.0,0.0,,0,0,1.0,BOX,BOX,,0,0,0,,,,0.0,0.0,,STOCKS,0,,,,LOTEXP,,,,,,,,1753-01-01,1,1753-01-01,1753-01-01,00000000-0000-0000-0000-000000000000,E230D469-806F-EB11-AA04-000D3AA30FE3,00000000-0000-0000-0000-000000000000,0,0,00000000-0000-0000-0000-000000000000,,,,83.04,0.0,0.0,0.0,0.0,0.0,0.0,0.0,0.0,0,0,,712A5B14-6829-EF11-A4F3-5E2CC006407F,2024-06-13 09:34:07.663,8FDCE4A2-E551-4114-AA5B-A4A6BAB4255F,2025-05-14 09:10:39.323,0B709DB4-D647-42B9-9EEF-809FBE63D915
b'\x00\x00\x00\x00\x0c\x97\x1b\x8c',AIP000338,,GLIFIXY 10MG FILM COATED TAB x 30's (SANDOZ),GLIFIXY 10MG FILM COATED TAB X 30'S (SANDOZ),,BOX,0,0,STOCK,,,1,0,0,0.0,0,0.0,4,180.0,180.0,180.0,0.0,1,1,,,,0.0,0.0,0.0,,0.0,0.0,,0.0,0.0,0.0,0.0,,,,0.0,,0.0,0.0,0.0,0,,2024-10-24 01:54:18.820,2024-10-24,1754-01-01 09:54:18.820,0,,STOCK,00000000-0000-0000-0000-000000000000,,0,,,EXEMPT,1,,,0,0,,0,,,0,0.0,,1753-01-01,180.0,0.0,0.0,0,0,0.0,0.0,0.0,0.0,,0,0,1.0,BOX,BOX,,0,0,0,,,,0.0,0.0,,STOCKS,0,,,,LOTEXP,,,,,,,,1753-01-01,1,1753-01-01,1753-01-01,00000000-0000-0000-0000-000000000000,E230D469-806F-EB11-AA04-000D3AA30FE3,00000000-0000-0000-0000-000000000000,0,0,00000000-0000-0000-0000-000000000000,,,,180.0,0.0,0.0,0.0,0.0,0.0,0.0,0.0,0.0,0,0,,8DAF90EE-9E33-EF11-A4F3-5E2CC006407F,2024-06-26 09:31:58.207,8FDCE4A2-E551-4114-AA5B-A4A6BAB4255F,2026-01-06 07:18:26.977,7A43DFC9-AF93-4335-A1C5-3ABC0B06A73C
b'\x00\x00\x00\x00\x0c\x8d\x83\xb8',AIP000339,,SEREN-10 10MG FCT x 30's (ZYDUS),SEREN-10 10MG FCT X 30'S (ZYDUS),,BOX,0,0,STOCK,,,1,0,0,0.0,0,0.0,4,180.0,180.0,153.0,0.0,1,1,,,,0.0,0.0,0.0,,0.0,0.0,,0.0,0.0,0.0,0.0,,,,0.0,,0.0,0.0,0.0,0,,2024-11-26 06:01:01.177,2024-11-26,1754-01-01 14:01:01.177,0,,STOCK,00000000-0000-0000-0000-000000000000,,0,,,EXEMPT,1,,,0,0,,0,,,0,0.0,,1753-01-01,180.0,0.0,0.0,0,0,0.0,0.0,0.0,0.0,,0,0,1.0,BOX,BOX,,0,0,0,,,,0.0,0.0,,STOCKS,0,,,,LOTEXP,,,,,,,,1753-01-01,1,1753-01-01,1753-01-01,00000000-0000-0000-0000-000000000000,E230D469-806F-EB11-AA04-000D3AA30FE3,00000000-0000-0000-0000-000000000000,0,0,00000000-0000-0000-0000-000000000000,,,,180.0,0.0,0.0,0.0,0.0,0.0,0.0,0.0,0.0,0,0,,DDDD509E-5C43-EF11-A4F5-5E2CC006407F,2024-07-16 10:17:35.403,8FDCE4A2-E551-4114-AA5B-A4A6BAB4255F,2025-12-09 00:49:52.023,7A43DFC9-AF93-4335-A1C5-3ABC0B06A73C
b'\x00\x00\x00\x00\x0cv_\xcb',AIP000340,,XIGAZIN 10MG FILM COATED TAB x 30's (CHIRA),XIGAZIN 10MG FILM COATED TAB X 30'S (CHIRA),,BOX,0,0,STOCK,,,1,0,0,0.0,0,0.0,4,180.0,180.0,180.0,0.0,1,1,,,,0.0,0.0,0.0,,0.0,0.0,,0.0,0.0,0.0,0.0,,,,0.0,,0.0,0.0,0.0,0,,2024-11-26 06:01:21.177,2024-11-26,1754-01-01 14:01:21.177,0,,STOCK,00000000-0000-0000-0000-000000000000,,0,,,EXEMPT,1,,,0,0,,0,,,0,0.0,,1753-01-01,180.0,0.0,0.0,0,0,0.0,0.0,0.0,0.0,,0,0,1.0,BOX,BOX,,0,0,0,,,,0.0,0.0,,STOCKS,0,,,,LOTEXP,,,,,,,,1753-01-01,1,1753-01-01,1753-01-01,00000000-0000-0000-0000-000000000000,E230D469-806F-EB11-AA04-000D3AA30FE3,00000000-0000-0000-0000-000000000000,0,0,00000000-0000-0000-0000-000000000000,,,,180.0,0.0,0.0,0.0,0.0,0.0,0.0,0.0,0.0,0,0,,1C5CE10F-F652-EF11-A4F5-5E2CC006407F,2024-08-05 06:43:46.367,8FDCE4A2-E551-4114-AA5B-A4A6BAB4255F,2025-10-27 08:12:48.423,34C3286C-E7F6-4F45-8F69-19CD015F1C1B
b'\x00\x00\x00\x00\x0b4\t\x90',AIP000341,,ECOXIA-90 90MG FCT x 30's (PHPI),ECOXIA-90 90MG FCT X 30'S (PHPI),,BOX,0,0,STOCK,,,1,0,0,0.0,0,0.0,4,200.89,200.89,0.0,0.0,1,1,,,,0.0,0.0,0.0,,0.0,0.0,,0.0,0.0,0.0,0.0,,,,0.0,,0.0,0.0,0.0,0,,2024-11-26 06:01:35.323,2024-11-26,1754-01-01 14:01:35.323,0,,STOCK,00000000-0000-0000-0000-000000000000,,0,,,GOODS12,1,,,0,0,,0,,,0,0.0,,1753-01-01,200.89,0.0,0.0,0,0,0.0,0.0,0.0,0.0,,0,0,1.0,BOX,BOX,,0,0,0,,,,0.0,0.0,,STOCKS,0,,,,LOTEXP,,,,,,,,1753-01-01,1,1753-01-01,1753-01-01,00000000-0000-0000-0000-000000000000,E230D469-806F-EB11-AA04-000D3AA30FE3,00000000-0000-0000-0000-000000000000,0,0,00000000-0000-0000-0000-000000000000,,,,200.89,0.0,0.0,0.0,0.0,0.0,0.0,0.0,0.0,0,0,,ACEA045F-975F-EF11-A4F5-5E2CC006407F,2024-08-21 08:28:42.067,8FDCE4A2-E551-4114-AA5B-A4A6BAB4255F,2024-11-26 06:01:35.323,8FDCE4A2-E551-4114-AA5B-A4A6BAB4255F
b'\x00\x00\x00\x00\x0b4\t\x95',AIP000342,,ECOXIA-120 120MG FCT x 30's (PHPI),ECOXIA-120 120MG FCT X 30'S (PHPI),,BOX,0,0,STOCK,,,1,0,0,0.0,0,0.0,4,254.46,254.46,0.0,0.0,1,1,,,,0.0,0.0,0.0,,0.0,0.0,,0.0,0.0,0.0,0.0,,,,0.0,,0.0,0.0,0.0,0,,2024-11-26 06:01:49.003,2024-11-26,1754-01-01 14:01:49.003,0,,STOCK,00000000-0000-0000-0000-000000000000,,0,,,GOODS12,1,,,0,0,,0,,,0,0.0,,1753-01-01,254.46,0.0,0.0,0,0,0.0,0.0,0.0,0.0,,0,0,1.0,BOX,BOX,,0,0,0,,,,0.0,0.0,,STOCKS,0,,,,LOTEXP,,,,,,,,1753-01-01,1,1753-01-01,1753-01-01,00000000-0000-0000-0000-000000000000,E230D469-806F-EB11-AA04-000D3AA30FE3,00000000-0000-0000-0000-000000000000,0,0,00000000-0000-0000-0000-000000000000,,,,254.46,0.0,0.0,0.0,0.0,0.0,0.0,0.0,0.0,0,0,,EFFFB145-985F-EF11-A4F5-5E2CC006407F,2024-08-21 08:35:18.790,8FDCE4A2-E551-4114-AA5B-A4A6BAB4255F,2024-11-26 06:01:49.003,8FDCE4A2-E551-4114-AA5B-A4A6BAB4255F
b'\x00\x00\x00\x00\x0b]@\x0b',AIP000343,,LEVOPRES 30MG/5ML SYRUP 30MLx1's P.S. (GETZ),LEVOPRES 30MG/5ML SYRUP 30MLX1'S P.S. (GETZ),,BOT,0,0,STOCK,,,1,0,0,0.0,0,0.0,4,43.75,43.75,43.75,0.0,1,1,,,,0.0,0.0,0.0,,0.0,0.0,,0.0,0.0,0.0,0.0,,,,0.0,,0.0,0.0,0.0,0,,2024-09-27 00:19:59.117,2024-09-27,1754-01-01 08:19:59.117,0,,STOCK,00000000-0000-0000-0000-000000000000,,0,,,GOODS12,1,,,0,0,,0,,,0,0.0,,1753-01-01,43.75,0.0,0.0,0,0,0.0,0.0,0.0,0.0,,0,0,1.0,BOT,BOT,,0,0,0,,,,0.0,0.0,,STOCKS,0,,,,LOTEXP,,,,,,,,1753-01-01,1,1753-01-01,1753-01-01,00000000-0000-0000-0000-000000000000,E130D469-806F-EB11-AA04-000D3AA30FE3,00000000-0000-0000-0000-000000000000,0,0,00000000-0000-0000-0000-000000000000,,,,43.75,0.0,0.0,0.0,0.0,0.0,0.0,0.0,0.0,0,0,,9A17EBB3-EA7B-EF11-A4F6-5E2CC006407F,2024-09-26 09:35:45.287,8FDCE4A2-E551-4114-AA5B-A4A6BAB4255F,2025-02-24 07:05:52.920,7A43DFC9-AF93-4335-A1C5-3ABC0B06A73C
b'\x00\x00\x00\x00\x0cy\x7f$',AIP000344,,ASTIGET 10MG FILM COATED TAB  x 30's (GETZ),ASTIGET 10MG FILM COATED TAB  X 30'S (GETZ),,BOX,0,0,STOCK,,,1,0,0,0.0,0,0.0,4,180.0,180.0,180.0,0.0,1,1,,,,0.0,0.0,0.0,,0.0,0.0,,0.0,0.0,0.0,0.0,,,,0.0,,0.0,0.0,0.0,0,,2024-10-04 00:52:20.637,2024-10-04,1754-01-01 08:52:20.637,0,,STOCK,00000000-0000-0000-0000-000000000000,,0,,,EXEMPT,1,,,0,0,,0,,,0,0.0,,1753-01-01,180.0,0.0,0.0,0,0,0.0,0.0,0.0,0.0,,0,0,1.0,BOX,BOX,,0,0,0,,,,0.0,0.0,,STOCKS,0,,,,LOTEXP,,,,,,,,1753-01-01,1,1753-01-01,1753-01-01,00000000-0000-0000-0000-000000000000,E230D469-806F-EB11-AA04-000D3AA30FE3,00000000-0000-0000-0000-000000000000,0,0,00000000-0000-0000-0000-000000000000,,,,180.0,0.0,0.0,0.0,0.0,0.0,0.0,0.0,0.0,0,0,,0D232CDF-EB7B-EF11-A4F6-5E2CC006407F,2024-09-26 09:44:07.970,8FDCE4A2-E551-4114-AA5B-A4A6BAB4255F,2025-11-04 05:33:12.517,38477BBC-6CEA-46E1-81BA-B318E4518C57
b'\x00\x00\x00\x00\x0b\x1d(\xf5',AIP000345,,NEUMODROP 30mg/5mL SYRUP 120mL x 1's (MULTICARE),NEUMODROP 30MG/5ML,,BOX,0,0,STOCK,,,1,0,0,0.0,0,0.0,4,89.29,89.29,0.0,0.0,1,1,,,,0.0,0.0,0.0,,0.0,0.0,,0.0,0.0,0.0,0.0,,,,0.0,,0.0,0.0,0.0,0,,2024-10-08 05:54:31.873,2024-10-08,1754-01-01 13:54:31.873,0,,STOCK,00000000-0000-0000-0000-000000000000,,0,,,GOODS12,1,,,0,0,,0,,,0,0.0,,1753-01-01,89.29,0.0,0.0,0,0,0.0,0.0,0.0,0.0,,0,0,1.0,BOX,BOX,,0,0,0,,,,0.0,0.0,,STOCKS,0,,,,LOTEXP,,,,,,,,1753-01-01,1,1753-01-01,1753-01-01,00000000-0000-0000-0000-000000000000,E230D469-806F-EB11-AA04-000D3AA30FE3,00000000-0000-0000-0000-000000000000,0,0,00000000-0000-0000-0000-000000000000,,,,89.29,0.0,0.0,0.0,0.0,0.0,0.0,0.0,0.0,0,0,,55865AF8-0685-EF11-A4F6-5E2CC006407F,2024-10-07 23:50:46.477,8FDCE4A2-E551-4114-AA5B-A4A6BAB4255F,2024-10-08 05:54:31.873,F49B939F-FA5A-4E5A-B186-F5E6FC752B9B
b'\x00\x00\x00\x00\x0cf\x11P',AIP000346,,LUPIZIN 10MG FCT x 30's (MULTICARE),LUPIZIN 10MG FCT X 30'S (MULTICARE),,BOX,0,0,STOCK,,,1,0,0,0.0,0,0.0,4,180.0,180.0,180.0,0.0,1,1,,,,0.0,0.0,0.0,,0.0,0.0,,0.0,0.0,0.0,0.0,,,,0.0,,0.0,0.0,0.0,0,,2024-10-25 02:36:16.517,2024-10-25,1754-01-01 10:36:16.517,0,,STOCK,00000000-0000-0000-0000-000000000000,,0,,,EXEMPT,1,,,0,0,,0,,,0,0.0,,1753-01-01,180.0,0.0,0.0,0,0,0.0,0.0,0.0,0.0,,0,0,1.0,BOX,BOX,,0,0,0,,,,0.0,0.0,,STOCKS,0,,,,LOTEXP,,,,,,,,1753-01-01,1,1753-01-01,1753-01-01,00000000-0000-0000-0000-000000000000,E230D469-806F-EB11-AA04-000D3AA30FE3,00000000-0000-0000-0000-000000000000,0,0,00000000-0000-0000-0000-000000000000,,,,180.0,0.0,0.0,0.0,0.0,0.0,0.0,0.0,0.0,0,0,,3085C180-5490-EF11-A4F6-5E2CC006407F,2024-10-22 09:03:29.360,8FDCE4A2-E551-4114-AA5B-A4A6BAB4255F,2025-09-25 06:34:58.063,34C3286C-E7F6-4F45-8F69-19CD015F1C1B
b'\x00\x00\x00\x00\x0c\n]H',AIP000347,,PREGABLEX 75MG CAPSULE x 20's (MPPI),PREGABLEX 75MG CAPSULE X 20'S (MPPI),,BOX,0,0,STOCK,,,1,0,0,0.0,0,0.0,4,71.43,71.43,71.43,0.0,1,1,,,,0.0,0.0,0.0,,0.0,0.0,,0.0,0.0,0.0,0.0,,,,0.0,,0.0,0.0,0.0,0,,2024-12-05 02:35:30.973,2024-12-05,1754-01-01 10:35:30.973,0,,STOCK,00000000-0000-0000-0000-000000000000,,0,,,EXEMPT,1,,,0,0,,0,,,0,0.0,,1753-01-01,71.43,0.0,0.0,0,0,0.0,0.0,0.0,0.0,,0,0,1.0,BOX,BOX,,0,0,0,,,,0.0,0.0,,STOCKS,0,,,,LOTEXP,,,,,,,,1753-01-01,1,1753-01-01,1753-01-01,00000000-0000-0000-0000-000000000000,E230D469-806F-EB11-AA04-000D3AA30FE3,00000000-0000-0000-0000-000000000000,0,0,00000000-0000-0000-0000-000000000000,,,,71.43,0.0,0.0,0.0,0.0,0.0,0.0,0.0,0.0,0,0,,C00CD1E5-DDA0-EF11-A4F6-5E2CC006407F,2024-11-12 10:07:18.567,8FDCE4A2-E551-4114-AA5B-A4A6BAB4255F,2025-03-20 07:08:19.863,34C3286C-E7F6-4F45-8F69-19CD015F1C1B
b'\x00\x00\x00\x00\x0cw~\xad',AIP000348,,TIOGIVA 18MCG DPI x 40's w/ INHALER DEVICE (GLENMARK),TIOGIVA 18MCG DPI X 40'S W/ INHALER DEVICE (GLENMARK),,BOX,0,0,STOCK,,,1,0,0,0.0,0,0.0,4,392.86,392.86,392.85714,0.0,1,1,,,,0.0,0.0,0.0,,0.0,0.0,,0.0,0.0,0.0,0.0,,,,0.0,,0.0,0.0,0.0,0,,2024-11-27 01:02:46.570,2024-11-27,1754-01-01 09:02:46.570,0,,STOCK,00000000-0000-0000-0000-000000000000,,0,,,GOODS12,1,,,0,0,,0,,,0,0.0,,1753-01-01,392.86,0.0,0.0,0,0,0.0,0.0,0.0,0.0,,0,0,1.0,BOX,BOX,,0,0,0,,,,0.0,0.0,,STOCKS,0,,,,LOTEXP,,,,,,,,1753-01-01,1,1753-01-01,1753-01-01,00000000-0000-0000-0000-000000000000,E230D469-806F-EB11-AA04-000D3AA30FE3,00000000-0000-0000-0000-000000000000,0,0,00000000-0000-0000-0000-000000000000,,,,392.86,0.0,0.0,0.0,0.0,0.0,0.0,0.0,0.0,0,0,,4C3B5149-58AC-EF11-A4F6-5E2CC006407F,2024-11-27 00:41:06.897,8FDCE4A2-E551-4114-AA5B-A4A6BAB4255F,2025-10-29 06:38:21.060,38477BBC-6CEA-46E1-81BA-B318E4518C57
b'\x00\x00\x00\x00\x0bMG\x0f',AIP000349,,TIOGIVA 18MCG DPI x 40's w/o INHALER DEVICE (GLENMARK),TIOGIVA 18MCG DPI X 40'S W/O INHALER DEVICE (GLENMARK),,BOX,0,0,STOCK,,,1,0,0,0.0,0,0.0,4,285.71,285.71,0.0,0.0,1,1,,,,0.0,0.0,0.0,,0.0,0.0,,0.0,0.0,0.0,0.0,,,,0.0,,0.0,0.0,0.0,0,,2025-01-23 07:29:06.980,2025-01-23,1754-01-01 15:29:06.980,0,,STOCK,00000000-0000-0000-0000-000000000000,,0,,,GOODS12,1,,,0,0,,0,,,0,0.0,,1753-01-01,285.71,0.0,0.0,0,0,0.0,0.0,0.0,0.0,,0,0,1.0,BOX,BOX,,0,0,0,,,,0.0,0.0,,STOCKS,0,,,,LOTEXP,,,,,,,,1753-01-01,1,1753-01-01,1753-01-01,00000000-0000-0000-0000-000000000000,E230D469-806F-EB11-AA04-000D3AA30FE3,00000000-0000-0000-0000-000000000000,0,0,00000000-0000-0000-0000-000000000000,,,,285.71,0.0,0.0,0.0,0.0,0.0,0.0,0.0,0.0,0,0,,8B0B8F4D-31D9-EF11-A4F7-5E2CC006407F,2025-01-23 02:25:25.963,8FDCE4A2-E551-4114-AA5B-A4A6BAB4255F,2025-01-23 07:29:06.980,F49B939F-FA5A-4E5A-B186-F5E6FC752B9B
b'\x00\x00\x00\x00\x0cf\x0c\xa9',AIP000350,,TELMISARTAN+AMLODIPINE 80MG/10MG TABLET x30's (SSD),TELMISARTAN+AMLODIPINE 80MG/10MG TABLET X30'S (SSD),,BOX,0,0,STOCK,,,1,0,0,0.0,0,0.0,4,154.5,154.5,154.5,0.0,1,1,,,,0.0,0.0,0.0,,0.0,0.0,,0.0,0.0,0.0,0.0,,,,0.0,,0.0,0.0,0.0,0,,2025-02-06 05:17:32.690,2025-02-06,1754-01-01 13:17:32.690,0,,STOCK,00000000-0000-0000-0000-000000000000,,0,,,EXEMPT,1,,,0,0,,0,,,0,0.0,,1753-01-01,154.5,0.0,0.0,0,0,0.0,0.0,0.0,0.0,,0,0,1.0,BOX,BOX,,0,0,0,,,,0.0,0.0,,STOCKS,0,,,,LOTEXP,,,,,,,,1753-01-01,1,1753-01-01,1753-01-01,00000000-0000-0000-0000-000000000000,E230D469-806F-EB11-AA04-000D3AA30FE3,00000000-0000-0000-0000-000000000000,0,0,00000000-0000-0000-0000-000000000000,,,,154.5,0.0,0.0,0.0,0.0,0.0,0.0,0.0,0.0,0,0,,3422CAA6-33E4-EF11-A4F7-5E2CC006407F,2025-02-06 02:39:57.450,8FDCE4A2-E551-4114-AA5B-A4A6BAB4255F,2025-09-25 06:28:55.967,34C3286C-E7F6-4F45-8F69-19CD015F1C1B
b'\x00\x00\x00\x00\x0cf\x0c\xad',AIP000351,,TELMISARTAN+AMLODIPINE 40MG/5MG TABLET x 30's (SSD),TELMISARTAN+AMLODIPINE 40MG/5MG TABLET X 30'S (SSD),,BOX,0,0,STOCK,,,1,0,0,0.0,0,0.0,4,108.0,108.0,108.0,0.0,1,1,,,,0.0,0.0,0.0,,0.0,0.0,,0.0,0.0,0.0,0.0,,,,0.0,,0.0,0.0,0.0,0,,2025-02-06 05:16:57.493,2025-02-06,1754-01-01 13:16:57.493,0,,STOCK,00000000-0000-0000-0000-000000000000,,0,,,EXEMPT,1,,,0,0,,0,,,0,0.0,,1753-01-01,108.0,0.0,0.0,0,0,0.0,0.0,0.0,0.0,,0,0,1.0,BOX,BOX,,0,0,0,,,,0.0,0.0,,STOCKS,0,,,,LOTEXP,,,,,,,,1753-01-01,1,1753-01-01,1753-01-01,00000000-0000-0000-0000-000000000000,E230D469-806F-EB11-AA04-000D3AA30FE3,00000000-0000-0000-0000-000000000000,0,0,00000000-0000-0000-0000-000000000000,,,,108.0,0.0,0.0,0.0,0.0,0.0,0.0,0.0,0.0,0,0,,4A08DD40-38E4-EF11-A4F7-5E2CC006407F,2025-02-06 03:12:53.930,8FDCE4A2-E551-4114-AA5B-A4A6BAB4255F,2025-09-25 06:28:55.980,34C3286C-E7F6-4F45-8F69-19CD015F1C1B
b'\x00\x00\x00\x00\x0cf\x0c\xfe',AIP000352,,VILDAGLIPTIN 50MG TABLET x 30's (SSD),VILDAGLIPTIN 50MG TABLET X 30'S (SSD),,BOX,0,0,STOCK,,,1,0,0,0.0,0,0.0,4,120.0,120.0,120.0,0.0,1,1,,,,0.0,0.0,0.0,,0.0,0.0,,0.0,0.0,0.0,0.0,,,,0.0,,0.0,0.0,0.0,0,,2025-02-06 05:16:19.093,2025-02-06,1754-01-01 13:16:19.093,0,,STOCK,00000000-0000-0000-0000-000000000000,,0,,,EXEMPT,1,,,0,0,,0,,,0,0.0,,1753-01-01,120.0,0.0,0.0,0,0,0.0,0.0,0.0,0.0,,0,0,1.0,BOX,BOX,,0,0,0,,,,0.0,0.0,,STOCKS,0,,,,LOTEXP,,,,,,,,1753-01-01,1,1753-01-01,1753-01-01,00000000-0000-0000-0000-000000000000,E230D469-806F-EB11-AA04-000D3AA30FE3,00000000-0000-0000-0000-000000000000,0,0,00000000-0000-0000-0000-000000000000,,,,120.0,0.0,0.0,0.0,0.0,0.0,0.0,0.0,0.0,0,0,,AA528965-3BE4-EF11-A4F7-5E2CC006407F,2025-02-06 03:35:31.800,8FDCE4A2-E551-4114-AA5B-A4A6BAB4255F,2025-09-25 06:29:57.813,34C3286C-E7F6-4F45-8F69-19CD015F1C1B
b'\x00\x00\x00\x00\r\x065\x83',AIP000353,,ATORVASTATIN 10MG FCT x 30's (SJD),ATORVASTATIN 10MG FCT X 30'S (SJD),,BOX,0,0,STOCK,,,1,0,0,0.0,0,0.0,4,46.8,46.8,46.88,0.0,1,1,,,,0.0,0.0,0.0,,0.0,0.0,,0.0,0.0,0.0,0.0,,,,0.0,,0.0,0.0,0.0,0,,2025-04-08 07:06:15.800,2025-04-08,1754-01-01 15:06:15.800,0,,STOCK,00000000-0000-0000-0000-000000000000,,0,,,EXEMPT,1,,,0,0,,0,,,0,0.0,,1753-01-01,46.8,0.0,0.0,0,0,0.0,0.0,0.0,0.0,,0,0,1.0,BOX,BOX,,0,0,0,,,,0.0,0.0,,STOCKS,0,,,,LOTEXP,,,,,,,,1753-01-01,1,1753-01-01,1753-01-01,00000000-0000-0000-0000-000000000000,E230D469-806F-EB11-AA04-000D3AA30FE3,00000000-0000-0000-0000-000000000000,0,0,00000000-0000-0000-0000-000000000000,,,,46.8,0.0,0.0,0.0,0.0,0.0,0.0,0.0,0.0,0,0,,CB7097C6-1714-F011-A4F9-5E2CC006407F,2025-04-08 01:21:20.713,8FDCE4A2-E551-4114-AA5B-A4A6BAB4255F,2026-01-12 00:51:49.903,0B709DB4-D647-42B9-9EEF-809FBE63D915
b'\x00\x00\x00\x00\r\x065\x87',AIP000354,,ATORVASTATIN 20MG FCT x 30's (SJD),ATORVASTATIN 20MG FCT X 30'S (SJD),,BOX,0,0,STOCK,,,1,0,0,0.0,0,0.0,4,107.1,107.1,107.14,0.0,1,1,,,,0.0,0.0,0.0,,0.0,0.0,,0.0,0.0,0.0,0.0,,,,0.0,,0.0,0.0,0.0,0,,2025-04-08 07:07:24.527,2025-04-08,1754-01-01 15:07:24.527,0,,STOCK,00000000-0000-0000-0000-000000000000,,0,,,EXEMPT,1,,,0,0,,0,,,0,0.0,,1753-01-01,107.1,0.0,0.0,0,0,0.0,0.0,0.0,0.0,,0,0,1.0,BOX,BOX,,0,0,0,,,,0.0,0.0,,STOCKS,0,,,,LOTEXP,,,,,,,,1753-01-01,1,1753-01-01,1753-01-01,00000000-0000-0000-0000-000000000000,E230D469-806F-EB11-AA04-000D3AA30FE3,00000000-0000-0000-0000-000000000000,0,0,00000000-0000-0000-0000-000000000000,,,,107.1,0.0,0.0,0.0,0.0,0.0,0.0,0.0,0.0,0,0,,B16B7763-1814-F011-A4F9-5E2CC006407F,2025-04-08 01:25:43.903,8FDCE4A2-E551-4114-AA5B-A4A6BAB4255F,2026-01-12 00:51:49.917,0B709DB4-D647-42B9-9EEF-809FBE63D915
b'\x00\x00\x00\x00\x0c\x96\x85k',AIP000355,,OMEPRAZOLE 40MG CAPSULE x 24's (SJD),OMEPRAZOLE 40MG CAPSULE X 24'S (SJD),,BOX,0,0,STOCK,,,1,0,0,0.0,0,0.0,4,87.86,87.86,91.07143,0.0,1,1,,,,0.0,0.0,0.0,,0.0,0.0,,0.0,0.0,0.0,0.0,,,,0.0,,0.0,0.0,0.0,0,,2025-09-02 03:07:06.523,2025-09-02,1754-01-01 11:07:06.523,0,,STOCK,00000000-0000-0000-0000-000000000000,,0,,,GOODS12,1,,,0,0,,0,,,0,0.0,,1753-01-01,87.86,0.0,0.0,0,0,0.0,0.0,0.0,0.0,,0,0,1.0,BOX,BOX,,0,0,0,,,,0.0,0.0,,STOCKS,0,,,,LOTEXP,,,,,,,,1753-01-01,1,1753-01-01,1753-01-01,00000000-0000-0000-0000-000000000000,E230D469-806F-EB11-AA04-000D3AA30FE3,00000000-0000-0000-0000-000000000000,0,0,00000000-0000-0000-0000-000000000000,,,,87.86,0.0,0.0,0.0,0.0,0.0,0.0,0.0,0.0,0,0,,958F131C-E683-F011-A4FD-5E2CC006407F,2025-08-28 08:07:59.527,8FDCE4A2-E551-4114-AA5B-A4A6BAB4255F,2026-01-06 02:17:53.923,7A43DFC9-AF93-4335-A1C5-3ABC0B06A73C
b'\x00\x00\x00\x00\r\x05p\x9d',AIP000356,,PREGABALIN 75MG CAPSULE x 30's (ACTIMED),PREGABALIN 75MG CAPSULE X 30'S (ACTIMED),,BOX,0,0,STOCK,,,1,0,0,0.0,0,0.0,4,107.14,107.14,107.14,0.0,1,1,,,,0.0,0.0,0.0,,0.0,0.0,,0.0,0.0,0.0,0.0,,,,0.0,,0.0,0.0,0.0,0,,2026-01-10 01:10:16.193,2026-01-10,1754-01-01 09:10:16.193,0,,STOCK,00000000-0000-0000-0000-000000000000,,0,,,EXEMPT,1,,,0,0,,0,,,0,0.0,,2025-12-31,107.14,0.0,0.0,0,0,0.0,0.0,0.0,0.0,,0,0,1.0,BOX,BOX,,0,0,0,,,,0.0,0.0,,STOCKS,0,,,,LOTEXP,,,,,,,,1753-01-01,1,1753-01-01,1753-01-01,00000000-0000-0000-0000-000000000000,E230D469-806F-EB11-AA04-000D3AA30FE3,00000000-0000-0000-0000-000000000000,0,0,00000000-0000-0000-0000-000000000000,,,,107.14,0.0,0.0,0.0,0.0,0.0,0.0,0.0,0.0,0,0,,D76E7561-E883-F011-A4FD-5E2CC006407F,2025-08-28 08:24:14.923,8FDCE4A2-E551-4114-AA5B-A4A6BAB4255F,2026-01-10 01:10:16.193,4A96EAA9-3DB9-423D-8512-43281713C4ED
b'\x00\x00\x00\x00\x0cv.\xc0',AIP000357,,VILDAGLIPTIN 50MG TABLET x 30's (RPI),VILDAGLIPTIN 50MG TABLET X 30'S (RPI),,BOX,0,0,STOCK,,,1,0,0,0.0,0,0.0,4,120.0,120.0,0.0,0.0,1,1,,,,0.0,0.0,0.0,,0.0,0.0,,0.0,0.0,0.0,0.0,,,,0.0,,0.0,0.0,0.0,0,,2025-10-27 01:41:58.583,2025-10-27,1754-01-01 09:41:58.583,0,,STOCK,00000000-0000-0000-0000-000000000000,,0,,,EXEMPT,1,,,0,0,,0,,,0,0.0,,1753-01-01,120.0,0.0,0.0,0,0,0.0,0.0,0.0,0.0,,0,0,1.0,BOX,BOX,,0,0,0,,,,0.0,0.0,,STOCKS,0,,,,LOTEXP,,,,,,,,1753-01-01,1,1753-01-01,1753-01-01,00000000-0000-0000-0000-000000000000,E230D469-806F-EB11-AA04-000D3AA30FE3,00000000-0000-0000-0000-000000000000,0,0,00000000-0000-0000-0000-000000000000,,,,120.0,0.0,0.0,0.0,0.0,0.0,0.0,0.0,0.0,0,0,,860A6EB9-C5B0-F011-A4FE-5E2CC006407F,2025-10-24 10:39:32.467,8FDCE4A2-E551-4114-AA5B-A4A6BAB4255F,2025-10-27 01:41:58.587,F49B939F-FA5A-4E5A-B186-F5E6FC752B9B
b'\x00\x00\x00\x00\x0cv.\xd3',AIP000358,,OMEPRAZOLE 40MG CAPSULE x 24's (RPI),OMEPRAZOLE 40MG CAPSULE X 24'S (RPI),,BOX,0,0,STOCK,,,1,0,0,0.0,0,0.0,4,87.86,87.86,0.0,0.0,1,1,,,,0.0,0.0,0.0,,0.0,0.0,,0.0,0.0,0.0,0.0,,,,0.0,,0.0,0.0,0.0,0,,2025-10-27 01:42:53.680,2025-10-27,1754-01-01 09:42:53.680,0,,STOCK,00000000-0000-0000-0000-000000000000,,0,,,GOODS12,1,,,0,0,,0,,,0,0.0,,1753-01-01,87.86,0.0,0.0,0,0,0.0,0.0,0.0,0.0,,0,0,1.0,BOX,BOX,,0,0,0,,,,0.0,0.0,,STOCKS,0,,,,LOTEXP,,,,,,,,1753-01-01,1,1753-01-01,1753-01-01,00000000-0000-0000-0000-000000000000,E230D469-806F-EB11-AA04-000D3AA30FE3,00000000-0000-0000-0000-000000000000,0,0,00000000-0000-0000-0000-000000000000,,,,87.86,0.0,0.0,0.0,0.0,0.0,0.0,0.0,0.0,0,0,,EF291265-C6B0-F011-A4FE-5E2CC006407F,2025-10-24 10:44:20.420,8FDCE4A2-E551-4114-AA5B-A4A6BAB4255F,2025-10-27 01:42:53.680,F49B939F-FA5A-4E5A-B186-F5E6FC752B9B
b'\x00\x00\x00\x00\x0c\x96[S',AIP000359,,NEUMODROP 30MG/5ML SYRUP 60ML x 1's (MULTICARE),NEUMODROP 30MG/5ML SYRUP 60ML X 1'S (MULTICARE),,BOX,0,0,STOCK,,,1,0,0,0.0,0,0.0,4,56.25,56.25,0.0,0.0,1,1,,,,0.0,0.0,0.0,,0.0,0.0,,0.0,0.0,0.0,0.0,,,,0.0,,0.0,0.0,0.0,0,,2026-01-05 10:41:10.563,2026-01-05,1754-01-01 18:41:10.563,0,,STOCK,00000000-0000-0000-0000-000000000000,,0,,,GOODS12,1,,,0,0,,0,,,0,0.0,,1753-01-01,56.25,0.0,0.0,0,0,0.0,0.0,0.0,0.0,,0,0,1.0,BOX,BOX,,0,0,0,,,,0.0,0.0,,STOCKS,0,,,,LOTEXP,,,,,,,,1753-01-01,1,1753-01-01,1753-01-01,00000000-0000-0000-0000-000000000000,E230D469-806F-EB11-AA04-000D3AA30FE3,00000000-0000-0000-0000-000000000000,0,0,00000000-0000-0000-0000-000000000000,,,,56.25,0.0,0.0,0.0,0.0,0.0,0.0,0.0,0.0,0,0,,E8D77CF4-E1B2-F011-A4FE-5E2CC006407F,2025-10-27 03:06:39.770,8FDCE4A2-E551-4114-AA5B-A4A6BAB4255F,2026-01-05 10:41:10.563,4A96EAA9-3DB9-423D-8512-43281713C4ED
b'\x00\x00\x00\x00\x0c\x97\xc3p',AIP000360,,DAPAGLIFLOZIN 10MG FCTAB x 30's (SJD),DAPAGLIFLOZIN 10MG FCTAB X 30'S (SJD),,BOX,0,0,STOCK,,,1,0,0,0.0,0,0.0,4,180.0,180.0,0.0,0.0,1,1,,,,0.0,0.0,0.0,,0.0,0.0,,0.0,0.0,0.0,0.0,,,,0.0,,0.0,0.0,0.0,0,,2026-01-07 01:58:33.413,2026-01-07,1754-01-01 09:58:33.413,0,,STOCK,00000000-0000-0000-0000-000000000000,,0,,,EXEMPT,1,,,0,0,,0,,,0,0.0,,1753-01-01,180.0,0.0,0.0,0,0,0.0,0.0,0.0,0.0,,0,0,1.0,BOX,BOX,,0,0,0,,,,0.0,0.0,,STOCKS,0,,,,LOTEXP,,,,,,,,1753-01-01,1,1753-01-01,1753-01-01,00000000-0000-0000-0000-000000000000,E230D469-806F-EB11-AA04-000D3AA30FE3,00000000-0000-0000-0000-000000000000,0,0,00000000-0000-0000-0000-000000000000,,,,180.0,0.0,0.0,0.0,0.0,0.0,0.0,0.0,0.0,0,0,,AE88F70F-C2DF-F011-A4FE-5E2CC006407F,2025-12-23 05:41:44.307,8FDCE4A2-E551-4114-AA5B-A4A6BAB4255F,2026-01-07 01:58:33.413,4A96EAA9-3DB9-423D-8512-43281713C4ED
b'\x00\x00\x00\x00\x0c\x96\x00\xf0',AIP000361,,TELMISARTAN+AMLODIPINE 80MG/10MG TABx30's (RPI),TELMISARTAN+AMLODIPINE 80MG/10MG TABX30'S (RPI),,BOX,0,0,STOCK,,,1,0,0,0.0,0,0.0,4,154.5,154.5,0.0,0.0,1,1,,,,0.0,0.0,0.0,,0.0,0.0,,0.0,0.0,0.0,0.0,,,,0.0,,0.0,0.0,0.0,0,,2026-01-05 06:31:14.173,2026-01-05,1754-01-01 14:31:14.173,0,,STOCK,00000000-0000-0000-0000-000000000000,,0,,,EXEMPT,1,,,0,0,,0,,,0,0.0,,1753-01-01,154.5,0.0,0.0,0,0,0.0,0.0,0.0,0.0,,0,0,1.0,BOX,BOX,,0,0,0,,,,0.0,0.0,,STOCKS,0,,,,LOTEXP,,,,,,,,1753-01-01,1,1753-01-01,1753-01-01,00000000-0000-0000-0000-000000000000,E230D469-806F-EB11-AA04-000D3AA30FE3,00000000-0000-0000-0000-000000000000,0,0,00000000-0000-0000-0000-000000000000,,,,154.5,0.0,0.0,0.0,0.0,0.0,0.0,0.0,0.0,0,0,,F4D6CBA9-C4DF-F011-A4FE-5E2CC006407F,2025-12-23 06:00:21.380,8FDCE4A2-E551-4114-AA5B-A4A6BAB4255F,2026-01-05 06:31:14.173,7A0704FC-344D-4B93-BC24-11D151C70FD0
b'\x00\x00\x00\x00\x0c\x96\x00\xff',AIP000362,,TELMISARTAN+AMLODIPINE 40MG/5MG TABx30's (RPI),TELMISARTAN+AMLODIPINE 40MG/5MG TABX30'S (RPI),,BOX,0,0,STOCK,,,1,0,0,0.0,0,0.0,4,108.0,108.0,0.0,0.0,1,1,,,,0.0,0.0,0.0,,0.0,0.0,,0.0,0.0,0.0,0.0,,,,0.0,,0.0,0.0,0.0,0,,2026-01-05 06:32:18.130,2026-01-05,1754-01-01 14:32:18.130,0,,STOCK,00000000-0000-0000-0000-000000000000,,0,,,EXEMPT,1,,,0,0,,0,,,0,0.0,,1753-01-01,108.0,0.0,0.0,0,0,0.0,0.0,0.0,0.0,,0,0,1.0,BOX,BOX,,0,0,0,,,,0.0,0.0,,STOCKS,0,,,,LOTEXP,,,,,,,,1753-01-01,1,1753-01-01,1753-01-01,00000000-0000-0000-0000-000000000000,E230D469-806F-EB11-AA04-000D3AA30FE3,00000000-0000-0000-0000-000000000000,0,0,00000000-0000-0000-0000-000000000000,,,,108.0,0.0,0.0,0.0,0.0,0.0,0.0,0.0,0.0,0,0,,CD537E8D-C5DF-F011-A4FE-5E2CC006407F,2025-12-23 06:06:43.390,8FDCE4A2-E551-4114-AA5B-A4A6BAB4255F,2026-01-05 06:32:18.130,7A0704FC-344D-4B93-BC24-11D151C70FD0
b'\x00\x00\x00\x00\r\x06`\xfd',IP0000001,,CELEXIB 200MG CAPSULE x 100's,CELEXIB 200MG CAPSULE X 100'S,,BOX,0,0,STOCK,,,1,0,0,0.0,0,0.0,4,312.5,312.5,312.5,0.0,1,1,,,,0.0,0.0,0.0,,0.0,0.0,,0.0,0.0,0.0,0.0,,,,0.0,,0.0,0.0,0.0,0,,2024-09-30 06:16:46.817,2024-09-30,1754-01-01 14:16:46.817,0,,STOCK,00000000-0000-0000-0000-000000000000,,0,,,GOODS12,1,,,0,0,,0,,,1,0.0,,2024-02-29,312.5,0.0,0.0,0,0,0.0,0.0,0.0,0.0,,0,0,1.0,BOX,BOX,,0,0,0,,,,0.0,0.0,,STOCKS,0,,,,LOTEXP,,,,,,,,1753-01-01,1,1753-01-01,1753-01-01,00000000-0000-0000-0000-000000000000,00000000-0000-0000-0000-000000000000,00000000-0000-0000-0000-000000000000,0,0,00000000-0000-0000-0000-000000000000,,,,312.5,0.0,0.0,0.0,0.0,0.0,0.0,0.0,0.0,0,0,,8BB01CA2-2178-EB11-AA10-000D3AA30FE3,2021-02-26 10:59:03.397,7E45060B-A2A4-4F72-B553-3234C753B380,2026-01-12 01:56:52.893,0A03287F-3B77-4821-969F-D1C214171B0D
b'\x00\x00\x00\x00\r\x06\x90\xf6',IP0000003,,GABATIN 100MG CAPSULE x 30's,GABATIN 100MG CAPSULE X 30'S,,BOX,0,0,STOCK,,,1,0,0,0.0,0,0.0,4,99.11,99.11,99.10714,0.0,1,1,,,,0.0,0.0,0.0,,0.0,0.0,,0.0,0.0,0.0,0.0,,,,0.0,,0.0,0.0,0.0,0,,2024-09-30 06:17:07.630,2024-09-30,1754-01-01 14:17:07.630,0,,STOCK,00000000-0000-0000-0000-000000000000,,0,,,GOODS12,1,,,0,0,,0,,,1,0.0,,1753-01-01,99.11,0.0,0.0,0,0,0.0,0.0,0.0,0.0,,0,0,1.0,BOX,BOX,,0,0,0,,,,0.0,0.0,,STOCKS,0,,,,LOTEXP,,,,,,,,1753-01-01,1,1753-01-01,1753-01-01,00000000-0000-0000-0000-000000000000,00000000-0000-0000-0000-000000000000,00000000-0000-0000-0000-000000000000,0,0,00000000-0000-0000-0000-000000000000,,,,99.11,0.0,0.0,0.0,0.0,0.0,0.0,0.0,0.0,0,0,,8CB01CA2-2178-EB11-AA10-000D3AA30FE3,2021-02-26 10:59:03.397,7E45060B-A2A4-4F72-B553-3234C753B380,2026-01-12 05:39:56.743,5428A7C5-0CCA-4C68-BF2D-3ED6031F3D6F
b'\x00\x00\x00\x00\r\x06D\xa1',IP0000004,,GABATIN 300MG CAPSULE x 30's,GABATIN 300MG CAPSULE X 30'S,,BOX,0,0,STOCK,,,1,0,0,0.0,0,0.0,4,160.71,160.71,160.71429,0.0,1,1,,,,0.0,0.0,0.0,,0.0,0.0,,0.0,0.0,0.0,0.0,,,,0.0,,0.0,0.0,0.0,0,,2024-09-30 05:13:51.670,2024-09-30,1754-01-01 13:13:51.670,0,,STOCK,00000000-0000-0000-0000-000000000000,,0,,,GOODS12,1,,,0,0,,0,,,0,0.0,,1753-01-01,160.71,0.0,0.0,0,0,0.0,0.0,0.0,0.0,,0,0,1.0,BOX,BOX,,0,0,0,,,,0.0,0.0,,STOCKS,0,,,,LOTEXP,,,,,,,,1753-01-01,1,1753-01-01,1753-01-01,00000000-0000-0000-0000-000000000000,00000000-0000-0000-0000-000000000000,00000000-0000-0000-0000-000000000000,0,0,00000000-0000-0000-0000-000000000000,,,,160.71,0.0,0.0,0.0,0.0,0.0,0.0,0.0,0.0,0,0,,8DB01CA2-2178-EB11-AA10-000D3AA30FE3,2021-02-26 10:59:03.413,7E45060B-A2A4-4F72-B553-3234C753B380,2026-01-12 01:23:55.410,5428A7C5-0CCA-4C68-BF2D-3ED6031F3D6F
b'\x00\x00\x00\x00\r\x06/\x85',IP0000005,,NUROCER 1200MG FCTAB x 100's,NUROCER 1200MG FCTAB X 100'S,,BOX,0,0,STOCK,,,1,0,0,0.0,0,0.0,4,285.71,285.71,285.71,0.0,1,1,,,,0.0,0.0,0.0,,0.0,0.0,,0.0,0.0,0.0,0.0,,,,0.0,,0.0,0.0,0.0,0,,2024-09-26 07:19:06.133,2024-09-26,1754-01-01 15:19:06.133,0,,STOCK,00000000-0000-0000-0000-000000000000,,0,,,EXEMPT,1,,,0,0,,0,,,1,0.0,,1753-01-01,285.71,0.0,0.0,0,0,0.0,0.0,0.0,0.0,,0,0,1.0,BOX,BOX,,0,0,0,,,,0.0,0.0,,STOCKS,0,,,,LOTEXP,,,,,,,,1753-01-01,1,1753-01-01,1753-01-01,00000000-0000-0000-0000-000000000000,00000000-0000-0000-0000-000000000000,00000000-0000-0000-0000-000000000000,0,0,00000000-0000-0000-0000-000000000000,,,,285.71,0.0,0.0,0.0,0.0,0.0,0.0,0.0,0.0,0,0,,8EB01CA2-2178-EB11-AA10-000D3AA30FE3,2021-02-26 10:59:03.413,7E45060B-A2A4-4F72-B553-3234C753B380,2026-01-12 00:45:33.380,0B709DB4-D647-42B9-9EEF-809FBE63D915
"b'\x00\x00\x00\x00\x0c,1\\'",IP0000006,,NUROCER 400MG CAPSULE x 100's,NUROCER 400MG CAPSULE X 100'S,,BOX,0,0,STOCK,,,1,0,0,0.0,0,0.0,4,125.0,125.0,125.0,0.0,1,1,,,,0.0,0.0,0.0,,0.0,0.0,,0.0,0.0,0.0,0.0,,,,0.0,,0.0,0.0,0.0,0,,2024-09-30 06:17:32.910,2024-09-30,1754-01-01 14:17:32.910,0,,STOCK,00000000-0000-0000-0000-000000000000,,0,,,EXEMPT,1,,,0,0,,0,,,1,0.0,,1753-01-01,125.0,0.0,0.0,0,0,0.0,0.0,0.0,0.0,,0,0,1.0,BOX,BOX,,0,0,0,,,,0.0,0.0,,STOCKS,0,,,,LOTEXP,,,,,,,,1753-01-01,1,1753-01-01,1753-01-01,00000000-0000-0000-0000-000000000000,00000000-0000-0000-0000-000000000000,00000000-0000-0000-0000-000000000000,0,0,00000000-0000-0000-0000-000000000000,,,,125.0,0.0,0.0,0.0,0.0,0.0,0.0,0.0,0.0,0,0,,8FB01CA2-2178-EB11-AA10-000D3AA30FE3,2021-02-26 10:59:03.413,7E45060B-A2A4-4F72-B553-3234C753B380,2025-06-03 09:54:37.690,34C3286C-E7F6-4F45-8F69-19CD015F1C1B
b'\x00\x00\x00\x00\r\x06\x91\x01',IP0000007,,NUROCER 800MG FCTABLET x 100's,NUROCER 800MG FCTABLET X 100'S,,BOX,0,0,STOCK,,,1,0,0,0.0,0,0.0,4,232.14,232.14,232.14,0.0,1,1,,,,0.0,0.0,0.0,,0.0,0.0,,0.0,0.0,0.0,0.0,,,,0.0,,0.0,0.0,0.0,0,,2024-09-30 06:18:16.427,2024-09-30,1754-01-01 14:18:16.427,0,,STOCK,00000000-0000-0000-0000-000000000000,,0,,,EXEMPT,1,,,0,0,,0,,,0,0.0,,1753-01-01,232.14,0.0,0.0,0,0,0.0,0.0,0.0,0.0,,0,0,1.0,BOX,BOX,,0,0,0,,,,0.0,0.0,,STOCKS,0,,,,LOTEXP,,,,,,,,1753-01-01,1,1753-01-01,1753-01-01,00000000-0000-0000-0000-000000000000,00000000-0000-0000-0000-000000000000,00000000-0000-0000-0000-000000000000,0,0,00000000-0000-0000-0000-000000000000,,,,232.14,0.0,0.0,0.0,0.0,0.0,0.0,0.0,0.0,0,0,,90B01CA2-2178-EB11-AA10-000D3AA30FE3,2021-02-26 10:59:03.427,7E45060B-A2A4-4F72-B553-3234C753B380,2026-01-12 05:39:56.803,5428A7C5-0CCA-4C68-BF2D-3ED6031F3D6F
b'\x00\x00\x00\x00\r\x05\xcf\x01',IP0000011,,QUETIAPRO 200MG FCTABLET x 60's,QUETIAPRO 200MG FCTABLET X 60'S,,BOX,0,0,STOCK,,,1,0,0,0.0,0,0.0,4,1084.82,1084.82,1084.82,0.0,1,1,,,,0.0,0.0,0.0,,0.0,0.0,,0.0,0.0,0.0,0.0,,,,0.0,,0.0,0.0,0.0,0,,2024-09-30 06:18:27.090,2024-09-30,1754-01-01 14:18:27.090,0,,STOCK,00000000-0000-0000-0000-000000000000,,0,,,EXEMPT,1,,,0,0,,0,,,1,0.0,,1753-01-01,1084.82,0.0,0.0,0,0,0.0,0.0,0.0,0.0,,0,0,1.0,BOX,BOX,,0,0,0,,,,0.0,0.0,,STOCKS,0,,,,LOTEXP,,,,,,,,1753-01-01,1,1753-01-01,1753-01-01,00000000-0000-0000-0000-000000000000,00000000-0000-0000-0000-000000000000,00000000-0000-0000-0000-000000000000,0,0,00000000-0000-0000-0000-000000000000,,,,1084.82,0.0,0.0,0.0,0.0,0.0,0.0,0.0,0.0,0,0,,91B01CA2-2178-EB11-AA10-000D3AA30FE3,2021-02-26 10:59:03.427,7E45060B-A2A4-4F72-B553-3234C753B380,2026-01-10 03:04:11.667,0B709DB4-D647-42B9-9EEF-809FBE63D915
b'\x00\x00\x00\x00\r\x06\xa0\r',IP0000012,,SALMEFLO 50MCG/250MCG DPI x40's w/Device,SALMEFLO 50MCG/250MCG DPI X40'S W/DEVICE,,BOX,0,0,STOCK,,,1,0,0,0.0,0,0.0,4,142.86,142.86,142.85714,0.0,1,1,,,,0.0,0.0,0.0,,0.0,0.0,,0.0,0.0,0.0,0.0,,,,0.0,,0.0,0.0,0.0,0,,2024-09-30 06:18:37.990,2024-09-30,1754-01-01 14:18:37.990,0,,STOCK,00000000-0000-0000-0000-000000000000,,0,,,GOODS12,1,,,0,0,,0,,,0,0.0,,2022-01-31,142.86,0.0,0.0,0,0,0.0,0.0,0.0,0.0,,0,0,1.0,BOX,BOX,,0,0,0,,,,0.0,0.0,,STOCKS,0,,,,LOTEXP,,,,,,,,1753-01-01,1,1753-01-01,1753-01-01,00000000-0000-0000-0000-000000000000,00000000-0000-0000-0000-000000000000,00000000-0000-0000-0000-000000000000,0,0,00000000-0000-0000-0000-000000000000,,,,142.86,0.0,0.0,0.0,0.0,0.0,0.0,0.0,0.0,0,0,,92B01CA2-2178-EB11-AA10-000D3AA30FE3,2021-02-26 10:59:03.443,7E45060B-A2A4-4F72-B553-3234C753B380,2026-01-12 06:30:05.270,0B709DB4-D647-42B9-9EEF-809FBE63D915
b'\x00\x00\x00\x00\r\x06^L',IP0000013,,DESLOGEN 5MG TABLET X 100's,DESLOGEN 5MG TABLET X 100'S,,BOX,0,0,STOCK,,,1,0,0,0.0,0,0.0,4,357.14,357.14,357.14286,0.0,1,1,,,,0.0,0.0,0.0,,0.0,0.0,,0.0,0.0,0.0,0.0,,,,0.0,,0.0,0.0,0.0,0,,2024-09-30 06:19:02.850,2024-09-30,1754-01-01 14:19:02.850,0,,STOCK,00000000-0000-0000-0000-000000000000,,0,,,GOODS12,1,,,0,0,,0,,,1,0.0,,1753-01-01,357.14,0.0,0.0,0,0,0.0,0.0,0.0,0.0,,0,0,1.0,BOX,BOX,,0,0,0,,,,0.0,0.0,,STOCKS,0,,,,LOTEXP,,,,,,,,1753-01-01,1,1753-01-01,1753-01-01,00000000-0000-0000-0000-000000000000,00000000-0000-0000-0000-000000000000,00000000-0000-0000-0000-000000000000,0,0,00000000-0000-0000-0000-000000000000,,,,357.14,0.0,0.0,0.0,0.0,0.0,0.0,0.0,0.0,0,0,,93B01CA2-2178-EB11-AA10-000D3AA30FE3,2021-02-26 10:59:03.443,7E45060B-A2A4-4F72-B553-3234C753B380,2026-01-12 01:53:55.100,5428A7C5-0CCA-4C68-BF2D-3ED6031F3D6F
b'\x00\x00\x00\x00\r\x06\x7f\x17',IP0000014,,LESOFAT 120MG CAPSULE x 20's,LESOFAT 120MG CAPSULE X 20'S,,BOX,0,0,STOCK,,,1,0,0,0.0,0,0.0,4,437.5,437.5,437.5,0.0,1,1,,,,0.0,0.0,0.0,,0.0,0.0,,0.0,0.0,0.0,0.0,,,,0.0,,0.0,0.0,0.0,0,,2024-09-30 05:14:15.877,2024-09-30,1754-01-01 13:14:15.877,0,,STOCK,00000000-0000-0000-0000-000000000000,,0,,,GOODS12,1,,,0,0,,0,,,0,0.0,,2023-02-28,437.5,0.0,0.0,0,0,0.0,0.0,0.0,0.0,,0,0,1.0,BOX,BOX,,0,0,0,,,,0.0,0.0,,STOCKS,0,,,,LOTEXP,,,,,,,,1753-01-01,1,1753-01-01,1753-01-01,00000000-0000-0000-0000-000000000000,00000000-0000-0000-0000-000000000000,00000000-0000-0000-0000-000000000000,0,0,00000000-0000-0000-0000-000000000000,,,,437.5,0.0,0.0,0.0,0.0,0.0,0.0,0.0,0.0,0,0,,94B01CA2-2178-EB11-AA10-000D3AA30FE3,2021-02-26 10:59:03.460,7E45060B-A2A4-4F72-B553-3234C753B380,2026-01-12 03:25:26.710,5428A7C5-0CCA-4C68-BF2D-3ED6031F3D6F
b'\x00\x00\x00\x00\x04\xcf\x8e\x8b',IP0000015,,LESOFAT 60MG CAP x 20's,LESOFAT 60MG CAP X 20'S,,BOX,0,0,STOCK,,,1,0,0,0.0,0,0.0,4,371.88,371.88,0.0,0.0,1,1,,,,0.0,0.0,0.0,,0.0,0.0,,0.0,0.0,0.0,0.0,,,,0.0,,0.0,0.0,0.0,0,,2021-11-18 08:21:29.380,2021-11-18,1754-01-01 16:21:29.380,0,,STOCK,00000000-0000-0000-0000-000000000000,,0,,,GOODS12,1,,,0,0,,0,,,0,0.0,,1753-01-01,371.88,0.0,0.0,0,0,0.0,0.0,0.0,0.0,,0,0,1.0,BOX,BOX,,0,0,0,,,,0.0,0.0,,STOCKS,0,,,,LOTEXP,,,,,,,,1753-01-01,1,1753-01-01,1753-01-01,00000000-0000-0000-0000-000000000000,00000000-0000-0000-0000-000000000000,00000000-0000-0000-0000-000000000000,0,0,00000000-0000-0000-0000-000000000000,,,,371.88,0.0,0.0,0.0,0.0,0.0,0.0,0.0,0.0,0,0,,95B01CA2-2178-EB11-AA10-000D3AA30FE3,2021-02-26 10:59:03.460,7E45060B-A2A4-4F72-B553-3234C753B380,2021-11-18 08:21:29.380,8FDCE4A2-E551-4114-AA5B-A4A6BAB4255F
b'\x00\x00\x00\x00\r\x06\x87\x8d',IP0000017,,LEVIT 500MG FCTABLET x 60's,LEVIT 500MG FCTABLET X 60'S,,BOX,0,0,STOCK,,,1,0,0,0.0,0,0.0,4,535.71,535.71,424.08346,0.0,1,1,,,,0.0,0.0,0.0,,0.0,0.0,,0.0,0.0,0.0,0.0,,,,0.0,,0.0,0.0,0.0,0,,2024-09-26 07:18:51.727,2024-09-26,1754-01-01 15:18:51.727,0,,STOCK,00000000-0000-0000-0000-000000000000,,0,,,GOODS12,1,,,0,0,,0,,,1,0.0,,2023-02-28,535.71,0.0,0.0,0,0,0.0,0.0,0.0,0.0,,0,0,1.0,BOX,BOX,,0,0,0,,,,0.0,0.0,,STOCKS,0,,,,LOTEXP,,,,,,,,1753-01-01,1,1753-01-01,1753-01-01,00000000-0000-0000-0000-000000000000,00000000-0000-0000-0000-000000000000,00000000-0000-0000-0000-000000000000,0,0,00000000-0000-0000-0000-000000000000,,,,535.71,0.0,0.0,0.0,0.0,0.0,0.0,0.0,0.0,0,0,,96B01CA2-2178-EB11-AA10-000D3AA30FE3,2021-02-26 10:59:03.460,7E45060B-A2A4-4F72-B553-3234C753B380,2026-01-12 03:50:44.220,5428A7C5-0CCA-4C68-BF2D-3ED6031F3D6F
b'\x00\x00\x00\x00\x0c\x8f=\x14',IP0000019,,CLAVOXEL 125/31.25/5ML SUSP 60,CLAVOXEL 125/31.25/5ML SUSP 60,,BOT,0,0,STOCK,,,1,0,0,0.0,0,0.0,4,49.11,49.11,49.10714,0.0,1,1,,,,0.0,0.0,0.0,,0.0,0.0,,0.0,0.0,0.0,0.0,,,,0.0,,0.0,0.0,0.0,0,,2024-09-30 06:19:23.617,2024-09-30,1754-01-01 14:19:23.617,0,,STOCK,00000000-0000-0000-0000-000000000000,,0,,,GOODS12,1,,,0,0,,0,,,0,0.0,,1753-01-01,49.11,0.0,0.0,0,0,0.0,0.0,0.0,0.0,,0,0,1.0,BOT,BOT,,0,0,0,,,,0.0,0.0,,STOCKS,0,,,,LOTEXP,,,,,,,,1753-01-01,1,1753-01-01,1753-01-01,00000000-0000-0000-0000-000000000000,00000000-0000-0000-0000-000000000000,00000000-0000-0000-0000-000000000000,0,0,00000000-0000-0000-0000-000000000000,,,,49.11,0.0,0.0,0.0,0.0,0.0,0.0,0.0,0.0,0,0,,97B01CA2-2178-EB11-AA10-000D3AA30FE3,2021-02-26 10:59:03.477,7E45060B-A2A4-4F72-B553-3234C753B380,2025-12-12 07:10:54.180,0B709DB4-D647-42B9-9EEF-809FBE63D915
b'\x00\x00\x00\x00\x0c\x97I ',IP0000020,,CLAVOXEL 250/62.5/5ML SUSP 60,CLAVOXEL 250/62.5/5ML SUSP 60,,BOT,0,0,STOCK,,,1,0,0,0.0,0,0.0,4,78.57,78.57,78.57143,0.0,1,1,,,,0.0,0.0,0.0,,0.0,0.0,,0.0,0.0,0.0,0.0,,,,0.0,,0.0,0.0,0.0,0,,2024-09-30 06:19:46.427,2024-09-30,1754-01-01 14:19:46.427,0,,STOCK,00000000-0000-0000-0000-000000000000,,0,,,GOODS12,1,,,0,0,,0,,,0,0.0,,1753-01-01,78.57,0.0,0.0,0,0,0.0,0.0,0.0,0.0,,0,0,1.0,BOT,BOT,,0,0,0,,,,0.0,0.0,,STOCKS,0,,,,LOTEXP,,,,,,,,1753-01-01,1,1753-01-01,1753-01-01,00000000-0000-0000-0000-000000000000,00000000-0000-0000-0000-000000000000,00000000-0000-0000-0000-000000000000,0,0,00000000-0000-0000-0000-000000000000,,,,78.57,0.0,0.0,0.0,0.0,0.0,0.0,0.0,0.0,0,0,,98B01CA2-2178-EB11-AA10-000D3AA30FE3,2021-02-26 10:59:03.540,7E45060B-A2A4-4F72-B553-3234C753B380,2026-01-06 08:44:34.120,34C3286C-E7F6-4F45-8F69-19CD015F1C1B
b'\x00\x00\x00\x00\x0b\x18\xben',IP0000021,,CLAVOXEL 250MG/125MG TAB x24's,CLAVOXEL 250MG/125MG TAB X24'S,,BOX,0,0,STOCK,,,1,0,0,0.0,0,0.0,4,225.0,225.0,225.0,0.0,1,1,,,,0.0,0.0,0.0,,0.0,0.0,,0.0,0.0,0.0,0.0,,,,0.0,,0.0,0.0,0.0,0,,2024-09-30 06:19:59.077,2024-09-30,1754-01-01 14:19:59.077,0,,STOCK,00000000-0000-0000-0000-000000000000,,0,,,GOODS12,1,,,0,0,,0,,,0,0.0,,1753-01-01,225.0,0.0,0.0,0,0,0.0,0.0,0.0,0.0,,0,0,1.0,BOX,BOX,,0,0,0,,,,0.0,0.0,,STOCKS,0,,,,LOTEXP,,,,,,,,1753-01-01,1,1753-01-01,1753-01-01,00000000-0000-0000-0000-000000000000,00000000-0000-0000-0000-000000000000,00000000-0000-0000-0000-000000000000,0,0,00000000-0000-0000-0000-000000000000,,,,225.0,0.0,0.0,0.0,0.0,0.0,0.0,0.0,0.0,0,0,,99B01CA2-2178-EB11-AA10-000D3AA30FE3,2021-02-26 10:59:03.543,7E45060B-A2A4-4F72-B553-3234C753B380,2024-09-30 06:19:59.077,8FDCE4A2-E551-4114-AA5B-A4A6BAB4255F
b'\x00\x00\x00\x00\r\x06\x7f}',IP0000022,,CLAVOXEL 500MG/125MG TAB x30's,CLAVOXEL 500MG/125MG TAB X30'S,,BOX,0,0,STOCK,,,1,0,0,0.0,0,0.0,4,321.43,321.43,321.42857,0.0,1,1,,,,0.0,0.0,0.0,,0.0,0.0,,0.0,0.0,0.0,0.0,,,,0.0,,0.0,0.0,0.0,0,,2024-09-26 09:02:05.467,2024-09-26,1754-01-01 17:02:05.467,0,,STOCK,00000000-0000-0000-0000-000000000000,,0,,,GOODS12,1,,,0,0,,0,,,0,0.0,,1753-01-01,321.43,0.0,0.0,0,0,0.0,0.0,0.0,0.0,,0,0,1.0,BOX,BOX,,0,0,0,,,,0.0,0.0,,STOCKS,0,,,,LOTEXP,,,,,,,,1753-01-01,1,1753-01-01,1753-01-01,00000000-0000-0000-0000-000000000000,00000000-0000-0000-0000-000000000000,00000000-0000-0000-0000-000000000000,0,0,00000000-0000-0000-0000-000000000000,,,,321.43,0.0,0.0,0.0,0.0,0.0,0.0,0.0,0.0,0,0,,9AB01CA2-2178-EB11-AA10-000D3AA30FE3,2021-02-26 10:59:03.553,7E45060B-A2A4-4F72-B553-3234C753B380,2026-01-12 03:27:15.810,5428A7C5-0CCA-4C68-BF2D-3ED6031F3D6F
b'\x00\x00\x00\x00\r\x06\xa0\x01',IP0000023,,CLAVOXEL BID 200/28.5MG/5ML SUSP 70ML,CLAVOXEL BID 200/28.5MG/5ML SUSP 70ML,,BOT,0,0,STOCK,,,1,0,0,0.0,0,0.0,4,53.57,53.57,53.57143,0.0,1,1,,,,0.0,0.0,0.0,,0.0,0.0,,0.0,0.0,0.0,0.0,,,,0.0,,0.0,0.0,0.0,0,,2024-09-30 06:21:54.040,2024-09-30,1754-01-01 14:21:54.040,0,,STOCK,00000000-0000-0000-0000-000000000000,,0,,,GOODS12,1,,,0,0,,0,,,1,0.0,,1753-01-01,53.57,0.0,0.0,0,0,0.0,0.0,0.0,0.0,,0,0,1.0,BOT,BOT,,0,0,0,,,,0.0,0.0,,STOCKS,0,,,,LOTEXP,,,,,,,,1753-01-01,1,1753-01-01,1753-01-01,00000000-0000-0000-0000-000000000000,00000000-0000-0000-0000-000000000000,00000000-0000-0000-0000-000000000000,0,0,00000000-0000-0000-0000-000000000000,,,,53.57,0.0,0.0,0.0,0.0,0.0,0.0,0.0,0.0,0,0,,9BB01CA2-2178-EB11-AA10-000D3AA30FE3,2021-02-26 10:59:03.553,7E45060B-A2A4-4F72-B553-3234C753B380,2026-01-12 06:30:05.213,0B709DB4-D647-42B9-9EEF-809FBE63D915
b'\x00\x00\x00\x00\x0c\x98\x9f\xb0',IP0000029,,MONTAIR 10MG FCTABLET x 30's,MONTAIR 10MG FCTABLET X 30'S,,BOX,0,0,STOCK,,,1,0,0,0.0,0,0.0,4,90.4,90.4,90.40179,0.0,1,1,,,,0.0,0.0,0.0,,0.0,0.0,,0.0,0.0,0.0,0.0,,,,0.0,,0.0,0.0,0.0,0,,2024-09-30 06:22:37.940,2024-09-30,1754-01-01 14:22:37.940,0,,STOCK,00000000-0000-0000-0000-000000000000,,0,,,GOODS12,1,,,0,0,,0,,,1,0.0,,1753-01-01,90.4,0.0,0.0,0,0,0.0,0.0,0.0,0.0,,0,0,1.0,BOX,BOX,,0,0,0,,,,0.0,0.0,,STOCKS,0,,,,LOTEXP,,,,,,,,1753-01-01,1,1753-01-01,1753-01-01,00000000-0000-0000-0000-000000000000,00000000-0000-0000-0000-000000000000,00000000-0000-0000-0000-000000000000,0,0,00000000-0000-0000-0000-000000000000,,,,90.4,0.0,0.0,0.0,0.0,0.0,0.0,0.0,0.0,0,0,,9CB01CA2-2178-EB11-AA10-000D3AA30FE3,2021-02-26 10:59:03.570,7E45060B-A2A4-4F72-B553-3234C753B380,2026-01-08 07:56:01.703,34C3286C-E7F6-4F45-8F69-19CD015F1C1B
b'\x00\x00\x00\x00\x0b\x18\xcam',IP0000030,,MONTAIR 4MG CHEWABLE TAB x30's,MONTAIR 4MG CHEWABLE TAB X30'S,,BOX,0,0,STOCK,,,1,0,0,0.0,0,0.0,4,73.66,73.66,0.0,0.0,1,1,,,,0.0,0.0,0.0,,0.0,0.0,,0.0,0.0,0.0,0.0,,,,0.0,,0.0,0.0,0.0,0,,2024-09-30 07:28:41.810,2024-09-30,1754-01-01 15:28:41.810,0,,STOCK,00000000-0000-0000-0000-000000000000,,0,,,GOODS12,1,,,0,0,,0,,,0,0.0,,1753-01-01,73.66,0.0,0.0,0,0,0.0,0.0,0.0,0.0,,0,0,1.0,BOX,BOX,,0,0,0,,,,0.0,0.0,,STOCKS,0,,,,LOTEXP,,,,,,,,1753-01-01,1,1753-01-01,1753-01-01,00000000-0000-0000-0000-000000000000,00000000-0000-0000-0000-000000000000,00000000-0000-0000-0000-000000000000,0,0,00000000-0000-0000-0000-000000000000,,,,73.66,0.0,0.0,0.0,0.0,0.0,0.0,0.0,0.0,0,0,,9DB01CA2-2178-EB11-AA10-000D3AA30FE3,2021-02-26 10:59:03.570,7E45060B-A2A4-4F72-B553-3234C753B380,2024-09-30 07:28:41.810,8FDCE4A2-E551-4114-AA5B-A4A6BAB4255F
b'\x00\x00\x00\x00\r\x05\xf7\t',IP0000031,,MONTAIR 5MG CHEWABLE TAB x30's,MONTAIR 5MG CHEWABLE TAB X30'S,,BOX,0,0,STOCK,,,1,0,0,0.0,0,0.0,4,77.01,77.01,76.97628,0.0,1,1,,,,0.0,0.0,0.0,,0.0,0.0,,0.0,0.0,0.0,0.0,,,,0.0,,0.0,0.0,0.0,0,,2024-09-30 07:28:59.437,2024-09-30,1754-01-01 15:28:59.437,0,,STOCK,00000000-0000-0000-0000-000000000000,,0,,,GOODS12,1,,,0,0,,0,,,1,0.0,,1753-01-01,77.01,0.0,0.0,0,0,0.0,0.0,0.0,0.0,,0,0,1.0,BOX,BOX,,0,0,0,,,,0.0,0.0,,STOCKS,0,,,,LOTEXP,,,,,,,,1753-01-01,1,1753-01-01,1753-01-01,00000000-0000-0000-0000-000000000000,00000000-0000-0000-0000-000000000000,00000000-0000-0000-0000-000000000000,0,0,00000000-0000-0000-0000-000000000000,,,,77.01,0.0,0.0,0.0,0.0,0.0,0.0,0.0,0.0,0,0,,9EB01CA2-2178-EB11-AA10-000D3AA30FE3,2021-02-26 10:59:03.583,7E45060B-A2A4-4F72-B553-3234C753B380,2026-01-10 06:01:53.320,0B709DB4-D647-42B9-9EEF-809FBE63D915
b'\x00\x00\x00\x00\r\x06\xa0\x05',IP0000032,,SALMEFLO 25MCG/125MCG MDI,SALMEFLO 25MCG/125MCG MDI,,CANISTER,0,0,STOCK,,,1,0,0,0.0,0,0.0,4,143.63,143.63,126.5275,0.0,1,1,,,,0.0,0.0,0.0,,0.0,0.0,,0.0,0.0,0.0,0.0,,,,0.0,,0.0,0.0,0.0,0,,2024-09-30 07:29:14.670,2024-09-30,1754-01-01 15:29:14.670,0,,STOCK,00000000-0000-0000-0000-000000000000,,0,,,GOODS12,1,,,0,0,,0,,,1,0.0,,2024-02-29,143.63,0.0,0.0,0,0,0.0,0.0,0.0,0.0,,0,0,1.0,CANISTER,CANISTER,,0,0,0,,,,0.0,0.0,,STOCKS,0,,,,LOTEXP,,,,,,,,1753-01-01,1,1753-01-01,1753-01-01,00000000-0000-0000-0000-000000000000,00000000-0000-0000-0000-000000000000,00000000-0000-0000-0000-000000000000,0,0,00000000-0000-0000-0000-000000000000,,,,143.63,0.0,0.0,0.0,0.0,0.0,0.0,0.0,0.0,0,0,,9FB01CA2-2178-EB11-AA10-000D3AA30FE3,2021-02-26 10:59:03.600,7E45060B-A2A4-4F72-B553-3234C753B380,2026-01-12 06:30:05.233,0B709DB4-D647-42B9-9EEF-809FBE63D915
b'\x00\x00\x00\x00\r\x06\xa0\t',IP0000033,,SALMEFLO 25MCG/250MCG MDI,SALMEFLO 25MCG/250MCG MDI,,CANISTER,0,0,STOCK,,,1,0,0,0.0,0,0.0,4,156.79,156.79,138.2975,0.0,1,1,,,,0.0,0.0,0.0,,0.0,0.0,,0.0,0.0,0.0,0.0,,,,0.0,,0.0,0.0,0.0,0,,2024-09-30 05:12:38.967,2024-09-30,1754-01-01 13:12:38.967,0,,STOCK,00000000-0000-0000-0000-000000000000,,0,,,GOODS12,1,,,0,0,,0,,,1,0.0,,2024-02-29,156.79,0.0,0.0,0,0,0.0,0.0,0.0,0.0,,0,0,1.0,CANISTER,CANISTER,,0,0,0,,,,0.0,0.0,,STOCKS,0,,,,LOTEXP,,,,,,,,1753-01-01,1,1753-01-01,1753-01-01,00000000-0000-0000-0000-000000000000,00000000-0000-0000-0000-000000000000,00000000-0000-0000-0000-000000000000,0,0,00000000-0000-0000-0000-000000000000,,,,156.79,0.0,0.0,0.0,0.0,0.0,0.0,0.0,0.0,0,0,,A0B01CA2-2178-EB11-AA10-000D3AA30FE3,2021-02-26 10:59:03.600,7E45060B-A2A4-4F72-B553-3234C753B380,2026-01-12 06:30:05.250,0B709DB4-D647-42B9-9EEF-809FBE63D915
b'\x00\x00\x00\x00\r\x05\xfb\xae',IP0000037,,ZEFUR 500MG FCTABLET x 40's,ZEFUR 500MG FCTABLET X 40'S,,BOX,0,0,STOCK,,,1,0,0,0.0,0,0.0,4,464.29,464.29,464.28571,0.0,1,1,,,,0.0,0.0,0.0,,0.0,0.0,,0.0,0.0,0.0,0.0,,,,0.0,,0.0,0.0,0.0,0,,2026-01-09 06:22:00.290,2026-01-09,1754-01-01 14:22:00.290,0,,STOCK,00000000-0000-0000-0000-000000000000,,0,,,GOODS12,1,,,0,0,,0,,,0,0.0,,2025-12-31,464.29,0.0,0.0,0,0,0.0,0.0,0.0,0.0,,0,0,1.0,BOX,BOX,,0,0,0,,,,0.0,0.0,,STOCKS,0,,,,LOTEXP,,,,,,,,1753-01-01,1,1753-01-01,1753-01-01,00000000-0000-0000-0000-000000000000,00000000-0000-0000-0000-000000000000,00000000-0000-0000-0000-000000000000,0,0,00000000-0000-0000-0000-000000000000,,,,464.29,0.0,0.0,0.0,0.0,0.0,0.0,0.0,0.0,0,0,,A1B01CA2-2178-EB11-AA10-000D3AA30FE3,2021-02-26 10:59:03.600,7E45060B-A2A4-4F72-B553-3234C753B380,2026-01-10 06:10:58.950,0B709DB4-D647-42B9-9EEF-809FBE63D915
b'\x00\x00\x00\x00\x0b\x18\xca\x8e',IP0000038,,ZEFUR 750MG POWDER FOR INJ 10s,ZEFUR 750MG POWDER FOR INJ 10S,,BOX,0,0,STOCK,,,1,0,0,0.0,0,0.0,4,892.86,892.86,892.85714,0.0,1,1,,,,0.0,0.0,0.0,,0.0,0.0,,0.0,0.0,0.0,0.0,,,,0.0,,0.0,0.0,0.0,0,,2024-09-30 07:29:46.893,2024-09-30,1754-01-01 15:29:46.893,0,,STOCK,00000000-0000-0000-0000-000000000000,,0,,,GOODS12,1,,,0,0,,0,,,0,0.0,,2023-02-28,892.86,0.0,0.0,0,0,0.0,0.0,0.0,0.0,,0,0,1.0,BOX,BOX,,0,0,0,,,,0.0,0.0,,STOCKS,0,,,,LOTEXP,,,,,,,,1753-01-01,1,1753-01-01,1753-01-01,00000000-0000-0000-0000-000000000000,00000000-0000-0000-0000-000000000000,00000000-0000-0000-0000-000000000000,0,0,00000000-0000-0000-0000-000000000000,,,,892.86,0.0,0.0,0.0,0.0,0.0,0.0,0.0,0.0,0,0,,A2B01CA2-2178-EB11-AA10-000D3AA30FE3,2021-02-26 10:59:03.617,7E45060B-A2A4-4F72-B553-3234C753B380,2024-09-30 07:29:46.893,8FDCE4A2-E551-4114-AA5B-A4A6BAB4255F
b'\x00\x00\x00\x00\r\x06\x8e\xf2',IP0000039,,SALMEFLO 50MCG/500MCG DPI x40's w/Device,SALMEFLO 50MCG/500MCG DPI X40'S W/DEVICE,,BOX,0,0,STOCK,,,1,0,0,0.0,0,0.0,4,169.64,169.64,169.64286,0.0,1,1,,,,0.0,0.0,0.0,,0.0,0.0,,0.0,0.0,0.0,0.0,,,,0.0,,0.0,0.0,0.0,0,,2024-09-30 07:30:01.677,2024-09-30,1754-01-01 15:30:01.677,0,,STOCK,00000000-0000-0000-0000-000000000000,,0,,,GOODS12,1,,,0,0,,0,,,0,0.0,,2024-02-29,169.64,0.0,0.0,0,0,0.0,0.0,0.0,0.0,,0,0,1.0,BOX,BOX,,0,0,0,,,,0.0,0.0,,STOCKS,0,,,,LOTEXP,,,,,,,,1753-01-01,1,1753-01-01,1753-01-01,00000000-0000-0000-0000-000000000000,00000000-0000-0000-0000-000000000000,00000000-0000-0000-0000-000000000000,0,0,00000000-0000-0000-0000-000000000000,,,,169.64,0.0,0.0,0.0,0.0,0.0,0.0,0.0,0.0,0,0,,A3B01CA2-2178-EB11-AA10-000D3AA30FE3,2021-02-26 10:59:03.617,7E45060B-A2A4-4F72-B553-3234C753B380,2026-01-12 05:37:24.853,5428A7C5-0CCA-4C68-BF2D-3ED6031F3D6F
b'\x00\x00\x00\x00\x0b\x18\xca\x96',IP0000040,,ZUNAMYN 375MG FCTABLET x 100's,ZUNAMYN 375MG FCTABLET X 100'S,,BOX,0,0,STOCK,,,1,0,0,0.0,0,0.0,4,915.18,915.18,446.43,0.0,1,1,,,,0.0,0.0,0.0,,0.0,0.0,,0.0,0.0,0.0,0.0,,,,0.0,,0.0,0.0,0.0,0,,2024-09-30 07:30:19.317,2024-09-30,1754-01-01 15:30:19.317,0,,STOCK,00000000-0000-0000-0000-000000000000,,0,,,GOODS12,1,,,0,0,,0,,,0,0.0,,2022-01-31,915.18,0.0,0.0,0,0,0.0,0.0,0.0,0.0,,0,0,1.0,BOX,BOX,,0,0,0,,,,0.0,0.0,,STOCKS,0,,,,LOTEXP,,,,,,,,1753-01-01,1,1753-01-01,1753-01-01,00000000-0000-0000-0000-000000000000,00000000-0000-0000-0000-000000000000,00000000-0000-0000-0000-000000000000,0,0,00000000-0000-0000-0000-000000000000,,,,915.18,0.0,0.0,0.0,0.0,0.0,0.0,0.0,0.0,0,0,,A4B01CA2-2178-EB11-AA10-000D3AA30FE3,2021-02-26 10:59:03.630,7E45060B-A2A4-4F72-B553-3234C753B380,2024-09-30 07:30:19.320,8FDCE4A2-E551-4114-AA5B-A4A6BAB4255F
b'\x00\x00\x00\x00\r\x05\xc1\xb0',IP0000041,,ZUNAMYN 750MG FCTABLET x 50's,ZUNAMYN 750MG FCTABLET X 50'S,,BOX,0,0,STOCK,,,1,0,0,0.0,0,0.0,4,937.5,937.5,937.5,0.0,1,1,,,,0.0,0.0,0.0,,0.0,0.0,,0.0,0.0,0.0,0.0,,,,0.0,,0.0,0.0,0.0,0,,2024-09-30 05:13:14.847,2024-09-30,1754-01-01 13:13:14.847,0,,STOCK,00000000-0000-0000-0000-000000000000,,0,,,GOODS12,1,,,0,0,,0,,,0,0.0,,2023-02-28,937.5,0.0,0.0,0,0,0.0,0.0,0.0,0.0,,0,0,1.0,BOX,BOX,,0,0,0,,,,0.0,0.0,,STOCKS,0,,,,LOTEXP,,,,,,,,1753-01-01,1,1753-01-01,1753-01-01,00000000-0000-0000-0000-000000000000,00000000-0000-0000-0000-000000000000,00000000-0000-0000-0000-000000000000,0,0,00000000-0000-0000-0000-000000000000,,,,937.5,0.0,0.0,0.0,0.0,0.0,0.0,0.0,0.0,0,0,,A5B01CA2-2178-EB11-AA10-000D3AA30FE3,2021-02-26 10:59:03.630,7E45060B-A2A4-4F72-B553-3234C753B380,2026-01-10 02:36:13.007,0B709DB4-D647-42B9-9EEF-809FBE63D915
b'\x00\x00\x00\x00\r\x06Y^',IP0000043,,OLANZAPRO 10MG FCTABLET x 30's,OLANZAPRO 10MG FCTABLET X 30'S,,BOX,0,0,STOCK,,,1,0,0,0.0,0,0.0,4,489.38,489.38,489.38,0.0,1,1,,,,0.0,0.0,0.0,,0.0,0.0,,0.0,0.0,0.0,0.0,,,,0.0,,0.0,0.0,0.0,0,,2024-09-30 07:30:40.107,2024-09-30,1754-01-01 15:30:40.107,0,,STOCK,00000000-0000-0000-0000-000000000000,,0,,,EXEMPT,1,,,0,0,,0,,,1,0.0,,2022-01-31,489.38,0.0,0.0,0,0,0.0,0.0,0.0,0.0,,0,0,1.0,BOX,BOX,,0,0,0,,,,0.0,0.0,,STOCKS,0,,,,LOTEXP,,,,,,,,1753-01-01,1,1753-01-01,1753-01-01,00000000-0000-0000-0000-000000000000,00000000-0000-0000-0000-000000000000,00000000-0000-0000-0000-000000000000,0,0,00000000-0000-0000-0000-000000000000,,,,489.38,0.0,0.0,0.0,0.0,0.0,0.0,0.0,0.0,0,0,,A6B01CA2-2178-EB11-AA10-000D3AA30FE3,2021-02-26 10:59:03.647,7E45060B-A2A4-4F72-B553-3234C753B380,2026-01-12 01:51:02.413,5428A7C5-0CCA-4C68-BF2D-3ED6031F3D6F
b'\x00\x00\x00\x00\r\x06\x99!',IP0000044,,VERT 16MG FCTABLET x 100's,VERT 16MG FCTABLET X 100'S,,BOX,0,0,STOCK,,,1,0,0,0.0,0,0.0,4,290.18,290.18,241.78262,0.0,1,1,,,,0.0,0.0,0.0,,0.0,0.0,,0.0,0.0,0.0,0.0,,,,0.0,,0.0,0.0,0.0,0,,2024-09-30 07:31:01.960,2024-09-30,1754-01-01 15:31:01.960,0,,STOCK,00000000-0000-0000-0000-000000000000,,0,,,GOODS12,1,,,0,0,,0,,,1,0.0,,1753-01-01,290.18,0.0,0.0,0,0,0.0,0.0,0.0,0.0,,0,0,1.0,BOX,BOX,,0,0,0,,,,0.0,0.0,,STOCKS,0,,,,LOTEXP,,,,,,,,1753-01-01,1,1753-01-01,1753-01-01,00000000-0000-0000-0000-000000000000,00000000-0000-0000-0000-000000000000,00000000-0000-0000-0000-000000000000,0,0,00000000-0000-0000-0000-000000000000,,,,290.18,0.0,0.0,0.0,0.0,0.0,0.0,0.0,0.0,0,0,,A7B01CA2-2178-EB11-AA10-000D3AA30FE3,2021-02-26 10:59:03.647,7E45060B-A2A4-4F72-B553-3234C753B380,2026-01-12 06:13:30.057,0B709DB4-D647-42B9-9EEF-809FBE63D915
b'\x00\x00\x00\x00\r\x06<P',IP0000045,,VERT 8MG FCTABLET x 100's,VERT 8MG FCTABLET X 100'S,,BOX,0,0,STOCK,,,1,0,0,0.0,0,0.0,4,200.89,200.89,167.37535,0.0,1,1,,,,0.0,0.0,0.0,,0.0,0.0,,0.0,0.0,0.0,0.0,,,,0.0,,0.0,0.0,0.0,0,,2024-09-30 07:31:35.873,2024-09-30,1754-01-01 15:31:35.873,0,,STOCK,00000000-0000-0000-0000-000000000000,,0,,,GOODS12,1,,,0,0,,0,,,1,0.0,,1753-01-01,200.89,0.0,0.0,0,0,0.0,0.0,0.0,0.0,,0,0,1.0,BOX,BOX,,0,0,0,,,,0.0,0.0,,STOCKS,0,,,,LOTEXP,,,,,,,,1753-01-01,1,1753-01-01,1753-01-01,00000000-0000-0000-0000-000000000000,00000000-0000-0000-0000-000000000000,00000000-0000-0000-0000-000000000000,0,0,00000000-0000-0000-0000-000000000000,,,,200.89,0.0,0.0,0.0,0.0,0.0,0.0,0.0,0.0,0,0,,A8B01CA2-2178-EB11-AA10-000D3AA30FE3,2021-02-26 10:59:03.647,7E45060B-A2A4-4F72-B553-3234C753B380,2026-01-12 00:56:32.963,0B709DB4-D647-42B9-9EEF-809FBE63D915
b'\x00\x00\x00\x00\r\x05\xc4\t',IP0000048,,ATOR-10 10MG FCTABLET x 30's,ATOR-10 10MG FCTABLET X 30'S,,BOX,0,0,STOCK,,,1,0,0,0.0,0,0.0,4,46.88,46.88,46.88,0.0,1,1,,,,0.0,0.0,0.0,,0.0,0.0,,0.0,0.0,0.0,0.0,,,,0.0,,0.0,0.0,0.0,0,,2024-09-27 00:11:25.690,2024-09-27,1754-01-01 08:11:25.690,0,,STOCK,00000000-0000-0000-0000-000000000000,,0,,,EXEMPT,1,,,0,0,,0,,,2,0.0,,1753-01-01,46.88,0.0,0.0,0,0,0.0,0.0,0.0,0.0,,0,0,1.0,BOX,BOX,,0,0,0,,,,0.0,0.0,,STOCKS,0,,,,LOTEXP,,,,,,,,1753-01-01,1,1753-01-01,1753-01-01,00000000-0000-0000-0000-000000000000,00000000-0000-0000-0000-000000000000,00000000-0000-0000-0000-000000000000,0,0,00000000-0000-0000-0000-000000000000,,,,46.88,0.0,0.0,0.0,0.0,0.0,0.0,0.0,0.0,0,0,,A9B01CA2-2178-EB11-AA10-000D3AA30FE3,2021-02-26 10:59:03.663,7E45060B-A2A4-4F72-B553-3234C753B380,2026-01-10 02:38:41.390,0B709DB4-D647-42B9-9EEF-809FBE63D915
b'\x00\x00\x00\x00\r\x06b|',IP0000049,,ATOR-20 20MG FCTABLET x 30's,ATOR-20 20MG FCTABLET X 30'S,,BOX,0,0,STOCK,,,1,0,0,0.0,0,0.0,4,107.14,107.14,107.14,0.0,1,1,,,,0.0,0.0,0.0,,0.0,0.0,,0.0,0.0,0.0,0.0,,,,0.0,,0.0,0.0,0.0,0,,2024-09-30 07:06:29.287,2024-09-30,1754-01-01 15:06:29.287,0,,STOCK,00000000-0000-0000-0000-000000000000,,0,,,EXEMPT,1,,,0,0,,0,,,1,0.0,,1753-01-01,107.14,0.0,0.0,0,0,0.0,0.0,0.0,0.0,,0,0,1.0,BOX,BOX,,0,0,0,,,,0.0,0.0,,STOCKS,0,,,,LOTEXP,,,,,,,,1753-01-01,1,1753-01-01,1753-01-01,00000000-0000-0000-0000-000000000000,00000000-0000-0000-0000-000000000000,00000000-0000-0000-0000-000000000000,0,0,00000000-0000-0000-0000-000000000000,,,,107.14,0.0,0.0,0.0,0.0,0.0,0.0,0.0,0.0,0,0,,AAB01CA2-2178-EB11-AA10-000D3AA30FE3,2021-02-26 10:59:03.663,7E45060B-A2A4-4F72-B553-3234C753B380,2026-01-12 01:58:10.237,0A03287F-3B77-4821-969F-D1C214171B0D
b'\x00\x00\x00\x00\r\x05\xff\xe7',IP0000050,,ATOR-40 40MG FCTABLET x 24's,ATOR-40 40MG FCTABLET X 24'S,,BOX,0,0,STOCK,,,1,0,0,0.0,0,0.0,4,92.79,92.79,92.79,0.0,1,1,,,,0.0,0.0,0.0,,0.0,0.0,,0.0,0.0,0.0,0.0,,,,0.0,,0.0,0.0,0.0,0,,2024-09-27 00:55:47.497,2024-09-27,1754-01-01 08:55:47.497,0,,STOCK,00000000-0000-0000-0000-000000000000,,0,,,EXEMPT,1,,,0,0,,0,,,1,0.0,,1753-01-01,92.79,0.0,0.0,0,0,0.0,0.0,0.0,0.0,,0,3,1.0,BOX,BOX,,0,0,0,,,,0.0,0.0,,STOCKS,0,,,,LOTEXP,,,,,,,,1753-01-01,1,1753-01-01,1753-01-01,00000000-0000-0000-0000-000000000000,00000000-0000-0000-0000-000000000000,00000000-0000-0000-0000-000000000000,0,0,00000000-0000-0000-0000-000000000000,,,,92.79,0.0,0.0,0.0,0.0,0.0,0.0,0.0,0.0,0,0,,ABB01CA2-2178-EB11-AA10-000D3AA30FE3,2021-02-26 10:59:03.677,7E45060B-A2A4-4F72-B553-3234C753B380,2026-01-10 06:22:21.960,0B709DB4-D647-42B9-9EEF-809FBE63D915
b'\x00\x00\x00\x00\r\x06|\xcf',IP0000052,,CLOPIVAZ 75MG FCTABLET x 30's,CLOPIVAZ 75MG FCTABLET X 30'S,,BOX,0,0,STOCK,,,1,0,0,0.0,0,0.0,4,89.29,89.29,89.27551,0.0,1,1,,,,0.0,0.0,0.0,,0.0,0.0,,0.0,0.0,0.0,0.0,,,,0.0,,0.0,0.0,0.0,0,,2024-09-30 07:32:08.733,2024-09-30,1754-01-01 15:32:08.733,0,,STOCK,00000000-0000-0000-0000-000000000000,,0,,,GOODS12,1,,,0,0,,0,,,1,0.0,,1753-01-01,89.29,0.0,0.0,0,0,0.0,0.0,0.0,0.0,,0,0,1.0,BOX,BOX,,0,0,0,,,,0.0,0.0,,STOCKS,0,,,,LOTEXP,,,,,,,,1753-01-01,1,1753-01-01,1753-01-01,00000000-0000-0000-0000-000000000000,00000000-0000-0000-0000-000000000000,00000000-0000-0000-0000-000000000000,0,0,00000000-0000-0000-0000-000000000000,,,,89.29,0.0,0.0,0.0,0.0,0.0,0.0,0.0,0.0,0,0,,ACB01CA2-2178-EB11-AA10-000D3AA30FE3,2021-02-26 10:59:03.677,7E45060B-A2A4-4F72-B553-3234C753B380,2026-01-12 03:22:36.597,0B709DB4-D647-42B9-9EEF-809FBE63D915
b'\x00\x00\x00\x00\r\x06b\x81',IP0000053,,LOSARGARD 100MG FCTAB x 30's,LOSARGARD 100MG FCTAB X 30'S,,BOX,0,0,STOCK,,,1,0,0,0.0,0,0.0,4,96.43,96.43,96.43,0.0,1,1,,,,0.0,0.0,0.0,,0.0,0.0,,0.0,0.0,0.0,0.0,,,,0.0,,0.0,0.0,0.0,0,,2024-09-30 07:32:24.517,2024-09-30,1754-01-01 15:32:24.517,0,,STOCK,00000000-0000-0000-0000-000000000000,,0,,,EXEMPT,1,,,0,0,,0,,,0,0.0,,1753-01-01,96.43,0.0,0.0,0,0,0.0,0.0,0.0,0.0,,0,0,1.0,BOX,BOX,,0,0,0,,,,0.0,0.0,,STOCKS,0,,,,LOTEXP,,,,,,,,1753-01-01,1,1753-01-01,1753-01-01,00000000-0000-0000-0000-000000000000,00000000-0000-0000-0000-000000000000,00000000-0000-0000-0000-000000000000,0,0,00000000-0000-0000-0000-000000000000,,,,96.43,0.0,0.0,0.0,0.0,0.0,0.0,0.0,0.0,0,0,,ADB01CA2-2178-EB11-AA10-000D3AA30FE3,2021-02-26 10:59:03.693,7E45060B-A2A4-4F72-B553-3234C753B380,2026-01-12 01:58:10.250,0A03287F-3B77-4821-969F-D1C214171B0D
b'\x00\x00\x00\x00\x04\xcf\x8e\xe2',IP0000054,,LOSARGARD 100MG FCTAB x 10's,LOSARGARD 100MG FCTAB X 10'S,,BOX,0,0,STOCK,,,1,0,0,0.0,0,0.0,4,34.49,34.49,0.0,0.0,1,1,,,,0.0,0.0,0.0,,0.0,0.0,,0.0,0.0,0.0,0.0,,,,0.0,,0.0,0.0,0.0,0,,2021-11-18 08:26:06.743,2021-11-18,1754-01-01 16:26:06.743,0,,STOCK,00000000-0000-0000-0000-000000000000,,0,,,EXEMPT,1,,,0,0,,0,,,0,0.0,,1753-01-01,34.49,0.0,0.0,0,0,0.0,0.0,0.0,0.0,,0,0,1.0,BOX,BOX,,0,0,0,,,,0.0,0.0,,STOCKS,0,,,,LOTEXP,,,,,,,,1753-01-01,1,1753-01-01,1753-01-01,00000000-0000-0000-0000-000000000000,00000000-0000-0000-0000-000000000000,00000000-0000-0000-0000-000000000000,0,0,00000000-0000-0000-0000-000000000000,,,,34.49,0.0,0.0,0.0,0.0,0.0,0.0,0.0,0.0,0,0,,AEB01CA2-2178-EB11-AA10-000D3AA30FE3,2021-02-26 10:59:03.693,7E45060B-A2A4-4F72-B553-3234C753B380,2021-11-18 08:26:06.743,8FDCE4A2-E551-4114-AA5B-A4A6BAB4255F
b'\x00\x00\x00\x00\r\x06\xbf2',IP0000055,,LOSARGARD 50MG FCTAB x 30's,LOSARGARD 50MG FCTAB X 30'S,,BOX,0,0,STOCK,,,1,0,0,0.0,0,0.0,4,58.93,58.93,58.93,0.0,1,1,,,,0.0,0.0,0.0,,0.0,0.0,,0.0,0.0,0.0,0.0,,,,0.0,,0.0,0.0,0.0,0,,2024-09-27 00:55:05.120,2024-09-27,1754-01-01 08:55:05.120,0,,STOCK,00000000-0000-0000-0000-000000000000,,0,,,EXEMPT,1,,,0,0,,0,,,1,0.0,,1753-01-01,58.93,0.0,0.0,0,0,0.0,0.0,0.0,0.0,,0,0,1.0,BOX,BOX,,0,0,0,,,,0.0,0.0,,STOCKS,0,,,,LOTEXP,,,,,,,,1753-01-01,1,1753-01-01,1753-01-01,00000000-0000-0000-0000-000000000000,00000000-0000-0000-0000-000000000000,00000000-0000-0000-0000-000000000000,0,0,00000000-0000-0000-0000-000000000000,,,,58.93,0.0,0.0,0.0,0.0,0.0,0.0,0.0,0.0,0,0,,AFB01CA2-2178-EB11-AA10-000D3AA30FE3,2021-02-26 10:59:03.710,7E45060B-A2A4-4F72-B553-3234C753B380,2026-01-12 08:06:15.073,5428A7C5-0CCA-4C68-BF2D-3ED6031F3D6F
b'\x00\x00\x00\x00\r\x063_',IP0000057,,RENOCELL 500MG FCTAB x 30's,RENOCELL 500MG FCTAB X 30'S,,BOX,0,0,STOCK,,,1,0,0,0.0,0,0.0,4,542.41,542.41,542.41,0.0,1,1,,,,0.0,0.0,0.0,,0.0,0.0,,0.0,0.0,0.0,0.0,,,,0.0,,0.0,0.0,0.0,0,,2024-09-30 07:33:03.173,2024-09-30,1754-01-01 15:33:03.173,0,,STOCK,00000000-0000-0000-0000-000000000000,,0,,,EXEMPT,1,,,0,0,,0,,,0,0.0,,1753-01-01,542.41,0.0,0.0,0,0,0.0,0.0,0.0,0.0,,0,0,1.0,BOX,BOX,,0,0,0,,,,0.0,0.0,,STOCKS,0,,,,LOTEXP,,,,,,,,1753-01-01,1,1753-01-01,1753-01-01,00000000-0000-0000-0000-000000000000,00000000-0000-0000-0000-000000000000,00000000-0000-0000-0000-000000000000,0,0,00000000-0000-0000-0000-000000000000,,,,542.41,0.0,0.0,0.0,0.0,0.0,0.0,0.0,0.0,0,0,,B0B01CA2-2178-EB11-AA10-000D3AA30FE3,2021-02-26 10:59:03.710,7E45060B-A2A4-4F72-B553-3234C753B380,2026-01-12 00:49:11.807,0B709DB4-D647-42B9-9EEF-809FBE63D915
b'\x00\x00\x00\x00\x04\xcf\x8f\x02',IP0000061,,SULFAST 4MG TABLET x 30's,SULFAST 4MG TABLET X 30'S,,BOX,0,0,STOCK,,,1,0,0,0.0,0,0.0,4,101.12,101.12,0.0,0.0,1,1,,,,0.0,0.0,0.0,,0.0,0.0,,0.0,0.0,0.0,0.0,,,,0.0,,0.0,0.0,0.0,0,,2021-11-18 08:26:47.867,2021-11-18,1754-01-01 16:26:47.867,0,,STOCK,00000000-0000-0000-0000-000000000000,,0,,,EXEMPT,1,,,0,0,,0,,,0,0.0,,1753-01-01,101.12,0.0,0.0,0,0,0.0,0.0,0.0,0.0,,0,0,1.0,BOX,BOX,,0,0,0,,,,0.0,0.0,,STOCKS,0,,,,LOTEXP,,,,,,,,1753-01-01,1,1753-01-01,1753-01-01,00000000-0000-0000-0000-000000000000,00000000-0000-0000-0000-000000000000,00000000-0000-0000-0000-000000000000,0,0,00000000-0000-0000-0000-000000000000,,,,101.12,0.0,0.0,0.0,0.0,0.0,0.0,0.0,0.0,0,0,,B1B01CA2-2178-EB11-AA10-000D3AA30FE3,2021-02-26 10:59:03.727,7E45060B-A2A4-4F72-B553-3234C753B380,2021-11-18 08:26:47.867,8FDCE4A2-E551-4114-AA5B-A4A6BAB4255F
b'\x00\x00\x00\x00\ne\xf95',IP0000062,,ESOMEP 20MG FCTABLET x 14's,ESOMEP 20MG FCTABLET X 14'S,,BOX,0,0,STOCK,,,1,0,0,0.0,0,0.0,4,56.25,56.25,56.02241,0.0,1,1,,,,0.0,0.0,0.0,,0.0,0.0,,0.0,0.0,0.0,0.0,,,,0.0,,0.0,0.0,0.0,0,,2021-11-18 08:26:53.240,2021-11-18,1754-01-01 16:26:53.240,0,,STOCK,00000000-0000-0000-0000-000000000000,,0,,,GOODS12,1,,,0,0,,0,,,1,0.0,,1753-01-01,56.25,0.0,0.0,0,0,0.0,0.0,0.0,0.0,,0,0,1.0,BOX,BOX,,0,0,0,,,,0.0,0.0,,STOCKS,0,,,,LOTEXP,,,,,,,,1753-01-01,1,1753-01-01,1753-01-01,00000000-0000-0000-0000-000000000000,00000000-0000-0000-0000-000000000000,00000000-0000-0000-0000-000000000000,0,0,00000000-0000-0000-0000-000000000000,,,,56.25,0.0,0.0,0.0,0.0,0.0,0.0,0.0,0.0,0,0,,B2B01CA2-2178-EB11-AA10-000D3AA30FE3,2021-02-26 10:59:03.727,7E45060B-A2A4-4F72-B553-3234C753B380,2024-07-02 02:28:00.680,34C3286C-E7F6-4F45-8F69-19CD015F1C1B
b'\x00\x00\x00\x00\r\x06\x9e\xa2',IP0000063,,ESOMEP 40MG FCTABLET x 14's,ESOMEP 40MG FCTABLET X 14'S,,BOX,0,0,STOCK,,,1,0,0,0.0,0,0.0,4,65.63,65.63,65.34954,0.0,1,1,,,,0.0,0.0,0.0,,0.0,0.0,,0.0,0.0,0.0,0.0,,,,0.0,,0.0,0.0,0.0,0,,2024-09-30 07:33:22.830,2024-09-30,1754-01-01 15:33:22.830,0,,STOCK,00000000-0000-0000-0000-000000000000,,0,,,GOODS12,1,,,0,0,,0,,,1,0.0,,1753-01-01,65.63,0.0,0.0,0,0,0.0,0.0,0.0,0.0,,0,0,1.0,BOX,BOX,,0,0,0,,,,0.0,0.0,,STOCKS,0,,,,LOTEXP,,,,,,,,1753-01-01,1,1753-01-01,1753-01-01,00000000-0000-0000-0000-000000000000,00000000-0000-0000-0000-000000000000,00000000-0000-0000-0000-000000000000,0,0,00000000-0000-0000-0000-000000000000,,,,65.63,0.0,0.0,0.0,0.0,0.0,0.0,0.0,0.0,0,0,,B3B01CA2-2178-EB11-AA10-000D3AA30FE3,2021-02-26 10:59:03.740,7E45060B-A2A4-4F72-B553-3234C753B380,2026-01-12 06:26:17.067,5428A7C5-0CCA-4C68-BF2D-3ED6031F3D6F
b'\x00\x00\x00\x00\r\x06I\xbc',IP0000064,,AMLODINE 10MG TABLET x 30's,AMLODINE 10MG TABLET X 30'S,,BOX,0,0,STOCK,,,1,0,0,0.0,0,0.0,4,80.36,80.36,80.36,0.0,1,1,,,,0.0,0.0,0.0,,0.0,0.0,,0.0,0.0,0.0,0.0,,,,0.0,,0.0,0.0,0.0,0,,2024-09-27 00:12:18.910,2024-09-27,1754-01-01 08:12:18.910,0,,STOCK,00000000-0000-0000-0000-000000000000,,0,,,EXEMPT,1,,,0,0,,0,,,1,0.0,,1753-01-01,80.36,0.0,0.0,0,0,0.0,0.0,0.0,0.0,,0,0,1.0,BOX,BOX,,0,0,0,,,,0.0,0.0,,STOCKS,0,,,,LOTEXP,,,,,,,,1753-01-01,1,1753-01-01,1753-01-01,00000000-0000-0000-0000-000000000000,00000000-0000-0000-0000-000000000000,00000000-0000-0000-0000-000000000000,0,0,00000000-0000-0000-0000-000000000000,,,,80.36,0.0,0.0,0.0,0.0,0.0,0.0,0.0,0.0,0,0,,B4B01CA2-2178-EB11-AA10-000D3AA30FE3,2021-02-26 10:59:03.740,7E45060B-A2A4-4F72-B553-3234C753B380,2026-01-12 01:29:50.780,5428A7C5-0CCA-4C68-BF2D-3ED6031F3D6F
b'\x00\x00\x00\x00\r\x06}t',IP0000065,,AMLODINE 5MG TABLET x 30's,AMLODINE 5MG TABLET X 30'S,,BOX,0,0,STOCK,,,1,0,0,0.0,0,0.0,4,46.88,46.88,46.88,0.0,1,1,,,,0.0,0.0,0.0,,0.0,0.0,,0.0,0.0,0.0,0.0,,,,0.0,,0.0,0.0,0.0,0,,2021-11-18 08:27:14.300,2021-11-18,1754-01-01 16:27:14.300,0,,STOCK,00000000-0000-0000-0000-000000000000,,0,,,EXEMPT,1,,,0,0,,0,,,1,0.0,,1753-01-01,46.88,0.0,0.0,0,0,0.0,0.0,0.0,0.0,,0,0,1.0,BOX,BOX,,0,0,0,,,,0.0,0.0,,STOCKS,0,,,,LOTEXP,,,,,,,,1753-01-01,1,1753-01-01,1753-01-01,00000000-0000-0000-0000-000000000000,00000000-0000-0000-0000-000000000000,00000000-0000-0000-0000-000000000000,0,0,00000000-0000-0000-0000-000000000000,,,,46.88,0.0,0.0,0.0,0.0,0.0,0.0,0.0,0.0,0,0,,B5B01CA2-2178-EB11-AA10-000D3AA30FE3,2021-02-26 10:59:03.757,7E45060B-A2A4-4F72-B553-3234C753B380,2026-01-12 03:23:23.347,0B709DB4-D647-42B9-9EEF-809FBE63D915
b'\x00\x00\x00\x00\r\x06~\x98',IP0000066,,RAMIPRO 10MG TABLET x 30's,RAMIPRO 10MG TABLET X 30'S,,BOX,0,0,STOCK,,,1,0,0,0.0,0,0.0,4,99.11,99.11,99.11,0.0,1,1,,,,0.0,0.0,0.0,,0.0,0.0,,0.0,0.0,0.0,0.0,,,,0.0,,0.0,0.0,0.0,0,,2021-11-18 08:27:19.317,2021-11-18,1754-01-01 16:27:19.317,0,,STOCK,00000000-0000-0000-0000-000000000000,,0,,,EXEMPT,1,,,0,0,,0,,,0,0.0,,1753-01-01,99.11,0.0,0.0,0,0,0.0,0.0,0.0,0.0,,0,0,1.0,BOX,BOX,,0,0,0,,,,0.0,0.0,,STOCKS,0,,,,LOTEXP,,,,,,,,1753-01-01,1,1753-01-01,1753-01-01,00000000-0000-0000-0000-000000000000,00000000-0000-0000-0000-000000000000,00000000-0000-0000-0000-000000000000,0,0,00000000-0000-0000-0000-000000000000,,,,99.11,0.0,0.0,0.0,0.0,0.0,0.0,0.0,0.0,0,0,,B6B01CA2-2178-EB11-AA10-000D3AA30FE3,2021-02-26 10:59:03.757,7E45060B-A2A4-4F72-B553-3234C753B380,2026-01-12 03:24:48.763,0B709DB4-D647-42B9-9EEF-809FBE63D915
b'\x00\x00\x00\x00\r\x06\x02\r',IP0000067,,RAMIPRO 2.5MG TABLET x 30's,RAMIPRO 2.5MG TABLET X 30'S,,BOX,0,0,STOCK,,,1,0,0,0.0,0,0.0,4,57.14,57.14,57.14,0.0,1,1,,,,0.0,0.0,0.0,,0.0,0.0,,0.0,0.0,0.0,0.0,,,,0.0,,0.0,0.0,0.0,0,,2021-11-18 08:27:24.777,2021-11-18,1754-01-01 16:27:24.777,0,,STOCK,00000000-0000-0000-0000-000000000000,,0,,,EXEMPT,1,,,0,0,,0,,,1,0.0,,1753-01-01,57.14,0.0,0.0,0,0,0.0,0.0,0.0,0.0,,0,0,1.0,BOX,BOX,,0,0,0,,,,0.0,0.0,,STOCKS,0,,,,LOTEXP,,,,,,,,1753-01-01,1,1753-01-01,1753-01-01,00000000-0000-0000-0000-000000000000,00000000-0000-0000-0000-000000000000,00000000-0000-0000-0000-000000000000,0,0,00000000-0000-0000-0000-000000000000,,,,57.14,0.0,0.0,0.0,0.0,0.0,0.0,0.0,0.0,0,0,,B7B01CA2-2178-EB11-AA10-000D3AA30FE3,2021-02-26 10:59:03.773,7E45060B-A2A4-4F72-B553-3234C753B380,2026-01-10 06:27:12.880,0B709DB4-D647-42B9-9EEF-809FBE63D915
b'\x00\x00\x00\x00\r\x06~\x9d',IP0000068,,RAMIPRO 5MG TABLET x 30's,RAMIPRO 5MG TABLET X 30'S,,BOX,0,0,STOCK,,,1,0,0,0.0,0,0.0,4,66.96,66.96,66.96,0.0,1,1,,,,0.0,0.0,0.0,,0.0,0.0,,0.0,0.0,0.0,0.0,,,,0.0,,0.0,0.0,0.0,0,,2021-11-18 08:27:32.863,2021-11-18,1754-01-01 16:27:32.863,0,,STOCK,00000000-0000-0000-0000-000000000000,,0,,,EXEMPT,1,,,0,0,,0,,,0,0.0,,1753-01-01,66.96,0.0,0.0,0,0,0.0,0.0,0.0,0.0,,0,0,1.0,BOX,BOX,,0,0,0,,,,0.0,0.0,,STOCKS,0,,,,LOTEXP,,,,,,,,1753-01-01,1,1753-01-01,1753-01-01,00000000-0000-0000-0000-000000000000,00000000-0000-0000-0000-000000000000,00000000-0000-0000-0000-000000000000,0,0,00000000-0000-0000-0000-000000000000,,,,66.96,0.0,0.0,0.0,0.0,0.0,0.0,0.0,0.0,0,0,,B8B01CA2-2178-EB11-AA10-000D3AA30FE3,2021-02-26 10:59:03.773,7E45060B-A2A4-4F72-B553-3234C753B380,2026-01-12 03:24:48.787,0B709DB4-D647-42B9-9EEF-809FBE63D915
b'\x00\x00\x00\x00\r\x06~\x93',IP0000069,,RUSTOR 10MG FCTABLET x 30's,RUSTOR 10MG FCTABLET X 30'S,,BOX,0,0,STOCK,,,1,0,0,0.0,0,0.0,4,80.4,80.4,55.79787,0.0,1,1,,,,0.0,0.0,0.0,,0.0,0.0,,0.0,0.0,0.0,0.0,,,,0.0,,0.0,0.0,0.0,0,,2025-03-06 02:26:32.553,2025-03-06,1754-01-01 10:26:32.553,0,,STOCK,00000000-0000-0000-0000-000000000000,,0,,,EXEMPT,1,,,0,0,,0,,,1,0.0,,2025-02-28,80.4,0.0,0.0,0,0,0.0,0.0,0.0,0.0,,0,0,1.0,BOX,BOX,,0,0,0,,,,0.0,0.0,,STOCKS,0,,,,LOTEXP,,,,,,,,1753-01-01,1,1753-01-01,1753-01-01,00000000-0000-0000-0000-000000000000,00000000-0000-0000-0000-000000000000,00000000-0000-0000-0000-000000000000,0,0,00000000-0000-0000-0000-000000000000,,,,80.4,0.0,0.0,0.0,0.0,0.0,0.0,0.0,0.0,0,0,,B9B01CA2-2178-EB11-AA10-000D3AA30FE3,2021-02-26 10:59:03.787,7E45060B-A2A4-4F72-B553-3234C753B380,2026-01-12 03:24:48.740,0B709DB4-D647-42B9-9EEF-809FBE63D915
b'\x00\x00\x00\x00\r\x06~\xa2',IP0000070,,RUSTOR 20MG FCTABLET x 30's,RUSTOR 20MG FCTABLET X 30'S,,BOX,0,0,STOCK,,,1,0,0,0.0,0,0.0,4,133.93,133.93,100.44331,0.0,1,1,,,,0.0,0.0,0.0,,0.0,0.0,,0.0,0.0,0.0,0.0,,,,0.0,,0.0,0.0,0.0,0,,2021-11-18 08:29:18.193,2021-11-18,1754-01-01 16:29:18.193,0,,STOCK,00000000-0000-0000-0000-000000000000,,0,,,EXEMPT,1,,,0,0,,0,,,0,0.0,,1753-01-01,133.93,0.0,0.0,0,0,0.0,0.0,0.0,0.0,,0,0,1.0,BOX,BOX,,0,0,0,,,,0.0,0.0,,STOCKS,0,,,,LOTEXP,,,,,,,,1753-01-01,1,1753-01-01,1753-01-01,00000000-0000-0000-0000-000000000000,00000000-0000-0000-0000-000000000000,00000000-0000-0000-0000-000000000000,0,0,00000000-0000-0000-0000-000000000000,,,,133.93,0.0,0.0,0.0,0.0,0.0,0.0,0.0,0.0,0,0,,BAB01CA2-2178-EB11-AA10-000D3AA30FE3,2021-02-26 10:59:03.803,7E45060B-A2A4-4F72-B553-3234C753B380,2026-01-12 03:24:48.830,0B709DB4-D647-42B9-9EEF-809FBE63D915
b'\x00\x00\x00\x00\r\x05\xf7\r',IP0000071,,AZI 500MG FCTABLET x 3's,AZI 500MG FCTABLET X 3'S,,BOX,0,0,STOCK,,,1,0,0,0.0,0,0.0,4,46.88,46.88,46.875,0.0,1,1,,,,0.0,0.0,0.0,,0.0,0.0,,0.0,0.0,0.0,0.0,,,,0.0,,0.0,0.0,0.0,0,,2022-08-23 08:28:09.153,2022-08-23,1754-01-01 16:28:09.153,0,,STOCK,00000000-0000-0000-0000-000000000000,,0,,,GOODS12,1,,,0,0,,0,,,1,0.0,,1753-01-01,46.88,0.0,0.0,0,0,0.0,0.0,0.0,0.0,,0,0,1.0,BOX,BOX,,0,0,0,,,,0.0,0.0,,STOCKS,0,,,,LOTEXP,,,,,,,,1753-01-01,1,1753-01-01,1753-01-01,00000000-0000-0000-0000-000000000000,00000000-0000-0000-0000-000000000000,00000000-0000-0000-0000-000000000000,0,0,00000000-0000-0000-0000-000000000000,,,,46.88,0.0,0.0,0.0,0.0,0.0,0.0,0.0,0.0,0,0,,BBB01CA2-2178-EB11-AA10-000D3AA30FE3,2021-02-26 10:59:03.803,7E45060B-A2A4-4F72-B553-3234C753B380,2026-01-10 06:01:53.337,0B709DB4-D647-42B9-9EEF-809FBE63D915
b'\x00\x00\x00\x00\r\x06\x8d3',IP0000072,,MOXIFLOX 400MG FCTABLET x 24's,MOXIFLOX 400MG FCTABLET X 24'S,,BOX,0,0,STOCK,,,1,0,0,0.0,0,0.0,4,610.71,610.71,610.71429,0.0,1,1,,,,0.0,0.0,0.0,,0.0,0.0,,0.0,0.0,0.0,0.0,,,,0.0,,0.0,0.0,0.0,0,,2021-11-18 08:29:27.477,2021-11-18,1754-01-01 16:29:27.477,0,,STOCK,00000000-0000-0000-0000-000000000000,,0,,,GOODS12,1,,,0,0,,0,,,0,0.0,,1753-01-01,610.71,0.0,0.0,0,0,0.0,0.0,0.0,0.0,,0,0,1.0,BOX,BOX,,0,0,0,,,,0.0,0.0,,STOCKS,0,,,,LOTEXP,,,,,,,,1753-01-01,1,1753-01-01,1753-01-01,00000000-0000-0000-0000-000000000000,00000000-0000-0000-0000-000000000000,00000000-0000-0000-0000-000000000000,0,0,00000000-0000-0000-0000-000000000000,,,,610.71,0.0,0.0,0.0,0.0,0.0,0.0,0.0,0.0,0,0,,BCB01CA2-2178-EB11-AA10-000D3AA30FE3,2021-02-26 10:59:03.820,7E45060B-A2A4-4F72-B553-3234C753B380,2026-01-12 05:33:10.950,0B709DB4-D647-42B9-9EEF-809FBE63D915
b'\x00\x00\x00\x00\ne\xfb>',IP0000074,,CELEXIB 400MG CAPSULE x 100's,CELEXIB 400MG CAPSULE X 100'S,,BOX,0,0,STOCK,,,1,0,0,0.0,0,0.0,4,669.64,669.64,669.64286,0.0,1,1,,,,0.0,0.0,0.0,,0.0,0.0,,0.0,0.0,0.0,0.0,,,,0.0,,0.0,0.0,0.0,0,,2021-11-18 08:29:31.553,2021-11-18,1754-01-01 16:29:31.553,0,,STOCK,00000000-0000-0000-0000-000000000000,,0,,,GOODS12,1,,,0,0,,0,,,0,0.0,,1753-01-01,669.64,0.0,0.0,0,0,0.0,0.0,0.0,0.0,,0,0,1.0,BOX,BOX,,0,0,0,,,,0.0,0.0,,STOCKS,0,,,,LOTEXP,,,,,,,,1753-01-01,1,1753-01-01,1753-01-01,00000000-0000-0000-0000-000000000000,00000000-0000-0000-0000-000000000000,00000000-0000-0000-0000-000000000000,0,0,00000000-0000-0000-0000-000000000000,,,,669.64,0.0,0.0,0.0,0.0,0.0,0.0,0.0,0.0,0,0,,BDB01CA2-2178-EB11-AA10-000D3AA30FE3,2021-02-26 10:59:03.820,7E45060B-A2A4-4F72-B553-3234C753B380,2024-07-02 02:28:02.477,34C3286C-E7F6-4F45-8F69-19CD015F1C1B
b'\x00\x00\x00\x00\r\x06\xbb\xc2',IP0000079,,AMLODINE PLUS 5MG/50MG x 30's,AMLODINE PLUS 5MG/50MG X 30'S,,BOX,0,0,STOCK,,,1,0,0,0.0,0,0.0,4,80.36,80.36,80.36,0.0,1,1,,,,0.0,0.0,0.0,,0.0,0.0,,0.0,0.0,0.0,0.0,,,,0.0,,0.0,0.0,0.0,0,,2021-11-18 08:29:36.380,2021-11-18,1754-01-01 16:29:36.380,0,,STOCK,00000000-0000-0000-0000-000000000000,,0,,,EXEMPT,1,,,0,0,,0,,,1,0.0,,1753-01-01,80.36,0.0,0.0,0,0,0.0,0.0,0.0,0.0,,0,0,1.0,BOX,BOX,,0,0,0,,,,0.0,0.0,,STOCKS,0,,,,LOTEXP,,,,,,,,1753-01-01,1,1753-01-01,1753-01-01,00000000-0000-0000-0000-000000000000,00000000-0000-0000-0000-000000000000,00000000-0000-0000-0000-000000000000,0,0,00000000-0000-0000-0000-000000000000,,,,80.36,0.0,0.0,0.0,0.0,0.0,0.0,0.0,0.0,0,0,,BEB01CA2-2178-EB11-AA10-000D3AA30FE3,2021-02-26 10:59:03.820,7E45060B-A2A4-4F72-B553-3234C753B380,2026-01-12 07:52:37.977,5428A7C5-0CCA-4C68-BF2D-3ED6031F3D6F
b'\x00\x00\x00\x00\r\x06\x01(',IP0000080,,AMLODINE PLUS 5MG/100MG x 30's,AMLODINE PLUS 5MG/100MG X 30'S,,BOX,0,0,STOCK,,,1,0,0,0.0,0,0.0,4,133.93,133.93,133.93,0.0,1,1,,,,0.0,0.0,0.0,,0.0,0.0,,0.0,0.0,0.0,0.0,,,,0.0,,0.0,0.0,0.0,0,,2021-11-18 08:29:42.863,2021-11-18,1754-01-01 16:29:42.863,0,,STOCK,00000000-0000-0000-0000-000000000000,,0,,,EXEMPT,1,,,0,0,,0,,,0,0.0,,1753-01-01,133.93,0.0,0.0,0,0,0.0,0.0,0.0,0.0,,0,0,1.0,BOX,BOX,,0,0,0,,,,0.0,0.0,,STOCKS,0,,,,LOTEXP,,,,,,,,1753-01-01,1,1753-01-01,1753-01-01,00000000-0000-0000-0000-000000000000,00000000-0000-0000-0000-000000000000,00000000-0000-0000-0000-000000000000,0,0,00000000-0000-0000-0000-000000000000,,,,133.93,0.0,0.0,0.0,0.0,0.0,0.0,0.0,0.0,0,0,,BFB01CA2-2178-EB11-AA10-000D3AA30FE3,2021-02-26 10:59:03.833,7E45060B-A2A4-4F72-B553-3234C753B380,2026-01-10 06:24:31.313,0B709DB4-D647-42B9-9EEF-809FBE63D915
b'\x00\x00\x00\x00\r\x06.U',IP0000081,,SALMEFLO 50MCG/250MCG CAPx40's W/O,SALMEFLO 50MCG/250MCG CAPX40'S W/O,,BOX,0,0,STOCK,,,1,0,0,0.0,0,0.0,4,92.86,92.86,92.85714,0.0,1,1,,,,0.0,0.0,0.0,,0.0,0.0,,0.0,0.0,0.0,0.0,,,,0.0,,0.0,0.0,0.0,0,,2024-09-26 10:34:36.303,2024-09-26,1754-01-01 18:34:36.303,0,,STOCK,00000000-0000-0000-0000-000000000000,,0,,,GOODS12,1,,,0,0,,0,,,0,0.0,,2022-01-31,92.86,0.0,0.0,0,0,0.0,0.0,0.0,0.0,,0,0,1.0,BOX,BOX,,0,0,0,,,,0.0,0.0,,STOCKS,0,,,,LOTEXP,,,,,,,,1753-01-01,1,1753-01-01,1753-01-01,00000000-0000-0000-0000-000000000000,00000000-0000-0000-0000-000000000000,00000000-0000-0000-0000-000000000000,0,0,00000000-0000-0000-0000-000000000000,,,,92.86,0.0,0.0,0.0,0.0,0.0,0.0,0.0,0.0,0,0,,C0B01CA2-2178-EB11-AA10-000D3AA30FE3,2021-02-26 10:59:03.833,7E45060B-A2A4-4F72-B553-3234C753B380,2026-01-12 00:45:22.480,0B709DB4-D647-42B9-9EEF-809FBE63D915
b'\x00\x00\x00\x00\r\x05\xfb\xa6',IP0000082,,SALMEFLO 50MCG/500MCG DPIx40's W/O,SALMEFLO 50MCG/500MCG DPIX40'S W/O,,BOX,0,0,STOCK,,,1,0,0,0.0,0,0.0,4,116.07,116.07,116.07143,0.0,1,1,,,,0.0,0.0,0.0,,0.0,0.0,,0.0,0.0,0.0,0.0,,,,0.0,,0.0,0.0,0.0,0,,2024-01-11 07:51:06.757,2024-01-11,1754-01-01 15:51:06.757,0,,STOCK,00000000-0000-0000-0000-000000000000,,0,,,GOODS12,1,,,0,0,,0,,,1,0.0,,2022-01-31,116.07,0.0,0.0,0,0,0.0,0.0,0.0,0.0,,0,0,1.0,BOX,BOX,,0,0,0,,,,0.0,0.0,,STOCKS,0,,,,LOTEXP,,,,,,,,1753-01-01,1,1753-01-01,1753-01-01,00000000-0000-0000-0000-000000000000,00000000-0000-0000-0000-000000000000,00000000-0000-0000-0000-000000000000,0,0,00000000-0000-0000-0000-000000000000,,,,116.07,0.0,0.0,0.0,0.0,0.0,0.0,0.0,0.0,0,0,,C1B01CA2-2178-EB11-AA10-000D3AA30FE3,2021-02-26 10:59:03.850,7E45060B-A2A4-4F72-B553-3234C753B380,2026-01-10 06:10:58.913,0B709DB4-D647-42B9-9EEF-809FBE63D915
b'\x00\x00\x00\x00\ne\xfbB',IP0000083,,AZI 200MG SUSPENSION 22.5.ML,AZI 200MG SUSPENSION 22.5.ML,,BOT,0,0,STOCK,,,1,0,0,0.0,0,0.0,4,60.4,60.4,80.36,0.0,1,1,,,,0.0,0.0,0.0,,0.0,0.0,,0.0,0.0,0.0,0.0,,,,0.0,,0.0,0.0,0.0,0,,2022-08-23 08:28:17.510,2022-08-23,1754-01-01 16:28:17.510,0,,STOCK,00000000-0000-0000-0000-000000000000,,0,,,GOODS12,1,,,0,0,,0,,,0,0.0,,2022-01-31,60.4,0.0,0.0,0,0,0.0,0.0,0.0,0.0,,0,0,1.0,BOT,BOT,,0,0,0,,,,0.0,0.0,,STOCKS,0,,,,LOTEXP,,,,,,,,1753-01-01,1,1753-01-01,1753-01-01,00000000-0000-0000-0000-000000000000,00000000-0000-0000-0000-000000000000,00000000-0000-0000-0000-000000000000,0,0,00000000-0000-0000-0000-000000000000,,,,60.4,0.0,0.0,0.0,0.0,0.0,0.0,0.0,0.0,0,0,,C2B01CA2-2178-EB11-AA10-000D3AA30FE3,2021-02-26 10:59:03.850,7E45060B-A2A4-4F72-B553-3234C753B380,2024-07-02 02:28:02.477,34C3286C-E7F6-4F45-8F69-19CD015F1C1B
b'\x00\x00\x00\x00\r\x06^P',IP0000086,,DESLOGEN 2.5MG/5ML SYRUP 60ML,DESLOGEN 2.5MG/5ML SYRUP 60ML,,BOT,0,0,STOCK,,,1,0,0,0.0,0,0.0,4,45.54,45.54,45.53572,0.0,1,1,,,,0.0,0.0,0.0,,0.0,0.0,,0.0,0.0,0.0,0.0,,,,0.0,,0.0,0.0,0.0,0,,2025-03-06 02:26:34.403,2025-03-06,1754-01-01 10:26:34.403,0,,STOCK,00000000-0000-0000-0000-000000000000,,0,,,GOODS12,1,,,0,0,,0,,,1,0.0,,2025-02-28,45.54,0.0,0.0,0,0,0.0,0.0,0.0,0.0,,0,0,1.0,BOT,BOT,,0,0,0,,,,0.0,0.0,,STOCKS,0,,,,LOTEXP,,,,,,,,1753-01-01,1,1753-01-01,1753-01-01,00000000-0000-0000-0000-000000000000,00000000-0000-0000-0000-000000000000,00000000-0000-0000-0000-000000000000,0,0,00000000-0000-0000-0000-000000000000,,,,45.54,0.0,0.0,0.0,0.0,0.0,0.0,0.0,0.0,0,0,,C3B01CA2-2178-EB11-AA10-000D3AA30FE3,2021-02-26 10:59:03.867,7E45060B-A2A4-4F72-B553-3234C753B380,2026-01-12 01:53:55.140,5428A7C5-0CCA-4C68-BF2D-3ED6031F3D6F
b'\x00\x00\x00\x00\r\x06^V',IP0000090,,VERT 24MG FCTABLET x 100's,VERT 24MG FCTABLET X 100'S,,BOX,0,0,STOCK,,,1,0,0,0.0,0,0.0,4,446.43,446.43,372.00452,0.0,1,1,,,,0.0,0.0,0.0,,0.0,0.0,,0.0,0.0,0.0,0.0,,,,0.0,,0.0,0.0,0.0,0,,2021-11-18 08:30:05.410,2021-11-18,1754-01-01 16:30:05.410,0,,STOCK,00000000-0000-0000-0000-000000000000,,0,,,GOODS12,1,,,0,0,,0,,,1,0.0,,1753-01-01,446.43,0.0,0.0,0,0,0.0,0.0,0.0,0.0,,0,0,1.0,BOX,BOX,,0,0,0,,,,0.0,0.0,,STOCKS,0,,,,LOTEXP,,,,,,,,1753-01-01,1,1753-01-01,1753-01-01,00000000-0000-0000-0000-000000000000,00000000-0000-0000-0000-000000000000,00000000-0000-0000-0000-000000000000,0,0,00000000-0000-0000-0000-000000000000,,,,446.43,0.0,0.0,0.0,0.0,0.0,0.0,0.0,0.0,0,0,,C4B01CA2-2178-EB11-AA10-000D3AA30FE3,2021-02-26 10:59:03.867,7E45060B-A2A4-4F72-B553-3234C753B380,2026-01-12 01:53:55.190,5428A7C5-0CCA-4C68-BF2D-3ED6031F3D6F
b'\x00\x00\x00\x00\r\x05\xf7\x15',IP0000091,,POLYDERM 3 5GMS CREAM,POLYDERM 3 5GMS CREAM,,TUBE,0,0,STOCK,,,1,0,0,0.0,0,0.0,4,35.71,35.71,35.71429,0.0,1,1,,,,0.0,0.0,0.0,,0.0,0.0,,0.0,0.0,0.0,0.0,,,,0.0,,0.0,0.0,0.0,0,,2021-11-18 08:30:10.690,2021-11-18,1754-01-01 16:30:10.690,0,,STOCK,00000000-0000-0000-0000-000000000000,,0,,,GOODS12,1,,,0,0,,0,,,1,0.0,,1753-01-01,35.71,0.0,0.0,0,0,0.0,0.0,0.0,0.0,,0,0,1.0,TUBE,TUBE,,0,0,0,,,,0.0,0.0,,STOCKS,0,,,,LOTEXP,,,,,,,,1753-01-01,1,1753-01-01,1753-01-01,00000000-0000-0000-0000-000000000000,00000000-0000-0000-0000-000000000000,00000000-0000-0000-0000-000000000000,0,0,00000000-0000-0000-0000-000000000000,,,,35.71,0.0,0.0,0.0,0.0,0.0,0.0,0.0,0.0,0,0,,C5B01CA2-2178-EB11-AA10-000D3AA30FE3,2021-02-26 10:59:03.867,7E45060B-A2A4-4F72-B553-3234C753B380,2026-01-10 06:01:53.417,0B709DB4-D647-42B9-9EEF-809FBE63D915
b'\x00\x00\x00\x00\x0c\x953g',IP0000092,,POLYDERM 4 5GMS CREAM,POLYDERM 4 5GMS CREAM,,TUBE,0,0,STOCK,,,1,0,0,0.0,0,0.0,4,44.64,44.64,44.64286,0.0,1,1,,,,0.0,0.0,0.0,,0.0,0.0,,0.0,0.0,0.0,0.0,,,,0.0,,0.0,0.0,0.0,0,,2021-11-18 08:30:15.063,2021-11-18,1754-01-01 16:30:15.063,0,,STOCK,00000000-0000-0000-0000-000000000000,,0,,,GOODS12,1,,,0,0,,0,,,1,0.0,,1753-01-01,44.64,0.0,0.0,0,0,0.0,0.0,0.0,0.0,,0,0,1.0,TUBE,TUBE,,0,0,0,,,,0.0,0.0,,STOCKS,0,,,,LOTEXP,,,,,,,,1753-01-01,1,1753-01-01,1753-01-01,00000000-0000-0000-0000-000000000000,00000000-0000-0000-0000-000000000000,00000000-0000-0000-0000-000000000000,0,0,00000000-0000-0000-0000-000000000000,,,,44.64,0.0,0.0,0.0,0.0,0.0,0.0,0.0,0.0,0,0,,C6B01CA2-2178-EB11-AA10-000D3AA30FE3,2021-02-26 10:59:03.880,7E45060B-A2A4-4F72-B553-3234C753B380,2026-01-02 01:13:58.737,34C3286C-E7F6-4F45-8F69-19CD015F1C1B
b'\x00\x00\x00\x00\r\x06\x9e\xa4',IP0000093,,TRIPGEN FC TAB 25MG x 100'S,TRIPGEN FC TAB 25MG X 100'S,,BOX,0,0,STOCK,,,1,0,0,0.0,0,0.0,4,625.0,625.0,520.64732,0.0,1,1,,,,0.0,0.0,0.0,,0.0,0.0,,0.0,0.0,0.0,0.0,,,,0.0,,0.0,0.0,0.0,0,,2025-03-10 03:46:15.977,2025-03-10,1754-01-01 11:46:15.977,0,,STOCK,00000000-0000-0000-0000-000000000000,,0,,,EXEMPT,1,,,0,0,,0,,,1,0.0,,1753-01-01,625.0,0.0,0.0,0,0,0.0,0.0,0.0,0.0,,0,0,1.0,BOX,BOX,,0,0,0,,,,0.0,0.0,,STOCKS,0,,,,LOTEXP,,,,,,,,1753-01-01,1,1753-01-01,1753-01-01,00000000-0000-0000-0000-000000000000,00000000-0000-0000-0000-000000000000,00000000-0000-0000-0000-000000000000,0,0,00000000-0000-0000-0000-000000000000,,,,625.0,0.0,0.0,0.0,0.0,0.0,0.0,0.0,0.0,0,0,,C7B01CA2-2178-EB11-AA10-000D3AA30FE3,2021-02-26 10:59:03.897,7E45060B-A2A4-4F72-B553-3234C753B380,2026-01-12 06:26:17.070,5428A7C5-0CCA-4C68-BF2D-3ED6031F3D6F
b'\x00\x00\x00\x00\r\x06)\xbd',IP0000094,,ZYZYX 75MG CAPSULE x 20's,ZYZYX 75MG CAPSULE X 20'S,,BOX,0,0,STOCK,,,1,0,0,0.0,0,0.0,4,71.43,71.43,71.43,0.0,1,1,,,,0.0,0.0,0.0,,0.0,0.0,,0.0,0.0,0.0,0.0,,,,0.0,,0.0,0.0,0.0,0,,2022-03-24 02:54:21.100,2022-03-24,1754-01-01 10:54:21.100,0,,STOCK,00000000-0000-0000-0000-000000000000,,0,,,EXEMPT,1,,,0,0,,0,,,1,0.0,,1753-01-01,71.43,0.0,0.0,0,0,0.0,0.0,0.0,0.0,,0,0,1.0,BOX,BOX,,0,0,0,,,,0.0,0.0,,STOCKS,0,,,,LOTEXP,,,,,,,,1753-01-01,1,1753-01-01,1753-01-01,00000000-0000-0000-0000-000000000000,00000000-0000-0000-0000-000000000000,00000000-0000-0000-0000-000000000000,0,0,00000000-0000-0000-0000-000000000000,,,,71.43,0.0,0.0,0.0,0.0,0.0,0.0,0.0,0.0,0,0,,C8B01CA2-2178-EB11-AA10-000D3AA30FE3,2021-02-26 10:59:03.897,7E45060B-A2A4-4F72-B553-3234C753B380,2026-01-12 00:44:17.620,0B709DB4-D647-42B9-9EEF-809FBE63D915
b'\x00\x00\x00\x00\r\x06\x04[',IP0000095,,RISGEN 2MG FC TABLET x 30's,RISGEN 2MG FC TABLET X 30'S,,BOX,0,0,STOCK,,,1,0,0,0.0,0,0.0,4,120.54,120.54,120.53459,0.0,1,1,,,,0.0,0.0,0.0,,0.0,0.0,,0.0,0.0,0.0,0.0,,,,0.0,,0.0,0.0,0.0,0,,2025-10-17 04:00:20.883,2025-10-17,1754-01-01 12:00:20.883,0,,STOCK,00000000-0000-0000-0000-000000000000,,0,,,EXEMPT,1,,,0,0,,0,,,2,0.0,,2025-02-28,120.54,0.0,0.0,0,0,0.0,0.0,0.0,0.0,,0,0,1.0,BOX,BOX,,0,0,0,,,,0.0,0.0,,STOCKS,0,,,,LOTEXP,,,,,,,,1753-01-01,1,1753-01-01,1753-01-01,00000000-0000-0000-0000-000000000000,00000000-0000-0000-0000-000000000000,00000000-0000-0000-0000-000000000000,0,0,00000000-0000-0000-0000-000000000000,,,,120.54,0.0,0.0,0.0,0.0,0.0,0.0,0.0,0.0,0,0,,C9B01CA2-2178-EB11-AA10-000D3AA30FE3,2021-02-26 10:59:03.913,7E45060B-A2A4-4F72-B553-3234C753B380,2026-01-10 06:33:36.017,0B709DB4-D647-42B9-9EEF-809FBE63D915
b'\x00\x00\x00\x00\r\x06d\x9f',IP0000096,,QUETIAPRO 100MG FCTABLET x 60's,QUETIAPRO 100MG FCTABLET X 60'S,,BOX,0,0,STOCK,,,1,0,0,0.0,0,0.0,4,763.39,763.39,763.39,0.0,1,1,,,,0.0,0.0,0.0,,0.0,0.0,,0.0,0.0,0.0,0.0,,,,0.0,,0.0,0.0,0.0,0,,2023-03-22 10:12:10.540,2023-03-22,1754-01-01 18:12:10.540,0,,STOCK,00000000-0000-0000-0000-000000000000,,0,,,EXEMPT,1,,,0,0,,0,,,1,0.0,,1753-01-01,763.39,0.0,0.0,0,0,0.0,0.0,0.0,0.0,,0,0,1.0,BOX,BOX,,0,0,0,,,,0.0,0.0,,STOCKS,0,,,,LOTEXP,,,,,,,,1753-01-01,1,1753-01-01,1753-01-01,00000000-0000-0000-0000-000000000000,00000000-0000-0000-0000-000000000000,00000000-0000-0000-0000-000000000000,0,0,00000000-0000-0000-0000-000000000000,,,,763.39,0.0,0.0,0.0,0.0,0.0,0.0,0.0,0.0,0,0,,CAB01CA2-2178-EB11-AA10-000D3AA30FE3,2021-02-26 10:59:03.913,7E45060B-A2A4-4F72-B553-3234C753B380,2026-01-12 02:01:46.827,0A03287F-3B77-4821-969F-D1C214171B0D
b'\x00\x00\x00\x00\r\x06G\xeb',IP0000097,,QUETIAPRO 25MG FCTABLET x 60's ,QUETIAPRO 25MG FILM COATED TABLET,,BOX,0,0,STOCK,,,1,0,0,0.0,0,0.0,4,187.5,187.5,187.5,0.0,1,1,,,,0.0,0.0,0.0,,0.0,0.0,,0.0,0.0,0.0,0.0,,,,0.0,,0.0,0.0,0.0,0,,2024-03-07 02:45:33.600,2024-03-07,1754-01-01 10:45:33.600,0,,STOCK,00000000-0000-0000-0000-000000000000,,0,,,EXEMPT,1,,,0,0,,0,,,1,0.0,,2024-02-29,187.5,0.0,0.0,0,0,0.0,0.0,0.0,0.0,,0,0,1.0,BOX,BOX,,0,0,0,,,,0.0,0.0,,STOCKS,0,,,,LOTEXP,,,,,,,,1753-01-01,1,1753-01-01,1753-01-01,00000000-0000-0000-0000-000000000000,E230D469-806F-EB11-AA04-000D3AA30FE3,00000000-0000-0000-0000-000000000000,0,0,00000000-0000-0000-0000-000000000000,,,,187.5,0.0,0.0,0.0,0.0,0.0,0.0,0.0,0.0,0,0,,A7DE1E8D-97C8-ED11-A4EC-5E2CC006407F,2023-03-22 09:54:36.173,8FDCE4A2-E551-4114-AA5B-A4A6BAB4255F,2026-01-12 01:27:58.453,5428A7C5-0CCA-4C68-BF2D-3ED6031F3D6F
b'\x00\x00\x00\x00\r\x06\x02\x15',IP0000159,,VALIANZ HCT 80MG/12.5MG x 30's,VALIANZ HCT 80MG/12.5MG X 30'S,,BOX,0,0,STOCK,,,1,0,0,0.0,0,0.0,4,165.0,165.0,165.0,0.0,1,1,,,,0.0,0.0,0.0,,0.0,0.0,,0.0,0.0,0.0,0.0,,,,0.0,,0.0,0.0,0.0,0,,2021-11-18 08:30:44.493,2021-11-18,1754-01-01 16:30:44.493,0,,STOCK,00000000-0000-0000-0000-000000000000,,0,,,EXEMPT,1,,,0,0,,0,,,1,0.0,,1753-01-01,165.0,0.0,0.0,0,0,0.0,0.0,0.0,0.0,,0,0,1.0,BOX,BOX,,0,0,0,,,,0.0,0.0,,STOCKS,0,,,,LOTEXP,,,,,,,,1753-01-01,1,1753-01-01,1753-01-01,00000000-0000-0000-0000-000000000000,00000000-0000-0000-0000-000000000000,00000000-0000-0000-0000-000000000000,0,0,00000000-0000-0000-0000-000000000000,,,,165.0,0.0,0.0,0.0,0.0,0.0,0.0,0.0,0.0,0,0,,CBB01CA2-2178-EB11-AA10-000D3AA30FE3,2021-02-26 10:59:03.927,7E45060B-A2A4-4F72-B553-3234C753B380,2026-01-10 06:27:12.937,0B709DB4-D647-42B9-9EEF-809FBE63D915
b'\x00\x00\x00\x00\r\x060\x9d',IP0000160,,VALIANZ FC TAB 5MG/160MG x 21's,VALIANZ FC TAB 5MG/160MG X 21'S,,BOX,0,0,STOCK,,,1,0,0,0.0,0,0.0,4,150.0,150.0,125.0,0.0,1,1,,,,0.0,0.0,0.0,,0.0,0.0,,0.0,0.0,0.0,0.0,,,,0.0,,0.0,0.0,0.0,0,,2025-03-10 03:43:22.673,2025-03-10,1754-01-01 11:43:22.673,0,,STOCK,00000000-0000-0000-0000-000000000000,,0,,,EXEMPT,1,,,0,0,,0,,,0,0.0,,1753-01-01,150.0,0.0,0.0,0,0,0.0,0.0,0.0,0.0,,0,0,1.0,BOX,BOX,,0,0,0,,,,0.0,0.0,,STOCKS,0,,,,LOTEXP,,,,,,,,1753-01-01,1,1753-01-01,1753-01-01,00000000-0000-0000-0000-000000000000,00000000-0000-0000-0000-000000000000,00000000-0000-0000-0000-000000000000,0,0,00000000-0000-0000-0000-000000000000,,,,150.0,0.0,0.0,0.0,0.0,0.0,0.0,0.0,0.0,0,0,,CCB01CA2-2178-EB11-AA10-000D3AA30FE3,2021-02-26 10:59:03.927,7E45060B-A2A4-4F72-B553-3234C753B380,2026-01-12 00:45:41.077,0B709DB4-D647-42B9-9EEF-809FBE63D915
b'\x00\x00\x00\x00\r\x060\x8d',IP0000161,,VALIANZ FC TAB 10MG/160MG x 21's,VALIANZ FC TAB 10MG/160MG X 21'S,,BOX,0,0,STOCK,,,1,0,0,0.0,0,0.0,4,159.38,159.38,132.81667,0.0,1,1,,,,0.0,0.0,0.0,,0.0,0.0,,0.0,0.0,0.0,0.0,,,,0.0,,0.0,0.0,0.0,0,,2025-03-10 03:43:50.490,2025-03-10,1754-01-01 11:43:50.490,0,,STOCK,00000000-0000-0000-0000-000000000000,,0,,,EXEMPT,1,,,0,0,,0,,,1,0.0,,1753-01-01,159.38,0.0,0.0,0,0,0.0,0.0,0.0,0.0,,0,0,1.0,BOX,BOX,,0,0,0,,,,0.0,0.0,,STOCKS,0,,,,LOTEXP,,,,,,,,1753-01-01,1,1753-01-01,1753-01-01,00000000-0000-0000-0000-000000000000,00000000-0000-0000-0000-000000000000,00000000-0000-0000-0000-000000000000,0,0,00000000-0000-0000-0000-000000000000,,,,159.38,0.0,0.0,0.0,0.0,0.0,0.0,0.0,0.0,0,0,,CDB01CA2-2178-EB11-AA10-000D3AA30FE3,2021-02-26 10:59:03.927,7E45060B-A2A4-4F72-B553-3234C753B380,2026-01-12 00:45:40.983,0B709DB4-D647-42B9-9EEF-809FBE63D915
b'\x00\x00\x00\x00\ne\xf9\xbc',IP0000171,,DOXOPRO 400MG TABLET x 100's,DOXOPRO 400MG TABLET X 100'S,,BOX,0,0,STOCK,,,1,0,0,0.0,0,0.0,4,357.14,357.14,357.13988,0.0,1,1,,,,0.0,0.0,0.0,,0.0,0.0,,0.0,0.0,0.0,0.0,,,,0.0,,0.0,0.0,0.0,0,,2021-11-18 08:30:55.350,2021-11-18,1754-01-01 16:30:55.350,0,,STOCK,00000000-0000-0000-0000-000000000000,,0,,,GOODS12,1,,,0,0,,0,,,1,0.0,,1753-01-01,357.14,0.0,0.0,0,0,0.0,0.0,0.0,0.0,,0,0,1.0,BOX,BOX,,0,0,0,,,,0.0,0.0,,STOCKS,0,,,,LOTEXP,,,,,,,,1753-01-01,1,1753-01-01,1753-01-01,00000000-0000-0000-0000-000000000000,00000000-0000-0000-0000-000000000000,00000000-0000-0000-0000-000000000000,0,0,00000000-0000-0000-0000-000000000000,,,,357.14,0.0,0.0,0.0,0.0,0.0,0.0,0.0,0.0,0,0,,CEB01CA2-2178-EB11-AA10-000D3AA30FE3,2021-02-26 10:59:03.943,7E45060B-A2A4-4F72-B553-3234C753B380,2024-07-02 02:28:01.087,34C3286C-E7F6-4F45-8F69-19CD015F1C1B
b'\x00\x00\x00\x00\r\x061j',IP0000174,,ZOLGEN 500MCG TABLET x 100's,ZOLGEN 500MCG TABLET X 100'S,ALPRAZOLAM,BOX,0,0,STOCK,,,1,0,0,0.0,0,0.0,4,267.86,267.86,267.86,0.0,1,1,,,,0.0,0.0,0.0,,0.0,0.0,,0.0,0.0,0.0,0.0,,,,0.0,,0.0,0.0,0.0,0,,2022-02-05 03:16:49.180,2022-02-05,1754-01-01 11:16:49.180,0,,STOCK,00000000-0000-0000-0000-000000000000,,0,,,EXEMPT,1,,,0,0,,0,,,0,0.0,,2022-01-31,267.86,0.0,0.0,0,0,0.0,0.0,0.0,0.0,,0,0,1.0,BOX,BOX,,0,0,0,,,,0.0,0.0,,STOCKS,0,,,,LOTEXP,,,,,,,,1753-01-01,1,1753-01-01,1753-01-01,00000000-0000-0000-0000-000000000000,00000000-0000-0000-0000-000000000000,00000000-0000-0000-0000-000000000000,0,0,00000000-0000-0000-0000-000000000000,,,,267.86,0.0,0.0,0.0,0.0,0.0,0.0,0.0,0.0,0,0,,CFB01CA2-2178-EB11-AA10-000D3AA30FE3,2021-02-26 10:59:03.943,7E45060B-A2A4-4F72-B553-3234C753B380,2026-01-12 00:47:41.400,0B709DB4-D647-42B9-9EEF-809FBE63D915
b'\x00\x00\x00\x00\r\x06\xb9\xe9',IP0000176,,VALIANZ FC TAB 5MG/80MG 30's,VALIANZ FC TAB 5MG/80MG 30'S,,BOX,0,0,STOCK,,,1,0,0,0.0,0,0.0,4,160.71,160.71,133.925,0.0,1,1,,,,0.0,0.0,0.0,,0.0,0.0,,0.0,0.0,0.0,0.0,,,,0.0,,0.0,0.0,0.0,0,,2025-03-10 03:44:33.520,2025-03-10,1754-01-01 11:44:33.520,0,,STOCK,00000000-0000-0000-0000-000000000000,,0,,,EXEMPT,1,,,0,0,,0,,,1,0.0,,1753-01-01,160.71,0.0,0.0,0,0,0.0,0.0,0.0,0.0,,0,0,1.0,BOX,BOX,,0,0,0,,,,0.0,0.0,,STOCKS,0,,,,LOTEXP,,,,,,,,1753-01-01,1,1753-01-01,1753-01-01,00000000-0000-0000-0000-000000000000,00000000-0000-0000-0000-000000000000,00000000-0000-0000-0000-000000000000,0,0,00000000-0000-0000-0000-000000000000,,,,160.71,0.0,0.0,0.0,0.0,0.0,0.0,0.0,0.0,0,0,,D0B01CA2-2178-EB11-AA10-000D3AA30FE3,2021-02-26 10:59:03.960,7E45060B-A2A4-4F72-B553-3234C753B380,2026-01-12 07:48:06.223,5428A7C5-0CCA-4C68-BF2D-3ED6031F3D6F
b'\x00\x00\x00\x00\r\x06\x98\xab',IP0000178,,URLYX 250MG CAPSULE x 100's,URLYX 250MG CAPSULE X 100'S,,BOX,0,0,STOCK,,,1,0,0,0.0,0,0.0,4,982.14,982.14,982.14286,0.0,1,1,,,,0.0,0.0,0.0,,0.0,0.0,,0.0,0.0,0.0,0.0,,,,0.0,,0.0,0.0,0.0,0,,2024-04-30 06:06:26.157,2024-04-30,1754-01-01 14:06:26.157,0,,STOCK,00000000-0000-0000-0000-000000000000,,0,,,GOODS12,1,,,0,0,,0,,,1,0.0,,2024-02-29,982.14,0.0,0.0,0,0,0.0,0.0,0.0,0.0,,0,0,1.0,BOX,BOX,,0,0,0,,,,0.0,0.0,,STOCKS,0,,,,LOTEXP,,,,,,,,1753-01-01,1,1753-01-01,1753-01-01,00000000-0000-0000-0000-000000000000,00000000-0000-0000-0000-000000000000,00000000-0000-0000-0000-000000000000,0,0,00000000-0000-0000-0000-000000000000,,,,982.14,0.0,0.0,0.0,0.0,0.0,0.0,0.0,0.0,0,0,,D1B01CA2-2178-EB11-AA10-000D3AA30FE3,2021-02-26 10:59:03.960,7E45060B-A2A4-4F72-B553-3234C753B380,2026-01-12 06:12:30.183,5428A7C5-0CCA-4C68-BF2D-3ED6031F3D6F
b'\x00\x00\x00\x00\x05\xd1b\xab',IP0000179,,ELVIR 300MG CAPSULE x 50's,ELVIR 300MG CAPSULE X 50'S,,BOT,0,0,STOCK,,,1,0,0,0.0,0,0.0,4,223.21,223.21,0.0,0.0,1,1,,,,0.0,0.0,0.0,,0.0,0.0,,0.0,0.0,0.0,0.0,,,,0.0,,0.0,0.0,0.0,1,,2022-04-11 00:59:32.127,2022-04-11,1754-01-01 08:59:32.127,0,,STOCK,00000000-0000-0000-0000-000000000000,,0,,,GOODS12,1,,,0,0,,0,,,0,0.0,,1753-01-01,223.21,0.0,0.0,0,0,0.0,0.0,0.0,0.0,,0,0,1.0,BOT,BOT,,0,0,0,,,,0.0,0.0,,STOCKS,0,,,,LOTEXP,,,,,,,,1753-01-01,1,1753-01-01,1753-01-01,00000000-0000-0000-0000-000000000000,00000000-0000-0000-0000-000000000000,00000000-0000-0000-0000-000000000000,0,0,00000000-0000-0000-0000-000000000000,,,,223.21,0.0,0.0,0.0,0.0,0.0,0.0,0.0,0.0,0,0,,D2B01CA2-2178-EB11-AA10-000D3AA30FE3,2021-02-26 10:59:03.960,7E45060B-A2A4-4F72-B553-3234C753B380,2022-04-11 00:59:32.127,8FDCE4A2-E551-4114-AA5B-A4A6BAB4255F
b'\x00\x00\x00\x00\x04\xcf\x8f\xa7',IP0000180,,ZALIANA 50MCG TABLET x 100'S,ZALIANA 50MCG TABLET X 100'S,,BOX,0,0,STOCK,,,1,0,0,0.0,0,0.0,4,62.5,62.5,0.0,0.0,1,1,,,,0.0,0.0,0.0,,0.0,0.0,,0.0,0.0,0.0,0.0,,,,0.0,,0.0,0.0,0.0,0,,2021-11-18 08:31:18.203,2021-11-18,1754-01-01 16:31:18.203,0,,STOCK,00000000-0000-0000-0000-000000000000,,0,,,GOODS12,1,,,0,0,,0,,,0,0.0,,1753-01-01,62.5,0.0,0.0,0,0,0.0,0.0,0.0,0.0,,0,0,1.0,BOX,BOX,,0,0,0,,,,0.0,0.0,,STOCKS,0,,,,LOTEXP,,,,,,,,1753-01-01,1,1753-01-01,1753-01-01,00000000-0000-0000-0000-000000000000,00000000-0000-0000-0000-000000000000,00000000-0000-0000-0000-000000000000,0,0,00000000-0000-0000-0000-000000000000,,,,62.5,0.0,0.0,0.0,0.0,0.0,0.0,0.0,0.0,0,0,,D3B01CA2-2178-EB11-AA10-000D3AA30FE3,2021-02-26 10:59:03.977,7E45060B-A2A4-4F72-B553-3234C753B380,2021-11-18 08:31:18.203,8FDCE4A2-E551-4114-AA5B-A4A6BAB4255F
b'\x00\x00\x00\x00\nK\xb3B',IP0000181,,TANAFEN 450MG/35MG TAB x 30'S,TANAFEN 450MG/35MG TAB X 30'S,,BOX,0,0,STOCK,,,1,0,0,0.0,0,0.0,4,83.04,83.04,83.03571,0.0,1,1,,,,0.0,0.0,0.0,,0.0,0.0,,0.0,0.0,0.0,0.0,,,,0.0,,0.0,0.0,0.0,0,,2021-11-18 08:35:23.737,2021-11-18,1754-01-01 16:35:23.737,0,,STOCK,00000000-0000-0000-0000-000000000000,,0,,,GOODS12,1,,,0,0,,0,,,0,0.0,,1753-01-01,83.04,0.0,0.0,0,0,0.0,0.0,0.0,0.0,,0,0,1.0,BOX,BOX,,0,0,0,,,,0.0,0.0,,STOCKS,0,,,,LOTEXP,,,,,,,,1753-01-01,1,1753-01-01,1753-01-01,00000000-0000-0000-0000-000000000000,00000000-0000-0000-0000-000000000000,00000000-0000-0000-0000-000000000000,0,0,00000000-0000-0000-0000-000000000000,,,,83.04,0.0,0.0,0.0,0.0,0.0,0.0,0.0,0.0,0,0,,D4B01CA2-2178-EB11-AA10-000D3AA30FE3,2021-02-26 10:59:03.977,7E45060B-A2A4-4F72-B553-3234C753B380,2024-05-03 07:57:14.827,7A43DFC9-AF93-4335-A1C5-3ABC0B06A73C
b'\x00\x00\x00\x00\r\x06Ij',IP0000184,,NASOFREE x 10mL,NASOFREE X 10ML,,BOT,0,0,STOCK,,,1,0,0,0.0,0,0.0,4,56.7,56.7,51.78571,0.0,1,1,,,,0.0,0.0,0.0,,0.0,0.0,,0.0,0.0,0.0,0.0,,,,0.0,,0.0,0.0,0.0,0,,2024-03-07 02:45:34.070,2024-03-07,1754-01-01 10:45:34.070,0,,STOCK,00000000-0000-0000-0000-000000000000,,0,,,GOODS12,1,,,0,0,,0,,,1,0.0,,2024-02-29,56.7,0.0,0.0,0,0,0.0,0.0,0.0,0.0,,0,0,1.0,BOT,BOT,,0,0,0,,,,0.0,0.0,,STOCKS,0,,,,LOTEXP,,,,,,,,1753-01-01,1,1753-01-01,1753-01-01,00000000-0000-0000-0000-000000000000,00000000-0000-0000-0000-000000000000,00000000-0000-0000-0000-000000000000,0,0,00000000-0000-0000-0000-000000000000,,,,56.7,0.0,0.0,0.0,0.0,0.0,0.0,0.0,0.0,0,0,,D5B01CA2-2178-EB11-AA10-000D3AA30FE3,2021-02-26 10:59:03.990,7E45060B-A2A4-4F72-B553-3234C753B380,2026-01-12 01:29:35.780,5428A7C5-0CCA-4C68-BF2D-3ED6031F3D6F
b'\x00\x00\x00\x00\r\x057\x7f',IP0000186,,METOPROLOL 50MG FCTAB x100's (ACTIMED),METOPROLOL 50MG FCTAB X100'S (ACTIMED),,BOX,0,0,STOCK,,,1,0,0,0.0,0,0.0,4,55.0,55.0,55.0,0.0,1,1,,,,0.0,0.0,0.0,,0.0,0.0,,0.0,0.0,0.0,0.0,,,,0.0,,0.0,0.0,0.0,0,,2026-01-09 06:22:00.570,2026-01-09,1754-01-01 14:22:00.570,0,,STOCK,00000000-0000-0000-0000-000000000000,,0,,,EXEMPT,1,,,0,0,,0,,,0,0.0,,2025-12-31,55.0,0.0,0.0,0,0,0.0,0.0,0.0,0.0,,0,0,1.0,BOX,BOX,,0,0,0,,,,0.0,0.0,,STOCKS,0,,,,LOTEXP,,,,,,,,1753-01-01,1,1753-01-01,1753-01-01,00000000-0000-0000-0000-000000000000,00000000-0000-0000-0000-000000000000,00000000-0000-0000-0000-000000000000,0,0,00000000-0000-0000-0000-000000000000,,,,55.0,0.0,0.0,0.0,0.0,0.0,0.0,0.0,0.0,0,0,,D6B01CA2-2178-EB11-AA10-000D3AA30FE3,2021-02-26 10:59:04.007,7E45060B-A2A4-4F72-B553-3234C753B380,2026-01-09 08:33:09.593,4A96EAA9-3DB9-423D-8512-43281713C4ED
b'\x00\x00\x00\x00\x06XI\x91',IP0000187,,KIDDIREL SYRUP w/ ZINC x120mL,KIDDIREL SYRUP W/ ZINC X120ML,,BOT,0,0,STOCK,,,1,0,0,0.0,0,0.0,4,29.46,29.46,29.46,0.0,1,1,,,,0.0,0.0,0.0,,0.0,0.0,,0.0,0.0,0.0,0.0,,,,0.0,,0.0,0.0,0.0,0,,2021-11-18 08:36:14.663,2021-11-18,1754-01-01 16:36:14.663,0,,STOCK,00000000-0000-0000-0000-000000000000,,0,,,GOODS12,1,,,0,0,,0,,,0,0.0,,1753-01-01,29.46,0.0,0.0,0,0,0.0,0.0,0.0,0.0,,0,0,1.0,BOT,BOT,,0,0,0,,,,0.0,0.0,,STOCKS,0,,,,LOTEXP,,,,,,,,1753-01-01,1,1753-01-01,1753-01-01,00000000-0000-0000-0000-000000000000,00000000-0000-0000-0000-000000000000,00000000-0000-0000-0000-000000000000,0,0,00000000-0000-0000-0000-000000000000,,,,29.46,0.0,0.0,0.0,0.0,0.0,0.0,0.0,0.0,0,0,,D7B01CA2-2178-EB11-AA10-000D3AA30FE3,2021-02-26 10:59:04.007,7E45060B-A2A4-4F72-B553-3234C753B380,2022-10-04 09:58:04.500,231778F0-FC62-474D-8BCC-F79E6C896C7A
b'\x00\x00\x00\x00\x06XI\x95',IP0000188,,KIDDIREL DROPS w/ ZINC x 15mL,KIDDIREL DROPS W/ ZINC X 15ML,,BOT,0,0,STOCK,,,1,0,0,0.0,0,0.0,4,16.96,16.96,16.96,0.0,1,1,,,,0.0,0.0,0.0,,0.0,0.0,,0.0,0.0,0.0,0.0,,,,0.0,,0.0,0.0,0.0,0,,2021-11-18 08:36:18.773,2021-11-18,1754-01-01 16:36:18.773,0,,STOCK,00000000-0000-0000-0000-000000000000,,0,,,GOODS12,1,,,0,0,,0,,,0,0.0,,1753-01-01,16.96,0.0,0.0,0,0,0.0,0.0,0.0,0.0,,0,0,1.0,BOT,BOT,,0,0,0,,,,0.0,0.0,,STOCKS,0,,,,LOTEXP,,,,,,,,1753-01-01,1,1753-01-01,1753-01-01,00000000-0000-0000-0000-000000000000,00000000-0000-0000-0000-000000000000,00000000-0000-0000-0000-000000000000,0,0,00000000-0000-0000-0000-000000000000,,,,16.96,0.0,0.0,0.0,0.0,0.0,0.0,0.0,0.0,0,0,,D8B01CA2-2178-EB11-AA10-000D3AA30FE3,2021-02-26 10:59:04.023,7E45060B-A2A4-4F72-B553-3234C753B380,2022-10-04 09:58:04.510,231778F0-FC62-474D-8BCC-F79E6C896C7A
b'\x00\x00\x00\x00\x04\xcf\x909',IP0000189,,LESOCARB 500MG CAPSULE x 42's,LESOCARB 500MG CAPSULE X 42'S,,BOX,0,0,STOCK,,,1,0,0,0.0,0,0.0,4,331.88,331.88,0.0,0.0,1,1,,,,0.0,0.0,0.0,,0.0,0.0,,0.0,0.0,0.0,0.0,,,,0.0,,0.0,0.0,0.0,0,,2021-11-18 08:36:22.803,2021-11-18,1754-01-01 16:36:22.803,0,,STOCK,00000000-0000-0000-0000-000000000000,,0,,,GOODS12,1,,,0,0,,0,,,0,0.0,,1753-01-01,331.88,0.0,0.0,0,0,0.0,0.0,0.0,0.0,,0,0,1.0,BOX,BOX,,0,0,0,,,,0.0,0.0,,STOCKS,0,,,,LOTEXP,,,,,,,,1753-01-01,1,1753-01-01,1753-01-01,00000000-0000-0000-0000-000000000000,00000000-0000-0000-0000-000000000000,00000000-0000-0000-0000-000000000000,0,0,00000000-0000-0000-0000-000000000000,,,,331.88,0.0,0.0,0.0,0.0,0.0,0.0,0.0,0.0,0,0,,D9B01CA2-2178-EB11-AA10-000D3AA30FE3,2021-02-26 10:59:04.023,7E45060B-A2A4-4F72-B553-3234C753B380,2021-11-18 08:36:22.803,8FDCE4A2-E551-4114-AA5B-A4A6BAB4255F
b'\x00\x00\x00\x00\r\x06\x91\xb6',IP0000191,,COXIGEN-120 120MG FCTAB x 30's,COXIGEN-120 120MG FCTAB X 30'S,,BOX,0,0,STOCK,,,1,0,0,0.0,0,0.0,4,209.82,209.82,209.75206,0.0,1,1,,,,0.0,0.0,0.0,,0.0,0.0,,0.0,0.0,0.0,0.0,,,,0.0,,0.0,0.0,0.0,0,,2024-03-07 02:45:34.697,2024-03-07,1754-01-01 10:45:34.697,0,,STOCK,00000000-0000-0000-0000-000000000000,,0,,,GOODS12,1,,,0,0,,0,,,1,0.0,,2024-02-29,209.82,0.0,0.0,0,0,0.0,0.0,0.0,0.0,,0,0,1.0,BOX,BOX,,0,0,0,,,,0.0,0.0,,STOCKS,0,,,,LOTEXP,,,,,,,,1753-01-01,1,1753-01-01,1753-01-01,00000000-0000-0000-0000-000000000000,00000000-0000-0000-0000-000000000000,00000000-0000-0000-0000-000000000000,0,0,00000000-0000-0000-0000-000000000000,,,,209.82,0.0,0.0,0.0,0.0,0.0,0.0,0.0,0.0,0,0,,DAB01CA2-2178-EB11-AA10-000D3AA30FE3,2021-02-26 10:59:04.023,7E45060B-A2A4-4F72-B553-3234C753B380,2026-01-12 05:43:29.187,5428A7C5-0CCA-4C68-BF2D-3ED6031F3D6F
b'\x00\x00\x00\x00\x0crb\x03',IP0000192,,CLAVOXEL BID 400MG/57MG/5ML x70mL,CLAVOXEL BID 400MG/57MG/5ML X70ML,,BOT,0,0,STOCK,,,1,0,0,0.0,0,0.0,4,98.21,98.21,87.6875,0.0,1,1,,,,0.0,0.0,0.0,,0.0,0.0,,0.0,0.0,0.0,0.0,,,,0.0,,0.0,0.0,0.0,0,,2025-10-17 05:37:15.633,2025-10-17,1754-01-01 13:37:15.633,0,,STOCK,00000000-0000-0000-0000-000000000000,,0,,,GOODS12,1,,,0,0,,0,,,0,0.0,,2024-02-29,98.21,0.0,0.0,0,0,0.0,0.0,0.0,0.0,,0,0,1.0,BOT,BOT,,0,0,0,,,,0.0,0.0,,STOCKS,0,,,,LOTEXP,,,,,,,,1753-01-01,1,1753-01-01,1753-01-01,00000000-0000-0000-0000-000000000000,00000000-0000-0000-0000-000000000000,00000000-0000-0000-0000-000000000000,0,0,00000000-0000-0000-0000-000000000000,,,,98.21,0.0,0.0,0.0,0.0,0.0,0.0,0.0,0.0,0,0,,DBB01CA2-2178-EB11-AA10-000D3AA30FE3,2021-02-26 10:59:04.037,7E45060B-A2A4-4F72-B553-3234C753B380,2025-10-17 05:37:15.633,8FDCE4A2-E551-4114-AA5B-A4A6BAB4255F
b'\x00\x00\x00\x00\r\x06d\xe2',IP0000193,,ELVIR 300MG CAPSULE x 50's,ELVIR 300MG CAPSULE X 50'S,,BOX,0,0,STOCK,,,1,0,0,0.0,0,0.0,4,223.21,223.21,223.21429,0.0,1,1,,,,0.0,0.0,0.0,,0.0,0.0,,0.0,0.0,0.0,0.0,,,,0.0,,0.0,0.0,0.0,0,,2025-03-06 02:26:36.170,2025-03-06,1754-01-01 10:26:36.170,0,,STOCK,00000000-0000-0000-0000-000000000000,,0,,,GOODS12,1,,,0,0,,0,,,1,0.0,,2025-02-28,223.21,0.0,0.0,0,0,0.0,0.0,0.0,0.0,,0,0,1.0,BOX,BOX,,0,0,0,,,,0.0,0.0,,STOCKS,0,,,,LOTEXP,,,,,,,,1753-01-01,1,1753-01-01,1753-01-01,00000000-0000-0000-0000-000000000000,00000000-0000-0000-0000-000000000000,00000000-0000-0000-0000-000000000000,0,0,00000000-0000-0000-0000-000000000000,,,,223.21,0.0,0.0,0.0,0.0,0.0,0.0,0.0,0.0,0,0,,DCB01CA2-2178-EB11-AA10-000D3AA30FE3,2021-02-26 10:59:04.037,7E45060B-A2A4-4F72-B553-3234C753B380,2026-01-12 02:02:02.620,0A03287F-3B77-4821-969F-D1C214171B0D
b'\x00\x00\x00\x00\r\x06\x9e\xa6',IP0000195,,RABEGEN 20MG/150MG MR CAP x 30's,RABEGEN 20MG/150MG MR CAP X 30'S,,BOX,0,0,STOCK,,,1,0,0,0.0,0,0.0,4,321.43,321.43,321.41509,0.0,1,1,,,,0.0,0.0,0.0,,0.0,0.0,,0.0,0.0,0.0,0.0,,,,0.0,,0.0,0.0,0.0,0,,2025-10-17 05:30:42.723,2025-10-17,1754-01-01 13:30:42.723,0,,STOCK,00000000-0000-0000-0000-000000000000,,0,,,GOODS12,1,,,0,0,,0,,,1,0.0,,2025-02-28,321.43,0.0,0.0,0,0,0.0,0.0,0.0,0.0,,0,0,1.0,BOX,BOX,,0,0,0,,,,0.0,0.0,,STOCKS,0,,,,LOTEXP,,,,,,,,1753-01-01,1,1753-01-01,1753-01-01,00000000-0000-0000-0000-000000000000,00000000-0000-0000-0000-000000000000,00000000-0000-0000-0000-000000000000,0,0,00000000-0000-0000-0000-000000000000,,,,321.43,0.0,0.0,0.0,0.0,0.0,0.0,0.0,0.0,0,0,,DDB01CA2-2178-EB11-AA10-000D3AA30FE3,2021-02-26 10:59:04.053,7E45060B-A2A4-4F72-B553-3234C753B380,2026-01-12 06:26:17.073,5428A7C5-0CCA-4C68-BF2D-3ED6031F3D6F
b'\x00\x00\x00\x00\r\x06/\r',IP0000196,,PLETAXOL 100MG TABLET x 30's,PLETAXOL 100MG TABLET X 30'S,,BOX,0,0,STOCK,,,1,0,0,0.0,0,0.0,4,123.21,123.21,123.21428,0.0,1,1,,,,0.0,0.0,0.0,,0.0,0.0,,0.0,0.0,0.0,0.0,,,,0.0,,0.0,0.0,0.0,0,,2022-02-05 03:16:49.243,2022-02-05,1754-01-01 11:16:49.243,0,,STOCK,00000000-0000-0000-0000-000000000000,,0,,,GOODS12,1,,,0,0,,0,,,0,0.0,,2022-01-31,123.21,0.0,0.0,0,0,0.0,0.0,0.0,0.0,,0,0,1.0,BOX,BOX,,0,0,0,,,,0.0,0.0,,STOCKS,0,,,,LOTEXP,,,,,,,,1753-01-01,1,1753-01-01,1753-01-01,00000000-0000-0000-0000-000000000000,00000000-0000-0000-0000-000000000000,00000000-0000-0000-0000-000000000000,0,0,00000000-0000-0000-0000-000000000000,,,,123.21,0.0,0.0,0.0,0.0,0.0,0.0,0.0,0.0,0,0,,DEB01CA2-2178-EB11-AA10-000D3AA30FE3,2021-02-26 10:59:04.053,7E45060B-A2A4-4F72-B553-3234C753B380,2026-01-12 00:45:29.727,0B709DB4-D647-42B9-9EEF-809FBE63D915
b'\x00\x00\x00\x00\r\x06\x90\xfb',IP0000197,,PLETAXOL 50MG TABLET x 30's,PLETAXOL 50MG TABLET X 30'S,,BOX,0,0,STOCK,,,1,0,0,0.0,0,0.0,4,73.66,73.66,73.66071,0.0,1,1,,,,0.0,0.0,0.0,,0.0,0.0,,0.0,0.0,0.0,0.0,,,,0.0,,0.0,0.0,0.0,0,,2022-02-05 03:16:49.290,2022-02-05,1754-01-01 11:16:49.290,0,,STOCK,00000000-0000-0000-0000-000000000000,,0,,,GOODS12,1,,,0,0,,0,,,1,0.0,,2022-01-31,73.66,0.0,0.0,0,0,0.0,0.0,0.0,0.0,,0,0,1.0,BOX,BOX,,0,0,0,,,,0.0,0.0,,STOCKS,0,,,,LOTEXP,,,,,,,,1753-01-01,1,1753-01-01,1753-01-01,00000000-0000-0000-0000-000000000000,00000000-0000-0000-0000-000000000000,00000000-0000-0000-0000-000000000000,0,0,00000000-0000-0000-0000-000000000000,,,,73.66,0.0,0.0,0.0,0.0,0.0,0.0,0.0,0.0,0,0,,DFB01CA2-2178-EB11-AA10-000D3AA30FE3,2021-02-26 10:59:04.070,7E45060B-A2A4-4F72-B553-3234C753B380,2026-01-12 05:39:56.783,5428A7C5-0CCA-4C68-BF2D-3ED6031F3D6F
b'\x00\x00\x00\x00\r\x06]\xa7',IP0000198,,BIZYX 2MG TABLET x 100's,BIZYX 2MG TABLET X 100'S,,BOX,0,0,STOCK,,,1,0,0,0.0,0,0.0,4,178.57,178.57,178.57143,0.0,1,1,,,,0.0,0.0,0.0,,0.0,0.0,,0.0,0.0,0.0,0.0,,,,0.0,,0.0,0.0,0.0,0,,2021-11-18 08:36:50.760,2021-11-18,1754-01-01 16:36:50.760,0,,STOCK,00000000-0000-0000-0000-000000000000,,0,,,GOODS12,1,,,0,0,,0,,,1,0.0,,1753-01-01,178.57,0.0,0.0,0,0,0.0,0.0,0.0,0.0,,0,0,1.0,BOX,BOX,,0,0,0,,,,0.0,0.0,,STOCKS,0,,,,LOTEXP,,,,,,,,1753-01-01,1,1753-01-01,1753-01-01,00000000-0000-0000-0000-000000000000,00000000-0000-0000-0000-000000000000,00000000-0000-0000-0000-000000000000,0,0,00000000-0000-0000-0000-000000000000,,,,178.57,0.0,0.0,0.0,0.0,0.0,0.0,0.0,0.0,0,0,,E0B01CA2-2178-EB11-AA10-000D3AA30FE3,2021-02-26 10:59:04.070,7E45060B-A2A4-4F72-B553-3234C753B380,2026-01-12 01:53:37.523,0A03287F-3B77-4821-969F-D1C214171B0D
b'\x00\x00\x00\x00\x0cr_\xf5',IP0000199,,DIVALGEN 250MG ER TAB x10'S,DIVALGEN 250MG ER TAB X10'S,,BOX,0,0,STOCK,,,1,0,0,0.0,0,0.0,4,41.07,41.07,41.07143,0.0,1,1,,,,0.0,0.0,0.0,,0.0,0.0,,0.0,0.0,0.0,0.0,,,,0.0,,0.0,0.0,0.0,0,,2025-10-17 05:31:17.283,2025-10-17,1754-01-01 13:31:17.283,0,,STOCK,00000000-0000-0000-0000-000000000000,,0,,,GOODS12,1,,,0,0,,0,,,1,0.0,,2023-02-28,41.07,0.0,0.0,0,0,0.0,0.0,0.0,0.0,,0,0,1.0,BOX,BOX,,0,0,0,,,,0.0,0.0,,STOCKS,0,,,,LOTEXP,,,,,,,,1753-01-01,1,1753-01-01,1753-01-01,00000000-0000-0000-0000-000000000000,00000000-0000-0000-0000-000000000000,00000000-0000-0000-0000-000000000000,0,0,00000000-0000-0000-0000-000000000000,,,,41.07,0.0,0.0,0.0,0.0,0.0,0.0,0.0,0.0,0,0,,E1B01CA2-2178-EB11-AA10-000D3AA30FE3,2021-02-26 10:59:04.083,7E45060B-A2A4-4F72-B553-3234C753B380,2025-10-17 05:31:17.283,8FDCE4A2-E551-4114-AA5B-A4A6BAB4255F
b'\x00\x00\x00\x00\r\x06\x87\x91',IP0000200,,DIVALGEN 500MG ER TAB x10's,DIVALGEN 500MG ER TAB X10'S,,BOX,0,0,STOCK,,,1,0,0,0.0,0,0.0,4,56.47,56.47,56.47321,0.0,1,1,,,,0.0,0.0,0.0,,0.0,0.0,,0.0,0.0,0.0,0.0,,,,0.0,,0.0,0.0,0.0,0,,2025-10-17 05:31:29.587,2025-10-17,1754-01-01 13:31:29.587,0,,STOCK,00000000-0000-0000-0000-000000000000,,0,,,GOODS12,1,,,0,0,,0,,,1,0.0,,2023-02-28,56.47,0.0,0.0,0,0,0.0,0.0,0.0,0.0,,0,0,1.0,BOX,BOX,,0,0,0,,,,0.0,0.0,,STOCKS,0,,,,LOTEXP,,,,,,,,1753-01-01,1,1753-01-01,1753-01-01,00000000-0000-0000-0000-000000000000,00000000-0000-0000-0000-000000000000,00000000-0000-0000-0000-000000000000,0,0,00000000-0000-0000-0000-000000000000,,,,56.47,0.0,0.0,0.0,0.0,0.0,0.0,0.0,0.0,0,0,,E2B01CA2-2178-EB11-AA10-000D3AA30FE3,2021-02-26 10:59:04.083,7E45060B-A2A4-4F72-B553-3234C753B380,2026-01-12 03:50:44.237,5428A7C5-0CCA-4C68-BF2D-3ED6031F3D6F
b'\x00\x00\x00\x00\ne\xfbd',IP0000202,,INNOCAL 1080MG EXT.RELEASE TAB x30's,INNOCAL 1080MG EXT.RELEASE TAB X30'S,,BOX,0,0,STOCK,,,1,0,0,0.0,0,0.0,4,133.93,133.93,133.93,0.0,1,1,,,,0.0,0.0,0.0,,0.0,0.0,,0.0,0.0,0.0,0.0,,,,0.0,,0.0,0.0,0.0,0,,2022-01-25 03:00:06.683,2022-01-25,1754-01-01 11:00:06.683,0,,STOCK,00000000-0000-0000-0000-000000000000,,0,,,EXEMPT,1,,,0,0,,0,,,0,0.0,,1753-01-01,133.93,0.0,0.0,0,0,0.0,0.0,0.0,0.0,,0,0,1.0,BOX,BOX,,0,0,0,,,,0.0,0.0,,STOCKS,0,,,,LOTEXP,,,,,,,,1753-01-01,1,1753-01-01,1753-01-01,00000000-0000-0000-0000-000000000000,00000000-0000-0000-0000-000000000000,00000000-0000-0000-0000-000000000000,0,0,00000000-0000-0000-0000-000000000000,,,,133.93,0.0,0.0,0.0,0.0,0.0,0.0,0.0,0.0,0,0,,E3B01CA2-2178-EB11-AA10-000D3AA30FE3,2021-02-26 10:59:04.100,7E45060B-A2A4-4F72-B553-3234C753B380,2024-07-02 02:28:02.617,34C3286C-E7F6-4F45-8F69-19CD015F1C1B
b'\x00\x00\x00\x00\r\x06I\r',IP0000203,,MAXINE 75MG SUST. RELEASE CAPS x30's,MAXINE 75MG SUST. RELEASE CAPS X30'S,,BOX,0,0,STOCK,,,1,0,0,0.0,0,0.0,4,199.67,199.67,199.67,0.0,1,1,,,,0.0,0.0,0.0,,0.0,0.0,,0.0,0.0,0.0,0.0,,,,0.0,,0.0,0.0,0.0,0,,2024-03-07 02:45:34.947,2024-03-07,1754-01-01 10:45:34.947,0,,STOCK,00000000-0000-0000-0000-000000000000,,0,,,EXEMPT,1,,,0,0,,0,,,1,0.0,,2024-02-29,199.67,0.0,0.0,0,0,0.0,0.0,0.0,0.0,,0,0,1.0,BOX,BOX,,0,0,0,,,,0.0,0.0,,STOCKS,0,,,,LOTEXP,,,,,,,,1753-01-01,1,1753-01-01,1753-01-01,00000000-0000-0000-0000-000000000000,00000000-0000-0000-0000-000000000000,00000000-0000-0000-0000-000000000000,0,0,00000000-0000-0000-0000-000000000000,,,,199.67,0.0,0.0,0.0,0.0,0.0,0.0,0.0,0.0,0,0,,E4B01CA2-2178-EB11-AA10-000D3AA30FE3,2021-02-26 10:59:04.100,7E45060B-A2A4-4F72-B553-3234C753B380,2026-01-12 01:29:20.600,5428A7C5-0CCA-4C68-BF2D-3ED6031F3D6F
b'\x00\x00\x00\x00\r\x06A\xa6',IP0000204,,ADIVIA 50MG FCOATED TAB 30'S,ADIVIA 50MG FCOATED TAB 30'S,,BOX,0,0,STOCK,,,1,0,0,0.0,0,0.0,4,187.5,187.5,99.9692,0.0,1,1,,,,0.0,0.0,0.0,,0.0,0.0,,0.0,0.0,0.0,0.0,,,,0.0,,0.0,0.0,0.0,0,,2021-11-18 08:37:12.253,2021-11-18,1754-01-01 16:37:12.253,0,,STOCK,00000000-0000-0000-0000-000000000000,,0,,,EXEMPT,1,,,0,0,,0,,,1,0.0,,1753-01-01,187.5,0.0,0.0,0,0,0.0,0.0,0.0,0.0,,0,0,1.0,BOX,BOX,,0,0,0,,,,0.0,0.0,,STOCKS,0,,,,LOTEXP,,,,,,,,1753-01-01,1,1753-01-01,1753-01-01,00000000-0000-0000-0000-000000000000,00000000-0000-0000-0000-000000000000,00000000-0000-0000-0000-000000000000,0,0,00000000-0000-0000-0000-000000000000,,,,187.5,0.0,0.0,0.0,0.0,0.0,0.0,0.0,0.0,0,0,,E5B01CA2-2178-EB11-AA10-000D3AA30FE3,2021-02-26 10:59:04.117,7E45060B-A2A4-4F72-B553-3234C753B380,2026-01-12 01:11:10.807,0A03287F-3B77-4821-969F-D1C214171B0D
b'\x00\x00\x00\x00\r\x06\x99\xd5',IP0000205,,ADIVIA 100MG FCOATED TAB 30'S,ADIVIA 100MG FCOATED TAB 30'S,,BOX,0,0,STOCK,,,1,0,0,0.0,0,0.0,4,187.5,187.5,156.23329,0.0,1,1,,,,0.0,0.0,0.0,,0.0,0.0,,0.0,0.0,0.0,0.0,,,,0.0,,0.0,0.0,0.0,0,,2021-11-18 08:37:17.380,2021-11-18,1754-01-01 16:37:17.380,0,,STOCK,00000000-0000-0000-0000-000000000000,,0,,,EXEMPT,1,,,0,0,,0,,,1,0.0,,1753-01-01,187.5,0.0,0.0,0,0,0.0,0.0,0.0,0.0,,0,0,1.0,BOX,BOX,,0,0,0,,,,0.0,0.0,,STOCKS,0,,,,LOTEXP,,,,,,,,1753-01-01,1,1753-01-01,1753-01-01,00000000-0000-0000-0000-000000000000,00000000-0000-0000-0000-000000000000,00000000-0000-0000-0000-000000000000,0,0,00000000-0000-0000-0000-000000000000,,,,187.5,0.0,0.0,0.0,0.0,0.0,0.0,0.0,0.0,0,0,,E6B01CA2-2178-EB11-AA10-000D3AA30FE3,2021-02-26 10:59:04.117,7E45060B-A2A4-4F72-B553-3234C753B380,2026-01-12 06:15:33.330,0B709DB4-D647-42B9-9EEF-809FBE63D915
b'\x00\x00\x00\x00\x0b7\xa8/',IP0000207,,LACTAFLOW 500MG CAPSULE x100's,LACTAFLOW 500MG CAPSULE X100'S,,BOX,0,0,STOCK,,,1,0,0,0.0,0,0.0,4,93.75,93.75,93.75,0.0,1,1,,,,0.0,0.0,0.0,,0.0,0.0,,0.0,0.0,0.0,0.0,,,,0.0,,0.0,0.0,0.0,0,,2022-02-05 03:16:49.353,2022-02-05,1754-01-01 11:16:49.353,0,,STOCK,00000000-0000-0000-0000-000000000000,,0,,,GOODS12,1,,,0,0,,0,,,0,0.0,,2022-01-31,93.75,0.0,0.0,0,0,0.0,0.0,0.0,0.0,,0,0,1.0,BOX,BOX,,0,0,0,,,,0.0,0.0,,STOCKS,0,,,,LOTEXP,,,,,,,,1753-01-01,1,1753-01-01,1753-01-01,00000000-0000-0000-0000-000000000000,E230D469-806F-EB11-AA04-000D3AA30FE3,00000000-0000-0000-0000-000000000000,0,0,00000000-0000-0000-0000-000000000000,,,,93.75,0.0,0.0,0.0,0.0,0.0,0.0,0.0,0.0,0,0,,8FB352F8-3104-EC11-A4C7-5E2CC006407F,2021-08-23 16:48:41.773,8FDCE4A2-E551-4114-AA5B-A4A6BAB4255F,2024-12-02 08:49:21.780,34C3286C-E7F6-4F45-8F69-19CD015F1C1B
b'\x00\x00\x00\x00\r\x05\xfc\x97',IP0000208,,LOXENIL 600MG FCTABLET x10's,LOXENIL 600MG FCTABLET X10'S,(LINEZOLID),BOX,0,0,STOCK,,,1,0,0,0.0,0,0.0,4,714.29,714.29,445.94907,0.0,1,1,,,,0.0,0.0,0.0,,0.0,0.0,,0.0,0.0,0.0,0.0,,,,0.0,,0.0,0.0,0.0,0,,2024-03-07 02:45:35.553,2024-03-07,1754-01-01 10:45:35.553,0,,STOCK,00000000-0000-0000-0000-000000000000,,0,,,GOODS12,1,,,0,0,,0,,,0,0.0,,2024-02-29,714.29,0.0,0.0,0,0,0.0,0.0,0.0,0.0,,0,0,1.0,BOX,BOX,,0,0,0,,,,0.0,0.0,,STOCKS,0,,,,LOTEXP,,,,,,,,1753-01-01,1,1753-01-01,1753-01-01,00000000-0000-0000-0000-000000000000,00000000-0000-0000-0000-000000000000,00000000-0000-0000-0000-000000000000,0,0,00000000-0000-0000-0000-000000000000,,,,714.29,0.0,0.0,0.0,0.0,0.0,0.0,0.0,0.0,0,0,,E7B01CA2-2178-EB11-AA10-000D3AA30FE3,2021-02-26 10:59:04.130,7E45060B-A2A4-4F72-B553-3234C753B380,2026-01-10 06:14:08.070,0B709DB4-D647-42B9-9EEF-809FBE63D915
b'\x00\x00\x00\x00\x07\xa3s^',IP0000209,,COXIGEN-90 90MG FCTAB x 30's,COXIGEN-90 90MG FCTAB X 30'S,,BOX,0,0,STOCK,,,1,0,0,0.0,0,0.0,4,168.0,168.0,168.0,0.0,1,1,,,,0.0,0.0,0.0,,0.0,0.0,,0.0,0.0,0.0,0.0,,,,0.0,,0.0,0.0,0.0,0,,2021-11-18 08:37:34.613,2021-11-18,1754-01-01 16:37:34.613,0,,STOCK,00000000-0000-0000-0000-000000000000,,0,,,GOODS12,1,,,0,0,,0,,,0,0.0,,1753-01-01,168.0,0.0,0.0,0,0,0.0,0.0,0.0,0.0,,0,0,1.0,BOX,BOX,,0,0,0,,,,0.0,0.0,,STOCKS,0,,,,LOTEXP,,,,,,,,1753-01-01,1,1753-01-01,1753-01-01,00000000-0000-0000-0000-000000000000,00000000-0000-0000-0000-000000000000,00000000-0000-0000-0000-000000000000,0,0,00000000-0000-0000-0000-000000000000,,,,168.0,0.0,0.0,0.0,0.0,0.0,0.0,0.0,0.0,0,0,,E8B01CA2-2178-EB11-AA10-000D3AA30FE3,2021-02-26 10:59:04.130,7E45060B-A2A4-4F72-B553-3234C753B380,2023-08-02 08:56:08.337,4A96EAA9-3DB9-423D-8512-43281713C4ED
b'\x00\x00\x00\x00\ne\xfbn',IP0000210,,COXIGEN-60 60MG FCTAB x 30's,COXIGEN-60 60MG FCTAB X 30'S,,BOX,0,0,STOCK,,,1,0,0,0.0,0,0.0,4,151.2,151.2,0.0,0.0,1,1,,,,0.0,0.0,0.0,,0.0,0.0,,0.0,0.0,0.0,0.0,,,,0.0,,0.0,0.0,0.0,0,,2021-12-04 02:47:48.677,2021-12-04,1754-01-01 10:47:48.677,0,,STOCK,00000000-0000-0000-0000-000000000000,,0,,,GOODS12,1,,,0,0,,0,,,0,0.0,,1753-01-01,151.2,0.0,0.0,0,0,0.0,0.0,0.0,0.0,,0,0,1.0,BOX,BOX,,0,0,0,,,,0.0,0.0,,STOCKS,0,,,,LOTEXP,,,,,,,,1753-01-01,1,1753-01-01,1753-01-01,00000000-0000-0000-0000-000000000000,E230D469-806F-EB11-AA04-000D3AA30FE3,00000000-0000-0000-0000-000000000000,0,0,00000000-0000-0000-0000-000000000000,,,,151.2,0.0,0.0,0.0,0.0,0.0,0.0,0.0,0.0,0,0,,4D2A7AB4-234F-EC11-A4CA-5E2CC006407F,2021-11-27 01:45:36.263,8FDCE4A2-E551-4114-AA5B-A4A6BAB4255F,2024-07-02 02:28:02.650,34C3286C-E7F6-4F45-8F69-19CD015F1C1B
b'\x00\x00\x00\x00\ne\xfbr',IP0000211,,TEMSOL 400MCG ECTABLET x 30's,TEMSOL 400MCG ECTABLET X 30'S,,BOX,0,0,STOCK,,,1,0,0,0.0,0,0.0,4,107.14,107.14,107.13999,0.0,1,1,,,,0.0,0.0,0.0,,0.0,0.0,,0.0,0.0,0.0,0.0,,,,0.0,,0.0,0.0,0.0,0,,2021-11-18 08:37:38.817,2021-11-18,1754-01-01 16:37:38.817,0,,STOCK,00000000-0000-0000-0000-000000000000,,0,,,GOODS12,1,,,0,0,,0,,,0,0.0,,1753-01-01,107.14,0.0,0.0,0,0,0.0,0.0,0.0,0.0,,0,0,1.0,BOX,BOX,,0,0,0,,,,0.0,0.0,,STOCKS,0,,,,LOTEXP,,,,,,,,1753-01-01,1,1753-01-01,1753-01-01,00000000-0000-0000-0000-000000000000,00000000-0000-0000-0000-000000000000,00000000-0000-0000-0000-000000000000,0,0,00000000-0000-0000-0000-000000000000,,,,107.14,0.0,0.0,0.0,0.0,0.0,0.0,0.0,0.0,0,0,,E9B01CA2-2178-EB11-AA10-000D3AA30FE3,2021-02-26 10:59:04.147,7E45060B-A2A4-4F72-B553-3234C753B380,2024-07-02 02:28:02.663,34C3286C-E7F6-4F45-8F69-19CD015F1C1B
b'\x00\x00\x00\x00\ne\xfbv',IP0000212,,TEMSOL 200 200MCG ECTABLETx30',TEMSOL 200 200MCG ECTABLETX30',,BOX,0,0,STOCK,,,1,0,0,0.0,0,0.0,4,53.57,53.57,53.56869,0.0,1,1,,,,0.0,0.0,0.0,,0.0,0.0,,0.0,0.0,0.0,0.0,,,,0.0,,0.0,0.0,0.0,0,,2021-11-18 08:37:43.180,2021-11-18,1754-01-01 16:37:43.180,0,,STOCK,00000000-0000-0000-0000-000000000000,,0,,,GOODS12,1,,,0,0,,0,,,0,0.0,,1753-01-01,53.57,0.0,0.0,0,0,0.0,0.0,0.0,0.0,,0,0,1.0,BOX,BOX,,0,0,0,,,,0.0,0.0,,STOCKS,0,,,,LOTEXP,,,,,,,,1753-01-01,1,1753-01-01,1753-01-01,00000000-0000-0000-0000-000000000000,00000000-0000-0000-0000-000000000000,00000000-0000-0000-0000-000000000000,0,0,00000000-0000-0000-0000-000000000000,,,,53.57,0.0,0.0,0.0,0.0,0.0,0.0,0.0,0.0,0,0,,EAB01CA2-2178-EB11-AA10-000D3AA30FE3,2021-02-26 10:59:04.147,7E45060B-A2A4-4F72-B553-3234C753B380,2024-07-02 02:28:02.680,34C3286C-E7F6-4F45-8F69-19CD015F1C1B
b'\x00\x00\x00\x00\ne\xfbz',IP0000214,,TRODON 50MG/ML SOL. FOR INJ. IM/IVx10's,TRODON 50MG/ML SOL. FOR INJ. IM/IVX10'S,,BOX,0,0,STOCK,,,1,0,0,0.0,0,0.0,4,82.77,82.77,82.76995,0.0,1,1,,,,0.0,0.0,0.0,,0.0,0.0,,0.0,0.0,0.0,0.0,,,,0.0,,0.0,0.0,0.0,0,,2022-01-25 03:00:29.697,2022-01-25,1754-01-01 11:00:29.697,0,,STOCK,00000000-0000-0000-0000-000000000000,,0,,,GOODS12,1,,,0,0,,0,,,0,0.0,,1753-01-01,82.77,0.0,0.0,0,0,0.0,0.0,0.0,0.0,,0,0,1.0,BOX,BOX,,0,0,0,,,,0.0,0.0,,STOCKS,0,,,,LOTEXP,,,,,,,,1753-01-01,1,1753-01-01,1753-01-01,00000000-0000-0000-0000-000000000000,00000000-0000-0000-0000-000000000000,00000000-0000-0000-0000-000000000000,0,0,00000000-0000-0000-0000-000000000000,,,,82.77,0.0,0.0,0.0,0.0,0.0,0.0,0.0,0.0,0,0,,EBB01CA2-2178-EB11-AA10-000D3AA30FE3,2021-02-26 10:59:04.163,7E45060B-A2A4-4F72-B553-3234C753B380,2024-07-02 02:28:02.697,34C3286C-E7F6-4F45-8F69-19CD015F1C1B
b'\x00\x00\x00\x00\ne\xfb\x87',IP0000215,,AREMED 1 1MG TAB x 28's,AREMED 1 1MG TAB X 28'S,,BOX,0,0,STOCK,,,1,0,0,0.0,0,0.0,4,843.75,843.75,843.74992,0.0,1,1,,,,0.0,0.0,0.0,,0.0,0.0,,0.0,0.0,0.0,0.0,,,,0.0,,0.0,0.0,0.0,0,,2021-11-18 08:37:59.613,2021-11-18,1754-01-01 16:37:59.613,0,,STOCK,00000000-0000-0000-0000-000000000000,,0,,,EXEMPT,1,,,0,0,,0,,,0,0.0,,1753-01-01,843.75,0.0,0.0,0,0,0.0,0.0,0.0,0.0,,0,0,1.0,BOX,BOX,,0,0,0,,,,0.0,0.0,,STOCKS,0,,,,LOTEXP,,,,,,,,1753-01-01,1,1753-01-01,1753-01-01,00000000-0000-0000-0000-000000000000,00000000-0000-0000-0000-000000000000,00000000-0000-0000-0000-000000000000,0,0,00000000-0000-0000-0000-000000000000,,,,843.75,0.0,0.0,0.0,0.0,0.0,0.0,0.0,0.0,0,0,,ECB01CA2-2178-EB11-AA10-000D3AA30FE3,2021-02-26 10:59:04.163,7E45060B-A2A4-4F72-B553-3234C753B380,2024-07-02 02:28:02.727,34C3286C-E7F6-4F45-8F69-19CD015F1C1B
b'\x00\x00\x00\x00\x07\xa5-\x1c',IP0000216,,PSYQURE 5MG/ML SOL. FOR INJ. x5's,PSYQURE 5MG/ML SOL. FOR INJ. X5'S,,BOX,0,0,STOCK,,,1,0,0,0.0,0,0.0,4,420.0,420.0,485.0,0.0,1,1,,,,0.0,0.0,0.0,,0.0,0.0,,0.0,0.0,0.0,0.0,,,,0.0,,0.0,0.0,0.0,0,,2022-02-05 03:16:49.370,2022-02-05,1754-01-01 11:16:49.370,0,,STOCK,00000000-0000-0000-0000-000000000000,,0,,,EXEMPT,1,,,0,0,,0,,,0,0.0,,2022-01-31,420.0,0.0,0.0,0,0,0.0,0.0,0.0,0.0,,0,0,1.0,BOX,BOX,,0,0,0,,,,0.0,0.0,,STOCKS,0,,,,LOTEXP,,,,,,,,1753-01-01,1,1753-01-01,1753-01-01,00000000-0000-0000-0000-000000000000,00000000-0000-0000-0000-000000000000,00000000-0000-0000-0000-000000000000,0,0,00000000-0000-0000-0000-000000000000,,,,420.0,0.0,0.0,0.0,0.0,0.0,0.0,0.0,0.0,0,0,,EDB01CA2-2178-EB11-AA10-000D3AA30FE3,2021-02-26 10:59:04.177,7E45060B-A2A4-4F72-B553-3234C753B380,2023-08-04 06:02:39.923,4A96EAA9-3DB9-423D-8512-43281713C4ED
b'\x00\x00\x00\x00\x0c\x959\x86',IP0000221,,CEFUGET 500MG FCT x 40's (GETZ),CEFUGET 500MG FCT X 40'S (GETZ),,BOX,0,0,STOCK,,,1,0,0,0.0,0,0.0,4,464.29,464.29,464.2857,0.0,1,1,,,,0.0,0.0,0.0,,0.0,0.0,,0.0,0.0,0.0,0.0,,,,0.0,,0.0,0.0,0.0,0,,2023-06-15 06:17:40.357,2023-06-15,1754-01-01 14:17:40.357,0,,STOCK,00000000-0000-0000-0000-000000000000,,0,,,GOODS12,1,,,0,0,,0,,,0,0.0,,1753-01-01,464.29,0.0,0.0,0,0,0.0,0.0,0.0,0.0,,0,0,1.0,BOX,BOX,,0,0,0,,,,0.0,0.0,,STOCKS,0,,,,LOTEXP,,,,,,,,1753-01-01,1,1753-01-01,1753-01-01,00000000-0000-0000-0000-000000000000,00000000-0000-0000-0000-000000000000,00000000-0000-0000-0000-000000000000,0,0,00000000-0000-0000-0000-000000000000,,,,464.29,0.0,0.0,0.0,0.0,0.0,0.0,0.0,0.0,0,0,,EEB01CA2-2178-EB11-AA10-000D3AA30FE3,2021-02-26 10:59:04.177,7E45060B-A2A4-4F72-B553-3234C753B380,2026-01-02 01:30:50.080,34C3286C-E7F6-4F45-8F69-19CD015F1C1B
b'\x00\x00\x00\x00\x05O\x932',IP0000222,,NERVIGEN 300MG/100MG/100MCCG CAPSx100's,NERVIGEN 300MG/100MG/100MCCG CAPSX100'S,,BOX,0,0,STOCK,,,1,0,0,0.0,0,0.0,4,339.29,339.29,0.0,0.0,1,1,,,,0.0,0.0,0.0,,0.0,0.0,,0.0,0.0,0.0,0.0,,,,0.0,,0.0,0.0,0.0,0,,2022-01-25 03:01:26.540,2022-01-25,1754-01-01 11:01:26.540,0,,STOCK,00000000-0000-0000-0000-000000000000,,0,,,GOODS12,1,,,0,0,,0,,,0,0.0,,1753-01-01,339.29,0.0,0.0,0,0,0.0,0.0,0.0,0.0,,0,0,1.0,BOX,BOX,,0,0,0,,,,0.0,0.0,,STOCKS,0,,,,LOTEXP,,,,,,,,1753-01-01,1,1753-01-01,1753-01-01,00000000-0000-0000-0000-000000000000,00000000-0000-0000-0000-000000000000,00000000-0000-0000-0000-000000000000,0,0,00000000-0000-0000-0000-000000000000,,,,339.29,0.0,0.0,0.0,0.0,0.0,0.0,0.0,0.0,0,0,,EFB01CA2-2178-EB11-AA10-000D3AA30FE3,2021-02-26 10:59:04.193,7E45060B-A2A4-4F72-B553-3234C753B380,2022-01-25 03:01:26.540,8FDCE4A2-E551-4114-AA5B-A4A6BAB4255F
b'\x00\x00\x00\x00\x05O\x937',IP0000224,,ADIVIA MET 100MG/500MG FCT 14s (KIT PACK),ADIVIA MET 100MG/500MG FCT 14S (KIT PACK),,BOX,0,0,STOCK,,,1,0,0,0.0,0,0.0,4,88.2,88.2,0.0,0.0,1,1,,,,0.0,0.0,0.0,,0.0,0.0,,0.0,0.0,0.0,0.0,,,,0.0,,0.0,0.0,0.0,0,,2022-01-25 03:01:37.257,2022-01-25,1754-01-01 11:01:37.257,0,,STOCK,00000000-0000-0000-0000-000000000000,,0,,,EXEMPT,1,,,0,0,,0,,,0,0.0,,1753-01-01,88.2,0.0,0.0,0,0,0.0,0.0,0.0,0.0,,0,0,1.0,BOX,BOX,,0,0,0,,,,0.0,0.0,,STOCKS,0,,,,LOTEXP,,,,,,,,1753-01-01,1,1753-01-01,1753-01-01,00000000-0000-0000-0000-000000000000,00000000-0000-0000-0000-000000000000,00000000-0000-0000-0000-000000000000,0,0,00000000-0000-0000-0000-000000000000,,,,88.2,0.0,0.0,0.0,0.0,0.0,0.0,0.0,0.0,0,0,,F0B01CA2-2178-EB11-AA10-000D3AA30FE3,2021-02-26 10:59:04.193,7E45060B-A2A4-4F72-B553-3234C753B380,2022-01-25 03:01:37.257,8FDCE4A2-E551-4114-AA5B-A4A6BAB4255F
b'\x00\x00\x00\x00\x05O\x93@',IP0000225,,ADIVIA MET 50MG/500MG FCT 14's (KIT PACK),ADIVIA MET 50MG/500MG FCT 14'S (KIT PACK),,BOX,0,0,STOCK,,,1,0,0,0.0,0,0.0,4,56.0,56.0,0.0,0.0,1,1,,,,0.0,0.0,0.0,,0.0,0.0,,0.0,0.0,0.0,0.0,,,,0.0,,0.0,0.0,0.0,0,,2022-01-25 03:01:46.133,2022-01-25,1754-01-01 11:01:46.133,0,,STOCK,00000000-0000-0000-0000-000000000000,,0,,,EXEMPT,1,,,0,0,,0,,,0,0.0,,1753-01-01,56.0,0.0,0.0,0,0,0.0,0.0,0.0,0.0,,0,0,1.0,BOX,BOX,,0,0,0,,,,0.0,0.0,,STOCKS,0,,,,LOTEXP,,,,,,,,1753-01-01,1,1753-01-01,1753-01-01,00000000-0000-0000-0000-000000000000,00000000-0000-0000-0000-000000000000,00000000-0000-0000-0000-000000000000,0,0,00000000-0000-0000-0000-000000000000,,,,56.0,0.0,0.0,0.0,0.0,0.0,0.0,0.0,0.0,0,0,,F1B01CA2-2178-EB11-AA10-000D3AA30FE3,2021-02-26 10:59:04.210,7E45060B-A2A4-4F72-B553-3234C753B380,2022-01-25 03:01:46.133,8FDCE4A2-E551-4114-AA5B-A4A6BAB4255F
b'\x00\x00\x00\x00\r\x06\x04g',IP0000226,,ProNorm 10mg FCT x 30's,PRONORM 10MG FCT X 30'S,,BOX,0,0,STOCK,,,1,0,0,0.0,0,0.0,4,29.46,29.46,29.46,0.0,1,1,,,,0.0,0.0,0.0,,0.0,0.0,,0.0,0.0,0.0,0.0,,,,0.0,,0.0,0.0,0.0,0,,2025-03-06 02:26:38.173,2025-03-06,1754-01-01 10:26:38.173,0,,STOCK,00000000-0000-0000-0000-000000000000,,0,,,EXEMPT,1,,,0,0,,0,,,1,0.0,,2025-02-28,29.46,0.0,0.0,0,0,0.0,0.0,0.0,0.0,,0,0,1.0,BOX,BOX,,0,0,0,,,,0.0,0.0,,STOCKS,0,,,,LOTEXP,,,,,,,,1753-01-01,1,1753-01-01,1753-01-01,00000000-0000-0000-0000-000000000000,00000000-0000-0000-0000-000000000000,00000000-0000-0000-0000-000000000000,0,0,00000000-0000-0000-0000-000000000000,,,,29.46,0.0,0.0,0.0,0.0,0.0,0.0,0.0,0.0,0,0,,F2B01CA2-2178-EB11-AA10-000D3AA30FE3,2021-02-26 10:59:04.210,7E45060B-A2A4-4F72-B553-3234C753B380,2026-01-10 06:33:36.080,0B709DB4-D647-42B9-9EEF-809FBE63D915
b'\x00\x00\x00\x00\r\x06\x9b\x95',IP0000227,,ProNorm 40mg FCT x 30's,PRONORM 40MG FCT X 30'S,,BOX,0,0,STOCK,,,1,0,0,0.0,0,0.0,4,43.5,43.5,42.0,0.0,1,1,,,,0.0,0.0,0.0,,0.0,0.0,,0.0,0.0,0.0,0.0,,,,0.0,,0.0,0.0,0.0,0,,2021-11-18 08:38:42.767,2021-11-18,1754-01-01 16:38:42.767,0,,STOCK,00000000-0000-0000-0000-000000000000,,0,,,EXEMPT,1,,,0,0,,0,,,1,0.0,,1753-01-01,43.5,0.0,0.0,0,0,0.0,0.0,0.0,0.0,,0,0,1.0,BOX,BOX,,0,0,0,,,,0.0,0.0,,STOCKS,0,,,,LOTEXP,,,,,,,,1753-01-01,1,1753-01-01,1753-01-01,00000000-0000-0000-0000-000000000000,00000000-0000-0000-0000-000000000000,00000000-0000-0000-0000-000000000000,0,0,00000000-0000-0000-0000-000000000000,,,,43.5,0.0,0.0,0.0,0.0,0.0,0.0,0.0,0.0,0,0,,F3B01CA2-2178-EB11-AA10-000D3AA30FE3,2021-02-26 10:59:04.227,7E45060B-A2A4-4F72-B553-3234C753B380,2026-01-12 06:18:26.257,0B709DB4-D647-42B9-9EEF-809FBE63D915
b'\x00\x00\x00\x00\x05\xdeF\x13',IP0000228,,NICARGEN 10mg/10mL Sol.INJ. IV x10's,NICARGEN 10MG/10ML SOL.INJ. IV X10'S,,BOX,0,0,STOCK,,,1,0,0,0.0,0,0.0,4,638.6,638.6,638.6,0.0,1,1,,,,0.0,0.0,0.0,,0.0,0.0,,0.0,0.0,0.0,0.0,,,,0.0,,0.0,0.0,0.0,0,,2022-01-25 03:01:56.163,2022-01-25,1754-01-01 11:01:56.163,0,,STOCK,00000000-0000-0000-0000-000000000000,,0,,,EXEMPT,1,,,0,0,,0,,,0,0.0,,1753-01-01,638.6,0.0,0.0,0,0,0.0,0.0,0.0,0.0,,0,0,1.0,BOX,BOX,,0,0,0,,,,0.0,0.0,,STOCKS,0,,,,LOTEXP,,,,,,,,1753-01-01,1,1753-01-01,1753-01-01,00000000-0000-0000-0000-000000000000,00000000-0000-0000-0000-000000000000,00000000-0000-0000-0000-000000000000,0,0,00000000-0000-0000-0000-000000000000,,,,638.6,0.0,0.0,0.0,0.0,0.0,0.0,0.0,0.0,0,0,,F4B01CA2-2178-EB11-AA10-000D3AA30FE3,2021-02-26 10:59:04.227,7E45060B-A2A4-4F72-B553-3234C753B380,2022-05-18 03:29:39.580,70170656-5682-4370-856C-D35272AD94A5
b'\x00\x00\x00\x00\r\x06f\x04',IP0000229,,AMLODINE HD 5mg/20mg FCTx30's,AMLODINE HD 5MG/20MG FCTX30'S,,BOX,0,0,STOCK,,,1,0,0,0.0,0,0.0,4,135.0,135.0,133.93,0.0,1,1,,,,0.0,0.0,0.0,,0.0,0.0,,0.0,0.0,0.0,0.0,,,,0.0,,0.0,0.0,0.0,0,,2026-01-08 05:38:56.903,2026-01-08,1754-01-01 13:38:56.903,0,,STOCK,00000000-0000-0000-0000-000000000000,,0,,,EXEMPT,1,,,0,0,,0,,,1,0.0,,1753-01-01,135.0,0.0,0.0,0,0,0.0,0.0,0.0,0.0,,0,0,1.0,BOX,BOX,,0,0,0,,,,0.0,0.0,,STOCKS,0,,,,LOTEXP,,,,,,,,1753-01-01,1,1753-01-01,1753-01-01,00000000-0000-0000-0000-000000000000,00000000-0000-0000-0000-000000000000,00000000-0000-0000-0000-000000000000,0,0,00000000-0000-0000-0000-000000000000,,,,135.0,0.0,0.0,0.0,0.0,0.0,0.0,0.0,0.0,0,0,,F5B01CA2-2178-EB11-AA10-000D3AA30FE3,2021-02-26 10:59:04.240,7E45060B-A2A4-4F72-B553-3234C753B380,2026-01-12 02:03:04.423,0A03287F-3B77-4821-969F-D1C214171B0D
b'\x00\x00\x00\x00\x04\xcf\x90\xad',IP0000230,,AMLODINE HD 5mg/40mg FCTx30's,AMLODINE HD 5MG/40MG FCTX30'S,,BOX,0,0,STOCK,,,1,0,0,0.0,0,0.0,4,0.0,0.0,0.0,0.0,1,1,,,,0.0,0.0,0.0,,0.0,0.0,,0.0,0.0,0.0,0.0,,,,0.0,,0.0,0.0,0.0,0,,2021-11-18 08:38:56.873,2021-11-18,1754-01-01 16:38:56.873,0,,STOCK,00000000-0000-0000-0000-000000000000,,0,,,EXEMPT,1,,,0,0,,0,,,0,0.0,,1753-01-01,0.0,0.0,0.0,0,0,0.0,0.0,0.0,0.0,,0,0,1.0,BOX,BOX,,0,0,0,,,,0.0,0.0,,STOCKS,0,,,,LOTEXP,,,,,,,,1753-01-01,1,1753-01-01,1753-01-01,00000000-0000-0000-0000-000000000000,00000000-0000-0000-0000-000000000000,00000000-0000-0000-0000-000000000000,0,0,00000000-0000-0000-0000-000000000000,,,,0.0,0.0,0.0,0.0,0.0,0.0,0.0,0.0,0.0,0,0,,F6B01CA2-2178-EB11-AA10-000D3AA30FE3,2021-02-26 10:59:04.240,7E45060B-A2A4-4F72-B553-3234C753B380,2021-11-18 08:38:56.873,8FDCE4A2-E551-4114-AA5B-A4A6BAB4255F
b'\x00\x00\x00\x00\r\x05\xf2\x18',IP0000231,,AMLODINE HD 10mg/20mg FCTx30's,AMLODINE HD 10MG/20MG FCTX30'S,,BOX,0,0,STOCK,,,1,0,0,0.0,0,0.0,4,148.5,148.5,147.32,0.0,1,1,,,,0.0,0.0,0.0,,0.0,0.0,,0.0,0.0,0.0,0.0,,,,0.0,,0.0,0.0,0.0,0,,2021-11-18 08:39:01.170,2021-11-18,1754-01-01 16:39:01.170,0,,STOCK,00000000-0000-0000-0000-000000000000,,0,,,EXEMPT,1,,,0,0,,0,,,1,0.0,,1753-01-01,148.5,0.0,0.0,0,0,0.0,0.0,0.0,0.0,,0,0,1.0,BOX,BOX,,0,0,0,,,,0.0,0.0,,STOCKS,0,,,,LOTEXP,,,,,,,,1753-01-01,1,1753-01-01,1753-01-01,00000000-0000-0000-0000-000000000000,00000000-0000-0000-0000-000000000000,00000000-0000-0000-0000-000000000000,0,0,00000000-0000-0000-0000-000000000000,,,,148.5,0.0,0.0,0.0,0.0,0.0,0.0,0.0,0.0,0,0,,F7B01CA2-2178-EB11-AA10-000D3AA30FE3,2021-02-26 10:59:04.240,7E45060B-A2A4-4F72-B553-3234C753B380,2026-01-10 05:32:40.483,0B709DB4-D647-42B9-9EEF-809FBE63D915
b'\x00\x00\x00\x00\ne\xfaC',IP0000234,,CUTAGEN 50ML x 1'S,CUTAGEN 50ML X 1'S,,BOT,0,0,STOCK,,,1,0,0,0.0,0,0.0,4,20.09,20.09,20.09,0.0,1,1,,,,0.0,0.0,0.0,,0.0,0.0,,0.0,0.0,0.0,0.0,,,,0.0,,0.0,0.0,0.0,0,,2022-02-05 03:16:49.417,2022-02-05,1754-01-01 11:16:49.417,0,,STOCK,00000000-0000-0000-0000-000000000000,,0,,,GOODS12,1,,,0,0,,0,,,1,0.0,,2022-01-31,20.09,0.0,0.0,0,0,0.0,0.0,0.0,0.0,,0,0,1.0,BOT,BOT,,0,0,0,,,,0.0,0.0,,STOCKS,0,,,,LOTEXP,,,,,,,,1753-01-01,1,1753-01-01,1753-01-01,00000000-0000-0000-0000-000000000000,00000000-0000-0000-0000-000000000000,00000000-0000-0000-0000-000000000000,0,0,00000000-0000-0000-0000-000000000000,,,,20.09,0.0,0.0,0.0,0.0,0.0,0.0,0.0,0.0,0,0,,F8B01CA2-2178-EB11-AA10-000D3AA30FE3,2021-02-26 10:59:04.257,7E45060B-A2A4-4F72-B553-3234C753B380,2024-07-02 02:28:01.603,34C3286C-E7F6-4F45-8F69-19CD015F1C1B
b'\x00\x00\x00\x00\ne\xfb\x91',IP0000245,,BIOCOMPLETE FOOD SUPP TABx80's,BIOCOMPLETE FOOD SUPP TABX80'S,,BOX,0,0,STOCK,,,1,0,0,0.0,0,0.0,4,1200.0,1200.0,1200.0,0.0,1,1,,,,0.0,0.0,0.0,,0.0,0.0,,0.0,0.0,0.0,0.0,,,,0.0,,0.0,0.0,0.0,0,,2021-11-18 08:39:15.467,2021-11-18,1754-01-01 16:39:15.467,0,,STOCK,00000000-0000-0000-0000-000000000000,,0,,,GOODS12,1,,,0,0,,0,,,0,0.0,,1753-01-01,1200.0,0.0,0.0,0,0,0.0,0.0,0.0,0.0,,0,0,1.0,BOX,BOX,,0,0,0,,,,0.0,0.0,,STOCKS,0,,,,LOTEXP,,,,,,,,1753-01-01,1,1753-01-01,1753-01-01,00000000-0000-0000-0000-000000000000,00000000-0000-0000-0000-000000000000,00000000-0000-0000-0000-000000000000,0,0,00000000-0000-0000-0000-000000000000,,,,1200.0,0.0,0.0,0.0,0.0,0.0,0.0,0.0,0.0,0,0,,F9B01CA2-2178-EB11-AA10-000D3AA30FE3,2021-02-26 10:59:04.257,7E45060B-A2A4-4F72-B553-3234C753B380,2024-07-02 02:28:02.757,34C3286C-E7F6-4F45-8F69-19CD015F1C1B
b'\x00\x00\x00\x00\x06F5\xf8',IP0000246,,AZI 500MG FCTABLET x 100's,AZI 500MG FCTABLET X 100'S,,BOX,0,0,STOCK,,,1,0,0,0.0,0,0.0,4,0.0,0.0,0.0,0.0,1,1,,,,0.0,0.0,0.0,,0.0,0.0,,0.0,0.0,0.0,0.0,,,,0.0,,0.0,0.0,0.0,0,,2022-08-23 08:28:25.680,2022-08-23,1754-01-01 16:28:25.680,0,,STOCK,00000000-0000-0000-0000-000000000000,,0,,,GOODS12,1,,,0,0,,0,,,0,0.0,,1753-01-01,0.0,0.0,0.0,0,0,0.0,0.0,0.0,0.0,,0,0,1.0,BOX,BOX,,0,0,0,,,,0.0,0.0,,STOCKS,0,,,,LOTEXP,,,,,,,,1753-01-01,1,1753-01-01,1753-01-01,00000000-0000-0000-0000-000000000000,E230D469-806F-EB11-AA04-000D3AA30FE3,00000000-0000-0000-0000-000000000000,0,0,00000000-0000-0000-0000-000000000000,,,,0.0,0.0,0.0,0.0,0.0,0.0,0.0,0.0,0.0,0,0,,AE129809-3177-EC11-A4CE-5E2CC006407F,2022-01-17 01:01:44.970,8FDCE4A2-E551-4114-AA5B-A4A6BAB4255F,2022-08-23 08:28:25.680,8FDCE4A2-E551-4114-AA5B-A4A6BAB4255F
b'\x00\x00\x00\x00\x08\xdb85',IP0000251,,InnoGel-E (Ethyl) x60mL 1's Hand Sanitizer,INNOGEL-E (ETHYL) X60ML 1'S HAND SANITIZER,,BOT,0,0,STOCK,,,1,0,0,0.0,0,0.0,4,14.29,14.29,13.13,0.0,1,1,,,,0.0,0.0,0.0,,0.0,0.0,,0.0,0.0,0.0,0.0,,,,0.0,,0.0,0.0,0.0,0,,2024-03-07 02:45:35.993,2024-03-07,1754-01-01 10:45:35.993,0,,STOCK,00000000-0000-0000-0000-000000000000,,0,,,GOODS12,1,,,0,0,,0,,,0,0.0,,2024-02-29,14.29,0.0,0.0,0,0,0.0,0.0,0.0,0.0,,0,0,1.0,BOT,BOT,,0,0,0,,,,0.0,0.0,,STOCKS,0,,,,LOTEXP,,,,,,,,1753-01-01,1,1753-01-01,1753-01-01,00000000-0000-0000-0000-000000000000,00000000-0000-0000-0000-000000000000,00000000-0000-0000-0000-000000000000,0,0,00000000-0000-0000-0000-000000000000,,,,14.29,0.0,0.0,0.0,0.0,0.0,0.0,0.0,0.0,0,0,,FAB01CA2-2178-EB11-AA10-000D3AA30FE3,2021-02-26 10:59:04.273,7E45060B-A2A4-4F72-B553-3234C753B380,2024-03-07 02:45:35.993,4A96EAA9-3DB9-423D-8512-43281713C4ED
b'\x00\x00\x00\x00\x08\xdb89',IP0000252,,InnoGel-E (Ethyl)x150mL 1's Hand Sanitizer,INNOGEL-E (ETHYL)X150ML 1'S HAND SANITIZER,,BOT,0,0,STOCK,,,1,0,0,0.0,0,0.0,4,17.1,17.1,0.0,0.0,1,1,,,,0.0,0.0,0.0,,0.0,0.0,,0.0,0.0,0.0,0.0,,,,0.0,,0.0,0.0,0.0,0,,2024-03-07 02:45:36.023,2024-03-07,1754-01-01 10:45:36.023,0,,STOCK,00000000-0000-0000-0000-000000000000,,0,,,GOODS12,1,,,0,0,,0,,,0,0.0,,2024-02-29,17.1,0.0,0.0,0,0,0.0,0.0,0.0,0.0,,0,0,1.0,BOT,BOT,,0,0,0,,,,0.0,0.0,,STOCKS,0,,,,LOTEXP,,,,,,,,1753-01-01,1,1753-01-01,1753-01-01,00000000-0000-0000-0000-000000000000,00000000-0000-0000-0000-000000000000,00000000-0000-0000-0000-000000000000,0,0,00000000-0000-0000-0000-000000000000,,,,17.1,0.0,0.0,0.0,0.0,0.0,0.0,0.0,0.0,0,0,,FBB01CA2-2178-EB11-AA10-000D3AA30FE3,2021-02-26 10:59:04.273,7E45060B-A2A4-4F72-B553-3234C753B380,2024-03-07 02:45:36.023,4A96EAA9-3DB9-423D-8512-43281713C4ED
b'\x00\x00\x00\x00\x05O\x93g',IP0000253,,InnoGel-E (Ethyl)x500mL 1's w/ Pump HS,INNOGEL-E (ETHYL)X500ML 1'S W/ PUMP HS,,BOT,0,0,STOCK,,,1,0,0,0.0,0,0.0,4,0.0,0.0,0.0,0.0,1,1,,,,0.0,0.0,0.0,,0.0,0.0,,0.0,0.0,0.0,0.0,,,,0.0,,0.0,0.0,0.0,0,,2022-01-25 03:03:01.520,2022-01-25,1754-01-01 11:03:01.520,0,,STOCK,00000000-0000-0000-0000-000000000000,,0,,,GOODS12,1,,,0,0,,0,,,0,0.0,,1753-01-01,0.0,0.0,0.0,0,0,0.0,0.0,0.0,0.0,,0,0,1.0,BOT,BOT,,0,0,0,,,,0.0,0.0,,STOCKS,0,,,,LOTEXP,,,,,,,,1753-01-01,1,1753-01-01,1753-01-01,00000000-0000-0000-0000-000000000000,00000000-0000-0000-0000-000000000000,00000000-0000-0000-0000-000000000000,0,0,00000000-0000-0000-0000-000000000000,,,,0.0,0.0,0.0,0.0,0.0,0.0,0.0,0.0,0.0,0,0,,FCB01CA2-2178-EB11-AA10-000D3AA30FE3,2021-02-26 10:59:04.273,7E45060B-A2A4-4F72-B553-3234C753B380,2022-01-25 03:03:01.520,8FDCE4A2-E551-4114-AA5B-A4A6BAB4255F
b'\x00\x00\x00\x00\r\x05\xf9l',IP0000254,,PREVEN-Z 500MG/10MG CHEW TAB x 60's,PREVEN-Z 500MG/10MG CHEW TAB X 60'S,,BOX,0,0,STOCK,,,1,0,0,0.0,0,0.0,4,107.14,107.14,107.14286,0.0,1,1,,,,0.0,0.0,0.0,,0.0,0.0,,0.0,0.0,0.0,0.0,,,,0.0,,0.0,0.0,0.0,0,,2025-10-17 05:32:20.337,2025-10-17,1754-01-01 13:32:20.337,0,,STOCK,00000000-0000-0000-0000-000000000000,,0,,,GOODS12,1,,,0,0,,0,,,1,0.0,,1753-01-01,107.14,0.0,0.0,0,0,0.0,0.0,0.0,0.0,,0,0,1.0,BOX,BOX,,0,0,0,,,,0.0,0.0,,STOCKS,0,,,,LOTEXP,,,,,,,,1753-01-01,1,1753-01-01,1753-01-01,00000000-0000-0000-0000-000000000000,00000000-0000-0000-0000-000000000000,00000000-0000-0000-0000-000000000000,0,0,00000000-0000-0000-0000-000000000000,,,,107.14,0.0,0.0,0.0,0.0,0.0,0.0,0.0,0.0,0,0,,FDB01CA2-2178-EB11-AA10-000D3AA30FE3,2021-02-26 10:59:04.287,7E45060B-A2A4-4F72-B553-3234C753B380,2026-01-10 06:07:28.973,0B709DB4-D647-42B9-9EEF-809FBE63D915
b'\x00\x00\x00\x00\x05O\x93q',IP0000255,,ASCORBIC ACID 500MG CAPx100's (GBDI),ASCORBIC ACID 500MG CAPX100'S (GBDI),,BOX,0,0,STOCK,,,1,0,0,0.0,0,0.0,4,223.21,223.21,223.21,0.0,1,1,,,,0.0,0.0,0.0,,0.0,0.0,,0.0,0.0,0.0,0.0,,,,0.0,,0.0,0.0,0.0,0,,2022-01-25 03:03:27.410,2022-01-25,1754-01-01 11:03:27.410,0,,STOCK,00000000-0000-0000-0000-000000000000,,0,,,GOODS12,1,,,0,0,,0,,,0,0.0,,1753-01-01,223.21,0.0,0.0,0,0,0.0,0.0,0.0,0.0,,0,0,1.0,BOX,BOX,,0,0,0,,,,0.0,0.0,,STOCKS,0,,,,LOTEXP,,,,,,,,1753-01-01,1,1753-01-01,1753-01-01,00000000-0000-0000-0000-000000000000,00000000-0000-0000-0000-000000000000,00000000-0000-0000-0000-000000000000,0,0,00000000-0000-0000-0000-000000000000,,,,223.21,0.0,0.0,0.0,0.0,0.0,0.0,0.0,0.0,0,0,,FEB01CA2-2178-EB11-AA10-000D3AA30FE3,2021-02-26 10:59:04.303,7E45060B-A2A4-4F72-B553-3234C753B380,2022-01-25 03:03:27.427,8FDCE4A2-E551-4114-AA5B-A4A6BAB4255F
b'\x00\x00\x00\x00\x04\xcf\x90\xe0',IP0000256,,PHARMACOGENOMICS TEST,PHARMACOGENOMICS TEST,,PC,0,0,STOCK,,,1,0,0,0.0,0,0.0,4,10819.52,10819.52,10819.52,0.0,1,1,,,,0.0,0.0,0.0,,0.0,0.0,,0.0,0.0,0.0,0.0,,,,0.0,,0.0,0.0,0.0,0,,2021-11-18 08:40:08.450,2021-11-18,1754-01-01 16:40:08.450,0,,STOCK,00000000-0000-0000-0000-000000000000,,0,,,EXEMPT,1,,,0,0,,0,,,0,0.0,,1753-01-01,10819.52,0.0,0.0,0,0,0.0,0.0,0.0,0.0,,0,0,1.0,PC,PC,,0,0,0,,,,0.0,0.0,,STOCKS,0,,,,,,,,,,,,1753-01-01,1,1753-01-01,1753-01-01,00000000-0000-0000-0000-000000000000,00000000-0000-0000-0000-000000000000,00000000-0000-0000-0000-000000000000,0,0,00000000-0000-0000-0000-000000000000,,,,10819.52,0.0,0.0,0.0,0.0,0.0,0.0,0.0,0.0,0,0,,FFB01CA2-2178-EB11-AA10-000D3AA30FE3,2021-02-26 10:59:04.320,7E45060B-A2A4-4F72-B553-3234C753B380,2021-11-18 08:40:08.450,8FDCE4A2-E551-4114-AA5B-A4A6BAB4255F
b'\x00\x00\x00\x00\nB\x98\x7f',IP0000257,,REMCOR Infusion 100mg/20mL,REMCOR INFUSION 100MG/20ML,,BOT,0,0,STOCK,,,1,0,0,0.0,0,0.0,4,752.67,752.67,548.94991,0.0,1,1,,,,0.0,0.0,0.0,,0.0,0.0,,0.0,0.0,0.0,0.0,,,,0.0,,0.0,0.0,0.0,0,,2022-02-05 03:16:49.430,2022-02-05,1754-01-01 11:16:49.430,0,,STOCK,00000000-0000-0000-0000-000000000000,,0,,,EXEMPT,1,,,0,0,,0,,,0,0.0,,2022-01-31,752.67,0.0,0.0,0,0,0.0,0.0,0.0,0.0,,0,0,1.0,BOT,BOT,,0,0,0,,,,0.0,0.0,,STOCKS,0,,,,LOTEXP,,,,,,,,1753-01-01,1,1753-01-01,1753-01-01,00000000-0000-0000-0000-000000000000,00000000-0000-0000-0000-000000000000,00000000-0000-0000-0000-000000000000,0,0,00000000-0000-0000-0000-000000000000,,,,752.67,0.0,0.0,0.0,0.0,0.0,0.0,0.0,0.0,0,0,,00B11CA2-2178-EB11-AA10-000D3AA30FE3,2021-02-26 10:59:04.320,7E45060B-A2A4-4F72-B553-3234C753B380,2024-04-08 00:34:43.530,34C3286C-E7F6-4F45-8F69-19CD015F1C1B
b'\x00\x00\x00\x00\ne\xfaR',IP0000258,,CUTAGEN 50mL x 6's,CUTAGEN 50ML X 6'S,,PACK,0,0,STOCK,,,1,0,0,0.0,0,0.0,4,120.54,120.54,120.0,0.0,1,1,,,,0.0,0.0,0.0,,0.0,0.0,,0.0,0.0,0.0,0.0,,,,0.0,,0.0,0.0,0.0,0,,2022-08-09 09:12:55.040,2022-08-09,1754-01-01 17:12:55.040,0,,STOCK,00000000-0000-0000-0000-000000000000,,0,,,GOODS12,1,,,0,0,,0,,,1,0.0,,2022-01-31,120.54,0.0,0.0,0,0,0.0,0.0,0.0,0.0,,0,0,1.0,PACK,PACK,,0,0,0,,,,0.0,0.0,,STOCKS,0,,,,LOTEXP,,,,,,,,1753-01-01,1,1753-01-01,1753-01-01,00000000-0000-0000-0000-000000000000,E730D469-806F-EB11-AA04-000D3AA30FE3,00000000-0000-0000-0000-000000000000,0,0,00000000-0000-0000-0000-000000000000,,,,120.54,0.0,0.0,0.0,0.0,0.0,0.0,0.0,0.0,0,0,,30B7E10A-318D-EB11-AA37-000D3AA30FE3,2021-03-25 06:12:15.143,7E45060B-A2A4-4F72-B553-3234C753B380,2024-07-02 02:28:01.650,34C3286C-E7F6-4F45-8F69-19CD015F1C1B
b'\x00\x00\x00\x00\x06X\n\x19',IP0000259,,InnoGel-E (Ethyl)x150mL 1's HS,INNOGEL-E (ETHYL)X150ML 1'S HS,,BOT,0,0,STOCK,,,1,0,0,0.0,0,0.0,4,15.94,15.94,15.94,0.0,1,1,,,,0.0,0.0,0.0,,0.0,0.0,,0.0,0.0,0.0,0.0,,,,0.0,,0.0,0.0,0.0,0,,2021-08-31 11:03:24.497,2021-08-31,1754-01-01 19:03:24.497,0,,STOCK,00000000-0000-0000-0000-000000000000,,0,,,GOODS12,1,,,0,0,,0,,,0,0.0,,1753-01-01,15.94,0.0,0.0,0,0,0.0,0.0,0.0,0.0,,0,0,1.0,BOT,BOT,,0,0,0,,,,0.0,0.0,,STOCKS,0,,,,LOTEXP,,,,,,,,1753-01-01,1,1753-01-01,1753-01-01,00000000-0000-0000-0000-000000000000,E130D469-806F-EB11-AA04-000D3AA30FE3,00000000-0000-0000-0000-000000000000,0,0,00000000-0000-0000-0000-000000000000,,,,15.94,0.0,0.0,0.0,0.0,0.0,0.0,0.0,0.0,0,0,,31B7E10A-318D-EB11-AA37-000D3AA30FE3,2021-03-25 06:12:15.147,7E45060B-A2A4-4F72-B553-3234C753B380,2022-10-04 08:49:33.497,231778F0-FC62-474D-8BCC-F79E6C896C7A
b'\x00\x00\x00\x00\r\x060\x95',IP0000260,,MET-A-DAY 1G ERT x 100's,MET-A-DAY 1G ERT X 100'S,,BOX,0,0,STOCK,,,1,0,0,0.0,0,0.0,4,223.21,223.21,223.21,0.0,1,1,,,,0.0,0.0,0.0,,0.0,0.0,,0.0,0.0,0.0,0.0,,,,0.0,,0.0,0.0,0.0,0,,2025-03-06 02:26:38.523,2025-03-06,1754-01-01 10:26:38.523,0,,STOCK,00000000-0000-0000-0000-000000000000,,0,,,EXEMPT,1,,,0,0,,0,,,1,0.0,,2025-02-28,223.21,0.0,0.0,0,0,0.0,0.0,0.0,0.0,,0,0,1.0,BOX,BOX,,0,0,0,,,,0.0,0.0,,STOCKS,0,,,,LOTEXP,,,,,,,,1753-01-01,1,1753-01-01,1753-01-01,00000000-0000-0000-0000-000000000000,E230D469-806F-EB11-AA04-000D3AA30FE3,00000000-0000-0000-0000-000000000000,0,0,00000000-0000-0000-0000-000000000000,,,,223.21,0.0,0.0,0.0,0.0,0.0,0.0,0.0,0.0,0,0,,4195DEBA-7E17-EC11-A4C7-5E2CC006407F,2021-09-17 06:16:02.027,8FDCE4A2-E551-4114-AA5B-A4A6BAB4255F,2026-01-12 00:45:41.027,0B709DB4-D647-42B9-9EEF-809FBE63D915
b'\x00\x00\x00\x00\x0c}Y\x91',IP0000261,,LEVIT IV 500MG/5ML SOL. FOR INJ x1's,LEVIT IV 500MG/5ML SOL. FOR INJ X1'S,,BOX,0,0,STOCK,,,1,0,0,0.0,0,0.0,4,430.3,430.3,322.48214,0.0,1,1,,,,0.0,0.0,0.0,,0.0,0.0,,0.0,0.0,0.0,0.0,,,,0.0,,0.0,0.0,0.0,0,,2025-10-17 05:36:22.777,2025-10-17,1754-01-01 13:36:22.777,0,,STOCK,00000000-0000-0000-0000-000000000000,,0,,,GOODS12,1,,,0,0,,0,,,0,0.0,,2025-02-28,430.3,0.0,0.0,0,0,0.0,0.0,0.0,0.0,,0,0,1.0,BOX,BOX,,0,0,0,,,,0.0,0.0,,STOCKS,0,,,,LOTEXP,,,,,,,,1753-01-01,1,1753-01-01,1753-01-01,00000000-0000-0000-0000-000000000000,E230D469-806F-EB11-AA04-000D3AA30FE3,00000000-0000-0000-0000-000000000000,0,0,00000000-0000-0000-0000-000000000000,,,,430.3,0.0,0.0,0.0,0.0,0.0,0.0,0.0,0.0,0,0,,AD9287A8-E61F-EC11-A4C9-5E2CC006407F,2021-09-27 23:00:08.390,8FDCE4A2-E551-4114-AA5B-A4A6BAB4255F,2025-11-10 09:31:32.210,0B709DB4-D647-42B9-9EEF-809FBE63D915
b'\x00\x00\x00\x00\r\x05\xf8G',IP0000262,,DOXOPRO 400MG TABLET x 50's,DOXOPRO 400MG TABLET X 50'S,,BOX,0,0,STOCK,,,1,0,0,0.0,0,0.0,4,183.04,183.04,183.03571,0.0,1,1,,,,0.0,0.0,0.0,,0.0,0.0,,0.0,0.0,0.0,0.0,,,,0.0,,0.0,0.0,0.0,0,,2024-03-07 02:45:36.197,2024-03-07,1754-01-01 10:45:36.197,0,,STOCK,00000000-0000-0000-0000-000000000000,,0,,,GOODS12,1,,,0,0,,0,,,1,0.0,,2024-02-29,183.04,0.0,0.0,0,0,0.0,0.0,0.0,0.0,,0,0,1.0,BOX,BOX,,0,0,0,,,,0.0,0.0,,STOCKS,0,,,,LOTEXP,,,,,,,,1753-01-01,1,1753-01-01,1753-01-01,00000000-0000-0000-0000-000000000000,E230D469-806F-EB11-AA04-000D3AA30FE3,00000000-0000-0000-0000-000000000000,0,0,00000000-0000-0000-0000-000000000000,,,,183.04,0.0,0.0,0.0,0.0,0.0,0.0,0.0,0.0,0,0,,CA84ADDF-C646-EC11-A4CA-5E2CC006407F,2021-11-16 10:20:52.353,8FDCE4A2-E551-4114-AA5B-A4A6BAB4255F,2026-01-10 06:05:23.590,0B709DB4-D647-42B9-9EEF-809FBE63D915
b'\x00\x00\x00\x00\x07\xb0F\xb2',IP0000263,,LESOFAT 120MG 10+1 PROMO PACKx1's (INNOGEN),LESOFAT 120MG 10+1 PROMO PACKX1'S (INNOGEN),,BOX,0,0,STOCK,,,1,0,0,0.0,0,0.0,4,162.05,162.05,162.05,0.0,1,1,,,,0.0,0.0,0.0,,0.0,0.0,,0.0,0.0,0.0,0.0,,,,0.0,,0.0,0.0,0.0,0,,2022-02-23 00:31:15.537,2022-02-23,1754-01-01 08:31:15.537,0,,STOCK,00000000-0000-0000-0000-000000000000,,0,,,GOODS12,1,,,0,0,,0,,,0,0.0,,1753-01-01,162.05,0.0,0.0,0,0,0.0,0.0,0.0,0.0,,0,0,1.0,BOX,BOX,,0,0,0,,,,0.0,0.0,,STOCKS,0,,,,LOTEXP,,,,,,,,1753-01-01,1,1753-01-01,1753-01-01,00000000-0000-0000-0000-000000000000,E230D469-806F-EB11-AA04-000D3AA30FE3,00000000-0000-0000-0000-000000000000,0,0,00000000-0000-0000-0000-000000000000,,,,162.05,0.0,0.0,0.0,0.0,0.0,0.0,0.0,0.0,0,0,,ADEDD994-3077-EC11-A4CE-5E2CC006407F,2022-01-17 00:58:32.623,8FDCE4A2-E551-4114-AA5B-A4A6BAB4255F,2023-09-01 09:16:31.207,83933D16-6033-4803-80F6-95D04AA4CABA
b'\x00\x00\x00\x00\x05\xa5Cq',IP0000264,,ArivaX 10mg FCTablet x 30's,ARIVAX 10MG FCTABLET X 30'S,,BOX,0,0,STOCK,,,1,0,0,0.0,0,0.0,4,535.71,535.71,0.0,0.0,1,1,,,,0.0,0.0,0.0,,0.0,0.0,,0.0,0.0,0.0,0.0,,,,0.0,,0.0,0.0,0.0,0,,2022-03-18 01:29:25.583,2022-03-18,1754-01-01 09:29:25.583,0,,STOCK,00000000-0000-0000-0000-000000000000,,0,,,GOODS12,1,,,0,0,,0,,,0,0.0,,1753-01-01,535.71,0.0,0.0,0,0,0.0,0.0,0.0,0.0,,0,0,1.0,BOX,BOX,,0,0,0,,,,0.0,0.0,,STOCKS,0,,,,LOTEXP,,,,,,,,1753-01-01,1,1753-01-01,1753-01-01,00000000-0000-0000-0000-000000000000,E230D469-806F-EB11-AA04-000D3AA30FE3,00000000-0000-0000-0000-000000000000,0,0,00000000-0000-0000-0000-000000000000,,,,535.71,0.0,0.0,0.0,0.0,0.0,0.0,0.0,0.0,0,0,,47BC1083-0DA1-EC11-A4DD-5E2CC006407F,2022-03-11 07:33:15.720,8FDCE4A2-E551-4114-AA5B-A4A6BAB4255F,2022-03-18 01:29:25.583,4A96EAA9-3DB9-423D-8512-43281713C4ED
b'\x00\x00\x00\x00\r\x05m\xf6',IP0000265,,ArivaX 15mg FCTablet x 30's,ARIVAX 15MG FCTABLET X 30'S,,BOX,0,0,STOCK,,,1,0,0,0.0,0,0.0,4,535.71,535.71,535.714,0.0,1,1,,,,0.0,0.0,0.0,,0.0,0.0,,0.0,0.0,0.0,0.0,,,,0.0,,0.0,0.0,0.0,0,,2025-09-22 06:30:33.503,2025-09-22,1754-01-01 14:30:33.503,0,,STOCK,00000000-0000-0000-0000-000000000000,,0,,,GOODS12,1,,,0,0,,0,,,0,0.0,,1753-01-01,535.71,0.0,0.0,0,0,0.0,0.0,0.0,0.0,,0,0,1.0,BOX,BOX,,0,0,0,,,,0.0,0.0,,STOCKS,0,,,,LOTEXP,,,,,,,,1753-01-01,1,1753-01-01,1753-01-01,00000000-0000-0000-0000-000000000000,E230D469-806F-EB11-AA04-000D3AA30FE3,00000000-0000-0000-0000-000000000000,0,0,00000000-0000-0000-0000-000000000000,,,,535.71,0.0,0.0,0.0,0.0,0.0,0.0,0.0,0.0,0,0,,55855BFC-15A1-EC11-A4DD-5E2CC006407F,2022-03-11 08:34:01.400,8FDCE4A2-E551-4114-AA5B-A4A6BAB4255F,2026-01-10 01:07:06.657,0B709DB4-D647-42B9-9EEF-809FBE63D915
b'\x00\x00\x00\x00\r\x05m\xfb',IP0000266,,ArivaX 20mg FCTablet x 30's,ARIVAX 20MG FCTABLET X 30'S,,BOX,0,0,STOCK,,,1,0,0,0.0,0,0.0,4,535.71,535.71,535.714,0.0,1,1,,,,0.0,0.0,0.0,,0.0,0.0,,0.0,0.0,0.0,0.0,,,,0.0,,0.0,0.0,0.0,0,,2022-03-18 01:31:46.870,2022-03-18,1754-01-01 09:31:46.870,0,,STOCK,00000000-0000-0000-0000-000000000000,,0,,,GOODS12,1,,,0,0,,0,,,0,0.0,,1753-01-01,535.71,0.0,0.0,0,0,0.0,0.0,0.0,0.0,,0,0,1.0,BOX,BOX,,0,0,0,,,,0.0,0.0,,STOCKS,0,,,,LOTEXP,,,,,,,,1753-01-01,1,1753-01-01,1753-01-01,00000000-0000-0000-0000-000000000000,E230D469-806F-EB11-AA04-000D3AA30FE3,00000000-0000-0000-0000-000000000000,0,0,00000000-0000-0000-0000-000000000000,,,,535.71,0.0,0.0,0.0,0.0,0.0,0.0,0.0,0.0,0,0,,A34C05C7-16A1-EC11-A4DD-5E2CC006407F,2022-03-11 08:39:35.200,8FDCE4A2-E551-4114-AA5B-A4A6BAB4255F,2026-01-10 01:07:06.687,0B709DB4-D647-42B9-9EEF-809FBE63D915
b'\x00\x00\x00\x00\x05\xa5D_',IP0000267,,CorVan 5mg FCTablet x 60's,CORVAN 5MG FCTABLET X 60'S,,BOX,0,0,STOCK,,,1,0,0,0.0,0,0.0,4,294.6,294.6,0.0,0.0,1,1,,,,0.0,0.0,0.0,,0.0,0.0,,0.0,0.0,0.0,0.0,,,,0.0,,0.0,0.0,0.0,0,,2022-03-18 01:34:43.957,2022-03-18,1754-01-01 09:34:43.957,0,,STOCK,00000000-0000-0000-0000-000000000000,,0,,,EXEMPT,1,,,0,0,,0,,,0,0.0,,1753-01-01,294.6,0.0,0.0,0,0,0.0,0.0,0.0,0.0,,0,0,1.0,BOX,BOX,,0,0,0,,,,0.0,0.0,,STOCKS,0,,,,LOTEXP,,,,,,,,1753-01-01,1,1753-01-01,1753-01-01,00000000-0000-0000-0000-000000000000,E230D469-806F-EB11-AA04-000D3AA30FE3,00000000-0000-0000-0000-000000000000,0,0,00000000-0000-0000-0000-000000000000,,,,294.6,0.0,0.0,0.0,0.0,0.0,0.0,0.0,0.0,0,0,,F5B62D08-18A1-EC11-A4DD-5E2CC006407F,2022-03-11 08:48:34.030,8FDCE4A2-E551-4114-AA5B-A4A6BAB4255F,2022-03-18 01:34:43.957,4A96EAA9-3DB9-423D-8512-43281713C4ED
b'\x00\x00\x00\x00\x05\xa5D}',IP0000268,,CorVan 7.5mg FCTablet x 60's,CORVAN 7.5MG FCTABLET X 60'S,,BOX,0,0,STOCK,,,1,0,0,0.0,0,0.0,4,375.0,375.0,0.0,0.0,1,1,,,,0.0,0.0,0.0,,0.0,0.0,,0.0,0.0,0.0,0.0,,,,0.0,,0.0,0.0,0.0,0,,2022-03-18 01:36:18.103,2022-03-18,1754-01-01 09:36:18.103,0,,STOCK,00000000-0000-0000-0000-000000000000,,0,,,EXEMPT,1,,,0,0,,0,,,0,0.0,,1753-01-01,375.0,0.0,0.0,0,0,0.0,0.0,0.0,0.0,,0,0,1.0,BOX,BOX,,0,0,0,,,,0.0,0.0,,STOCKS,0,,,,LOTEXP,,,,,,,,1753-01-01,1,1753-01-01,1753-01-01,00000000-0000-0000-0000-000000000000,E230D469-806F-EB11-AA04-000D3AA30FE3,00000000-0000-0000-0000-000000000000,0,0,00000000-0000-0000-0000-000000000000,,,,375.0,0.0,0.0,0.0,0.0,0.0,0.0,0.0,0.0,0,0,,15BE00B0-18A1-EC11-A4DD-5E2CC006407F,2022-03-11 08:53:15.577,8FDCE4A2-E551-4114-AA5B-A4A6BAB4255F,2022-03-18 01:36:18.103,4A96EAA9-3DB9-423D-8512-43281713C4ED
b'\x00\x00\x00\x00\x0c{-\xb8',IP0000269,,PREG-M 75mg/750mcg Capsule x 100's,PREG-M 75MG/750MCG CAPSULE X 100'S,,BOX,0,0,STOCK,,,1,0,0,0.0,0,0.0,4,670.0,670.0,670.0,0.0,1,1,,,,0.0,0.0,0.0,,0.0,0.0,,0.0,0.0,0.0,0.0,,,,0.0,,0.0,0.0,0.0,0,,2025-02-26 02:02:48.633,2025-02-26,1754-01-01 10:02:48.633,0,,STOCK,00000000-0000-0000-0000-000000000000,,0,,,EXEMPT,1,,,0,0,,0,,,1,0.0,,2024-02-29,670.0,0.0,0.0,0,0,0.0,0.0,0.0,0.0,,0,0,1.0,BOX,BOX,,0,0,0,,,,0.0,0.0,,STOCKS,0,,,,LOTEXP,,,,,,,,1753-01-01,1,1753-01-01,1753-01-01,00000000-0000-0000-0000-000000000000,E230D469-806F-EB11-AA04-000D3AA30FE3,00000000-0000-0000-0000-000000000000,0,0,00000000-0000-0000-0000-000000000000,,,,670.0,0.0,0.0,0.0,0.0,0.0,0.0,0.0,0.0,0,0,,749D7B71-1AA1-EC11-A4DD-5E2CC006407F,2022-03-11 09:05:49.680,8FDCE4A2-E551-4114-AA5B-A4A6BAB4255F,2025-11-05 09:43:05.580,34C3286C-E7F6-4F45-8F69-19CD015F1C1B
b'\x00\x00\x00\x00\r\x06\x8c\xbf',IP0000270,,LevoGen 30mg/5mL Syrup x 120mL,LEVOGEN 30MG/5ML SYRUP X 120ML,,BOT,0,0,STOCK,,,1,0,0,0.0,0,0.0,4,93.75,93.75,93.75,0.0,1,1,,,,0.0,0.0,0.0,,0.0,0.0,,0.0,0.0,0.0,0.0,,,,0.0,,0.0,0.0,0.0,0,,2024-03-07 02:45:36.447,2024-03-07,1754-01-01 10:45:36.447,0,,STOCK,00000000-0000-0000-0000-000000000000,,0,,,GOODS12,1,,,0,0,,0,,,0,0.0,,2024-02-29,93.75,0.0,0.0,0,0,0.0,0.0,0.0,0.0,,0,0,1.0,BOT,BOT,,0,0,0,,,,0.0,0.0,,STOCKS,0,,,,LOTEXP,,,,,,,,1753-01-01,1,1753-01-01,1753-01-01,00000000-0000-0000-0000-000000000000,E130D469-806F-EB11-AA04-000D3AA30FE3,00000000-0000-0000-0000-000000000000,0,0,00000000-0000-0000-0000-000000000000,,,,93.75,0.0,0.0,0.0,0.0,0.0,0.0,0.0,0.0,0,0,,428454EE-1AA1-EC11-A4DD-5E2CC006407F,2022-03-11 09:09:19.137,8FDCE4A2-E551-4114-AA5B-A4A6BAB4255F,2026-01-12 05:32:38.700,0B709DB4-D647-42B9-9EEF-809FBE63D915
b'\x00\x00\x00\x00\x05\xdfV\xab',IP0000271,,EVITA 400 I.U. Softgel Capsule x 100's,EVITA 400 I.U. SOFTGEL CAPSULE X 100'S,,BOX,0,0,STOCK,,,1,0,0,0.0,0,0.0,4,290.18,290.18,0.0,0.0,1,1,,,,0.0,0.0,0.0,,0.0,0.0,,0.0,0.0,0.0,0.0,,,,0.0,,0.0,0.0,0.0,0,,2022-05-20 09:58:21.417,2022-05-20,1754-01-01 17:58:21.417,0,,STOCK,00000000-0000-0000-0000-000000000000,,0,,,GOODS12,1,,,0,0,,0,,,0,0.0,,1753-01-01,290.18,0.0,0.0,0,0,0.0,0.0,0.0,0.0,,0,0,1.0,BOX,BOX,,0,0,0,,,,0.0,0.0,,STOCKS,0,,,,LOTEXP,,,,,,,,1753-01-01,1,1753-01-01,1753-01-01,00000000-0000-0000-0000-000000000000,E230D469-806F-EB11-AA04-000D3AA30FE3,00000000-0000-0000-0000-000000000000,0,0,00000000-0000-0000-0000-000000000000,,,,290.18,0.0,0.0,0.0,0.0,0.0,0.0,0.0,0.0,0,0,,F3697C94-17D8-EC11-A4E3-5E2CC006407F,2022-05-20 08:33:53.867,8FDCE4A2-E551-4114-AA5B-A4A6BAB4255F,2022-05-20 09:58:21.417,4A96EAA9-3DB9-423D-8512-43281713C4ED
b'\x00\x00\x00\x00\x0c\x89\x0c\xa6',IP0000272,,TRIPGARD 25MG FCTABLET x 30's,TRIPGARD 25MG FCTABLET X 30'S,,BOX,0,0,STOCK,,,1,0,0,0.0,0,0.0,4,187.5,187.5,187.5,0.0,1,1,,,,0.0,0.0,0.0,,0.0,0.0,,0.0,0.0,0.0,0.0,,,,0.0,,0.0,0.0,0.0,0,,2022-06-09 02:56:21.523,2022-06-09,1754-01-01 10:56:21.523,0,,STOCK,00000000-0000-0000-0000-000000000000,,0,,,EXEMPT,1,,,0,0,,0,,,0,0.0,,1753-01-01,187.5,0.0,0.0,0,0,0.0,0.0,0.0,0.0,,0,0,1.0,BOX,BOX,,0,0,0,,,,0.0,0.0,,STOCKS,0,,,,LOTEXP,,,,,,,,1753-01-01,1,1753-01-01,1753-01-01,00000000-0000-0000-0000-000000000000,E230D469-806F-EB11-AA04-000D3AA30FE3,00000000-0000-0000-0000-000000000000,0,0,00000000-0000-0000-0000-000000000000,,,,187.5,0.0,0.0,0.0,0.0,0.0,0.0,0.0,0.0,0,0,,2E8D0F34-9CE7-EC11-A4E4-5E2CC006407F,2022-06-09 02:31:02.600,8FDCE4A2-E551-4114-AA5B-A4A6BAB4255F,2025-12-01 01:41:03.263,7A43DFC9-AF93-4335-A1C5-3ABC0B06A73C
b'\x00\x00\x00\x00\r\x06cj',IP0000273,,ADIVIA MET 50mg/1g FC TAB x 21's,ADIVIA MET 50MG/1G FC TAB X 21'S,,BOX,0,0,STOCK,,,1,0,0,0.0,0,0.0,4,126.0,126.0,96.22879,0.0,1,1,,,,0.0,0.0,0.0,,0.0,0.0,,0.0,0.0,0.0,0.0,,,,0.0,,0.0,0.0,0.0,0,,2025-10-17 03:56:47.857,2025-10-17,1754-01-01 11:56:47.857,0,,STOCK,00000000-0000-0000-0000-000000000000,,0,,,EXEMPT,1,,,0,0,,0,,,1,0.0,,1753-01-01,126.0,0.0,0.0,0,0,0.0,0.0,0.0,0.0,,0,0,1.0,BOX,BOX,,0,0,0,,,,0.0,0.0,,STOCKS,0,,,,LOTEXP,,,,,,,,1753-01-01,1,1753-01-01,1753-01-01,00000000-0000-0000-0000-000000000000,E230D469-806F-EB11-AA04-000D3AA30FE3,00000000-0000-0000-0000-000000000000,0,0,00000000-0000-0000-0000-000000000000,,,,126.0,0.0,0.0,0.0,0.0,0.0,0.0,0.0,0.0,0,0,,617F2840-52F8-EC11-A4E4-5E2CC006407F,2022-06-30 08:54:29.920,8FDCE4A2-E551-4114-AA5B-A4A6BAB4255F,2026-01-12 01:59:16.497,0A03287F-3B77-4821-969F-D1C214171B0D
b'\x00\x00\x00\x00\r\x06Z\xdf',IP0000274,,ADIVIA MET 50mg/500mg FC TAB x 21's,ADIVIA MET 50MG/500MG FC TAB X 21'S,,BOX,0,0,STOCK,,,1,0,0,0.0,0,0.0,4,120.75,120.75,91.875,0.0,1,1,,,,0.0,0.0,0.0,,0.0,0.0,,0.0,0.0,0.0,0.0,,,,0.0,,0.0,0.0,0.0,0,,2025-10-17 03:56:04.767,2025-10-17,1754-01-01 11:56:04.767,0,,STOCK,00000000-0000-0000-0000-000000000000,,0,,,EXEMPT,1,,,0,0,,0,,,1,0.0,,1753-01-01,120.75,0.0,0.0,0,0,0.0,0.0,0.0,0.0,,0,0,1.0,BOX,BOX,,0,0,0,,,,0.0,0.0,,STOCKS,0,,,,LOTEXP,,,,,,,,1753-01-01,1,1753-01-01,1753-01-01,00000000-0000-0000-0000-000000000000,E230D469-806F-EB11-AA04-000D3AA30FE3,00000000-0000-0000-0000-000000000000,0,0,00000000-0000-0000-0000-000000000000,,,,120.75,0.0,0.0,0.0,0.0,0.0,0.0,0.0,0.0,0,0,,D5312AF8-53F8-EC11-A4E4-5E2CC006407F,2022-06-30 09:06:48.127,8FDCE4A2-E551-4114-AA5B-A4A6BAB4255F,2026-01-12 01:52:28.527,5428A7C5-0CCA-4C68-BF2D-3ED6031F3D6F
b'\x00\x00\x00\x00\x0c\x97H\xe9',IP0000275,,FLORANORM-C OD TAB x 100's,FLORANORM-C OD TAB X 100'S,,BOX,0,0,STOCK,,,1,0,0,0.0,0,0.0,4,379.46,379.46,357.14286,0.0,1,1,,,,0.0,0.0,0.0,,0.0,0.0,,0.0,0.0,0.0,0.0,,,,0.0,,0.0,0.0,0.0,0,,2025-10-17 05:33:06.170,2025-10-17,1754-01-01 13:33:06.170,0,,STOCK,00000000-0000-0000-0000-000000000000,,0,,,GOODS12,1,,,0,0,,0,,,1,0.0,,2025-02-28,379.46,0.0,0.0,0,0,0.0,0.0,0.0,0.0,,0,0,1.0,BOX,BOX,,0,0,0,,,,0.0,0.0,,STOCKS,0,,,,LOTEXP,,,,,,,,1753-01-01,1,1753-01-01,1753-01-01,00000000-0000-0000-0000-000000000000,E230D469-806F-EB11-AA04-000D3AA30FE3,00000000-0000-0000-0000-000000000000,0,0,00000000-0000-0000-0000-000000000000,,,,379.46,0.0,0.0,0.0,0.0,0.0,0.0,0.0,0.0,0,0,,999E6AF0-6D11-ED11-A4E4-5E2CC006407F,2022-08-01 07:45:43.437,8FDCE4A2-E551-4114-AA5B-A4A6BAB4255F,2026-01-06 08:44:33.877,34C3286C-E7F6-4F45-8F69-19CD015F1C1B
b'\x00\x00\x00\x00\r\x06\xc0\x96',IP0000276,,TADAH FORTE 20mg FC TAB  x 2's,TADAH FORTE 20MG FC TAB  X 2'S,,BOX,0,0,STOCK,,,1,0,0,0.0,0,0.0,4,37.0,37.0,24.66396,0.0,1,1,,,,0.0,0.0,0.0,,0.0,0.0,,0.0,0.0,0.0,0.0,,,,0.0,,0.0,0.0,0.0,0,,2025-10-17 03:54:57.967,2025-10-17,1754-01-01 11:54:57.967,0,,STOCK,00000000-0000-0000-0000-000000000000,,0,,,EXEMPT,1,,,0,0,,0,,,1,0.0,,2025-02-28,37.0,0.0,0.0,0,0,0.0,0.0,0.0,0.0,,0,0,1.0,BOX,BOX,,0,0,0,,,,0.0,0.0,,STOCKS,0,,,,LOTEXP,,,,,,,,1753-01-01,1,1753-01-01,1753-01-01,00000000-0000-0000-0000-000000000000,E230D469-806F-EB11-AA04-000D3AA30FE3,00000000-0000-0000-0000-000000000000,0,0,00000000-0000-0000-0000-000000000000,,,,37.0,0.0,0.0,0.0,0.0,0.0,0.0,0.0,0.0,0,0,,41F6CD20-0146-ED11-A4EA-5E2CC006407F,2022-10-07 05:30:18.763,8FDCE4A2-E551-4114-AA5B-A4A6BAB4255F,2026-01-12 08:09:41.377,5428A7C5-0CCA-4C68-BF2D-3ED6031F3D6F
b'\x00\x00\x00\x00\x08T\xfbG',IP0000277,,GILDAGEN-50 50MG TABLET x 30's,GILDAGEN-50 50MG TABLET X 30'S,,BOX,0,0,STOCK,,,1,0,0,0.0,0,0.0,4,120.0,120.0,120.0,0.0,1,1,,,,0.0,0.0,0.0,,0.0,0.0,,0.0,0.0,0.0,0.0,,,,0.0,,0.0,0.0,0.0,0,,2023-07-14 02:04:37.483,2023-07-14,1754-01-01 10:04:37.483,0,,STOCK,00000000-0000-0000-0000-000000000000,,0,,,EXEMPT,1,,,0,0,,0,,,0,0.0,,1753-01-01,120.0,0.0,0.0,0,0,0.0,0.0,0.0,0.0,,0,0,1.0,BOX,BOX,,0,0,0,,,,0.0,0.0,,STOCKS,0,,,,LOTEXP,,,,,,,,1753-01-01,1,1753-01-01,1753-01-01,00000000-0000-0000-0000-000000000000,E230D469-806F-EB11-AA04-000D3AA30FE3,00000000-0000-0000-0000-000000000000,0,0,00000000-0000-0000-0000-000000000000,,,,120.0,0.0,0.0,0.0,0.0,0.0,0.0,0.0,0.0,0,0,,5AE47EC2-04B8-ED11-A4EC-5E2CC006407F,2023-03-01 07:43:31.097,8FDCE4A2-E551-4114-AA5B-A4A6BAB4255F,2024-01-18 10:25:05.370,7A43DFC9-AF93-4335-A1C5-3ABC0B06A73C
b'\x00\x00\x00\x00\r\x06co',IP0000278,,DAPA-Z 10MG FC TABLET x 30's,DAPA-Z 10MG FC TABLET X 30'S,,BOX,0,0,STOCK,,,1,0,0,0.0,0,0.0,4,285.0,285.0,128.57143,0.0,1,1,,,,0.0,0.0,0.0,,0.0,0.0,,0.0,0.0,0.0,0.0,,,,0.0,,0.0,0.0,0.0,0,,2025-10-17 04:00:56.190,2025-10-17,1754-01-01 12:00:56.190,0,,STOCK,00000000-0000-0000-0000-000000000000,,0,,,EXEMPT,1,,,0,0,,0,,,1,0.0,,1753-01-01,285.0,0.0,0.0,0,0,0.0,0.0,0.0,0.0,,0,0,1.0,BOX,BOX,,0,0,0,,,,0.0,0.0,,STOCKS,0,,,,LOTEXP,,,,,,,,1753-01-01,1,1753-01-01,1753-01-01,00000000-0000-0000-0000-000000000000,E230D469-806F-EB11-AA04-000D3AA30FE3,00000000-0000-0000-0000-000000000000,0,0,00000000-0000-0000-0000-000000000000,,,,285.0,0.0,0.0,0.0,0.0,0.0,0.0,0.0,0.0,0,0,,77B99D3E-08B8-ED11-A4EC-5E2CC006407F,2023-03-01 08:08:27.813,8FDCE4A2-E551-4114-AA5B-A4A6BAB4255F,2026-01-12 01:59:16.520,0A03287F-3B77-4821-969F-D1C214171B0D
b'\x00\x00\x00\x00\x0c\x1c\x90V',IP0000279,,GLIXA 60MG MODIFIED RELEASE TABLET x 60's,GLIXA 60MG MODIFIED RELEASE TABLET X 60'S,,BOX,0,0,STOCK,,,1,0,0,0.0,0,0.0,4,240.0,240.0,240.0,0.0,1,1,,,,0.0,0.0,0.0,,0.0,0.0,,0.0,0.0,0.0,0.0,,,,0.0,,0.0,0.0,0.0,0,,2023-06-08 07:22:32.513,2023-06-08,1754-01-01 15:22:32.513,0,,STOCK,00000000-0000-0000-0000-000000000000,,0,,,EXEMPT,1,,,0,0,,0,,,0,0.0,,1753-01-01,240.0,0.0,0.0,0,0,0.0,0.0,0.0,0.0,,0,0,1.0,BOX,BOX,,0,0,0,,,,0.0,0.0,,STOCKS,0,,,,LOTEXP,,,,,,,,1753-01-01,1,1753-01-01,1753-01-01,00000000-0000-0000-0000-000000000000,E230D469-806F-EB11-AA04-000D3AA30FE3,00000000-0000-0000-0000-000000000000,0,0,00000000-0000-0000-0000-000000000000,,,,240.0,0.0,0.0,0.0,0.0,0.0,0.0,0.0,0.0,0,0,,0248D092-0DF6-ED11-A4EC-5E2CC006407F,2023-05-19 06:22:48.647,8FDCE4A2-E551-4114-AA5B-A4A6BAB4255F,2025-04-30 08:01:17.647,7A43DFC9-AF93-4335-A1C5-3ABC0B06A73C
b'\x00\x00\x00\x00\x07\x8b\xf9&',IP0000280,,LYNSTA 40MG/5MG TABLET x 30's,LYNSTA 40MG/5MG TABLET X 30'S,,BOX,0,0,STOCK,,,1,0,0,0.0,0,0.0,4,108.0,108.0,0.0,0.0,1,1,,,,0.0,0.0,0.0,,0.0,0.0,,0.0,0.0,0.0,0.0,,,,0.0,,0.0,0.0,0.0,0,,2023-06-08 07:28:15.300,2023-06-08,1754-01-01 15:28:15.300,0,,,00000000-0000-0000-0000-000000000000,,0,,,,1,,,0,0,,0,,,0,0.0,,1753-01-01,108.0,0.0,0.0,0,0,0.0,0.0,0.0,0.0,,0,0,1.0,BOX,BOX,,0,0,0,,,,0.0,0.0,,STOCKS,0,,,,LOTEXP,,,,,,,,1753-01-01,1,1753-01-01,1753-01-01,00000000-0000-0000-0000-000000000000,E230D469-806F-EB11-AA04-000D3AA30FE3,00000000-0000-0000-0000-000000000000,0,0,00000000-0000-0000-0000-000000000000,,,,108.0,0.0,0.0,0.0,0.0,0.0,0.0,0.0,0.0,0,0,,C26AB3E2-2BF9-ED11-A4EC-5E2CC006407F,2023-05-23 05:37:21.067,8FDCE4A2-E551-4114-AA5B-A4A6BAB4255F,2023-06-08 07:28:15.300,7A0704FC-344D-4B93-BC24-11D151C70FD0
b'\x00\x00\x00\x00\x07\x8b\xf9!',IP0000281,,LYNSTA 80MG/10MG TABLET x 30's,LYNSTA 80MG/10MG TABLET X 30'S,,BOX,0,0,STOCK,,,1,0,0,0.0,0,0.0,4,154.5,154.5,0.0,0.0,1,1,,,,0.0,0.0,0.0,,0.0,0.0,,0.0,0.0,0.0,0.0,,,,0.0,,0.0,0.0,0.0,0,,2023-06-08 07:27:45.337,2023-06-08,1754-01-01 15:27:45.337,0,,STOCK,00000000-0000-0000-0000-000000000000,,0,,,EXEMPT,1,,,0,0,,0,,,0,0.0,,1753-01-01,154.5,0.0,0.0,0,0,0.0,0.0,0.0,0.0,,0,0,1.0,BOX,BOX,,0,0,0,,,,0.0,0.0,,STOCKS,0,,,,LOTEXP,,,,,,,,1753-01-01,1,1753-01-01,1753-01-01,00000000-0000-0000-0000-000000000000,E230D469-806F-EB11-AA04-000D3AA30FE3,00000000-0000-0000-0000-000000000000,0,0,00000000-0000-0000-0000-000000000000,,,,154.5,0.0,0.0,0.0,0.0,0.0,0.0,0.0,0.0,0,0,,ADCBA9DB-2CF9-ED11-A4EC-5E2CC006407F,2023-05-23 05:44:18.757,8FDCE4A2-E551-4114-AA5B-A4A6BAB4255F,2023-06-08 07:27:45.337,7A0704FC-344D-4B93-BC24-11D151C70FD0
b'\x00\x00\x00\x00\r\x05\xf2\x80',IP0000282,,BRICOR 90MG FC TABLET x 60's,BRICOR 90MG FC TABLET X 60'S,,BOX,0,0,STOCK,,,1,0,0,0.0,0,0.0,4,991.07,991.07,990.32258,0.0,1,1,,,,0.0,0.0,0.0,,0.0,0.0,,0.0,0.0,0.0,0.0,,,,0.0,,0.0,0.0,0.0,0,,2025-10-17 04:02:00.267,2025-10-17,1754-01-01 12:02:00.267,0,,STOCK,00000000-0000-0000-0000-000000000000,,0,,,GOODS12,1,,,0,0,,0,,,1,0.0,,2024-02-29,991.07,0.0,0.0,0,0,0.0,0.0,0.0,0.0,,0,0,1.0,BOX,BOX,,0,0,0,,,,0.0,0.0,,STOCKS,0,,,,LOTEXP,,,,,,,,1753-01-01,1,1753-01-01,1753-01-01,00000000-0000-0000-0000-000000000000,E230D469-806F-EB11-AA04-000D3AA30FE3,00000000-0000-0000-0000-000000000000,0,0,00000000-0000-0000-0000-000000000000,,,,991.07,0.0,0.0,0.0,0.0,0.0,0.0,0.0,0.0,0,0,,AB1D87A9-9211-EE11-A4EC-5E2CC006407F,2023-06-23 06:53:37.683,8FDCE4A2-E551-4114-AA5B-A4A6BAB4255F,2026-01-10 05:33:32.230,0B709DB4-D647-42B9-9EEF-809FBE63D915
b'\x00\x00\x00\x00\r\x05c\xa2',IP0000283,,LOXENIL IV 2MG/ML SOL. FOR IV INF,LOXENIL IV 2MG/ML SOL. FOR IV INF,,BOX,0,0,STOCK,,,1,0,0,0.0,0,0.0,4,441.96,441.96,441.96421,0.0,1,1,,,,0.0,0.0,0.0,,0.0,0.0,,0.0,0.0,0.0,0.0,,,,0.0,,0.0,0.0,0.0,0,,2025-10-17 05:33:45.473,2025-10-17,1754-01-01 13:33:45.473,0,,STOCK,00000000-0000-0000-0000-000000000000,,0,,,GOODS12,1,,,0,0,,0,,,0,0.0,,1753-01-01,441.96,0.0,0.0,0,0,0.0,0.0,0.0,0.0,,0,0,1.0,BOX,BOX,,0,0,0,,,,0.0,0.0,,STOCKS,0,,,,LOTEXP,,,,,,,,1753-01-01,1,1753-01-01,1753-01-01,00000000-0000-0000-0000-000000000000,E230D469-806F-EB11-AA04-000D3AA30FE3,00000000-0000-0000-0000-000000000000,0,0,00000000-0000-0000-0000-000000000000,,,,441.96,0.0,0.0,0.0,0.0,0.0,0.0,0.0,0.0,0,0,,51891C93-EC1E-EE11-A4EC-5E2CC006407F,2023-07-10 06:39:53.430,8FDCE4A2-E551-4114-AA5B-A4A6BAB4255F,2026-01-10 00:58:35.227,0B709DB4-D647-42B9-9EEF-809FBE63D915
b'\x00\x00\x00\x00\r\x06X]',IP0000284,,TRACY 37.5MG/325MG FC TABLET x 30's,TRACY 37.5MG/325MG FC TABLET X 30'S,,BOX,0,0,STOCK,,,1,0,0,0.0,0,0.0,4,93.75,93.75,93.75,0.0,1,1,,,,0.0,0.0,0.0,,0.0,0.0,,0.0,0.0,0.0,0.0,,,,0.0,,0.0,0.0,0.0,0,,2025-10-17 03:37:53.237,2025-10-17,1754-01-01 11:37:53.237,0,,STOCK,00000000-0000-0000-0000-000000000000,,0,,,GOODS12,1,,,0,0,,0,,,0,0.0,,1753-01-01,93.75,0.0,0.0,0,0,0.0,0.0,0.0,0.0,,0,0,1.0,BOX,BOX,,0,0,0,,,,0.0,0.0,,STOCKS,0,,,,LOTEXP,,,,,,,,1753-01-01,1,1753-01-01,1753-01-01,00000000-0000-0000-0000-000000000000,E230D469-806F-EB11-AA04-000D3AA30FE3,00000000-0000-0000-0000-000000000000,0,0,00000000-0000-0000-0000-000000000000,,,,93.75,0.0,0.0,0.0,0.0,0.0,0.0,0.0,0.0,0,0,,C78BE836-6862-EE11-A4ED-5E2CC006407F,2023-10-04 03:43:44.240,8FDCE4A2-E551-4114-AA5B-A4A6BAB4255F,2026-01-12 01:50:01.327,5428A7C5-0CCA-4C68-BF2D-3ED6031F3D6F
b'\x00\x00\x00\x00\r\x05\x16a',IP0000285,,VENOX 450mg/50mg FC TABLET x 30's,VENOX 450MG/50MG FC TABLET X 30'S,,BOX,0,0,STOCK,,,1,0,0,0.0,0,0.0,4,167.41,167.41,167.41064,0.0,1,1,,,,0.0,0.0,0.0,,0.0,0.0,,0.0,0.0,0.0,0.0,,,,0.0,,0.0,0.0,0.0,0,,2026-01-09 06:22:01.880,2026-01-09,1754-01-01 14:22:01.880,0,,STOCK,00000000-0000-0000-0000-000000000000,,0,,,GOODS12,1,,,0,0,,0,,,1,0.0,,2025-12-31,167.41,0.0,0.0,0,0,0.0,0.0,0.0,0.0,,0,0,1.0,BOX,BOX,,0,0,0,,,,0.0,0.0,,STOCKS,0,,,,LOTEXP,,,,,,,,1753-01-01,1,1753-01-01,1753-01-01,00000000-0000-0000-0000-000000000000,E230D469-806F-EB11-AA04-000D3AA30FE3,00000000-0000-0000-0000-000000000000,0,0,00000000-0000-0000-0000-000000000000,,,,167.41,0.0,0.0,0.0,0.0,0.0,0.0,0.0,0.0,0,0,,87BABEE0-1164-EE11-A4ED-5E2CC006407F,2023-10-06 06:30:45.303,8FDCE4A2-E551-4114-AA5B-A4A6BAB4255F,2026-01-09 07:37:27.333,4A96EAA9-3DB9-423D-8512-43281713C4ED
b'\x00\x00\x00\x00\r\x06\x03^',IP0000286,,ARIGEN 10MG TABLET x 100's,ARIGEN 10MG TABLET X 100'S,,BOX,0,0,STOCK,,,1,0,0,0.0,0,0.0,4,1970.0,1970.0,1970.0,0.0,1,1,,,,0.0,0.0,0.0,,0.0,0.0,,0.0,0.0,0.0,0.0,,,,0.0,,0.0,0.0,0.0,0,,2023-11-30 05:23:02.623,2023-11-30,1754-01-01 13:23:02.623,0,,STOCK,00000000-0000-0000-0000-000000000000,,0,,,EXEMPT,1,,,0,0,,0,,,0,0.0,,1753-01-01,1970.0,0.0,0.0,0,0,0.0,0.0,0.0,0.0,,0,0,1.0,BOX,BOX,,0,0,0,,,,0.0,0.0,,STOCKS,0,,,,LOTEXP,,,,,,,,1753-01-01,1,1753-01-01,1753-01-01,00000000-0000-0000-0000-000000000000,E230D469-806F-EB11-AA04-000D3AA30FE3,00000000-0000-0000-0000-000000000000,0,0,00000000-0000-0000-0000-000000000000,,,,1970.0,0.0,0.0,0.0,0.0,0.0,0.0,0.0,0.0,0,0,,2FD6CF35-D672-EE11-A4EE-5E2CC006407F,2023-10-25 01:31:25.647,4A96EAA9-3DB9-423D-8512-43281713C4ED,2026-01-10 06:30:06.343,0B709DB4-D647-42B9-9EEF-809FBE63D915
b'\x00\x00\x00\x00\x0c\x97Im',IP0000287,,ARIGEN 5MG TABLET x 100's,ARIGEN 5MG TABLET X 100'S,,BOX,0,0,STOCK,,,1,0,0,0.0,0,0.0,4,972.0,972.0,972.0,0.0,1,1,,,,0.0,0.0,0.0,,0.0,0.0,,0.0,0.0,0.0,0.0,,,,0.0,,0.0,0.0,0.0,0,,2023-11-30 05:25:18.293,2023-11-30,1754-01-01 13:25:18.293,0,,STOCK,00000000-0000-0000-0000-000000000000,,0,,,EXEMPT,1,,,0,0,,0,,,0,0.0,,1753-01-01,972.0,0.0,0.0,0,0,0.0,0.0,0.0,0.0,,0,0,1.0,BOX,BOX,,0,0,0,,,,0.0,0.0,,STOCKS,0,,,,LOTEXP,,,,,,,,1753-01-01,1,1753-01-01,1753-01-01,00000000-0000-0000-0000-000000000000,E230D469-806F-EB11-AA04-000D3AA30FE3,00000000-0000-0000-0000-000000000000,0,0,00000000-0000-0000-0000-000000000000,,,,972.0,0.0,0.0,0.0,0.0,0.0,0.0,0.0,0.0,0,0,,C2B37082-298F-EE11-A4EE-5E2CC006407F,2023-11-30 02:38:18.410,8FDCE4A2-E551-4114-AA5B-A4A6BAB4255F,2026-01-06 08:44:34.723,34C3286C-E7F6-4F45-8F69-19CD015F1C1B
b'\x00\x00\x00\x00\r\x05\x18\r',IP0000288,,ANALOU 630MG FILM COATED TABLET x 100's,ANALOU 630MG FILM COATED TABLET X 100'S,,BOX,0,0,STOCK,,,1,0,0,0.0,0,0.0,4,575.0,575.0,550.0,0.0,1,1,,,,0.0,0.0,0.0,,0.0,0.0,,0.0,0.0,0.0,0.0,,,,0.0,,0.0,0.0,0.0,0,,2026-01-09 06:22:02.063,2026-01-09,1754-01-01 14:22:02.063,0,,STOCK,00000000-0000-0000-0000-000000000000,,0,,,EXEMPT,1,,,0,0,,0,,,0,0.0,,2025-12-31,575.0,0.0,0.0,0,0,0.0,0.0,0.0,0.0,,0,0,1.0,BOX,BOX,,0,0,0,,,,0.0,0.0,,STOCKS,0,,,,LOTEXP,,,,,,,,1753-01-01,1,1753-01-01,1753-01-01,00000000-0000-0000-0000-000000000000,E230D469-806F-EB11-AA04-000D3AA30FE3,00000000-0000-0000-0000-000000000000,0,0,00000000-0000-0000-0000-000000000000,,,,575.0,0.0,0.0,0.0,0.0,0.0,0.0,0.0,0.0,0,0,,7349EA8E-2B8F-EE11-A4EE-5E2CC006407F,2023-11-30 02:52:56.500,8FDCE4A2-E551-4114-AA5B-A4A6BAB4255F,2026-01-09 07:37:28.993,4A96EAA9-3DB9-423D-8512-43281713C4ED
b'\x00\x00\x00\x00\r\x05\xe7\xf5',IP0000289,,URLYX 500MG FC TABLET x 100's,URLYX 500MG FILM COATED TABLET,,BOX,0,0,STOCK,,,1,0,0,0.0,0,0.0,4,1071.43,1071.43,1071.42849,0.0,1,1,,,,0.0,0.0,0.0,,0.0,0.0,,0.0,0.0,0.0,0.0,,,,0.0,,0.0,0.0,0.0,0,,2025-10-17 05:30:11.887,2025-10-17,1754-01-01 13:30:11.887,0,,STOCK,00000000-0000-0000-0000-000000000000,,0,,,GOODS12,1,,,0,0,,0,,,0,0.0,,1753-01-01,1071.43,0.0,0.0,0,0,0.0,0.0,0.0,0.0,,0,0,1.0,BOX,BOX,,0,0,0,,,,0.0,0.0,,STOCKS,0,,,,LOTEXP,,,,,,,,1753-01-01,1,1753-01-01,1753-01-01,00000000-0000-0000-0000-000000000000,E230D469-806F-EB11-AA04-000D3AA30FE3,00000000-0000-0000-0000-000000000000,0,0,00000000-0000-0000-0000-000000000000,,,,1071.43,0.0,0.0,0.0,0.0,0.0,0.0,0.0,0.0,0,0,,996C9917-AF03-EF11-A4F0-5E2CC006407F,2024-04-26 09:26:43.187,8FDCE4A2-E551-4114-AA5B-A4A6BAB4255F,2026-01-10 04:59:24.227,0B709DB4-D647-42B9-9EEF-809FBE63D915
b'\x00\x00\x00\x00\r\x06s\xf2',IP0000290,,ERTAX 1G LYOPHILIZED PWDER FOR INJ. x1's,ERTAX 1G LYOPHILIZED PWDER FOR INJ. X1'S,,BOX,0,0,STOCK,,,1,0,0,0.0,0,0.0,4,750.0,750.0,750.0,0.0,1,1,,,,0.0,0.0,0.0,,0.0,0.0,,0.0,0.0,0.0,0.0,,,,0.0,,0.0,0.0,0.0,0,,2025-10-17 05:34:21.307,2025-10-17,1754-01-01 13:34:21.307,0,,STOCK,00000000-0000-0000-0000-000000000000,,0,,,GOODS12,1,,,0,0,,0,,,0,0.0,,1753-01-01,750.0,0.0,0.0,0,0,0.0,0.0,0.0,0.0,,0,0,1.0,BOX,BOX,,0,0,0,,,,0.0,0.0,,STOCKS,0,,,,LOTEXP,,,,,,,,1753-01-01,1,1753-01-01,1753-01-01,00000000-0000-0000-0000-000000000000,E230D469-806F-EB11-AA04-000D3AA30FE3,00000000-0000-0000-0000-000000000000,0,0,00000000-0000-0000-0000-000000000000,,,,750.0,0.0,0.0,0.0,0.0,0.0,0.0,0.0,0.0,0,0,,8A4FB240-F531-EF11-A4F3-5E2CC006407F,2024-06-24 06:44:50.397,8FDCE4A2-E551-4114-AA5B-A4A6BAB4255F,2026-01-12 03:02:44.937,0B709DB4-D647-42B9-9EEF-809FBE63D915
b'\x00\x00\x00\x00\x0c\x95\x93A',IP0000291,,ZEFUR IV 750MG POWDER FOR INJ. W/ SWI 1's,ZEFUR IV 750MG POWDER FOR INJ. W/ SWI 1'S,,BOX,0,0,STOCK,,,1,0,0,0.0,0,0.0,4,41.07,41.07,41.07143,0.0,1,1,,,,0.0,0.0,0.0,,0.0,0.0,,0.0,0.0,0.0,0.0,,,,0.0,,0.0,0.0,0.0,0,,2025-10-17 05:34:52.963,2025-10-17,1754-01-01 13:34:52.963,0,,STOCK,00000000-0000-0000-0000-000000000000,,0,,,GOODS12,1,,,0,0,,0,,,0,0.0,,1753-01-01,41.07,0.0,0.0,0,0,0.0,0.0,0.0,0.0,,0,0,1.0,BOX,BOX,,0,0,0,,,,0.0,0.0,,STOCKS,0,,,,LOTEXP,,,,,,,,1753-01-01,1,1753-01-01,1753-01-01,00000000-0000-0000-0000-000000000000,E230D469-806F-EB11-AA04-000D3AA30FE3,00000000-0000-0000-0000-000000000000,0,0,00000000-0000-0000-0000-000000000000,,,,41.07,0.0,0.0,0.0,0.0,0.0,0.0,0.0,0.0,0,0,,2F52BE58-5D81-EF11-A4F6-5E2CC006407F,2024-10-03 07:59:00.260,4A96EAA9-3DB9-423D-8512-43281713C4ED,2026-01-05 02:33:06.500,0B709DB4-D647-42B9-9EEF-809FBE63D915
b'\x00\x00\x00\x00\x0c\x8f\x8a\xb5',IP0000292,,CLAVOXEL 1G FILM COATED TABLET x 10's,CLAVOXEL 1G FILM COATED TABLET X 10'S,,BOX,0,0,STOCK,,,1,0,0,0.0,0,0.0,4,130.0,130.0,117.03324,0.0,1,1,,,,0.0,0.0,0.0,,0.0,0.0,,0.0,0.0,0.0,0.0,,,,0.0,,0.0,0.0,0.0,0,,2025-03-03 08:13:02.840,2025-03-03,1754-01-01 16:13:02.840,0,,STOCK,00000000-0000-0000-0000-000000000000,,0,,,GOODS12,1,,,0,0,,0,,,0,0.0,,1753-01-01,130.0,0.0,0.0,0,0,0.0,0.0,0.0,0.0,,0,0,1.0,BOX,BOX,,0,0,0,,,,0.0,0.0,,STOCKS,0,,,,LOTEXP,,,,,,,,1753-01-01,1,1753-01-01,1753-01-01,00000000-0000-0000-0000-000000000000,E230D469-806F-EB11-AA04-000D3AA30FE3,00000000-0000-0000-0000-000000000000,0,0,00000000-0000-0000-0000-000000000000,,,,130.0,0.0,0.0,0.0,0.0,0.0,0.0,0.0,0.0,0,0,,7CB97458-80C9-EF11-A4F7-5E2CC006407F,2025-01-03 03:10:55.897,8FDCE4A2-E551-4114-AA5B-A4A6BAB4255F,2025-12-15 01:06:47.773,0B709DB4-D647-42B9-9EEF-809FBE63D915
b'\x00\x00\x00\x00\r\x06\x8c(',IP0000293,,VENOX 900MG/100MG TABLET x 30's,VENOX 900MG/100MG TABLET X 30'S,,BOX,0,0,STOCK,,,1,0,0,0.0,0,0.0,4,348.21,348.21,348.21444,0.0,1,1,,,,0.0,0.0,0.0,,0.0,0.0,,0.0,0.0,0.0,0.0,,,,0.0,,0.0,0.0,0.0,0,,2025-01-23 03:30:11.553,2025-01-23,1754-01-01 11:30:11.553,0,,STOCK,00000000-0000-0000-0000-000000000000,,0,,,GOODS12,1,,,0,0,,0,,,0,0.0,,1753-01-01,348.21,0.0,0.0,0,0,0.0,0.0,0.0,0.0,,0,0,1.0,BOX,BOX,,0,0,0,,,,0.0,0.0,,STOCKS,0,,,,LOTEXP,,,,,,,,1753-01-01,1,1753-01-01,1753-01-01,00000000-0000-0000-0000-000000000000,E230D469-806F-EB11-AA04-000D3AA30FE3,00000000-0000-0000-0000-000000000000,0,0,00000000-0000-0000-0000-000000000000,,,,348.21,0.0,0.0,0.0,0.0,0.0,0.0,0.0,0.0,0,0,,327C6A4D-2CD9-EF11-A4F7-5E2CC006407F,2025-01-23 01:49:38.240,8FDCE4A2-E551-4114-AA5B-A4A6BAB4255F,2026-01-12 05:31:18.830,0B709DB4-D647-42B9-9EEF-809FBE63D915
b'\x00\x00\x00\x00\r\x05\xf4r',IP0000294,,NUROCER IV 200mg/mL SOL. FOR INJ. 10's,NUROCER IV 200MG/ML SOL. FOR INJ. 10'S,,BOX,0,0,STOCK,,,1,0,0,0.0,0,0.0,4,260.0,260.0,260.0,0.0,1,1,,,,0.0,0.0,0.0,,0.0,0.0,,0.0,0.0,0.0,0.0,,,,0.0,,0.0,0.0,0.0,0,,2025-10-17 01:18:30.980,2025-10-17,1754-01-01 09:18:30.980,0,,STOCK,00000000-0000-0000-0000-000000000000,,0,,,EXEMPT,1,,,0,0,,0,,,0,0.0,,1753-01-01,260.0,0.0,0.0,0,0,0.0,0.0,0.0,0.0,,0,0,1.0,BOX,BOX,,0,0,0,,,,0.0,0.0,,STOCKS,0,,,,LOTEXP,,,,,,,,1753-01-01,1,1753-01-01,1753-01-01,00000000-0000-0000-0000-000000000000,E230D469-806F-EB11-AA04-000D3AA30FE3,00000000-0000-0000-0000-000000000000,0,0,00000000-0000-0000-0000-000000000000,,,,260.0,0.0,0.0,0.0,0.0,0.0,0.0,0.0,0.0,0,0,,1B0AB835-2AFE-EF11-A4F8-5E2CC006407F,2025-03-11 03:38:00.807,8FDCE4A2-E551-4114-AA5B-A4A6BAB4255F,2026-01-10 05:49:39.463,0B709DB4-D647-42B9-9EEF-809FBE63D915
b'\x00\x00\x00\x00\x0cra\xf9',IP0000295,,LEVIT IV 100MG/ML SOL. FOR INJ x10's,LEVIT IV 100MG/ML SOL. FOR INJ X10'S,,BOX,0,0,STOCK,,,1,0,0,0.0,0,0.0,4,2050.0,2050.0,0.0,0.0,1,1,,,,0.0,0.0,0.0,,0.0,0.0,,0.0,0.0,0.0,0.0,,,,0.0,,0.0,0.0,0.0,0,,2025-10-17 05:36:01.323,2025-10-17,1754-01-01 13:36:01.323,0,,STOCK,00000000-0000-0000-0000-000000000000,,0,,,GOODS12,1,,,0,0,,0,,,0,0.0,,1753-01-01,2050.0,0.0,0.0,0,0,0.0,0.0,0.0,0.0,,0,0,1.0,BOX,BOX,,0,0,0,,,,0.0,0.0,,STOCKS,0,,,,LOTEXP,,,,,,,,1753-01-01,1,1753-01-01,1753-01-01,00000000-0000-0000-0000-000000000000,E230D469-806F-EB11-AA04-000D3AA30FE3,00000000-0000-0000-0000-000000000000,0,0,00000000-0000-0000-0000-000000000000,,,,2050.0,0.0,0.0,0.0,0.0,0.0,0.0,0.0,0.0,0,0,,938B2983-1B5E-F011-A4FB-5E2CC006407F,2025-07-11 05:54:31.630,8FDCE4A2-E551-4114-AA5B-A4A6BAB4255F,2025-10-17 05:36:01.327,8FDCE4A2-E551-4114-AA5B-A4A6BAB4255F
b'\x00\x00\x00\x00\x0cg\\\xb3',IP0000296,,NEBY 5MG TABLET x 30's,NEBY 5MG TABLET,,BOX,0,0,STOCK,,,1,0,0,0.0,0,0.0,4,90.0,90.0,0.0,0.0,1,1,,,,0.0,0.0,0.0,,0.0,0.0,,0.0,0.0,0.0,0.0,,,,0.0,,0.0,0.0,0.0,0,,2025-09-29 07:25:06.170,2025-09-29,1754-01-01 15:25:06.170,0,,STOCK,00000000-0000-0000-0000-000000000000,,0,,,EXEMPT,1,,,0,0,,0,,,0,0.0,,1753-01-01,90.0,0.0,0.0,0,0,0.0,0.0,0.0,0.0,,0,0,1.0,BOX,BOX,,0,0,0,,,,0.0,0.0,,STOCKS,0,,,,LOTEXP,,,,,,,,1753-01-01,1,1753-01-01,1753-01-01,00000000-0000-0000-0000-000000000000,E230D469-806F-EB11-AA04-000D3AA30FE3,00000000-0000-0000-0000-000000000000,0,0,00000000-0000-0000-0000-000000000000,,,,90.0,0.0,0.0,0.0,0.0,0.0,0.0,0.0,0.0,0,0,,9C519F6A-7094-F011-A4FD-5E2CC006407F,2025-09-18 09:18:20.457,8FDCE4A2-E551-4114-AA5B-A4A6BAB4255F,2025-09-29 07:25:06.170,7A0704FC-344D-4B93-BC24-11D151C70FD0
b'\x00\x00\x00\x00\x0cg\\\xae',IP0000297,,NEBY 2.5MG TABLET x 30's,NEBY 2.5MG TABLET X 30'S,,BOX,0,0,STOCK,,,1,0,0,0.0,0,0.0,4,67.5,67.5,0.0,0.0,1,1,,,,0.0,0.0,0.0,,0.0,0.0,,0.0,0.0,0.0,0.0,,,,0.0,,0.0,0.0,0.0,0,,2025-09-29 07:24:52.443,2025-09-29,1754-01-01 15:24:52.443,0,,STOCK,00000000-0000-0000-0000-000000000000,,0,,,EXEMPT,1,,,0,0,,0,,,0,0.0,,1753-01-01,67.5,0.0,0.0,0,0,0.0,0.0,0.0,0.0,,0,0,1.0,BOX,BOX,,0,0,0,,,,0.0,0.0,,STOCKS,0,,,,LOTEXP,,,,,,,,1753-01-01,1,1753-01-01,1753-01-01,00000000-0000-0000-0000-000000000000,E230D469-806F-EB11-AA04-000D3AA30FE3,00000000-0000-0000-0000-000000000000,0,0,00000000-0000-0000-0000-000000000000,,,,67.5,0.0,0.0,0.0,0.0,0.0,0.0,0.0,0.0,0,0,,1824DBCC-7294-F011-A4FD-5E2CC006407F,2025-09-18 09:35:24.260,8FDCE4A2-E551-4114-AA5B-A4A6BAB4255F,2025-09-29 07:24:52.443,7A0704FC-344D-4B93-BC24-11D151C70FD0
b'\x00\x00\x00\x00\x0c\x8f\xfb]',IP0000298,,RUSTOR 5MG FCTABLET x 30's,RUSTOR 5MG FCTABLET X 30'S,,BOX,0,0,STOCK,,,1,0,0,0.0,0,0.0,4,63.0,63.0,0.0,0.0,1,1,,,,0.0,0.0,0.0,,0.0,0.0,,0.0,0.0,0.0,0.0,,,,0.0,,0.0,0.0,0.0,0,,2025-12-15 07:19:35.047,2025-12-15,1754-01-01 15:19:35.047,0,,STOCK,00000000-0000-0000-0000-000000000000,,0,,,EXEMPT,1,,,0,0,,0,,,0,0.0,,1753-01-01,63.0,0.0,0.0,0,0,0.0,0.0,0.0,0.0,,0,0,1.0,BOX,BOX,,0,0,0,,,,0.0,0.0,,STOCKS,0,,,,LOTEXP,,,,,,,,1753-01-01,1,1753-01-01,1753-01-01,00000000-0000-0000-0000-000000000000,E230D469-806F-EB11-AA04-000D3AA30FE3,00000000-0000-0000-0000-000000000000,0,0,00000000-0000-0000-0000-000000000000,,,,63.0,0.0,0.0,0.0,0.0,0.0,0.0,0.0,0.0,0,0,,5E0F53A5-8DC6-F011-A4FE-5E2CC006407F,2025-11-21 03:53:32.487,8FDCE4A2-E551-4114-AA5B-A4A6BAB4255F,2025-12-15 07:19:35.047,7A0704FC-344D-4B93-BC24-11D151C70FD0
b'\x00\x00\x00\x00\x0c\x97\xec1',IP0000299,,RUSTOR 40MG FCTABLET x 30's,RUSTOR 40MG FCTABLET X 30'S,,BOX,0,0,STOCK,,,1,0,0,0.0,0,0.0,4,184.5,184.5,0.0,0.0,1,1,,,,0.0,0.0,0.0,,0.0,0.0,,0.0,0.0,0.0,0.0,,,,0.0,,0.0,0.0,0.0,0,,2026-01-07 05:39:03.167,2026-01-07,1754-01-01 13:39:03.167,0,,STOCK,00000000-0000-0000-0000-000000000000,,0,,,EXEMPT,1,,,0,0,,0,,,0,0.0,,1753-01-01,184.5,0.0,0.0,0,0,0.0,0.0,0.0,0.0,,0,0,1.0,BOX,BOX,,0,0,0,,,,0.0,0.0,,STOCKS,0,,,,LOTEXP,,,,,,,,1753-01-01,1,1753-01-01,1753-01-01,00000000-0000-0000-0000-000000000000,E230D469-806F-EB11-AA04-000D3AA30FE3,00000000-0000-0000-0000-000000000000,0,0,00000000-0000-0000-0000-000000000000,,,,184.5,0.0,0.0,0.0,0.0,0.0,0.0,0.0,0.0,0,0,,6FCDEFD4-8EC6-F011-A4FE-5E2CC006407F,2025-11-21 04:02:01.867,8FDCE4A2-E551-4114-AA5B-A4A6BAB4255F,2026-01-07 05:39:03.167,7A0704FC-344D-4B93-BC24-11D151C70FD0
b'\x00\x00\x00\x00\r\x06t\xff',IP0000300,,LIVIA 5MG FILM COATED TAB x 30's,LIVIA 5MG FILM COATED TAB X 30'S,,BOX,0,0,STOCK,,,1,0,0,0.0,0,0.0,4,225.0,225.0,0.0,0.0,1,1,,,,0.0,0.0,0.0,,0.0,0.0,,0.0,0.0,0.0,0.0,,,,0.0,,0.0,0.0,0.0,1,,2026-01-12 03:06:55.597,2026-01-12,1754-01-01 11:06:55.597,0,,STOCK,00000000-0000-0000-0000-000000000000,,0,,,EXEMPT,1,,,0,0,,0,,,0,0.0,,1753-01-01,225.0,0.0,0.0,0,0,0.0,0.0,0.0,0.0,,0,0,1.0,BOX,BOX,,0,0,0,,,,0.0,0.0,,STOCKS,0,,,,LOTEXP,,,,,,,,1753-01-01,1,1753-01-01,1753-01-01,00000000-0000-0000-0000-000000000000,E230D469-806F-EB11-AA04-000D3AA30FE3,00000000-0000-0000-0000-000000000000,0,0,00000000-0000-0000-0000-000000000000,,,,225.0,0.0,0.0,0.0,0.0,0.0,0.0,0.0,0.0,0,0,,6B19A465-DB20-F011-A4FA-5E2CC006407F,2025-04-24 07:11:53.380,4A96EAA9-3DB9-423D-8512-43281713C4ED,2026-01-12 03:06:55.597,7A0704FC-344D-4B93-BC24-11D151C70FD0
b'\x00\x00\x00\x00\x0cSr\x81',LUP,,,,,,0,0,,,,1,0,0,0.0,0,0.0,3,0.0,0.0,0.0,0.0,1,1,,,,0.0,0.0,0.0,,0.0,0.0,,0.0,0.0,0.0,0.0,,,,0.0,,0.0,0.0,0.0,1,,2025-08-15 05:59:59.263,2025-08-15,1754-01-01 13:59:59.263,0,,,00000000-0000-0000-0000-000000000000,,0,,,,1,,,0,0,,0,,,0,0.0,,1753-01-01,0.0,0.0,0.0,0,0,0.0,0.0,0.0,0.0,,0,0,1.0,,,,0,0,0,,,,0.0,0.0,,,0,,,,,,,,,,,,1753-01-01,1,1753-01-01,1753-01-01,00000000-0000-0000-0000-000000000000,00000000-0000-0000-0000-000000000000,00000000-0000-0000-0000-000000000000,0,0,00000000-0000-0000-0000-000000000000,,,,0.0,0.0,0.0,0.0,0.0,0.0,0.0,0.0,0.0,0,0,,E1E92329-CD0A-F011-A4F8-5E2CC006407F,2025-03-27 05:34:33.330,4A96EAA9-3DB9-423D-8512-43281713C4ED,2025-08-15 05:59:59.263,8FDCE4A2-E551-4114-AA5B-A4A6BAB4255F
b'\x00\x00\x00\x00\nh!\xd4',PKF0003,,NUROCER CATCH COVER,NUROCER CATCH COVER,,PC,0,0,PROMO,,,1,0,0,0.0,0,0.0,3,1.58495,0.0,1.585,0.0,1,1,,,,0.0,0.0,0.0,,0.0,0.0,,0.0,0.0,0.0,0.0,,,,0.0,,0.0,0.0,0.0,0,,2021-11-18 08:17:31.933,2021-11-18,1754-01-01 16:17:31.933,0,,PROMO,00000000-0000-0000-0000-000000000000,,0,,,GOODS12,1,,,0,0,,0,,,1,0.0,,1753-01-01,0.0,0.0,0.0,0,0,0.0,0.0,0.0,0.0,,0,0,1.0,PC,PC,,0,0,0,,,,0.0,0.0,,PROMATS,0,,,,,,,,,,,,1753-01-01,1,1753-01-01,1753-01-01,00000000-0000-0000-0000-000000000000,00000000-0000-0000-0000-000000000000,00000000-0000-0000-0000-000000000000,0,0,00000000-0000-0000-0000-000000000000,,,,0.0,0.0,0.0,0.0,0.0,0.0,0.0,0.0,0.0,0,0,,01B11CA2-2178-EB11-AA10-000D3AA30FE3,2021-02-26 10:59:04.320,7E45060B-A2A4-4F72-B553-3234C753B380,2024-07-04 08:17:56.707,34C3286C-E7F6-4F45-8F69-19CD015F1C1B
b'\x00\x00\x00\x00\x04\xcf\x8e@',PKF0084,,RENOCELL CATCH COVER,RENOCELL CATCH COVER,Mycophenolate Mofetil,PC,0,0,PROMO,,,1,0,0,0.0,0,0.0,3,0.0,0.0,0.0,0.0,1,1,,,,0.0,0.0,0.0,,0.0,0.0,,0.0,0.0,0.0,0.0,,,,0.0,,0.0,0.0,0.0,0,,2021-11-18 08:17:41.807,2021-11-18,1754-01-01 16:17:41.807,0,,PROMO,00000000-0000-0000-0000-000000000000,,0,,,GOODS12,1,,,0,0,,0,,,0,0.0,,1753-01-01,0.0,0.0,0.0,0,0,0.0,0.0,0.0,0.0,,0,0,1.0,PC,PC,,0,0,0,,,,0.0,0.0,,PROMATS,0,,,,,,,,,,,,1753-01-01,1,1753-01-01,1753-01-01,00000000-0000-0000-0000-000000000000,00000000-0000-0000-0000-000000000000,00000000-0000-0000-0000-000000000000,0,0,00000000-0000-0000-0000-000000000000,,,,0.0,0.0,0.0,0.0,0.0,0.0,0.0,0.0,0.0,0,0,,02B11CA2-2178-EB11-AA10-000D3AA30FE3,2021-02-26 10:59:04.337,7E45060B-A2A4-4F72-B553-3234C753B380,2021-11-18 08:17:41.807,9653C221-7FA2-4E0F-9014-262920F59D6E
b'\x00\x00\x00\x00\x0chn\xc9',PKF0096,,AMLODINE 5MG&10MG CATCH COVER,AMLODINE 5MG&10MG CATCH COVER,FLAPS (Amlodipine Besylate),PC,0,0,PROMO,,,1,0,0,0.0,0,0.0,3,1.78999,0.0,1.79,0.0,1,1,,,,0.0,0.0,0.0,,0.0,0.0,,0.0,0.0,0.0,0.0,,,,0.0,,0.0,0.0,0.0,0,,2022-12-19 05:54:20.073,2022-12-19,1754-01-01 13:54:20.073,0,,PROMO,00000000-0000-0000-0000-000000000000,,0,,,GOODS12,1,,,0,0,,0,,,1,0.0,,1753-01-01,0.0,0.0,0.0,0,0,0.0,0.0,0.0,0.0,,0,0,1.0,PC,PC,,0,0,0,,,,0.0,0.0,,PROMATS,0,,,,,,,,,,,,1753-01-01,1,1753-01-01,1753-01-01,00000000-0000-0000-0000-000000000000,00000000-0000-0000-0000-000000000000,00000000-0000-0000-0000-000000000000,0,0,00000000-0000-0000-0000-000000000000,,,,0.0,0.0,0.0,0.0,0.0,0.0,0.0,0.0,0.0,0,0,,03B11CA2-2178-EB11-AA10-000D3AA30FE3,2021-02-26 10:59:04.337,7E45060B-A2A4-4F72-B553-3234C753B380,2025-10-01 02:48:19.810,34C3286C-E7F6-4F45-8F69-19CD015F1C1B
b'\x00\x00\x00\x00\r\x05\xb0\xcf',PKF0104,,RAMIPRO CATCH COVER,RAMIPRO CATCH COVER,Cardio Drugs,PC,0,0,PROMO,,,1,0,0,0.0,0,0.0,3,1.16071,0.0,1.16072,0.0,1,1,,,,0.0,0.0,0.0,,0.0,0.0,,0.0,0.0,0.0,0.0,,,,0.0,,0.0,0.0,0.0,0,,2021-11-18 08:17:58.977,2021-11-18,1754-01-01 16:17:58.977,0,,PROMO,00000000-0000-0000-0000-000000000000,,0,,,GOODS12,1,,,0,0,,0,,,1,0.0,,1753-01-01,0.0,0.0,0.0,0,0,0.0,0.0,0.0,0.0,,0,0,1.0,PC,PC,,0,0,0,,,,0.0,0.0,,PROMATS,0,,,,,,,,,,,,1753-01-01,1,1753-01-01,1753-01-01,00000000-0000-0000-0000-000000000000,00000000-0000-0000-0000-000000000000,00000000-0000-0000-0000-000000000000,0,0,00000000-0000-0000-0000-000000000000,,,,0.0,0.0,0.0,0.0,0.0,0.0,0.0,0.0,0.0,0,0,,04B11CA2-2178-EB11-AA10-000D3AA30FE3,2021-02-26 10:59:04.350,7E45060B-A2A4-4F72-B553-3234C753B380,2026-01-10 02:21:36.333,5428A7C5-0CCA-4C68-BF2D-3ED6031F3D6F
b'\x00\x00\x00\x00\x04\xcf\x8eH',PKF0105,,RUSTOR 10MG & 20MG CATCH COVER,RUSTOR 10MG & 20MG CATCH COVER,Cardio Drugs,PC,0,0,PROMO,,,1,0,0,0.0,0,0.0,3,0.0,0.0,0.0,0.0,1,1,,,,0.0,0.0,0.0,,0.0,0.0,,0.0,0.0,0.0,0.0,,,,0.0,,0.0,0.0,0.0,0,,2021-11-18 08:18:09.537,2021-11-18,1754-01-01 16:18:09.537,0,,PROMO,00000000-0000-0000-0000-000000000000,,0,,,GOODS12,1,,,0,0,,0,,,0,0.0,,1753-01-01,0.0,0.0,0.0,0,0,0.0,0.0,0.0,0.0,,0,0,1.0,PC,PC,,0,0,0,,,,0.0,0.0,,PROMATS,0,,,,,,,,,,,,1753-01-01,1,1753-01-01,1753-01-01,00000000-0000-0000-0000-000000000000,00000000-0000-0000-0000-000000000000,00000000-0000-0000-0000-000000000000,0,0,00000000-0000-0000-0000-000000000000,,,,0.0,0.0,0.0,0.0,0.0,0.0,0.0,0.0,0.0,0,0,,05B11CA2-2178-EB11-AA10-000D3AA30FE3,2021-02-26 10:59:04.350,7E45060B-A2A4-4F72-B553-3234C753B380,2021-11-18 08:18:09.550,9653C221-7FA2-4E0F-9014-262920F59D6E
b'\x00\x00\x00\x00\x08F\xee:',PKF0107,,AZI 500MG CATCH COVER,AZI 500MG CATCH COVER,,PC,0,0,PROMO,,,1,0,0,0.0,0,0.0,3,2.22956,0.0,2.22956,0.0,1,1,,,,0.0,0.0,0.0,,0.0,0.0,,0.0,0.0,0.0,0.0,,,,0.0,,0.0,0.0,0.0,0,,2021-11-18 08:18:21.960,2021-11-18,1754-01-01 16:18:21.960,0,,PROMO,00000000-0000-0000-0000-000000000000,,0,,,GOODS12,1,,,0,0,,0,,,1,0.0,,1753-01-01,0.0,0.0,0.0,0,0,0.0,0.0,0.0,0.0,,0,0,1.0,PC,PC,,0,0,0,,,,0.0,0.0,,PROMATS,0,,,,,,,,,,,,1753-01-01,1,1753-01-01,1753-01-01,00000000-0000-0000-0000-000000000000,00000000-0000-0000-0000-000000000000,00000000-0000-0000-0000-000000000000,0,0,00000000-0000-0000-0000-000000000000,,,,0.0,0.0,0.0,0.0,0.0,0.0,0.0,0.0,0.0,0,0,,06B11CA2-2178-EB11-AA10-000D3AA30FE3,2021-02-26 10:59:04.367,7E45060B-A2A4-4F72-B553-3234C753B380,2023-12-12 03:53:11.477,83933D16-6033-4803-80F6-95D04AA4CABA
b'\x00\x00\x00\x00\x0c\x88-\xc1',PKF0114,,ATOR CATCH COVER,ATOR CATCH COVER,,PC,0,0,PROMO,,,1,0,0,0.0,0,0.0,3,1.32238,0.0,1.32232,0.0,1,1,,,,0.0,0.0,0.0,,0.0,0.0,,0.0,0.0,0.0,0.0,,,,0.0,,0.0,0.0,0.0,0,,2021-11-18 08:18:28.927,2021-11-18,1754-01-01 16:18:28.927,0,,PROMO,00000000-0000-0000-0000-000000000000,,0,,,GOODS12,1,,,0,0,,0,,,2,0.0,,1753-01-01,0.0,0.0,0.0,0,0,0.0,0.0,0.0,0.0,,0,0,1.0,PC,PC,,0,0,0,,,,0.0,0.0,,PROMATS,0,,,,,,,,,,,,1753-01-01,1,1753-01-01,1753-01-01,00000000-0000-0000-0000-000000000000,00000000-0000-0000-0000-000000000000,00000000-0000-0000-0000-000000000000,0,0,00000000-0000-0000-0000-000000000000,,,,0.0,0.0,0.0,0.0,0.0,0.0,0.0,0.0,0.0,0,0,,07B11CA2-2178-EB11-AA10-000D3AA30FE3,2021-02-26 10:59:04.367,7E45060B-A2A4-4F72-B553-3234C753B380,2025-11-28 06:56:38.760,34C3286C-E7F6-4F45-8F69-19CD015F1C1B
b'\x00\x00\x00\x00\x0chr\xfd',PKF0117,,CLOPIVAZ STARTER DOSE NEW,CLOPIVAZ STARTER DOSE NEW,,PC,0,0,PROMO,,,1,0,0,0.0,0,0.0,3,1.71267,0.0,1.71266,0.0,1,1,,,,0.0,0.0,0.0,,0.0,0.0,,0.0,0.0,0.0,0.0,,,,0.0,,0.0,0.0,0.0,0,,2021-11-18 08:18:36.737,2021-11-18,1754-01-01 16:18:36.737,0,,PROMO,00000000-0000-0000-0000-000000000000,,0,,,GOODS12,1,,,0,0,,0,,,1,0.0,,1753-01-01,0.0,0.0,0.0,0,0,0.0,0.0,0.0,0.0,,0,0,1.0,PC,PC,,0,0,0,,,,0.0,0.0,,PROMATS,0,,,,,,,,,,,,1753-01-01,1,1753-01-01,1753-01-01,00000000-0000-0000-0000-000000000000,00000000-0000-0000-0000-000000000000,00000000-0000-0000-0000-000000000000,0,0,00000000-0000-0000-0000-000000000000,,,,0.0,0.0,0.0,0.0,0.0,0.0,0.0,0.0,0.0,0,0,,08B11CA2-2178-EB11-AA10-000D3AA30FE3,2021-02-26 10:59:04.367,7E45060B-A2A4-4F72-B553-3234C753B380,2025-10-01 03:13:31.043,34C3286C-E7F6-4F45-8F69-19CD015F1C1B
b'\x00\x00\x00\x00\x0chnh',PKF0121,,LOSARGARD CATCH COVER,LOSARGARD CATCH COVER,,PC,0,0,PROMO,,,1,0,0,0.0,0,0.0,3,1.79005,0.0,1.79,0.0,1,1,,,,0.0,0.0,0.0,,0.0,0.0,,0.0,0.0,0.0,0.0,,,,0.0,,0.0,0.0,0.0,0,,2021-11-18 08:18:44.423,2021-11-18,1754-01-01 16:18:44.423,0,,PROMO,00000000-0000-0000-0000-000000000000,,0,,,GOODS12,1,,,0,0,,0,,,1,0.0,,1753-01-01,0.0,0.0,0.0,0,0,0.0,0.0,0.0,0.0,,0,0,1.0,PC,PC,,0,0,0,,,,0.0,0.0,,PROMATS,0,,,,,,,,,,,,1753-01-01,1,1753-01-01,1753-01-01,00000000-0000-0000-0000-000000000000,00000000-0000-0000-0000-000000000000,00000000-0000-0000-0000-000000000000,0,0,00000000-0000-0000-0000-000000000000,,,,0.0,0.0,0.0,0.0,0.0,0.0,0.0,0.0,0.0,0,0,,09B11CA2-2178-EB11-AA10-000D3AA30FE3,2021-02-26 10:59:04.380,7E45060B-A2A4-4F72-B553-3234C753B380,2025-10-01 02:48:13.510,34C3286C-E7F6-4F45-8F69-19CD015F1C1B
b'\x00\x00\x00\x00\r\x05\xb0\xd1',PKF0122,,CLOPIVAZ CATCH COVER,CLOPIVAZ CATCH COVER,,PC,0,0,PROMO,,,1,0,0,0.0,0,0.0,3,0.9375,0.0,0.94084,0.0,1,1,,,,0.0,0.0,0.0,,0.0,0.0,,0.0,0.0,0.0,0.0,,,,0.0,,0.0,0.0,0.0,0,,2021-11-18 08:18:52.127,2021-11-18,1754-01-01 16:18:52.127,0,,PROMO,00000000-0000-0000-0000-000000000000,,0,,,GOODS12,1,,,0,0,,0,,,1,0.0,,1753-01-01,0.0,0.0,0.0,0,0,0.0,0.0,0.0,0.0,,0,0,1.0,PC,PC,,0,0,0,,,,0.0,0.0,,PROMATS,0,,,,,,,,,,,,1753-01-01,1,1753-01-01,1753-01-01,00000000-0000-0000-0000-000000000000,00000000-0000-0000-0000-000000000000,00000000-0000-0000-0000-000000000000,0,0,00000000-0000-0000-0000-000000000000,,,,0.0,0.0,0.0,0.0,0.0,0.0,0.0,0.0,0.0,0,0,,0AB11CA2-2178-EB11-AA10-000D3AA30FE3,2021-02-26 10:59:04.397,7E45060B-A2A4-4F72-B553-3234C753B380,2026-01-10 02:21:36.353,5428A7C5-0CCA-4C68-BF2D-3ED6031F3D6F
b'\x00\x00\x00\x00\x0c<\xf9\\',PKF0123,,GABATIN CATCH COVER,GABATIN CATCH COVER,,PC,0,0,PROMO,,,1,0,0,0.0,0,0.0,3,2.682,0.0,2.68167,0.0,1,1,,,,0.0,0.0,0.0,,0.0,0.0,,0.0,0.0,0.0,0.0,,,,0.0,,0.0,0.0,0.0,0,,2021-08-24 00:00:22.987,2021-08-24,1754-01-01 08:00:22.987,0,,PROMO,00000000-0000-0000-0000-000000000000,,0,,,GOODS12,1,,,0,0,,0,,,1,0.0,,1753-01-01,0.0,0.0,0.0,0,0,0.0,0.0,0.0,0.0,,0,0,1.0,PC,PC,,0,0,0,,,,0.0,0.0,,PROMATS,0,,,,,,,,,,,,1753-01-01,1,1753-01-01,1753-01-01,00000000-0000-0000-0000-000000000000,EC30D469-806F-EB11-AA04-000D3AA30FE3,00000000-0000-0000-0000-000000000000,0,0,00000000-0000-0000-0000-000000000000,,,,0.0,0.0,0.0,0.0,0.0,0.0,0.0,0.0,0.0,0,0,,060C69A9-6D04-EC11-A4C7-5E2CC006407F,2021-08-23 23:55:59.183,8FDCE4A2-E551-4114-AA5B-A4A6BAB4255F,2025-07-03 07:42:23.410,34C3286C-E7F6-4F45-8F69-19CD015F1C1B
b'\x00\x00\x00\x00\x04\xcf\x8eY',PKF0140,,SEALING TAPE WITH INNOGEN LOGO,SEALING TAPE WITH INNOGEN LOGO,,ROLL,0,0,PACKAGING,,,1,0,0,0.0,0,0.0,3,0.0,0.0,0.0,0.0,1,1,,,,0.0,0.0,0.0,,0.0,0.0,,0.0,0.0,0.0,0.0,,,,0.0,,0.0,0.0,0.0,0,,2021-11-18 08:19:05.903,2021-11-18,1754-01-01 16:19:05.903,0,,PACKAGING,00000000-0000-0000-0000-000000000000,,0,,,GOODS12,1,,,0,0,,0,,,0,0.0,,1753-01-01,0.0,0.0,0.0,0,0,0.0,0.0,0.0,0.0,,0,0,1.0,ROLL,ROLL,,0,0,0,,,,0.0,0.0,,PACKAGING,0,,,,,,,,,,,,1753-01-01,1,1753-01-01,1753-01-01,00000000-0000-0000-0000-000000000000,00000000-0000-0000-0000-000000000000,00000000-0000-0000-0000-000000000000,0,0,00000000-0000-0000-0000-000000000000,,,,0.0,0.0,0.0,0.0,0.0,0.0,0.0,0.0,0.0,0,0,,0BB11CA2-2178-EB11-AA10-000D3AA30FE3,2021-02-26 10:59:04.397,7E45060B-A2A4-4F72-B553-3234C753B380,2021-11-18 08:19:05.903,9653C221-7FA2-4E0F-9014-262920F59D6E
b'\x00\x00\x00\x00\x07\x9c.4',PKF0141,,ZEFUR CATCH COVER (NEW),ZEFUR CATCH COVER (NEW),,PC,0,0,PROMO,,,1,0,0,0.0,0,0.0,3,2.67857,0.0,2.67857,0.0,1,1,,,,0.0,0.0,0.0,,0.0,0.0,,0.0,0.0,0.0,0.0,,,,0.0,,0.0,0.0,0.0,0,,2021-11-18 08:19:22.440,2021-11-18,1754-01-01 16:19:22.440,0,,PROMO,00000000-0000-0000-0000-000000000000,,0,,,GOODS12,1,,,0,0,,0,,,0,0.0,,1753-01-01,0.0,0.0,0.0,0,0,0.0,0.0,0.0,0.0,,0,0,1.0,PC,PC,,0,0,0,,,,0.0,0.0,,PROMATS,0,,,,,,,,,,,,1753-01-01,1,1753-01-01,1753-01-01,00000000-0000-0000-0000-000000000000,00000000-0000-0000-0000-000000000000,00000000-0000-0000-0000-000000000000,0,0,00000000-0000-0000-0000-000000000000,,,,0.0,0.0,0.0,0.0,0.0,0.0,0.0,0.0,0.0,0,0,,0CB11CA2-2178-EB11-AA10-000D3AA30FE3,2021-02-26 10:59:04.413,7E45060B-A2A4-4F72-B553-3234C753B380,2023-07-14 05:35:37.950,4A96EAA9-3DB9-423D-8512-43281713C4ED
b'\x00\x00\x00\x00\x0cK\xc2\xb9',PKF0143,,OLANZAPRO CATCH COVER,OLANZAPRO CATCH COVER,,PC,0,0,PROMO,,,1,0,0,0.0,0,0.0,3,1.94968,0.0,1.96429,0.0,1,1,,,,0.0,0.0,0.0,,0.0,0.0,,0.0,0.0,0.0,0.0,,,,0.0,,0.0,0.0,0.0,0,,2021-11-18 08:41:28.647,2021-11-18,1754-01-01 16:41:28.647,0,,PROMO,00000000-0000-0000-0000-000000000000,,0,,,GOODS12,1,,,0,0,,0,,,1,0.0,,1753-01-01,0.0,0.0,0.0,0,0,0.0,0.0,0.0,0.0,,0,0,1.0,PC,PC,,0,0,0,,,,0.0,0.0,,FLAPS,0,,,,,,,,,,,,1753-01-01,1,1753-01-01,1753-01-01,00000000-0000-0000-0000-000000000000,00000000-0000-0000-0000-000000000000,00000000-0000-0000-0000-000000000000,0,0,00000000-0000-0000-0000-000000000000,,,,0.0,0.0,0.0,0.0,0.0,0.0,0.0,0.0,0.0,0,0,,0DB11CA2-2178-EB11-AA10-000D3AA30FE3,2021-02-26 10:59:04.413,7E45060B-A2A4-4F72-B553-3234C753B380,2025-07-31 05:10:29.737,34C3286C-E7F6-4F45-8F69-19CD015F1C1B
b'\x00\x00\x00\x00\x0c\nS\x16',PKF0145,,QUETIAPRO CATCH COVER,QUETIAPRO CATCH COVER,,PC,0,0,PROMO,,,1,0,0,0.0,0,0.0,3,2.14285,0.0,2.14286,0.0,1,1,,,,0.0,0.0,0.0,,0.0,0.0,,0.0,0.0,0.0,0.0,,,,0.0,,0.0,0.0,0.0,0,,2021-11-18 08:19:33.270,2021-11-18,1754-01-01 16:19:33.270,0,,PROMO,00000000-0000-0000-0000-000000000000,,0,,,GOODS12,1,,,0,0,,0,,,1,0.0,,1753-01-01,0.0,0.0,0.0,0,0,0.0,0.0,0.0,0.0,,0,0,1.0,PC,PC,,0,0,0,,,,0.0,0.0,,PROMATS,0,,,,,,,,,,,,1753-01-01,1,1753-01-01,1753-01-01,00000000-0000-0000-0000-000000000000,00000000-0000-0000-0000-000000000000,00000000-0000-0000-0000-000000000000,0,0,00000000-0000-0000-0000-000000000000,,,,0.0,0.0,0.0,0.0,0.0,0.0,0.0,0.0,0.0,0,0,,0EB11CA2-2178-EB11-AA10-000D3AA30FE3,2021-02-26 10:59:04.413,7E45060B-A2A4-4F72-B553-3234C753B380,2025-03-20 06:52:38.760,34C3286C-E7F6-4F45-8F69-19CD015F1C1B
b'\x00\x00\x00\x00\r\x05\xb0\xd3',PKF0148,,DESLOGEN CATCHCOVER,DESLOGEN CATCHCOVER,,PC,0,0,PROMO,,,1,0,0,0.0,0,0.0,3,1.875,0.0,1.875,0.0,1,1,,,,0.0,0.0,0.0,,0.0,0.0,,0.0,0.0,0.0,0.0,,,,0.0,,0.0,0.0,0.0,0,,2025-05-08 07:41:28.493,2025-05-08,1754-01-01 15:41:28.493,0,,PROMO,00000000-0000-0000-0000-000000000000,,0,,,GOODS12,1,,,0,0,,0,,,1,0.0,,1753-01-01,0.0,0.0,0.0,0,0,0.0,0.0,0.0,0.0,,0,0,1.0,PC,PC,,0,0,0,,,,0.0,0.0,,PROMATS,0,,,,,,,,,,,,1753-01-01,1,1753-01-01,1753-01-01,00000000-0000-0000-0000-000000000000,EC30D469-806F-EB11-AA04-000D3AA30FE3,00000000-0000-0000-0000-000000000000,0,0,00000000-0000-0000-0000-000000000000,,,,0.0,0.0,0.0,0.0,0.0,0.0,0.0,0.0,0.0,0,0,,0D39F418-DF2B-F011-A4FA-5E2CC006407F,2025-05-08 07:36:10.347,8FDCE4A2-E551-4114-AA5B-A4A6BAB4255F,2026-01-10 02:21:36.367,5428A7C5-0CCA-4C68-BF2D-3ED6031F3D6F
b'\x00\x00\x00\x00\n}\x15\xec',PKF0157,,DESLOGEN 5mg -SAMPLE BOX,DESLOGEN 5MG -SAMPLE BOX,,PC,0,0,PROMO,,,1,0,0,0.0,0,0.0,3,2.2679,0.0,2.26786,0.0,1,1,,,,0.0,0.0,0.0,,0.0,0.0,,0.0,0.0,0.0,0.0,,,,0.0,,0.0,0.0,0.0,0,,2021-11-18 08:19:42.003,2021-11-18,1754-01-01 16:19:42.003,0,,PROMO,00000000-0000-0000-0000-000000000000,,0,,,GOODS12,1,,,0,0,,0,,,1,0.0,,1753-01-01,0.0,0.0,0.0,0,0,0.0,0.0,0.0,0.0,,0,0,1.0,PC,PC,,0,0,0,,,,0.0,0.0,,PROMATS,0,,,,,,,,,,,,1753-01-01,1,1753-01-01,1753-01-01,00000000-0000-0000-0000-000000000000,00000000-0000-0000-0000-000000000000,00000000-0000-0000-0000-000000000000,0,0,00000000-0000-0000-0000-000000000000,,,,0.0,0.0,0.0,0.0,0.0,0.0,0.0,0.0,0.0,0,0,,0FB11CA2-2178-EB11-AA10-000D3AA30FE3,2021-02-26 10:59:04.427,7E45060B-A2A4-4F72-B553-3234C753B380,2024-08-22 01:57:34.493,34C3286C-E7F6-4F45-8F69-19CD015F1C1B
b'\x00\x00\x00\x00\x05rSO',PKF0168,,RAMIPRO 2.5mg -SAMPLE BOX,RAMIPRO 2.5MG -SAMPLE BOX,,PC,0,0,PROMO,,,1,0,0,0.0,0,0.0,3,1.04284,0.0,1.04284,0.0,1,1,,,,0.0,0.0,0.0,,0.0,0.0,,0.0,0.0,0.0,0.0,,,,0.0,,0.0,0.0,0.0,0,,2021-11-18 08:19:50.780,2021-11-18,1754-01-01 16:19:50.780,0,,PROMO,00000000-0000-0000-0000-000000000000,,0,,,GOODS12,1,,,0,0,,0,,,1,0.0,,1753-01-01,0.0,0.0,0.0,0,0,0.0,0.0,0.0,0.0,,0,0,1.0,PC,PC,,0,0,0,,,,0.0,0.0,,PROMATS,0,,,,,,,,,,,,1753-01-01,1,1753-01-01,1753-01-01,00000000-0000-0000-0000-000000000000,00000000-0000-0000-0000-000000000000,00000000-0000-0000-0000-000000000000,0,0,00000000-0000-0000-0000-000000000000,,,,0.0,0.0,0.0,0.0,0.0,0.0,0.0,0.0,0.0,0,0,,10B11CA2-2178-EB11-AA10-000D3AA30FE3,2021-02-26 10:59:04.427,7E45060B-A2A4-4F72-B553-3234C753B380,2022-02-05 01:03:53.440,9653C221-7FA2-4E0F-9014-262920F59D6E
b'\x00\x00\x00\x00\ne\xc6P',PKF0184,,ENTEGARD CATCH COVER,ENTEGARD CATCH COVER,,PC,0,0,PROMO,,,1,0,0,0.0,0,0.0,3,1.56232,0.0,1.5625,0.0,1,1,,,,0.0,0.0,0.0,,0.0,0.0,,0.0,0.0,0.0,0.0,,,,0.0,,0.0,0.0,0.0,0,,2021-11-18 08:20:00.310,2021-11-18,1754-01-01 16:20:00.310,0,,PROMO,00000000-0000-0000-0000-000000000000,,0,,,GOODS12,1,,,0,0,,0,,,1,0.0,,1753-01-01,0.0,0.0,0.0,0,0,0.0,0.0,0.0,0.0,,0,0,1.0,PC,PC,,0,0,0,,,,0.0,0.0,,PROMATS,0,,,,,,,,,,,,1753-01-01,1,1753-01-01,1753-01-01,00000000-0000-0000-0000-000000000000,00000000-0000-0000-0000-000000000000,00000000-0000-0000-0000-000000000000,0,0,00000000-0000-0000-0000-000000000000,,,,0.0,0.0,0.0,0.0,0.0,0.0,0.0,0.0,0.0,0,0,,11B11CA2-2178-EB11-AA10-000D3AA30FE3,2021-02-26 10:59:04.443,7E45060B-A2A4-4F72-B553-3234C753B380,2024-07-02 02:07:23.987,34C3286C-E7F6-4F45-8F69-19CD015F1C1B
b'\x00\x00\x00\x00\r\x05\xb0\xd5',PKF0187,,CELEXIB 200mg/400mg CATCHCOVER,CELEXIB 200MG/400MG CATCHCOVER,,PC,0,0,PROMO,,,1,0,0,0.0,0,0.0,3,1.62611,0.0,1.60714,0.0,1,1,,,,0.0,0.0,0.0,,0.0,0.0,,0.0,0.0,0.0,0.0,,,,0.0,,0.0,0.0,0.0,0,,2021-11-18 08:41:59.573,2021-11-18,1754-01-01 16:41:59.573,0,,PROMO,00000000-0000-0000-0000-000000000000,,0,,,GOODS12,1,,,0,0,,0,,,1,0.0,,1753-01-01,0.0,0.0,0.0,0,0,0.0,0.0,0.0,0.0,,0,0,1.0,PC,PC,,0,0,0,,,,0.0,0.0,,PROMATS,0,,,,,,,,,,,,1753-01-01,1,1753-01-01,1753-01-01,00000000-0000-0000-0000-000000000000,00000000-0000-0000-0000-000000000000,00000000-0000-0000-0000-000000000000,0,0,00000000-0000-0000-0000-000000000000,,,,0.0,0.0,0.0,0.0,0.0,0.0,0.0,0.0,0.0,0,0,,12B11CA2-2178-EB11-AA10-000D3AA30FE3,2021-02-26 10:59:04.443,7E45060B-A2A4-4F72-B553-3234C753B380,2026-01-10 02:21:36.383,5428A7C5-0CCA-4C68-BF2D-3ED6031F3D6F
b'\x00\x00\x00\x00\r\x05\xb0\xd7',PKF0188,,CLONIGEN CATCH COVER,CLONIGEN CATCH COVER,,PC,0,0,PROMO,,,1,0,0,0.0,0,0.0,3,1.09821,0.0,1.09821,0.0,1,1,,,,0.0,0.0,0.0,,0.0,0.0,,0.0,0.0,0.0,0.0,,,,0.0,,0.0,0.0,0.0,0,,2021-11-18 08:20:10.120,2021-11-18,1754-01-01 16:20:10.120,0,,PROMO,00000000-0000-0000-0000-000000000000,,0,,,GOODS12,1,,,0,0,,0,,,1,0.0,,1753-01-01,0.0,0.0,0.0,0,0,0.0,0.0,0.0,0.0,,0,0,1.0,PC,PC,,0,0,0,,,,0.0,0.0,,PROMATS,0,,,,,,,,,,,,1753-01-01,1,1753-01-01,1753-01-01,00000000-0000-0000-0000-000000000000,00000000-0000-0000-0000-000000000000,00000000-0000-0000-0000-000000000000,0,0,00000000-0000-0000-0000-000000000000,,,,0.0,0.0,0.0,0.0,0.0,0.0,0.0,0.0,0.0,0,0,,13B11CA2-2178-EB11-AA10-000D3AA30FE3,2021-02-26 10:59:04.460,7E45060B-A2A4-4F72-B553-3234C753B380,2026-01-10 02:21:36.413,5428A7C5-0CCA-4C68-BF2D-3ED6031F3D6F
b'\x00\x00\x00\x00\r\x05\xb0\xd9',PKF0193,,VERT COMMON CATCH COVER-NEW,VERT COMMON CATCH COVER-NEW,,PC,0,0,PROMO,,,1,0,0,0.0,0,0.0,3,1.78572,0.0,1.78571,0.0,1,1,,,,0.0,0.0,0.0,,0.0,0.0,,0.0,0.0,0.0,0.0,,,,0.0,,0.0,0.0,0.0,0,,2021-11-18 08:20:29.637,2021-11-18,1754-01-01 16:20:29.637,0,,PROMO,00000000-0000-0000-0000-000000000000,,0,,,GOODS12,1,,,0,0,,0,,,1,0.0,,1753-01-01,0.0,0.0,0.0,0,0,0.0,0.0,0.0,0.0,,0,0,1.0,PC,PC,,0,0,0,,,,0.0,0.0,,PROMATS,0,,,,,,,,,,,,1753-01-01,1,1753-01-01,1753-01-01,00000000-0000-0000-0000-000000000000,00000000-0000-0000-0000-000000000000,00000000-0000-0000-0000-000000000000,0,0,00000000-0000-0000-0000-000000000000,,,,0.0,0.0,0.0,0.0,0.0,0.0,0.0,0.0,0.0,0,0,,14B11CA2-2178-EB11-AA10-000D3AA30FE3,2021-02-26 10:59:04.460,7E45060B-A2A4-4F72-B553-3234C753B380,2026-01-10 02:21:36.457,5428A7C5-0CCA-4C68-BF2D-3ED6031F3D6F
b'\x00\x00\x00\x00\x0ctl\xea',PKF0198,,CLONIGEN 75MG/150MCG S. DOSE x 3's common,CLONIGEN 75MG/150MCG S. DOSE X 3'S COMMON,common s. dose W/ 3 TABLETS flaps only,PC,0,0,PROMO,,,1,0,0,0.0,0,0.0,3,1.51786,0.0,1.51788,0.0,1,1,,,,0.0,0.0,0.0,,0.0,0.0,,0.0,0.0,0.0,0.0,,,,0.0,,0.0,0.0,0.0,0,,2024-03-20 05:31:12.320,2024-03-20,1754-01-01 13:31:12.320,0,,PROMO,00000000-0000-0000-0000-000000000000,,0,,,GOODS12,1,,,0,0,,0,,,1,0.0,,1753-01-01,0.0,0.0,0.0,0,0,0.0,0.0,0.0,0.0,,0,0,1.0,PC,PC,,0,0,0,,,,0.0,0.0,,PROMATS,0,,,,,,,,,,,,1753-01-01,1,1753-01-01,1753-01-01,00000000-0000-0000-0000-000000000000,00000000-0000-0000-0000-000000000000,00000000-0000-0000-0000-000000000000,0,0,00000000-0000-0000-0000-000000000000,,,,0.0,0.0,0.0,0.0,0.0,0.0,0.0,0.0,0.0,0,0,,15B11CA2-2178-EB11-AA10-000D3AA30FE3,2021-02-26 10:59:04.460,7E45060B-A2A4-4F72-B553-3234C753B380,2025-10-23 00:43:02.243,34C3286C-E7F6-4F45-8F69-19CD015F1C1B
b'\x00\x00\x00\x00\x06hG\x06',PKF0202,,TRIFIXIME CATCH COVER-NEW,TRIFIXIME CATCH COVER-NEW,,PC,0,0,PROMO,,,1,0,0,0.0,0,0.0,3,0.77649,0.0,0.77649,0.0,1,1,,,,0.0,0.0,0.0,,0.0,0.0,,0.0,0.0,0.0,0.0,,,,0.0,,0.0,0.0,0.0,0,,2021-11-18 08:22:19.057,2021-11-18,1754-01-01 16:22:19.057,0,,PROMO,00000000-0000-0000-0000-000000000000,,0,,,GOODS12,1,,,0,0,,0,,,0,0.0,,1753-01-01,0.0,0.0,0.0,0,0,0.0,0.0,0.0,0.0,,0,0,1.0,PC,PC,,0,0,0,,,,0.0,0.0,,PROMATS,0,,,,,,,,,,,,1753-01-01,1,1753-01-01,1753-01-01,00000000-0000-0000-0000-000000000000,00000000-0000-0000-0000-000000000000,00000000-0000-0000-0000-000000000000,0,0,00000000-0000-0000-0000-000000000000,,,,0.0,0.0,0.0,0.0,0.0,0.0,0.0,0.0,0.0,0,0,,16B11CA2-2178-EB11-AA10-000D3AA30FE3,2021-02-26 10:59:04.477,7E45060B-A2A4-4F72-B553-3234C753B380,2022-11-05 02:31:20.517,231778F0-FC62-474D-8BCC-F79E6C896C7A
b'\x00\x00\x00\x00\x06L\x96\xa3',PKF0205,,SALMEFLO CATCH COVER-NEW,SALMEFLO CATCH COVER-NEW,,PC,0,0,PROMO,,,1,0,0,0.0,0,0.0,3,2.5,0.0,2.5,0.0,1,1,,,,0.0,0.0,0.0,,0.0,0.0,,0.0,0.0,0.0,0.0,,,,0.0,,0.0,0.0,0.0,0,,2021-11-18 08:22:28.127,2021-11-18,1754-01-01 16:22:28.127,0,,PROMO,00000000-0000-0000-0000-000000000000,,0,,,GOODS12,1,,,0,0,,0,,,1,0.0,,1753-01-01,0.0,0.0,0.0,0,0,0.0,0.0,0.0,0.0,,0,0,1.0,PC,PC,,0,0,0,,,,0.0,0.0,,PROMATS,0,,,,,,,,,,,,1753-01-01,1,1753-01-01,1753-01-01,00000000-0000-0000-0000-000000000000,00000000-0000-0000-0000-000000000000,00000000-0000-0000-0000-000000000000,0,0,00000000-0000-0000-0000-000000000000,,,,0.0,0.0,0.0,0.0,0.0,0.0,0.0,0.0,0.0,0,0,,17B11CA2-2178-EB11-AA10-000D3AA30FE3,2021-02-26 10:59:04.477,7E45060B-A2A4-4F72-B553-3234C753B380,2022-09-07 00:22:39.110,231778F0-FC62-474D-8BCC-F79E6C896C7A
b'\x00\x00\x00\x00\r\x05\xb0\xdb',PKF0213,,RUSTOR CATCH COVER-NEW,RUSTOR CATCH COVER-NEW,,PC,0,0,PROMO,,,1,0,0,0.0,0,0.0,3,1.01786,0.0,1.05687,0.0,1,1,,,,0.0,0.0,0.0,,0.0,0.0,,0.0,0.0,0.0,0.0,,,,0.0,,0.0,0.0,0.0,0,,2021-11-18 08:22:35.733,2021-11-18,1754-01-01 16:22:35.733,0,,PROMO,00000000-0000-0000-0000-000000000000,,0,,,GOODS12,1,,,0,0,,0,,,1,0.0,,1753-01-01,0.0,0.0,0.0,0,0,0.0,0.0,0.0,0.0,,0,0,1.0,PC,PC,,0,0,0,,,,0.0,0.0,,PROMATS,0,,,,,,,,,,,,1753-01-01,1,1753-01-01,1753-01-01,00000000-0000-0000-0000-000000000000,00000000-0000-0000-0000-000000000000,00000000-0000-0000-0000-000000000000,0,0,00000000-0000-0000-0000-000000000000,,,,0.0,0.0,0.0,0.0,0.0,0.0,0.0,0.0,0.0,0,0,,18B11CA2-2178-EB11-AA10-000D3AA30FE3,2021-02-26 10:59:04.490,7E45060B-A2A4-4F72-B553-3234C753B380,2026-01-10 02:21:36.487,5428A7C5-0CCA-4C68-BF2D-3ED6031F3D6F
b'\x00\x00\x00\x00\x0c<\xfb)',PKF0215,,TRIPGEN CATCH COVER,TRIPGEN CATCH COVER,,PC,0,0,PROMO,,,1,0,0,0.0,0,0.0,3,1.66493,0.0,1.66493,0.0,1,1,,,,0.0,0.0,0.0,,0.0,0.0,,0.0,0.0,0.0,0.0,,,,0.0,,0.0,0.0,0.0,0,,2021-11-18 08:22:43.403,2021-11-18,1754-01-01 16:22:43.403,0,,PROMO,00000000-0000-0000-0000-000000000000,,0,,,GOODS12,1,,,0,0,,0,,,1,0.0,,1753-01-01,0.0,0.0,0.0,0,0,0.0,0.0,0.0,0.0,,0,0,1.0,PC,PC,,0,0,0,,,,0.0,0.0,,PROMATS,0,,,,,,,,,,,,1753-01-01,1,1753-01-01,1753-01-01,00000000-0000-0000-0000-000000000000,00000000-0000-0000-0000-000000000000,00000000-0000-0000-0000-000000000000,0,0,00000000-0000-0000-0000-000000000000,,,,0.0,0.0,0.0,0.0,0.0,0.0,0.0,0.0,0.0,0,0,,19B11CA2-2178-EB11-AA10-000D3AA30FE3,2021-02-26 10:59:04.507,7E45060B-A2A4-4F72-B553-3234C753B380,2025-07-03 07:42:53.270,34C3286C-E7F6-4F45-8F69-19CD015F1C1B
b'\x00\x00\x00\x00\x0cK\xc4\x0e',PKF0216,,ZYZYX CATCH COVER,ZYZYX CATCH COVER,,PC,0,0,PROMO,,,1,0,0,0.0,0,0.0,3,1.63411,0.0,1.5625,0.0,1,1,,,,0.0,0.0,0.0,,0.0,0.0,,0.0,0.0,0.0,0.0,,,,0.0,,0.0,0.0,0.0,0,,2021-08-24 00:10:20.703,2021-08-24,1754-01-01 08:10:20.703,0,,PROMO,00000000-0000-0000-0000-000000000000,,0,,,GOODS12,1,,,0,0,,0,,,1,0.0,,1753-01-01,0.0,0.0,0.0,0,0,0.0,0.0,0.0,0.0,,0,0,1.0,PC,PC,,0,0,0,,,,0.0,0.0,,PROMATS,0,,,,,,,,,,,,1753-01-01,1,1753-01-01,1753-01-01,00000000-0000-0000-0000-000000000000,EC30D469-806F-EB11-AA04-000D3AA30FE3,00000000-0000-0000-0000-000000000000,0,0,00000000-0000-0000-0000-000000000000,,,,0.0,0.0,0.0,0.0,0.0,0.0,0.0,0.0,0.0,0,0,,4F5AD27A-6E04-EC11-A4C7-5E2CC006407F,2021-08-24 00:01:50.517,8FDCE4A2-E551-4114-AA5B-A4A6BAB4255F,2025-07-31 05:10:43.800,34C3286C-E7F6-4F45-8F69-19CD015F1C1B
b'\x00\x00\x00\x00\x0chZ\x88',PKF0220,,ESOMEP CATCH COVER NEW,ESOMEP CATCH COVER NEW,,PC,0,0,PROMO,,,1,0,0,0.0,0,0.0,3,1.94643,0.0,1.94645,0.0,1,1,,,,0.0,0.0,0.0,,0.0,0.0,,0.0,0.0,0.0,0.0,,,,0.0,,0.0,0.0,0.0,0,,2021-11-18 08:23:02.803,2021-11-18,1754-01-01 16:23:02.803,0,,PROMO,00000000-0000-0000-0000-000000000000,,0,,,GOODS12,1,,,0,0,,0,,,1,0.0,,1753-01-01,0.0,0.0,0.0,0,0,0.0,0.0,0.0,0.0,,0,0,1.0,PC,PC,,0,0,0,,,,0.0,0.0,,PROMATS,0,,,,,,,,,,,,1753-01-01,1,1753-01-01,1753-01-01,00000000-0000-0000-0000-000000000000,00000000-0000-0000-0000-000000000000,00000000-0000-0000-0000-000000000000,0,0,00000000-0000-0000-0000-000000000000,,,,0.0,0.0,0.0,0.0,0.0,0.0,0.0,0.0,0.0,0,0,,1AB11CA2-2178-EB11-AA10-000D3AA30FE3,2021-02-26 10:59:04.507,7E45060B-A2A4-4F72-B553-3234C753B380,2025-10-01 00:45:30.790,34C3286C-E7F6-4F45-8F69-19CD015F1C1B
b'\x00\x00\x00\x00\r\x05\xb0\xdd',PKF0224,,DOXOPRO CATCH COVER,DOXOPRO CATCH COVER,,PC,0,0,PROMO,,,1,0,0,0.0,0,0.0,3,1.69643,0.0,1.69643,0.0,1,1,,,,0.0,0.0,0.0,,0.0,0.0,,0.0,0.0,0.0,0.0,,,,0.0,,0.0,0.0,0.0,0,,2022-10-03 01:42:36.713,2022-10-03,1754-01-01 09:42:36.713,0,,PROMO,00000000-0000-0000-0000-000000000000,,0,,,GOODS12,1,,,0,0,,0,,,1,0.0,,1753-01-01,0.0,0.0,0.0,0,0,0.0,0.0,0.0,0.0,,0,0,1.0,PC,PC,,0,0,0,,,,0.0,0.0,,PROMATS,0,,,,,,,,,,,,1753-01-01,1,1753-01-01,1753-01-01,00000000-0000-0000-0000-000000000000,00000000-0000-0000-0000-000000000000,00000000-0000-0000-0000-000000000000,0,0,00000000-0000-0000-0000-000000000000,,,,0.0,0.0,0.0,0.0,0.0,0.0,0.0,0.0,0.0,0,0,,1BB11CA2-2178-EB11-AA10-000D3AA30FE3,2021-02-26 10:59:04.507,7E45060B-A2A4-4F72-B553-3234C753B380,2026-01-10 02:21:36.507,5428A7C5-0CCA-4C68-BF2D-3ED6031F3D6F
b'\x00\x00\x00\x00\nK\x91\x0b',PKF0225,,QUETIAPRO STARTER BOX,QUETIAPRO STARTER BOX,,PC,0,0,PROMO,,,1,0,0,0.0,0,0.0,3,2.58929,0.0,2.58929,0.0,1,1,,,,0.0,0.0,0.0,,0.0,0.0,,0.0,0.0,0.0,0.0,,,,0.0,,0.0,0.0,0.0,0,,2021-11-18 08:23:20.973,2021-11-18,1754-01-01 16:23:20.973,0,,PROMO,00000000-0000-0000-0000-000000000000,,0,,,GOODS12,1,,,0,0,,0,,,1,0.0,,1753-01-01,0.0,0.0,0.0,0,0,0.0,0.0,0.0,0.0,,0,0,1.0,PC,PC,,0,0,0,,,,0.0,0.0,,PROMATS,0,,,,,,,,,,,,1753-01-01,1,1753-01-01,1753-01-01,00000000-0000-0000-0000-000000000000,00000000-0000-0000-0000-000000000000,00000000-0000-0000-0000-000000000000,0,0,00000000-0000-0000-0000-000000000000,,,,0.0,0.0,0.0,0.0,0.0,0.0,0.0,0.0,0.0,0,0,,1CB11CA2-2178-EB11-AA10-000D3AA30FE3,2021-02-26 10:59:04.523,7E45060B-A2A4-4F72-B553-3234C753B380,2024-05-03 05:42:40.473,34C3286C-E7F6-4F45-8F69-19CD015F1C1B
b'\x00\x00\x00\x00\x0c<\xf8\x8a',PKF0226,,RISGEN CATCH COVER,RISGEN CATCH COVER,,PC,0,0,PROMO,,,1,0,0,0.0,0,0.0,3,1.77419,0.0,1.69643,0.0,1,1,,,,0.0,0.0,0.0,,0.0,0.0,,0.0,0.0,0.0,0.0,,,,0.0,,0.0,0.0,0.0,0,,2021-11-18 08:42:32.770,2021-11-18,1754-01-01 16:42:32.770,0,,PROMO,00000000-0000-0000-0000-000000000000,,0,,,GOODS12,1,,,0,0,,0,,,2,0.0,,1753-01-01,0.0,0.0,0.0,0,0,0.0,0.0,0.0,0.0,,0,0,1.0,PC,PC,,0,0,0,,,,0.0,0.0,,PROMATS,0,,,,,,,,,,,,1753-01-01,1,1753-01-01,1753-01-01,00000000-0000-0000-0000-000000000000,00000000-0000-0000-0000-000000000000,00000000-0000-0000-0000-000000000000,0,0,00000000-0000-0000-0000-000000000000,,,,0.0,0.0,0.0,0.0,0.0,0.0,0.0,0.0,0.0,0,0,,1DB11CA2-2178-EB11-AA10-000D3AA30FE3,2021-02-26 10:59:04.523,7E45060B-A2A4-4F72-B553-3234C753B380,2025-07-03 07:42:05.863,34C3286C-E7F6-4F45-8F69-19CD015F1C1B
b'\x00\x00\x00\x00\r\x05\xb0\xdf',PKF0229,,VALIANZ CATCH COVER-COMMON,VALIANZ CATCH COVER-COMMON,,PC,0,0,PROMO,,,1,0,0,0.0,0,0.0,3,1.29464,0.0,1.30069,0.0,1,1,,,,0.0,0.0,0.0,,0.0,0.0,,0.0,0.0,0.0,0.0,,,,0.0,,0.0,0.0,0.0,0,,2021-11-18 08:23:32.563,2021-11-18,1754-01-01 16:23:32.563,0,,PROMO,00000000-0000-0000-0000-000000000000,,0,,,GOODS12,1,,,0,0,,0,,,1,0.0,,1753-01-01,0.0,0.0,0.0,0,0,0.0,0.0,0.0,0.0,,0,0,1.0,PC,PC,,0,0,0,,,,0.0,0.0,,SAMPLES,0,,,,,,,,,,,,1753-01-01,1,1753-01-01,1753-01-01,00000000-0000-0000-0000-000000000000,00000000-0000-0000-0000-000000000000,00000000-0000-0000-0000-000000000000,0,0,00000000-0000-0000-0000-000000000000,,,,0.0,0.0,0.0,0.0,0.0,0.0,0.0,0.0,0.0,0,0,,1EB11CA2-2178-EB11-AA10-000D3AA30FE3,2021-02-26 10:59:04.537,7E45060B-A2A4-4F72-B553-3234C753B380,2026-01-10 02:21:36.520,5428A7C5-0CCA-4C68-BF2D-3ED6031F3D6F
b'\x00\x00\x00\x00\x0cj\x95\xea',PKF0230,,AMLODINE PLUS COMMON CTCHCOVER,AMLODINE PLUS COMMON CTCHCOVER,,PC,0,0,PROMO,,,1,0,0,0.0,0,0.0,3,1.50092,0.0,1.50092,0.0,1,1,,,,0.0,0.0,0.0,,0.0,0.0,,0.0,0.0,0.0,0.0,,,,0.0,,0.0,0.0,0.0,0,,2021-11-18 08:23:41.957,2021-11-18,1754-01-01 16:23:41.957,0,,PROMO,00000000-0000-0000-0000-000000000000,,0,,,GOODS12,1,,,0,0,,0,,,1,0.0,,1753-01-01,0.0,0.0,0.0,0,0,0.0,0.0,0.0,0.0,,0,0,1.0,PC,PC,,0,0,0,,,,0.0,0.0,,SAMPLES,0,,,,,,,,,,,,1753-01-01,1,1753-01-01,1753-01-01,00000000-0000-0000-0000-000000000000,00000000-0000-0000-0000-000000000000,00000000-0000-0000-0000-000000000000,0,0,00000000-0000-0000-0000-000000000000,,,,0.0,0.0,0.0,0.0,0.0,0.0,0.0,0.0,0.0,0,0,,1FB11CA2-2178-EB11-AA10-000D3AA30FE3,2021-02-26 10:59:04.537,7E45060B-A2A4-4F72-B553-3234C753B380,2025-10-02 09:20:43.487,34C3286C-E7F6-4F45-8F69-19CD015F1C1B
b'\x00\x00\x00\x00\x0cK\xc4\xc4',PKF0231,,ELVIR CATCH COVER,ELVIR CATCH COVER,,PC,0,0,PROMO,,,1,0,0,0.0,0,0.0,3,1.6184,0.0,1.5625,0.0,1,1,,,,0.0,0.0,0.0,,0.0,0.0,,0.0,0.0,0.0,0.0,,,,0.0,,0.0,0.0,0.0,0,,2021-11-18 08:23:51.223,2021-11-18,1754-01-01 16:23:51.223,0,,PROMO,00000000-0000-0000-0000-000000000000,,0,,,GOODS12,1,,,0,0,,0,,,1,0.0,,1753-01-01,0.0,0.0,0.0,0,0,0.0,0.0,0.0,0.0,,0,0,1.0,PC,PC,,0,0,0,,,,0.0,0.0,,SAMPLES,0,,,,,,,,,,,,1753-01-01,1,1753-01-01,1753-01-01,00000000-0000-0000-0000-000000000000,00000000-0000-0000-0000-000000000000,00000000-0000-0000-0000-000000000000,0,0,00000000-0000-0000-0000-000000000000,,,,0.0,0.0,0.0,0.0,0.0,0.0,0.0,0.0,0.0,0,0,,20B11CA2-2178-EB11-AA10-000D3AA30FE3,2021-02-26 10:59:04.553,7E45060B-A2A4-4F72-B553-3234C753B380,2025-07-31 05:10:58.030,34C3286C-E7F6-4F45-8F69-19CD015F1C1B
b'\x00\x00\x00\x00\x0c\x10\xaer',PKF0232,,RABEGEN CATCH OVER,RABEGEN CATCH OVER,,PC,0,0,PROMO,,,1,0,0,0.0,0,0.0,3,1.56523,0.0,1.5625,0.0,1,1,,,,0.0,0.0,0.0,,0.0,0.0,,0.0,0.0,0.0,0.0,,,,0.0,,0.0,0.0,0.0,0,,2021-11-18 08:23:59.097,2021-11-18,1754-01-01 16:23:59.097,0,,PROMO,00000000-0000-0000-0000-000000000000,,0,,,GOODS12,1,,,0,0,,0,,,1,0.0,,1753-01-01,0.0,0.0,0.0,0,0,0.0,0.0,0.0,0.0,,0,0,1.0,PC,PC,,0,0,0,,,,0.0,0.0,,PROMATS,0,,,,,,,,,,,,1753-01-01,1,1753-01-01,1753-01-01,00000000-0000-0000-0000-000000000000,00000000-0000-0000-0000-000000000000,00000000-0000-0000-0000-000000000000,0,0,00000000-0000-0000-0000-000000000000,,,,0.0,0.0,0.0,0.0,0.0,0.0,0.0,0.0,0.0,0,0,,21B11CA2-2178-EB11-AA10-000D3AA30FE3,2021-02-26 10:59:04.553,7E45060B-A2A4-4F72-B553-3234C753B380,2025-04-03 00:38:18.363,34C3286C-E7F6-4F45-8F69-19CD015F1C1B
b'\x00\x00\x00\x00\x0c<\xf8$',PKF0233,,DIVALGEN 500 CATCH COVER,DIVALGEN 500 CATCH COVER,,PC,0,0,PROMO,,,1,0,0,0.0,0,0.0,3,2.41073,0.0,2.4108,0.0,1,1,,,,0.0,0.0,0.0,,0.0,0.0,,0.0,0.0,0.0,0.0,,,,0.0,,0.0,0.0,0.0,0,,2021-11-18 08:24:11.890,2021-11-18,1754-01-01 16:24:11.890,0,,PROMO,00000000-0000-0000-0000-000000000000,,0,,,GOODS12,1,,,0,0,,0,,,1,0.0,,1753-01-01,0.0,0.0,0.0,0,0,0.0,0.0,0.0,0.0,,0,0,1.0,PC,PC,,0,0,0,,,,0.0,0.0,,PROMATS,0,,,,,,,,,,,,1753-01-01,1,1753-01-01,1753-01-01,00000000-0000-0000-0000-000000000000,00000000-0000-0000-0000-000000000000,00000000-0000-0000-0000-000000000000,0,0,00000000-0000-0000-0000-000000000000,,,,0.0,0.0,0.0,0.0,0.0,0.0,0.0,0.0,0.0,0,0,,22B11CA2-2178-EB11-AA10-000D3AA30FE3,2021-02-26 10:59:04.570,7E45060B-A2A4-4F72-B553-3234C753B380,2025-07-03 07:41:56.757,34C3286C-E7F6-4F45-8F69-19CD015F1C1B
b'\x00\x00\x00\x00\x0c<\xfa\x9b',PKF0235,,LEVIT CATCHCOVER,LEVIT CATCHCOVER,,PC,0,0,PROMO,,,1,0,0,0.0,0,0.0,3,1.61709,0.0,1.61708,0.0,1,1,,,,0.0,0.0,0.0,,0.0,0.0,,0.0,0.0,0.0,0.0,,,,0.0,,0.0,0.0,0.0,0,,2021-11-18 08:24:22.873,2021-11-18,1754-01-01 16:24:22.873,0,,PROMO,00000000-0000-0000-0000-000000000000,,0,,,GOODS12,1,,,0,0,,0,,,1,0.0,,1753-01-01,0.0,0.0,0.0,0,0,0.0,0.0,0.0,0.0,,0,0,1.0,PC,PC,,0,0,0,,,,0.0,0.0,,PROMATS,0,,,,,,,,,,,,1753-01-01,1,1753-01-01,1753-01-01,00000000-0000-0000-0000-000000000000,00000000-0000-0000-0000-000000000000,00000000-0000-0000-0000-000000000000,0,0,00000000-0000-0000-0000-000000000000,,,,0.0,0.0,0.0,0.0,0.0,0.0,0.0,0.0,0.0,0,0,,23B11CA2-2178-EB11-AA10-000D3AA30FE3,2021-02-26 10:59:04.570,7E45060B-A2A4-4F72-B553-3234C753B380,2025-07-03 07:42:46.313,34C3286C-E7F6-4F45-8F69-19CD015F1C1B
b'\x00\x00\x00\x00\x0cfmy',PKF0237,,BIZYX CATCH COVER,BIZYX CATCH COVER,,PC,0,0,PROMO,,,1,0,0,0.0,0,0.0,3,2.54465,0.0,2.54464,0.0,1,1,,,,0.0,0.0,0.0,,0.0,0.0,,0.0,0.0,0.0,0.0,,,,0.0,,0.0,0.0,0.0,0,,2021-11-18 08:42:53.153,2021-11-18,1754-01-01 16:42:53.153,0,,PROMO,00000000-0000-0000-0000-000000000000,,0,,,GOODS12,1,,,0,0,,0,,,1,0.0,,1753-01-01,0.0,0.0,0.0,0,0,0.0,0.0,0.0,0.0,,0,0,1.0,PC,PC,,0,0,0,,,,0.0,0.0,,PROMATS,0,,,,,,,,,,,,1753-01-01,1,1753-01-01,1753-01-01,00000000-0000-0000-0000-000000000000,00000000-0000-0000-0000-000000000000,00000000-0000-0000-0000-000000000000,0,0,00000000-0000-0000-0000-000000000000,,,,0.0,0.0,0.0,0.0,0.0,0.0,0.0,0.0,0.0,0,0,,24B11CA2-2178-EB11-AA10-000D3AA30FE3,2021-02-26 10:59:04.570,7E45060B-A2A4-4F72-B553-3234C753B380,2025-09-25 08:20:14.110,34C3286C-E7F6-4F45-8F69-19CD015F1C1B
b'\x00\x00\x00\x00\x0chm:',PKF0238,,ADIVIA CATCH COVER,ADIVIA CATCH COVER,,PC,0,0,PROMO,,,1,0,0,0.0,0,0.0,3,1.75571,0.0,1.75571,0.0,1,1,,,,0.0,0.0,0.0,,0.0,0.0,,0.0,0.0,0.0,0.0,,,,0.0,,0.0,0.0,0.0,0,,2021-11-18 08:24:31.190,2021-11-18,1754-01-01 16:24:31.190,0,,PROMO,00000000-0000-0000-0000-000000000000,,0,,,GOODS12,1,,,0,0,,0,,,1,0.0,,1753-01-01,0.0,0.0,0.0,0,0,0.0,0.0,0.0,0.0,,0,0,1.0,PC,PC,,0,0,0,,,,0.0,0.0,,PROMATS,0,,,,,,,,,,,,1753-01-01,1,1753-01-01,1753-01-01,00000000-0000-0000-0000-000000000000,00000000-0000-0000-0000-000000000000,00000000-0000-0000-0000-000000000000,0,0,00000000-0000-0000-0000-000000000000,,,,0.0,0.0,0.0,0.0,0.0,0.0,0.0,0.0,0.0,0,0,,25B11CA2-2178-EB11-AA10-000D3AA30FE3,2021-02-26 10:59:04.583,7E45060B-A2A4-4F72-B553-3234C753B380,2025-10-01 02:47:35.497,34C3286C-E7F6-4F45-8F69-19CD015F1C1B
b'\x00\x00\x00\x00\x0chn\x05',PKF0239,,ADIVIA STARTER DOSE x 3's,ADIVIA STARTER DOSE X 3'S,,PC,0,0,PROMO,,,1,0,0,0.0,0,0.0,3,1.96085,0.0,1.9608,0.0,1,1,,,,0.0,0.0,0.0,,0.0,0.0,,0.0,0.0,0.0,0.0,,,,0.0,,0.0,0.0,0.0,0,,2021-11-18 08:24:44.863,2021-11-18,1754-01-01 16:24:44.863,0,,PROMO,00000000-0000-0000-0000-000000000000,,0,,,GOODS12,1,,,0,0,,0,,,1,0.0,,1753-01-01,0.0,0.0,0.0,0,0,0.0,0.0,0.0,0.0,,0,0,1.0,PC,PC,,0,0,0,,,,0.0,0.0,,PROMATS,0,,,,,,,,,,,,1753-01-01,1,1753-01-01,1753-01-01,00000000-0000-0000-0000-000000000000,00000000-0000-0000-0000-000000000000,00000000-0000-0000-0000-000000000000,0,0,00000000-0000-0000-0000-000000000000,,,,0.0,0.0,0.0,0.0,0.0,0.0,0.0,0.0,0.0,0,0,,26B11CA2-2178-EB11-AA10-000D3AA30FE3,2021-02-26 10:59:04.600,7E45060B-A2A4-4F72-B553-3234C753B380,2025-10-01 02:48:02.793,34C3286C-E7F6-4F45-8F69-19CD015F1C1B
b'\x00\x00\x00\x00\x04\xcf\x91%',PKF0240,,BIOCOMPLETE CATCH COVER,BIOCOMPLETE CATCH COVER,,PC,0,0,PROMO,,,1,0,0,0.0,0,0.0,3,0.0,0.0,0.0,0.0,1,1,,,,0.0,0.0,0.0,,0.0,0.0,,0.0,0.0,0.0,0.0,,,,0.0,,0.0,0.0,0.0,0,,2021-11-18 08:43:13.463,2021-11-18,1754-01-01 16:43:13.463,0,,PROMO,00000000-0000-0000-0000-000000000000,,0,,,GOODS12,1,,,0,0,,0,,,0,0.0,,1753-01-01,0.0,0.0,0.0,0,0,0.0,0.0,0.0,0.0,,0,0,1.0,PC,PC,,0,0,0,,,,0.0,0.0,,PROMATS,0,,,,,,,,,,,,1753-01-01,1,1753-01-01,1753-01-01,00000000-0000-0000-0000-000000000000,00000000-0000-0000-0000-000000000000,00000000-0000-0000-0000-000000000000,0,0,00000000-0000-0000-0000-000000000000,,,,0.0,0.0,0.0,0.0,0.0,0.0,0.0,0.0,0.0,0,0,,27B11CA2-2178-EB11-AA10-000D3AA30FE3,2021-02-26 10:59:04.600,7E45060B-A2A4-4F72-B553-3234C753B380,2021-11-18 08:43:13.463,8FDCE4A2-E551-4114-AA5B-A4A6BAB4255F
b'\x00\x00\x00\x00\x07\x98&\xf6',PKF0241,,PREVEN-Z PILL BOX,PREVEN-Z PILL BOX,,PC,0,0,PROMO,,,1,0,0,0.0,0,0.0,3,31.25,0.0,31.25,0.0,1,1,,,,0.0,0.0,0.0,,0.0,0.0,,0.0,0.0,0.0,0.0,,,,0.0,,0.0,0.0,0.0,0,,2021-11-18 08:24:53.317,2021-11-18,1754-01-01 16:24:53.317,0,,PROMO,00000000-0000-0000-0000-000000000000,,0,,,GOODS12,1,,,0,0,,0,,,0,0.0,,1753-01-01,0.0,0.0,0.0,0,0,0.0,0.0,0.0,0.0,,0,0,1.0,PC,PC,,0,0,0,,,,0.0,0.0,,PROMATS,0,,,,,,,,,,,,1753-01-01,1,1753-01-01,1753-01-01,00000000-0000-0000-0000-000000000000,00000000-0000-0000-0000-000000000000,00000000-0000-0000-0000-000000000000,0,0,00000000-0000-0000-0000-000000000000,,,,0.0,0.0,0.0,0.0,0.0,0.0,0.0,0.0,0.0,0,0,,28B11CA2-2178-EB11-AA10-000D3AA30FE3,2021-02-26 10:59:04.617,7E45060B-A2A4-4F72-B553-3234C753B380,2023-07-07 01:13:29.333,4A96EAA9-3DB9-423D-8512-43281713C4ED
b'\x00\x00\x00\x00\n<\\<',PKF0242,,MAXINE CATCH COVER,MAXINE CATCH COVER,,PC,0,0,PROMO,,,1,0,0,0.0,0,0.0,3,1.70308,0.0,1.69643,0.0,1,1,,,,0.0,0.0,0.0,,0.0,0.0,,0.0,0.0,0.0,0.0,,,,0.0,,0.0,0.0,0.0,0,,2021-03-26 00:47:10.773,2021-03-26,1754-01-01 08:47:10.773,0,,PROMO,00000000-0000-0000-0000-000000000000,,0,,,GOODS12,1,,,0,0,,0,,,1,0.0,,1753-01-01,0.0,0.0,0.0,0,0,0.0,0.0,0.0,0.0,,0,0,1.0,PC,PC,,0,0,0,,,,0.0,0.0,,PROMATS,0,,,,,,,,,,,,1753-01-01,1,1753-01-01,1753-01-01,00000000-0000-0000-0000-000000000000,EC30D469-806F-EB11-AA04-000D3AA30FE3,00000000-0000-0000-0000-000000000000,0,0,00000000-0000-0000-0000-000000000000,,,,0.0,0.0,0.0,0.0,0.0,0.0,0.0,0.0,0.0,0,0,,67D23E0F-348D-EB11-AA37-000D3AA30FE3,2021-03-25 06:33:50.853,7E45060B-A2A4-4F72-B553-3234C753B380,2024-03-25 09:17:25.260,4A96EAA9-3DB9-423D-8512-43281713C4ED
b'\x00\x00\x00\x00\r\x05\xb0\xe1',PKF0243,,PREVEN-Z CATCH COVER,PREVEN-Z CATCH COVER,,PC,0,0,PROMO,,,1,0,0,0.0,0,0.0,3,1.91964,0.0,1.91964,0.0,1,1,,,,0.0,0.0,0.0,,0.0,0.0,,0.0,0.0,0.0,0.0,,,,0.0,,0.0,0.0,0.0,0,,2021-03-26 00:47:10.787,2021-03-26,1754-01-01 08:47:10.787,0,,PROMO,00000000-0000-0000-0000-000000000000,,0,,,GOODS12,1,,,0,0,,0,,,1,0.0,,1753-01-01,0.0,0.0,0.0,0,0,0.0,0.0,0.0,0.0,,0,0,1.0,PC,PC,,0,0,0,,,,0.0,0.0,,PROMATS,0,,,,,,,,,,,,1753-01-01,1,1753-01-01,1753-01-01,00000000-0000-0000-0000-000000000000,EC30D469-806F-EB11-AA04-000D3AA30FE3,00000000-0000-0000-0000-000000000000,0,0,00000000-0000-0000-0000-000000000000,,,,0.0,0.0,0.0,0.0,0.0,0.0,0.0,0.0,0.0,0,0,,68D23E0F-348D-EB11-AA37-000D3AA30FE3,2021-03-25 06:33:50.853,7E45060B-A2A4-4F72-B553-3234C753B380,2026-01-10 02:21:36.547,5428A7C5-0CCA-4C68-BF2D-3ED6031F3D6F
b'\x00\x00\x00\x00\x0ctn\xf9',PKF0244,,AMLODINE HD STARTER PACK x 3's,AMLODINE HD STARTER PACK X 3'S,,PC,0,0,PROMO,,,1,0,0,0.0,0,0.0,3,1.90022,0.0,1.9,0.0,1,1,,,,0.0,0.0,0.0,,0.0,0.0,,0.0,0.0,0.0,0.0,,,,0.0,,0.0,0.0,0.0,0,,2022-01-21 02:52:36.540,2022-01-21,1754-01-01 10:52:36.540,0,,PROMO,00000000-0000-0000-0000-000000000000,,0,,,GOODS12,1,,,0,0,,0,,,1,0.0,,1753-01-01,0.0,0.0,0.0,0,0,0.0,0.0,0.0,0.0,,0,0,1.0,PC,PC,,0,0,0,,,,0.0,0.0,,PROMATS,0,,,,,,,,,,,,1753-01-01,1,1753-01-01,1753-01-01,00000000-0000-0000-0000-000000000000,EC30D469-806F-EB11-AA04-000D3AA30FE3,00000000-0000-0000-0000-000000000000,0,0,00000000-0000-0000-0000-000000000000,,,,0.0,0.0,0.0,0.0,0.0,0.0,0.0,0.0,0.0,0,0,,0C6F1C97-647A-EC11-A4CE-5E2CC006407F,2022-01-21 02:48:29.103,8FDCE4A2-E551-4114-AA5B-A4A6BAB4255F,2025-10-23 00:44:10.813,34C3286C-E7F6-4F45-8F69-19CD015F1C1B
b'\x00\x00\x00\x00\r\x05\xb0\xe3',PKF0245,,AMLODINE HD CATCH COVER,AMLODINE HD CATCH COVER,,PC,0,0,PROMO,,,1,0,0,0.0,0,0.0,3,1.65006,0.0,1.65,0.0,1,1,,,,0.0,0.0,0.0,,0.0,0.0,,0.0,0.0,0.0,0.0,,,,0.0,,0.0,0.0,0.0,0,,2022-01-21 02:53:55.190,2022-01-21,1754-01-01 10:53:55.190,0,,PROMO,00000000-0000-0000-0000-000000000000,,0,,,GOODS12,1,,,0,0,,0,,,1,0.0,,1753-01-01,0.0,0.0,0.0,0,0,0.0,0.0,0.0,0.0,,0,0,1.0,PC,PC,,0,0,0,,,,0.0,0.0,,PROMATS,0,,,,,,,,,,,,1753-01-01,1,1753-01-01,1753-01-01,00000000-0000-0000-0000-000000000000,EC30D469-806F-EB11-AA04-000D3AA30FE3,00000000-0000-0000-0000-000000000000,0,0,00000000-0000-0000-0000-000000000000,,,,0.0,0.0,0.0,0.0,0.0,0.0,0.0,0.0,0.0,0,0,,1D69B731-657A-EC11-A4CE-5E2CC006407F,2022-01-21 02:52:39.603,8FDCE4A2-E551-4114-AA5B-A4A6BAB4255F,2026-01-10 02:21:36.573,5428A7C5-0CCA-4C68-BF2D-3ED6031F3D6F
b'\x00\x00\x00\x00\x0cJy)',PKF0246,,PRONORM CATCH COVER,PRONORM CATCH COVER,,PC,0,0,PROMO,,,1,0,0,0.0,0,0.0,3,1.34072,0.0,1.34067,0.0,1,1,,,,0.0,0.0,0.0,,0.0,0.0,,0.0,0.0,0.0,0.0,,,,0.0,,0.0,0.0,0.0,0,,2021-10-19 06:27:44.653,2021-10-19,1754-01-01 14:27:44.653,0,,PROMO,00000000-0000-0000-0000-000000000000,,0,,,GOODS12,1,,,0,0,,0,,,1,0.0,,1753-01-01,0.0,0.0,0.0,0,0,0.0,0.0,0.0,0.0,,0,0,1.0,PC,PC,,0,0,0,,,,0.0,0.0,,PROMATS,0,,,,,,,,,,,,1753-01-01,1,1753-01-01,1753-01-01,00000000-0000-0000-0000-000000000000,EC30D469-806F-EB11-AA04-000D3AA30FE3,00000000-0000-0000-0000-000000000000,0,0,00000000-0000-0000-0000-000000000000,,,,0.0,0.0,0.0,0.0,0.0,0.0,0.0,0.0,0.0,0,0,,088BB3F1-A430-EC11-A4CA-5E2CC006407F,2021-10-19 06:22:33.963,8FDCE4A2-E551-4114-AA5B-A4A6BAB4255F,2025-07-29 08:33:56.133,34C3286C-E7F6-4F45-8F69-19CD015F1C1B
b'\x00\x00\x00\x00\x0cH\xc2\xbb',PKF0247,,PRONORM STARTER PACK x 3's,PRONORM STARTER PACK X 3'S,,PC,0,0,PROMO,,,1,0,0,0.0,0,0.0,3,1.55629,0.0,1.55629,0.0,1,1,,,,0.0,0.0,0.0,,0.0,0.0,,0.0,0.0,0.0,0.0,,,,0.0,,0.0,0.0,0.0,0,,2021-10-19 06:34:13.567,2021-10-19,1754-01-01 14:34:13.567,0,,PROMO,00000000-0000-0000-0000-000000000000,,0,,,GOODS12,1,,,0,0,,0,,,1,0.0,,1753-01-01,0.0,0.0,0.0,0,0,0.0,0.0,0.0,0.0,,0,0,1.0,PC,PC,,0,0,0,,,,0.0,0.0,,PROMATS,0,,,,,,,,,,,,1753-01-01,1,1753-01-01,1753-01-01,00000000-0000-0000-0000-000000000000,EC30D469-806F-EB11-AA04-000D3AA30FE3,00000000-0000-0000-0000-000000000000,0,0,00000000-0000-0000-0000-000000000000,,,,0.0,0.0,0.0,0.0,0.0,0.0,0.0,0.0,0.0,0,0,,817365B0-A530-EC11-A4CA-5E2CC006407F,2021-10-19 06:27:53.880,8FDCE4A2-E551-4114-AA5B-A4A6BAB4255F,2025-07-24 10:00:17.973,34C3286C-E7F6-4F45-8F69-19CD015F1C1B
b'\x00\x00\x00\x00\r\x05\xb0\xf7',PKF0248,,LESOFAT CATCH COVER-ENVELOPE TYPE,LESOFAT CATCH COVER-ENVELOPE TYPE,,PC,0,0,PROMO,,,1,0,0,0.0,0,0.0,3,2.54464,0.0,0.0,0.0,1,1,,,,0.0,0.0,0.0,,0.0,0.0,,0.0,0.0,0.0,0.0,,,,0.0,,0.0,0.0,0.0,0,,2022-01-27 09:02:48.397,2022-01-27,1754-01-01 17:02:48.397,0,,PROMO,00000000-0000-0000-0000-000000000000,,0,,,GOODS12,1,,,0,0,,0,,,0,0.0,,1753-01-01,0.0,0.0,0.0,0,0,0.0,0.0,0.0,0.0,,0,0,1.0,PC,PC,,0,0,0,,,,0.0,0.0,,PROMATS,0,,,,,,,,,,,,1753-01-01,1,1753-01-01,1753-01-01,00000000-0000-0000-0000-000000000000,EC30D469-806F-EB11-AA04-000D3AA30FE3,00000000-0000-0000-0000-000000000000,0,0,00000000-0000-0000-0000-000000000000,,,,0.0,0.0,0.0,0.0,0.0,0.0,0.0,0.0,0.0,0,0,,2BDAF788-4F7F-EC11-A4D4-5E2CC006407F,2022-01-27 09:00:12.887,8FDCE4A2-E551-4114-AA5B-A4A6BAB4255F,2026-01-10 02:21:36.780,5428A7C5-0CCA-4C68-BF2D-3ED6031F3D6F
b'\x00\x00\x00\x00\x05}5\x85',PKF0249,,ZUNAMYN CATCH COVER ENVELOPE TYPE,ZUNAMYN CATCH COVER ENVELOPE TYPE,,PC,0,0,PROMO,,,1,0,0,0.0,0,0.0,3,0.0,0.0,0.0,0.0,1,1,,,,0.0,0.0,0.0,,0.0,0.0,,0.0,0.0,0.0,0.0,,,,0.0,,0.0,0.0,0.0,0,,2022-02-28 08:01:01.083,2022-02-28,1754-01-01 16:01:01.083,0,,PROMO,00000000-0000-0000-0000-000000000000,,0,,,GOODS12,1,,,0,0,,0,,,0,0.0,,1753-01-01,0.0,0.0,0.0,0,0,0.0,0.0,0.0,0.0,,0,0,1.0,PC,PC,,0,0,0,,,,0.0,0.0,,PROMATS,0,,,,,,,,,,,,1753-01-01,1,1753-01-01,1753-01-01,00000000-0000-0000-0000-000000000000,EC30D469-806F-EB11-AA04-000D3AA30FE3,00000000-0000-0000-0000-000000000000,0,0,00000000-0000-0000-0000-000000000000,,,,0.0,0.0,0.0,0.0,0.0,0.0,0.0,0.0,0.0,0,0,,00E9733F-6C98-EC11-A4DD-5E2CC006407F,2022-02-28 07:58:44.010,8FDCE4A2-E551-4114-AA5B-A4A6BAB4255F,2022-02-28 08:01:01.083,8FDCE4A2-E551-4114-AA5B-A4A6BAB4255F
b'\x00\x00\x00\x00\x0cX*\x82',PKF0250,,COXIGEN CATCH COVER,COXIGEN CATCH COVER,,PC,0,0,PROMO,,,1,0,0,0.0,0,0.0,3,1.51786,0.0,1.51786,0.0,1,1,,,,0.0,0.0,0.0,,0.0,0.0,,0.0,0.0,0.0,0.0,,,,0.0,,0.0,0.0,0.0,0,,2022-03-03 07:29:31.647,2022-03-03,1754-01-01 15:29:31.647,0,,PROMO,00000000-0000-0000-0000-000000000000,,0,,,GOODS12,1,,,0,0,,0,,,1,0.0,,1753-01-01,0.0,0.0,0.0,0,0,0.0,0.0,0.0,0.0,,0,0,1.0,PC,PC,,0,0,0,,,,0.0,0.0,,PROMATS,0,,,,,,,,,,,,1753-01-01,1,1753-01-01,1753-01-01,00000000-0000-0000-0000-000000000000,EC30D469-806F-EB11-AA04-000D3AA30FE3,00000000-0000-0000-0000-000000000000,0,0,00000000-0000-0000-0000-000000000000,,,,0.0,0.0,0.0,0.0,0.0,0.0,0.0,0.0,0.0,0,0,,0C13D514-C39A-EC11-A4DD-5E2CC006407F,2022-03-03 07:25:21.047,8FDCE4A2-E551-4114-AA5B-A4A6BAB4255F,2025-08-29 06:08:29.963,34C3286C-E7F6-4F45-8F69-19CD015F1C1B
b'\x00\x00\x00\x00\n:\xa2\xba',PKF0251,,BIZYX PHYSICIAN'S SAMPLE BOX,BIZYX PHYSICIAN'S SAMPLE BOX,,PC,0,0,PROMO,,,1,0,0,0.0,0,0.0,3,1.69643,0.0,1.69643,0.0,1,1,,,,0.0,0.0,0.0,,0.0,0.0,,0.0,0.0,0.0,0.0,,,,0.0,,0.0,0.0,0.0,0,,2022-08-16 08:19:53.003,2022-08-16,1754-01-01 16:19:53.003,0,,PROMO,00000000-0000-0000-0000-000000000000,,0,,,GOODS12,1,,,0,0,,0,,,1,0.0,,1753-01-01,0.0,0.0,0.0,0,0,0.0,0.0,0.0,0.0,,0,0,1.0,PC,PC,,0,0,0,,,,0.0,0.0,,PROMATS,0,,,,,,,,,,,,1753-01-01,1,1753-01-01,1753-01-01,00000000-0000-0000-0000-000000000000,EC30D469-806F-EB11-AA04-000D3AA30FE3,00000000-0000-0000-0000-000000000000,0,0,00000000-0000-0000-0000-000000000000,,,,0.0,0.0,0.0,0.0,0.0,0.0,0.0,0.0,0.0,0,0,,C8F130E5-3B1D-ED11-A4E8-5E2CC006407F,2022-08-16 08:17:41.380,8FDCE4A2-E551-4114-AA5B-A4A6BAB4255F,2024-03-21 02:44:49.947,4A96EAA9-3DB9-423D-8512-43281713C4ED
b'\x00\x00\x00\x00\x07\xbdu\xbc',PKF0252,,DIVALGEN PHYSICIAN'S SAMPLE BOX,DIVALGEN PHYSICIAN'S SAMPLE BOX,,PC,0,0,PROMO,,,1,0,0,0.0,0,0.0,3,1.64655,0.0,1.69643,0.0,1,1,,,,0.0,0.0,0.0,,0.0,0.0,,0.0,0.0,0.0,0.0,,,,0.0,,0.0,0.0,0.0,0,,2022-08-16 08:22:05.053,2022-08-16,1754-01-01 16:22:05.053,0,,PROMO,00000000-0000-0000-0000-000000000000,,0,,,GOODS12,1,,,0,0,,0,,,1,0.0,,1753-01-01,0.0,0.0,0.0,0,0,0.0,0.0,0.0,0.0,,0,0,1.0,PC,PC,,0,0,0,,,,0.0,0.0,,PROMATS,0,,,,,,,,,,,,1753-01-01,1,1753-01-01,1753-01-01,00000000-0000-0000-0000-000000000000,EC30D469-806F-EB11-AA04-000D3AA30FE3,00000000-0000-0000-0000-000000000000,0,0,00000000-0000-0000-0000-000000000000,,,,0.0,0.0,0.0,0.0,0.0,0.0,0.0,0.0,0.0,0,0,,A6B3F135-3C1D-ED11-A4E8-5E2CC006407F,2022-08-16 08:19:58.127,8FDCE4A2-E551-4114-AA5B-A4A6BAB4255F,2023-09-29 07:35:17.507,83933D16-6033-4803-80F6-95D04AA4CABA
b'\x00\x00\x00\x00\x0c\nq\x06',PKF0253,,MONTAIR PHYSICIAN COMMON SAMPLE BOX,MONTAIR PHYSICIAN COMMON SAMPLE BOX,,PC,0,0,PROMO,,,1,0,0,0.0,0,0.0,3,2.15,0.0,2.15,0.0,1,1,,,,0.0,0.0,0.0,,0.0,0.0,,0.0,0.0,0.0,0.0,,,,0.0,,0.0,0.0,0.0,0,,2022-09-02 02:51:20.983,2022-09-02,1754-01-01 10:51:20.983,0,,PROMO,00000000-0000-0000-0000-000000000000,,0,,,GOODS12,1,,,0,0,,0,,,1,0.0,,1753-01-01,0.0,0.0,0.0,0,0,0.0,0.0,0.0,0.0,,0,0,1.0,PC,PC,,0,0,0,,,,0.0,0.0,,PROMATS,0,,,,,,,,,,,,1753-01-01,1,1753-01-01,1753-01-01,00000000-0000-0000-0000-000000000000,EC30D469-806F-EB11-AA04-000D3AA30FE3,00000000-0000-0000-0000-000000000000,0,0,00000000-0000-0000-0000-000000000000,,,,0.0,0.0,0.0,0.0,0.0,0.0,0.0,0.0,0.0,0,0,,D48C4B26-692A-ED11-A4EA-5E2CC006407F,2022-09-02 02:44:27.730,8FDCE4A2-E551-4114-AA5B-A4A6BAB4255F,2025-03-20 07:56:22.503,34C3286C-E7F6-4F45-8F69-19CD015F1C1B
b'\x00\x00\x00\x00\r\x05\xb0\xe5',PKF0254,,MET-A-DAY CATCH COVER,MET-A-DAY CATCH COVER,,PC,0,0,PROMO,,,1,0,0,0.0,0,0.0,3,1.78572,0.0,1.78625,0.0,1,1,,,,0.0,0.0,0.0,,0.0,0.0,,0.0,0.0,0.0,0.0,,,,0.0,,0.0,0.0,0.0,0,,2022-09-23 06:50:17.653,2022-09-23,1754-01-01 14:50:17.653,0,,PROMO,00000000-0000-0000-0000-000000000000,,0,,,GOODS12,1,,,0,0,,0,,,1,0.0,,1753-01-01,0.0,0.0,0.0,0,0,0.0,0.0,0.0,0.0,,0,0,1.0,PC,PC,,0,0,0,,,,0.0,0.0,,PROMATS,0,,,,,,,,,,,,1753-01-01,1,1753-01-01,1753-01-01,00000000-0000-0000-0000-000000000000,EC30D469-806F-EB11-AA04-000D3AA30FE3,00000000-0000-0000-0000-000000000000,0,0,00000000-0000-0000-0000-000000000000,,,,0.0,0.0,0.0,0.0,0.0,0.0,0.0,0.0,0.0,0,0,,C0D58BBF-0B3B-ED11-A4EA-5E2CC006407F,2022-09-23 06:48:37.273,8FDCE4A2-E551-4114-AA5B-A4A6BAB4255F,2026-01-10 02:21:36.587,5428A7C5-0CCA-4C68-BF2D-3ED6031F3D6F
b'\x00\x00\x00\x00\x08c\xfc\x04',PKF0255,,MET-A-DAY PHYSICIAN SAMPLE BOX x 3's,MET-A-DAY PHYSICIAN SAMPLE BOX X 3'S,,PC,0,0,PROMO,,,1,0,0,0.0,0,0.0,3,1.78571,0.0,1.78571,0.0,1,1,,,,0.0,0.0,0.0,,0.0,0.0,,0.0,0.0,0.0,0.0,,,,0.0,,0.0,0.0,0.0,0,,2023-01-24 08:20:49.437,2023-01-24,1754-01-01 16:20:49.437,0,,PROMO,00000000-0000-0000-0000-000000000000,,0,,,GOODS12,1,,,0,0,,0,,,1,0.0,,1753-01-01,0.0,0.0,0.0,0,0,0.0,0.0,0.0,0.0,,0,0,1.0,PC,PC,,0,0,0,,,,0.0,0.0,,SAMPLES,0,,,,,,,,,,,,1753-01-01,1,1753-01-01,1753-01-01,00000000-0000-0000-0000-000000000000,EC30D469-806F-EB11-AA04-000D3AA30FE3,00000000-0000-0000-0000-000000000000,0,0,00000000-0000-0000-0000-000000000000,,,,0.0,0.0,0.0,0.0,0.0,0.0,0.0,0.0,0.0,0,0,,76924D79-245B-ED11-A4EC-5E2CC006407F,2022-11-03 03:06:14.463,8FDCE4A2-E551-4114-AA5B-A4A6BAB4255F,2024-02-26 02:29:01.367,4A96EAA9-3DB9-423D-8512-43281713C4ED
b'\x00\x00\x00\x00\x0cE\xa0U',PKF0256,,ADIVIA MET STARTER DOSE,ADIVIA MET STARTER DOSE,,PC,0,0,PROMO,,,1,0,0,0.0,0,0.0,3,1.85002,0.0,1.85,0.0,1,1,,,,0.0,0.0,0.0,,0.0,0.0,,0.0,0.0,0.0,0.0,,,,0.0,,0.0,0.0,0.0,0,,2023-08-08 05:38:08.060,2023-08-08,1754-01-01 13:38:08.060,0,,PROMO,00000000-0000-0000-0000-000000000000,,0,,,GOODS12,1,,,0,0,,0,,,1,0.0,,1753-01-01,0.0,0.0,0.0,0,0,0.0,0.0,0.0,0.0,,0,0,1.0,PC,PC,,0,0,0,,,,0.0,0.0,,PROMATS,0,,,,,,,,,,,,1753-01-01,1,1753-01-01,1753-01-01,00000000-0000-0000-0000-000000000000,EC30D469-806F-EB11-AA04-000D3AA30FE3,00000000-0000-0000-0000-000000000000,0,0,00000000-0000-0000-0000-000000000000,,,,0.0,0.0,0.0,0.0,0.0,0.0,0.0,0.0,0.0,0,0,,4F753DBB-AC35-EE11-A4EC-5E2CC006407F,2023-08-08 05:30:53.727,8FDCE4A2-E551-4114-AA5B-A4A6BAB4255F,2025-07-17 07:35:39.797,7A43DFC9-AF93-4335-A1C5-3ABC0B06A73C
b'\x00\x00\x00\x00\x0c\x88\x01\x90',PKF0257,,ADIVIA MET CATCH COVER,ADIVIA MET CATCH COVER,,PC,0,0,PROMO,,,1,0,0,0.0,0,0.0,3,2.08847,0.0,1.96429,0.0,1,1,,,,0.0,0.0,0.0,,0.0,0.0,,0.0,0.0,0.0,0.0,,,,0.0,,0.0,0.0,0.0,0,,2023-08-08 05:41:33.493,2023-08-08,1754-01-01 13:41:33.493,0,,PROMO,00000000-0000-0000-0000-000000000000,,0,,,GOODS12,1,,,0,0,,0,,,1,0.0,,1753-01-01,0.0,0.0,0.0,0,0,0.0,0.0,0.0,0.0,,0,0,1.0,PC,PC,,0,0,0,,,,0.0,0.0,,PROMATS,0,,,,,,,,,,,,1753-01-01,1,1753-01-01,1753-01-01,00000000-0000-0000-0000-000000000000,EC30D469-806F-EB11-AA04-000D3AA30FE3,00000000-0000-0000-0000-000000000000,0,0,00000000-0000-0000-0000-000000000000,,,,0.0,0.0,0.0,0.0,0.0,0.0,0.0,0.0,0.0,0,0,,7FC0CEC2-AD35-EE11-A4EC-5E2CC006407F,2023-08-08 05:38:11.900,8FDCE4A2-E551-4114-AA5B-A4A6BAB4255F,2025-11-28 03:24:25.287,34C3286C-E7F6-4F45-8F69-19CD015F1C1B
b'\x00\x00\x00\x00\x0c<\xf9\xb4',PKF0258,,PREG-M CATCH COVER,PREG-M CATCH COVER,,PC,0,0,PROMO,,,1,0,0,0.0,0,0.0,3,1.9196,0.0,1.91964,0.0,1,1,,,,0.0,0.0,0.0,,0.0,0.0,,0.0,0.0,0.0,0.0,,,,0.0,,0.0,0.0,0.0,0,,2023-08-16 01:58:03.653,2023-08-16,1754-01-01 09:58:03.653,0,,PROMO,00000000-0000-0000-0000-000000000000,,0,,,GOODS12,1,,,0,0,,0,,,1,0.0,,1753-01-01,0.0,0.0,0.0,0,0,0.0,0.0,0.0,0.0,,0,0,1.0,PC,PC,,0,0,0,,,,0.0,0.0,,PROMATS,0,,,,,,,,,,,,1753-01-01,1,1753-01-01,1753-01-01,00000000-0000-0000-0000-000000000000,EC30D469-806F-EB11-AA04-000D3AA30FE3,00000000-0000-0000-0000-000000000000,0,0,00000000-0000-0000-0000-000000000000,,,,0.0,0.0,0.0,0.0,0.0,0.0,0.0,0.0,0.0,0,0,,EDD76E73-D73B-EE11-A4EC-5E2CC006407F,2023-08-16 01:51:44.573,8FDCE4A2-E551-4114-AA5B-A4A6BAB4255F,2025-07-03 07:42:31.237,34C3286C-E7F6-4F45-8F69-19CD015F1C1B
b'\x00\x00\x00\x00\r\x05\xb0\xf9',PKF0259,,RESPI PROD PORFOLIO (DESLO/LEVO/SALME/DOXO/MONT),RESPI PROD PORFOLIO (DESLO/LEVO/SALME/DOXO/MONT),,PC,0,0,PROMO,,,1,0,0,0.0,0,0.0,3,1.16074,0.0,1.16071,0.0,1,1,,,,0.0,0.0,0.0,,0.0,0.0,,0.0,0.0,0.0,0.0,,,,0.0,,0.0,0.0,0.0,0,,2023-10-23 10:35:17.917,2023-10-23,1754-01-01 18:35:17.917,0,,PROMO,00000000-0000-0000-0000-000000000000,,0,,,GOODS12,1,,,0,0,,0,,,0,0.0,,1753-01-01,0.0,0.0,0.0,0,0,0.0,0.0,0.0,0.0,,0,0,1.0,PC,PC,,0,0,0,,,,0.0,0.0,,PROMATS,0,,,,,,,,,,,,1753-01-01,1,1753-01-01,1753-01-01,00000000-0000-0000-0000-000000000000,EC30D469-806F-EB11-AA04-000D3AA30FE3,00000000-0000-0000-0000-000000000000,0,0,00000000-0000-0000-0000-000000000000,,,,0.0,0.0,0.0,0.0,0.0,0.0,0.0,0.0,0.0,0,0,,ACF17D8B-8F71-EE11-A4EE-5E2CC006407F,2023-10-23 10:33:05.357,8FDCE4A2-E551-4114-AA5B-A4A6BAB4255F,2026-01-10 02:21:36.867,5428A7C5-0CCA-4C68-BF2D-3ED6031F3D6F
b'\x00\x00\x00\x00\x0cu\x16R',PKF0260,,DAPA-Z CATCH COVER,DAPA-Z CATCH COVER,,PC,0,0,PROMO,,,1,0,0,0.0,0,0.0,3,1.26786,0.0,1.26786,0.0,1,1,,,,0.0,0.0,0.0,,0.0,0.0,,0.0,0.0,0.0,0.0,,,,0.0,,0.0,0.0,0.0,0,,2024-02-13 01:13:04.870,2024-02-13,1754-01-01 09:13:04.870,0,,PROMO,00000000-0000-0000-0000-000000000000,,0,,,GOODS12,1,,,0,0,,0,,,1,0.0,,1753-01-01,0.0,0.0,0.0,0,0,0.0,0.0,0.0,0.0,,0,0,1.0,PC,PC,,0,0,0,,,,0.0,0.0,,PROMATS,0,,,,,,,,,,,,1753-01-01,1,1753-01-01,1753-01-01,00000000-0000-0000-0000-000000000000,EC30D469-806F-EB11-AA04-000D3AA30FE3,00000000-0000-0000-0000-000000000000,0,0,00000000-0000-0000-0000-000000000000,,,,0.0,0.0,0.0,0.0,0.0,0.0,0.0,0.0,0.0,0,0,,11B9D48A-0BCA-EE11-A4EE-5E2CC006407F,2024-02-13 01:02:22.773,8FDCE4A2-E551-4114-AA5B-A4A6BAB4255F,2025-10-24 01:34:39.793,34C3286C-E7F6-4F45-8F69-19CD015F1C1B
b'\x00\x00\x00\x00\x0c\x88\x00\xcc',PKF0261,,DAPA-Z STARTER DOSE x 3's,DAPA-Z STARTER DOSE X 3'S,,PC,0,0,PROMO,,,1,0,0,0.0,0,0.0,3,1.74079,0.0,1.85,0.0,1,1,,,,0.0,0.0,0.0,,0.0,0.0,,0.0,0.0,0.0,0.0,,,,0.0,,0.0,0.0,0.0,0,,2024-02-13 01:14:17.427,2024-02-13,1754-01-01 09:14:17.427,0,,PROMO,00000000-0000-0000-0000-000000000000,,0,,,GOODS12,1,,,0,0,,0,,,1,0.0,,1753-01-01,0.0,0.0,0.0,0,0,0.0,0.0,0.0,0.0,,0,0,1.0,PC,PC,,0,0,0,,,,0.0,0.0,,PROMATS,0,,,,,,,,,,,,1753-01-01,1,1753-01-01,1753-01-01,00000000-0000-0000-0000-000000000000,EC30D469-806F-EB11-AA04-000D3AA30FE3,00000000-0000-0000-0000-000000000000,0,0,00000000-0000-0000-0000-000000000000,,,,0.0,0.0,0.0,0.0,0.0,0.0,0.0,0.0,0.0,0,0,,D884E80B-0DCA-EE11-A4EE-5E2CC006407F,2024-02-13 01:13:08.823,8FDCE4A2-E551-4114-AA5B-A4A6BAB4255F,2025-11-28 03:23:25.887,34C3286C-E7F6-4F45-8F69-19CD015F1C1B
b'\x00\x00\x00\x00\x0bO\xc3\xb6',PKF0262,,TADAH FORTE TRADE BOX,TADAH FORTE TRADE BOX,,PC,0,0,PROMO,,,1,0,0,0.0,0,0.0,3,0.45777,0.0,0.45778,0.0,1,1,,,,0.0,0.0,0.0,,0.0,0.0,,0.0,0.0,0.0,0.0,,,,0.0,,0.0,0.0,0.0,0,,2024-05-03 06:24:19.057,2024-05-03,1754-01-01 14:24:19.057,0,,PROMO,00000000-0000-0000-0000-000000000000,,0,,,GOODS12,1,,,0,0,,0,,,1,0.0,,1753-01-01,0.0,0.0,0.0,0,0,0.0,0.0,0.0,0.0,,0,0,1.0,PC,PC,,0,0,0,,,,0.0,0.0,,PROMATS,0,,,,,,,,,,,,1753-01-01,1,1753-01-01,1753-01-01,00000000-0000-0000-0000-000000000000,EC30D469-806F-EB11-AA04-000D3AA30FE3,00000000-0000-0000-0000-000000000000,0,0,00000000-0000-0000-0000-000000000000,,,,0.0,0.0,0.0,0.0,0.0,0.0,0.0,0.0,0.0,0,0,,9F23D0A4-1509-EF11-A4F0-5E2CC006407F,2024-05-03 06:23:24.583,8FDCE4A2-E551-4114-AA5B-A4A6BAB4255F,2025-01-30 08:42:52.667,34C3286C-E7F6-4F45-8F69-19CD015F1C1B
b'\x00\x00\x00\x00\r\x05\xb0\xe7',PKF0263,,BRICOR CATCH COVER 1's,BRICOR CATCH COVER 1'S,,PC,0,0,PROMO,,,1,0,0,0.0,0,0.0,3,1.11607,0.0,1.11607,0.0,1,1,,,,0.0,0.0,0.0,,0.0,0.0,,0.0,0.0,0.0,0.0,,,,0.0,,0.0,0.0,0.0,0,,2024-06-06 08:17:30.773,2024-06-06,1754-01-01 16:17:30.773,0,,PROMO,00000000-0000-0000-0000-000000000000,,0,,,GOODS12,1,,,0,0,,0,,,1,0.0,,1753-01-01,0.0,0.0,0.0,0,0,0.0,0.0,0.0,0.0,,0,0,1.0,PC,PC,,0,0,0,,,,0.0,0.0,,PROMATS,0,,,,,,,,,,,,1753-01-01,1,1753-01-01,1753-01-01,00000000-0000-0000-0000-000000000000,EC30D469-806F-EB11-AA04-000D3AA30FE3,00000000-0000-0000-0000-000000000000,0,0,00000000-0000-0000-0000-000000000000,,,,0.0,0.0,0.0,0.0,0.0,0.0,0.0,0.0,0.0,0,0,,7FF325FC-DC23-EF11-A4F3-5E2CC006407F,2024-06-06 08:15:51.220,8FDCE4A2-E551-4114-AA5B-A4A6BAB4255F,2026-01-10 02:21:36.607,5428A7C5-0CCA-4C68-BF2D-3ED6031F3D6F
b'\x00\x00\x00\x00\x0cJ\x82m',PKF0264,,BRICOR STARTER PACK 3's,BRICOR STARTER PACK 3'S,,PC,0,0,PROMO,,,1,0,0,0.0,0,0.0,3,1.16071,0.0,1.16071,0.0,1,1,,,,0.0,0.0,0.0,,0.0,0.0,,0.0,0.0,0.0,0.0,,,,0.0,,0.0,0.0,0.0,0,,2024-06-06 08:23:34.950,2024-06-06,1754-01-01 16:23:34.950,0,,PROMO,00000000-0000-0000-0000-000000000000,,0,,,GOODS12,1,,,0,0,,0,,,1,0.0,,1753-01-01,0.0,0.0,0.0,0,0,0.0,0.0,0.0,0.0,,0,0,1.0,PC,PC,,0,0,0,,,,0.0,0.0,,PROMATS,0,,,,,,,,,,,,1753-01-01,1,1753-01-01,1753-01-01,00000000-0000-0000-0000-000000000000,EC30D469-806F-EB11-AA04-000D3AA30FE3,00000000-0000-0000-0000-000000000000,0,0,00000000-0000-0000-0000-000000000000,,,,0.0,0.0,0.0,0.0,0.0,0.0,0.0,0.0,0.0,0,0,,86C31954-DD23-EF11-A4F3-5E2CC006407F,2024-06-06 08:18:20.657,8FDCE4A2-E551-4114-AA5B-A4A6BAB4255F,2025-07-29 08:36:14.560,34C3286C-E7F6-4F45-8F69-19CD015F1C1B
b'\x00\x00\x00\x00\x0cLx-',PKF0265,,TRACY CATCH COVER,TRACY CATCH COVER,,PC,0,0,PROMO,,,1,0,0,0.0,0,0.0,3,1.69643,0.0,1.69643,0.0,1,1,,,,0.0,0.0,0.0,,0.0,0.0,,0.0,0.0,0.0,0.0,,,,0.0,,0.0,0.0,0.0,0,,2024-07-29 05:55:24.523,2024-07-29,1754-01-01 13:55:24.523,0,,PROMO,00000000-0000-0000-0000-000000000000,,0,,,GOODS12,1,,,0,0,,0,,,0,0.0,,1753-01-01,0.0,0.0,0.0,0,0,0.0,0.0,0.0,0.0,,0,0,1.0,PC,PC,,0,0,0,,,,0.0,0.0,,PROMATS,0,,,,,,,,,,,,1753-01-01,1,1753-01-01,1753-01-01,00000000-0000-0000-0000-000000000000,EC30D469-806F-EB11-AA04-000D3AA30FE3,00000000-0000-0000-0000-000000000000,0,0,00000000-0000-0000-0000-000000000000,,,,0.0,0.0,0.0,0.0,0.0,0.0,0.0,0.0,0.0,0,0,,3F2EB2CC-6E4D-EF11-A4F5-5E2CC006407F,2024-07-29 05:52:59.513,8FDCE4A2-E551-4114-AA5B-A4A6BAB4255F,2025-08-01 05:54:42.153,34C3286C-E7F6-4F45-8F69-19CD015F1C1B
b'\x00\x00\x00\x00\r\x05\xb0\xe9',PKF0266,,TADAH/FLORA/LEVIT/TRIPGEN 4IN1 CATCHCOVER,TADAH/FLORA/LEVIT/TRIPGEN 4IN1 CATCHCOVER,,PC,0,0,PROMO,,,1,0,0,0.0,0,0.0,3,3.57143,0.0,0.0,0.0,1,1,,,,0.0,0.0,0.0,,0.0,0.0,,0.0,0.0,0.0,0.0,,,,0.0,,0.0,0.0,0.0,0,,2024-09-20 08:28:40.293,2024-09-20,1754-01-01 16:28:40.293,0,,PROMO,00000000-0000-0000-0000-000000000000,,0,,,GOODS12,1,,,0,0,,0,,,1,0.0,,1753-01-01,0.0,0.0,0.0,0,0,0.0,0.0,0.0,0.0,,0,0,1.0,PC,PC,,0,0,0,,,,0.0,0.0,,PROMATS,0,,,,,,,,,,,,1753-01-01,1,1753-01-01,1753-01-01,00000000-0000-0000-0000-000000000000,EC30D469-806F-EB11-AA04-000D3AA30FE3,00000000-0000-0000-0000-000000000000,0,0,00000000-0000-0000-0000-000000000000,,,,0.0,0.0,0.0,0.0,0.0,0.0,0.0,0.0,0.0,0,0,,6981EAC5-2977-EF11-A4F6-5E2CC006407F,2024-09-20 08:24:37.970,8FDCE4A2-E551-4114-AA5B-A4A6BAB4255F,2026-01-10 02:21:36.633,5428A7C5-0CCA-4C68-BF2D-3ED6031F3D6F
b'\x00\x00\x00\x00\r\x05\xb0\xeb',PKF0267,,PREG-M/PLETAX/VENOX/ENTEGARD 4IN1 CATCHCOVER,PREG-M/PLETAX/VENOX/ENTEGARD 4IN1 CATCHCOVER,,PC,0,0,PROMO,,,1,0,0,0.0,0,0.0,3,3.57143,0.0,0.0,0.0,1,1,,,,0.0,0.0,0.0,,0.0,0.0,,0.0,0.0,0.0,0.0,,,,0.0,,0.0,0.0,0.0,0,,2024-09-20 08:31:51.007,2024-09-20,1754-01-01 16:31:51.007,0,,PROMO,00000000-0000-0000-0000-000000000000,,0,,,GOODS12,1,,,0,0,,0,,,1,0.0,,1753-01-01,0.0,0.0,0.0,0,0,0.0,0.0,0.0,0.0,,0,0,1.0,PC,PC,,0,0,0,,,,0.0,0.0,,PROMATS,0,,,,,,,,,,,,1753-01-01,1,1753-01-01,1753-01-01,00000000-0000-0000-0000-000000000000,EC30D469-806F-EB11-AA04-000D3AA30FE3,00000000-0000-0000-0000-000000000000,0,0,00000000-0000-0000-0000-000000000000,,,,0.0,0.0,0.0,0.0,0.0,0.0,0.0,0.0,0.0,0,0,,06D6145B-2A77-EF11-A4F6-5E2CC006407F,2024-09-20 08:28:48.220,8FDCE4A2-E551-4114-AA5B-A4A6BAB4255F,2026-01-10 02:21:36.660,5428A7C5-0CCA-4C68-BF2D-3ED6031F3D6F
b'\x00\x00\x00\x00\r\x05\xb0\xed',PKF0268,,URLYX/RABEGEN/RISGEN/QUETIAPRO 4IN1 CATCHCOVER,URLYX/RABEGEN/RISGEN/QUETIAPRO 4IN1 CATCHCOVER,,PC,0,0,PROMO,,,1,0,0,0.0,0,0.0,3,3.57143,0.0,0.0,0.0,1,1,,,,0.0,0.0,0.0,,0.0,0.0,,0.0,0.0,0.0,0.0,,,,0.0,,0.0,0.0,0.0,0,,2024-09-20 08:34:56.010,2024-09-20,1754-01-01 16:34:56.010,0,,PROMO,00000000-0000-0000-0000-000000000000,,0,,,GOODS12,1,,,0,0,,0,,,1,0.0,,1753-01-01,0.0,0.0,0.0,0,0,0.0,0.0,0.0,0.0,,0,0,1.0,PC,PC,,0,0,0,,,,0.0,0.0,,PROMATS,0,,,,,,,,,,,,1753-01-01,1,1753-01-01,1753-01-01,00000000-0000-0000-0000-000000000000,EC30D469-806F-EB11-AA04-000D3AA30FE3,00000000-0000-0000-0000-000000000000,0,0,00000000-0000-0000-0000-000000000000,,,,0.0,0.0,0.0,0.0,0.0,0.0,0.0,0.0,0.0,0,0,,19C0B1CA-2A77-EF11-A4F6-5E2CC006407F,2024-09-20 08:31:55.477,8FDCE4A2-E551-4114-AA5B-A4A6BAB4255F,2026-01-10 02:21:36.683,5428A7C5-0CCA-4C68-BF2D-3ED6031F3D6F
b'\x00\x00\x00\x00\r\x05\xb0\xef',PKF0269,,MONTAIR CATCHCOVER,MONTAIR CATCHCOVER,,PC,0,0,PROMO,,,1,0,0,0.0,0,0.0,3,3.48214,0.0,3.48214,0.0,1,1,,,,0.0,0.0,0.0,,0.0,0.0,,0.0,0.0,0.0,0.0,,,,0.0,,0.0,0.0,0.0,0,,2025-05-08 07:40:34.967,2025-05-08,1754-01-01 15:40:34.967,0,,PROMO,00000000-0000-0000-0000-000000000000,,0,,,GOODS12,1,,,0,0,,0,,,1,0.0,,1753-01-01,0.0,0.0,0.0,0,0,0.0,0.0,0.0,0.0,,0,0,1.0,PC,PC,,0,0,0,,,,0.0,0.0,,PROMATS,0,,,,,,,,,,,,1753-01-01,1,1753-01-01,1753-01-01,00000000-0000-0000-0000-000000000000,EC30D469-806F-EB11-AA04-000D3AA30FE3,00000000-0000-0000-0000-000000000000,0,0,00000000-0000-0000-0000-000000000000,,,,0.0,0.0,0.0,0.0,0.0,0.0,0.0,0.0,0.0,0,0,,45F54C08-DF2B-F011-A4FA-5E2CC006407F,2025-05-08 07:35:37.547,8FDCE4A2-E551-4114-AA5B-A4A6BAB4255F,2026-01-10 02:21:36.693,5428A7C5-0CCA-4C68-BF2D-3ED6031F3D6F
b'\x00\x00\x00\x00\x0c@\x8a>',PKF0270,,ARIGEN CATCH COVER,ARIGEN CATCH COVER,,PC,0,0,PROMO,,,1,0,0,0.0,0,0.0,3,0.0,0.0,0.0,0.0,1,1,,,,0.0,0.0,0.0,,0.0,0.0,,0.0,0.0,0.0,0.0,,,,0.0,,0.0,0.0,0.0,0,,2025-07-09 07:29:43.740,2025-07-09,1754-01-01 15:29:43.740,0,,PROMO,00000000-0000-0000-0000-000000000000,,0,,,GOODS12,1,,,0,0,,0,,,0,0.0,,1753-01-01,0.0,0.0,0.0,0,0,0.0,0.0,0.0,0.0,,0,0,1.0,PC,PC,,0,0,0,,,,0.0,0.0,,PROMATS,0,,,,,,,,,,,,1753-01-01,1,1753-01-01,1753-01-01,00000000-0000-0000-0000-000000000000,EC30D469-806F-EB11-AA04-000D3AA30FE3,00000000-0000-0000-0000-000000000000,0,0,00000000-0000-0000-0000-000000000000,,,,0.0,0.0,0.0,0.0,0.0,0.0,0.0,0.0,0.0,0,0,,E0B27B47-965C-F011-A4FB-5E2CC006407F,2025-07-09 07:28:17.263,8FDCE4A2-E551-4114-AA5B-A4A6BAB4255F,2025-07-09 07:29:43.740,8FDCE4A2-E551-4114-AA5B-A4A6BAB4255F
b'\x00\x00\x00\x00\r\x05\xb0\xfb',PKF0271,,ARIVAX CATCHCOVER,ARIVAX CATCHCOVER,,PC,0,0,PROMO,,,1,0,0,0.0,0,0.0,3,1.5625,0.0,0.0,0.0,1,1,,,,0.0,0.0,0.0,,0.0,0.0,,0.0,0.0,0.0,0.0,,,,0.0,,0.0,0.0,0.0,0,,2025-11-26 06:04:55.887,2025-11-26,1754-01-01 14:04:55.887,0,,PROMO,00000000-0000-0000-0000-000000000000,,0,,,GOODS12,1,,,0,0,,0,,,0,0.0,,1753-01-01,0.0,0.0,0.0,0,0,0.0,0.0,0.0,0.0,,0,0,1.0,PC,PC,,0,0,0,,,,0.0,0.0,,PROMATS,0,,,,,,,,,,,,1753-01-01,1,1753-01-01,1753-01-01,00000000-0000-0000-0000-000000000000,EC30D469-806F-EB11-AA04-000D3AA30FE3,00000000-0000-0000-0000-000000000000,0,0,00000000-0000-0000-0000-000000000000,,,,0.0,0.0,0.0,0.0,0.0,0.0,0.0,0.0,0.0,0,0,,378DE9A1-8DCA-F011-A4FE-5E2CC006407F,2025-11-26 06:03:39.667,8FDCE4A2-E551-4114-AA5B-A4A6BAB4255F,2026-01-10 02:21:36.877,5428A7C5-0CCA-4C68-BF2D-3ED6031F3D6F
b'\x00\x00\x00\x00\x06~\x18\xe0',PKI0005,,DESLOGEN-PRODUCT INSERT,DESLOGEN-PRODUCT INSERT,,PC,0,0,PROMO,,,1,0,0,0.0,0,0.0,3,0.58066,0.0,0.58068,0.0,1,1,,,,0.0,0.0,0.0,,0.0,0.0,,0.0,0.0,0.0,0.0,,,,0.0,,0.0,0.0,0.0,0,,2021-11-18 08:25:15.983,2021-11-18,1754-01-01 16:25:15.983,0,,PROMO,00000000-0000-0000-0000-000000000000,,0,,,GOODS12,1,,,0,0,,0,,,1,0.0,,1753-01-01,0.0,0.0,0.0,0,0,0.0,0.0,0.0,0.0,,0,0,1.0,PC,PC,,0,0,0,,,,0.0,0.0,,PROMATS,0,,,,,,,,,,,,1753-01-01,1,1753-01-01,1753-01-01,00000000-0000-0000-0000-000000000000,00000000-0000-0000-0000-000000000000,00000000-0000-0000-0000-000000000000,0,0,00000000-0000-0000-0000-000000000000,,,,0.0,0.0,0.0,0.0,0.0,0.0,0.0,0.0,0.0,0,0,,29B11CA2-2178-EB11-AA10-000D3AA30FE3,2021-02-26 10:59:04.617,7E45060B-A2A4-4F72-B553-3234C753B380,2023-01-04 09:17:28.850,7AD07521-F6AE-4809-A290-DA4B447C23C4
b'\x00\x00\x00\x00\x08Z\xb3\xcf',PKI0013,,RENOCELL-PRODUCT INSERT,RENOCELL-PRODUCT INSERT,,PC,0,0,PROMO,,,1,0,0,0.0,0,0.0,3,0.58036,0.0,0.58036,0.0,1,1,,,,0.0,0.0,0.0,,0.0,0.0,,0.0,0.0,0.0,0.0,,,,0.0,,0.0,0.0,0.0,0,,2021-11-18 08:25:22.787,2021-11-18,1754-01-01 16:25:22.787,0,,PROMO,00000000-0000-0000-0000-000000000000,,0,,,GOODS12,1,,,0,0,,0,,,0,0.0,,1753-01-01,0.0,0.0,0.0,0,0,0.0,0.0,0.0,0.0,,0,0,1.0,PC,PC,,0,0,0,,,,0.0,0.0,,PROMATS,0,,,,,,,,,,,,1753-01-01,1,1753-01-01,1753-01-01,00000000-0000-0000-0000-000000000000,00000000-0000-0000-0000-000000000000,00000000-0000-0000-0000-000000000000,0,0,00000000-0000-0000-0000-000000000000,,,,0.0,0.0,0.0,0.0,0.0,0.0,0.0,0.0,0.0,0,0,,2AB11CA2-2178-EB11-AA10-000D3AA30FE3,2021-02-26 10:59:04.630,7E45060B-A2A4-4F72-B553-3234C753B380,2024-02-07 01:59:37.890,4A96EAA9-3DB9-423D-8512-43281713C4ED
b'\x00\x00\x00\x00\x05\xe1\x956',PKI0017,,RAMIPRO-PRODUCT INSERT,RAMIPRO-PRODUCT INSERT,,PC,0,0,PROMO,,,1,0,0,0.0,0,0.0,3,0.54944,0.0,0.54944,0.0,1,1,,,,0.0,0.0,0.0,,0.0,0.0,,0.0,0.0,0.0,0.0,,,,0.0,,0.0,0.0,0.0,0,,2021-11-18 08:25:30.363,2021-11-18,1754-01-01 16:25:30.363,0,,PROMO,00000000-0000-0000-0000-000000000000,,0,,,GOODS12,1,,,0,0,,0,,,1,0.0,,1753-01-01,0.0,0.0,0.0,0,0,0.0,0.0,0.0,0.0,,0,0,1.0,PC,PC,,0,0,0,,,,0.0,0.0,,PROMATS,0,,,,,,,,,,,,1753-01-01,1,1753-01-01,1753-01-01,00000000-0000-0000-0000-000000000000,00000000-0000-0000-0000-000000000000,00000000-0000-0000-0000-000000000000,0,0,00000000-0000-0000-0000-000000000000,,,,0.0,0.0,0.0,0.0,0.0,0.0,0.0,0.0,0.0,0,0,,2BB11CA2-2178-EB11-AA10-000D3AA30FE3,2021-02-26 10:59:04.630,7E45060B-A2A4-4F72-B553-3234C753B380,2022-05-27 05:58:21.033,70170656-5682-4370-856C-D35272AD94A5
b'\x00\x00\x00\x00\x06~\x18\xe2',PKI0018,,AMLODINE-PRODUCT INSERT,AMLODINE-PRODUCT INSERT,,PC,0,0,PROMO,,,1,0,0,0.0,0,0.0,3,0.58036,0.0,0.58,0.0,1,1,,,,0.0,0.0,0.0,,0.0,0.0,,0.0,0.0,0.0,0.0,,,,0.0,,0.0,0.0,0.0,0,,2021-11-18 08:25:36.813,2021-11-18,1754-01-01 16:25:36.813,0,,PROMO,00000000-0000-0000-0000-000000000000,,0,,,GOODS12,1,,,0,0,,0,,,1,0.0,,1753-01-01,0.0,0.0,0.0,0,0,0.0,0.0,0.0,0.0,,0,0,1.0,PC,PC,,0,0,0,,,,0.0,0.0,,PROMATS,0,,,,,,,,,,,,1753-01-01,1,1753-01-01,1753-01-01,00000000-0000-0000-0000-000000000000,00000000-0000-0000-0000-000000000000,00000000-0000-0000-0000-000000000000,0,0,00000000-0000-0000-0000-000000000000,,,,0.0,0.0,0.0,0.0,0.0,0.0,0.0,0.0,0.0,0,0,,2CB11CA2-2178-EB11-AA10-000D3AA30FE3,2021-02-26 10:59:04.647,7E45060B-A2A4-4F72-B553-3234C753B380,2023-01-04 09:17:28.863,7AD07521-F6AE-4809-A290-DA4B447C23C4
b'\x00\x00\x00\x00\x06j\x19D',PKI0019,,ATOR-PRODUCT INSERT,ATOR-PRODUCT INSERT,,PC,0,0,PROMO,,,1,0,0,0.0,0,0.0,3,0.58048,0.0,0.58036,0.0,1,1,,,,0.0,0.0,0.0,,0.0,0.0,,0.0,0.0,0.0,0.0,,,,0.0,,0.0,0.0,0.0,0,,2021-11-18 08:25:44.547,2021-11-18,1754-01-01 16:25:44.547,0,,PROMO,00000000-0000-0000-0000-000000000000,,0,,,GOODS12,1,,,0,0,,0,,,1,0.0,,1753-01-01,0.0,0.0,0.0,0,0,0.0,0.0,0.0,0.0,,0,0,1.0,PC,PC,,0,0,0,,,,0.0,0.0,,PROMATS,0,,,,,,,,,,,,1753-01-01,1,1753-01-01,1753-01-01,00000000-0000-0000-0000-000000000000,00000000-0000-0000-0000-000000000000,00000000-0000-0000-0000-000000000000,0,0,00000000-0000-0000-0000-000000000000,,,,0.0,0.0,0.0,0.0,0.0,0.0,0.0,0.0,0.0,0,0,,2DB11CA2-2178-EB11-AA10-000D3AA30FE3,2021-02-26 10:59:04.647,7E45060B-A2A4-4F72-B553-3234C753B380,2022-11-08 09:25:11.327,231778F0-FC62-474D-8BCC-F79E6C896C7A
b'\x00\x00\x00\x00\x05\xda\x92\x95',PKI0020,,LOSARGARD-PRODUCT INSERT,LOSARGARD-PRODUCT INSERT,,PC,0,0,PROMO,,,1,0,0,0.0,0,0.0,3,0.40179,0.0,0.40179,0.0,1,1,,,,0.0,0.0,0.0,,0.0,0.0,,0.0,0.0,0.0,0.0,,,,0.0,,0.0,0.0,0.0,0,,2021-11-18 08:25:52.017,2021-11-18,1754-01-01 16:25:52.017,0,,PROMO,00000000-0000-0000-0000-000000000000,,0,,,GOODS12,1,,,0,0,,0,,,1,0.0,,1753-01-01,0.0,0.0,0.0,0,0,0.0,0.0,0.0,0.0,,0,0,1.0,PC,PC,,0,0,0,,,,0.0,0.0,,PROMATS,0,,,,,,,,,,,,1753-01-01,1,1753-01-01,1753-01-01,00000000-0000-0000-0000-000000000000,00000000-0000-0000-0000-000000000000,00000000-0000-0000-0000-000000000000,0,0,00000000-0000-0000-0000-000000000000,,,,0.0,0.0,0.0,0.0,0.0,0.0,0.0,0.0,0.0,0,0,,2EB11CA2-2178-EB11-AA10-000D3AA30FE3,2021-02-26 10:59:04.647,7E45060B-A2A4-4F72-B553-3234C753B380,2022-05-12 03:54:46.480,70170656-5682-4370-856C-D35272AD94A5
b'\x00\x00\x00\x00\x04\xcf\x91G',PKI0033,,CLONIGEN COMMON INSERT,CLONIGEN COMMON INSERT,,PC,0,0,PROMO,,,1,0,0,0.0,0,0.0,3,0.0,0.0,0.0,0.0,1,1,,,,0.0,0.0,0.0,,0.0,0.0,,0.0,0.0,0.0,0.0,,,,0.0,,0.0,0.0,0.0,0,,2021-11-18 08:44:16.887,2021-11-18,1754-01-01 16:44:16.887,0,,PROMO,00000000-0000-0000-0000-000000000000,,0,,,GOODS12,1,,,0,0,,0,,,0,0.0,,1753-01-01,0.0,0.0,0.0,0,0,0.0,0.0,0.0,0.0,,0,0,1.0,PC,PC,,0,0,0,,,,0.0,0.0,,PROMATS,0,,,,,,,,,,,,1753-01-01,1,1753-01-01,1753-01-01,00000000-0000-0000-0000-000000000000,00000000-0000-0000-0000-000000000000,00000000-0000-0000-0000-000000000000,0,0,00000000-0000-0000-0000-000000000000,,,,0.0,0.0,0.0,0.0,0.0,0.0,0.0,0.0,0.0,0,0,,2FB11CA2-2178-EB11-AA10-000D3AA30FE3,2021-02-26 10:59:04.663,7E45060B-A2A4-4F72-B553-3234C753B380,2021-11-18 08:44:16.887,8FDCE4A2-E551-4114-AA5B-A4A6BAB4255F
b'\x00\x00\x00\x00\x08`K\xc5',PKI0035,,AMLOD PLUS COMMON INSERT NEW,AMLOD PLUS COMMON INSERT NEW,,PC,0,0,PROMO,,,1,0,0,0.0,0,0.0,3,0.00393,0.0,0.00393,0.0,1,1,,,,0.0,0.0,0.0,,0.0,0.0,,0.0,0.0,0.0,0.0,,,,0.0,,0.0,0.0,0.0,0,,2021-11-18 08:26:00.403,2021-11-18,1754-01-01 16:26:00.403,0,,PROMO,00000000-0000-0000-0000-000000000000,,0,,,GOODS12,1,,,0,0,,0,,,0,0.0,,1753-01-01,0.0,0.0,0.0,0,0,0.0,0.0,0.0,0.0,,0,0,1.0,PC,PC,,0,0,0,,,,0.0,0.0,,PROMATS,0,,,,,,,,,,,,1753-01-01,1,1753-01-01,1753-01-01,00000000-0000-0000-0000-000000000000,00000000-0000-0000-0000-000000000000,00000000-0000-0000-0000-000000000000,0,0,00000000-0000-0000-0000-000000000000,,,,0.0,0.0,0.0,0.0,0.0,0.0,0.0,0.0,0.0,0,0,,30B11CA2-2178-EB11-AA10-000D3AA30FE3,2021-02-26 10:59:04.663,7E45060B-A2A4-4F72-B553-3234C753B380,2024-02-17 08:31:02.337,4A96EAA9-3DB9-423D-8512-43281713C4ED
b'\x00\x00\x00\x00\x0c\x88\x04\xc2',PKI0037,,PHYSICIAN'S SAMPLE STICKER,PHYSICIAN'S SAMPLE STICKER,,PC,0,0,PROMO,,,1,0,0,0.0,0,0.0,3,0.16837,0.0,0.16836,0.0,1,1,,,,0.0,0.0,0.0,,0.0,0.0,,0.0,0.0,0.0,0.0,,,,0.0,,0.0,0.0,0.0,0,,2024-07-31 00:45:33.867,2024-07-31,1754-01-01 08:45:33.867,0,,PROMO,00000000-0000-0000-0000-000000000000,,0,,,GOODS12,1,,,0,0,,0,,,1,0.0,,1753-01-01,0.0,0.0,0.0,0,0,0.0,0.0,0.0,0.0,,0,0,1.0,PC,PC,,0,0,0,,,,0.0,0.0,,PROMATS,0,,,,,,,,,,,,1753-01-01,1,1753-01-01,1753-01-01,00000000-0000-0000-0000-000000000000,00000000-0000-0000-0000-000000000000,00000000-0000-0000-0000-000000000000,0,0,00000000-0000-0000-0000-000000000000,,,,0.0,0.0,0.0,0.0,0.0,0.0,0.0,0.0,0.0,0,0,,31B11CA2-2178-EB11-AA10-000D3AA30FE3,2021-02-26 10:59:04.677,7E45060B-A2A4-4F72-B553-3234C753B380,2025-11-28 03:29:01.747,34C3286C-E7F6-4F45-8F69-19CD015F1C1B
b'\x00\x00\x00\x00\x04\xcf\x91t',PKI0038,,AMLODINE PLUS PRODUCT INSERT,AMLODINE PLUS PRODUCT INSERT,,PC,0,0,PACKAGING,,,1,0,0,0.0,0,0.0,3,0.0,0.0,0.0,0.0,1,1,,,,0.0,0.0,0.0,,0.0,0.0,,0.0,0.0,0.0,0.0,,,,0.0,,0.0,0.0,0.0,0,,2021-11-18 08:45:29.763,2021-11-18,1754-01-01 16:45:29.763,0,,PACKAGING,00000000-0000-0000-0000-000000000000,,0,,,GOODS12,1,,,0,0,,0,,,0,0.0,,1753-01-01,0.0,0.0,0.0,0,0,0.0,0.0,0.0,0.0,,0,0,1.0,PC,PC,,0,0,0,,,,0.0,0.0,,PROMATS,0,,,,,,,,,,,,1753-01-01,1,1753-01-01,1753-01-01,00000000-0000-0000-0000-000000000000,00000000-0000-0000-0000-000000000000,00000000-0000-0000-0000-000000000000,0,0,00000000-0000-0000-0000-000000000000,,,,0.0,0.0,0.0,0.0,0.0,0.0,0.0,0.0,0.0,0,0,,32B11CA2-2178-EB11-AA10-000D3AA30FE3,2021-02-26 10:59:04.677,7E45060B-A2A4-4F72-B553-3234C753B380,2021-11-18 08:45:29.763,8FDCE4A2-E551-4114-AA5B-A4A6BAB4255F
b'\x00\x00\x00\x00\x06`P\xc0',PKI0039,,ADIVIA PRODUCT INSERT,ADIVIA PRODUCT INSERT,,PC,0,0,PROMO,,,1,0,0,0.0,0,0.0,3,0.37946,0.0,0.37946,0.0,1,1,,,,0.0,0.0,0.0,,0.0,0.0,,0.0,0.0,0.0,0.0,,,,0.0,,0.0,0.0,0.0,0,,2021-03-26 00:47:10.850,2021-03-26,1754-01-01 08:47:10.850,0,,PROMO,00000000-0000-0000-0000-000000000000,,0,,,GOODS12,1,,,0,0,,0,,,1,0.0,,1753-01-01,0.0,0.0,0.0,0,0,0.0,0.0,0.0,0.0,,0,0,1.0,PC,PC,,0,0,0,,,,0.0,0.0,,PROMATS,0,,,,,,,,,,,,1753-01-01,1,1753-01-01,1753-01-01,00000000-0000-0000-0000-000000000000,EC30D469-806F-EB11-AA04-000D3AA30FE3,00000000-0000-0000-0000-000000000000,0,0,00000000-0000-0000-0000-000000000000,,,,0.0,0.0,0.0,0.0,0.0,0.0,0.0,0.0,0.0,0,0,,66D23E0F-348D-EB11-AA37-000D3AA30FE3,2021-03-25 06:33:50.853,7E45060B-A2A4-4F72-B553-3234C753B380,2022-10-20 08:01:07.687,231778F0-FC62-474D-8BCC-F79E6C896C7A
b'\x00\x00\x00\x00\x04\xcf\x91{',PKL0004,,"SEAL STICKER ""GOVERNMENT PROP","SEAL STICKER ""GOVERNMENT PROP",GOV'T PROPERTY NOT FOR SALE,PC,0,0,PACKAGING,,,1,0,0,0.0,0,0.0,3,0.0,0.0,0.0,0.0,1,1,,,,0.0,0.0,0.0,,0.0,0.0,,0.0,0.0,0.0,0.0,,,,0.0,,0.0,0.0,0.0,0,,2021-11-18 08:46:00.537,2021-11-18,1754-01-01 16:46:00.537,0,,PACKAGING,00000000-0000-0000-0000-000000000000,,0,,,GOODS12,1,,,0,0,,0,,,0,0.0,,1753-01-01,0.0,0.0,0.0,0,0,0.0,0.0,0.0,0.0,,0,0,1.0,PC,PC,,0,0,0,,,,0.0,0.0,,PACKAGING,0,,,,,,,,,,,,1753-01-01,1,1753-01-01,1753-01-01,00000000-0000-0000-0000-000000000000,00000000-0000-0000-0000-000000000000,00000000-0000-0000-0000-000000000000,0,0,00000000-0000-0000-0000-000000000000,,,,0.0,0.0,0.0,0.0,0.0,0.0,0.0,0.0,0.0,0,0,,33B11CA2-2178-EB11-AA10-000D3AA30FE3,2021-02-26 10:59:04.693,7E45060B-A2A4-4F72-B553-3234C753B380,2021-11-18 08:46:00.537,8FDCE4A2-E551-4114-AA5B-A4A6BAB4255F
b'\x00\x00\x00\x00\x0b_[\xab',PKL0006,,SALMEFLO SPACER STICKER,SALMEFLO SPACER STICKER,,PC,0,0,PACKAGING,,,1,0,0,0.0,0,0.0,3,2.23214,0.0,2.23214,0.0,1,1,,,,0.0,0.0,0.0,,0.0,0.0,,0.0,0.0,0.0,0.0,,,,0.0,,0.0,0.0,0.0,0,,2021-11-18 08:26:26.080,2021-11-18,1754-01-01 16:26:26.080,0,,PACKAGING,00000000-0000-0000-0000-000000000000,,0,,,GOODS12,1,,,0,0,,0,,,0,0.0,,1753-01-01,0.0,0.0,0.0,0,0,0.0,0.0,0.0,0.0,,0,0,1.0,PC,PC,,0,0,0,,,,0.0,0.0,,PACKAGING,0,,,,,,,,,,,,1753-01-01,1,1753-01-01,1753-01-01,00000000-0000-0000-0000-000000000000,00000000-0000-0000-0000-000000000000,00000000-0000-0000-0000-000000000000,0,0,00000000-0000-0000-0000-000000000000,,,,0.0,0.0,0.0,0.0,0.0,0.0,0.0,0.0,0.0,0,0,,34B11CA2-2178-EB11-AA10-000D3AA30FE3,2021-02-26 10:59:04.710,7E45060B-A2A4-4F72-B553-3234C753B380,2025-02-27 05:13:17.937,34C3286C-E7F6-4F45-8F69-19CD015F1C1B
b'\x00\x00\x00\x00\x07\xc9}\xaf',PRI0043,,ZEFUR BALLPEN,ZEFUR BALLPEN,,PC,0,0,PROMO,,,1,0,0,0.0,0,0.0,3,21.428,0.0,21.42857,0.0,1,1,,,,0.0,0.0,0.0,,0.0,0.0,,0.0,0.0,0.0,0.0,,,,0.0,,0.0,0.0,0.0,0,,2021-11-18 08:26:33.943,2021-11-18,1754-01-01 16:26:33.943,0,,PROMO,00000000-0000-0000-0000-000000000000,,0,,,GOODS12,1,,,0,0,,0,,,0,0.0,,1753-01-01,0.0,0.0,0.0,0,0,0.0,0.0,0.0,0.0,,0,0,1.0,PC,PC,,0,0,0,,,,0.0,0.0,,PROMATS,0,,,,,,,,,,,,1753-01-01,1,1753-01-01,1753-01-01,00000000-0000-0000-0000-000000000000,00000000-0000-0000-0000-000000000000,00000000-0000-0000-0000-000000000000,0,0,00000000-0000-0000-0000-000000000000,,,,0.0,0.0,0.0,0.0,0.0,0.0,0.0,0.0,0.0,0,0,,35B11CA2-2178-EB11-AA10-000D3AA30FE3,2021-02-26 10:59:04.710,7E45060B-A2A4-4F72-B553-3234C753B380,2023-10-24 10:17:20.383,83933D16-6033-4803-80F6-95D04AA4CABA
b'\x00\x00\x00\x00\x04\xcf\x91\x83',PRI0063,,SALMEFLO SPACER,SALMEFLO SPACER,,PC,0,0,PROMO,,,1,0,0,0.0,0,0.0,3,0.0,0.0,0.0,0.0,1,1,,,,0.0,0.0,0.0,,0.0,0.0,,0.0,0.0,0.0,0.0,,,,0.0,,0.0,0.0,0.0,0,,2021-11-18 08:46:14.500,2021-11-18,1754-01-01 16:46:14.500,0,,PROMO,00000000-0000-0000-0000-000000000000,,0,,,GOODS12,1,,,0,0,,0,,,0,0.0,,1753-01-01,0.0,0.0,0.0,0,0,0.0,0.0,0.0,0.0,,0,0,1.0,PC,PC,,0,0,0,,,,0.0,0.0,,PROMATS,0,,,,,,,,,,,,1753-01-01,1,1753-01-01,1753-01-01,00000000-0000-0000-0000-000000000000,00000000-0000-0000-0000-000000000000,00000000-0000-0000-0000-000000000000,0,0,00000000-0000-0000-0000-000000000000,,,,0.0,0.0,0.0,0.0,0.0,0.0,0.0,0.0,0.0,0,0,,36B11CA2-2178-EB11-AA10-000D3AA30FE3,2021-02-26 10:59:04.710,7E45060B-A2A4-4F72-B553-3234C753B380,2021-11-18 08:46:14.500,8FDCE4A2-E551-4114-AA5B-A4A6BAB4255F
b'\x00\x00\x00\x00\x0b)\x03T',PRI0176,,MONTAIR PATIENT RECORD,MONTAIR PATIENT RECORD,,PAD,0,0,PROMO,,,1,0,0,0.0,0,0.0,3,44.642,0.0,44.64286,0.0,1,1,,,,0.0,0.0,0.0,,0.0,0.0,,0.0,0.0,0.0,0.0,,,,0.0,,0.0,0.0,0.0,0,,2022-09-28 09:04:50.947,2022-09-28,1754-01-01 17:04:50.947,0,,PROMO,00000000-0000-0000-0000-000000000000,,0,,,GOODS12,1,,,0,0,,0,,,0,0.0,,1753-01-01,0.0,0.0,0.0,0,0,0.0,0.0,0.0,0.0,,0,0,1.0,PAD,PAD,,0,0,0,,,,0.0,0.0,,PROMATS,0,,,,,,,,,,,,1753-01-01,1,1753-01-01,1753-01-01,00000000-0000-0000-0000-000000000000,E830D469-806F-EB11-AA04-000D3AA30FE3,00000000-0000-0000-0000-000000000000,0,0,00000000-0000-0000-0000-000000000000,,,,0.0,0.0,0.0,0.0,0.0,0.0,0.0,0.0,0.0,0,0,,C89BEF49-0C3F-ED11-A4EA-5E2CC006407F,2022-09-28 09:02:34.100,8FDCE4A2-E551-4114-AA5B-A4A6BAB4255F,2024-11-05 07:20:19.833,34C3286C-E7F6-4F45-8F69-19CD015F1C1B
b'\x00\x00\x00\x00\x05NLA',PRI0265,,SALMEFLO INNOHALER w/ IND. BOX,SALMEFLO INNOHALER W/ IND. BOX,,PC,0,0,PROMO,,,1,0,0,0.0,0,0.0,3,31.97531,0.0,31.97531,0.0,1,1,,,,0.0,0.0,0.0,,0.0,0.0,,0.0,0.0,0.0,0.0,,,,0.0,,0.0,0.0,0.0,0,,2021-11-18 08:26:44.493,2021-11-18,1754-01-01 16:26:44.493,0,,PROMO,00000000-0000-0000-0000-000000000000,,0,,,GOODS12,1,,,0,0,,0,,,1,0.0,,1753-01-01,0.0,0.0,0.0,0,0,0.0,0.0,0.0,0.0,,0,0,1.0,PC,PC,,0,0,0,,,,0.0,0.0,,PROMATS,0,,,,,,,,,,,,1753-01-01,1,1753-01-01,1753-01-01,00000000-0000-0000-0000-000000000000,00000000-0000-0000-0000-000000000000,00000000-0000-0000-0000-000000000000,0,0,00000000-0000-0000-0000-000000000000,,,,0.0,0.0,0.0,0.0,0.0,0.0,0.0,0.0,0.0,0,0,,37B11CA2-2178-EB11-AA10-000D3AA30FE3,2021-02-26 10:59:04.727,7E45060B-A2A4-4F72-B553-3234C753B380,2022-01-20 09:41:23.410,9653C221-7FA2-4E0F-9014-262920F59D6E
b'\x00\x00\x00\x00\x04\xcf\x91\x9a',PRI0322,,SALMEFLO LABEL STICKER,SALMEFLO LABEL STICKER,,PC,0,0,PROMO,,,1,0,0,0.0,0,0.0,3,0.0,0.0,0.0,0.0,1,1,,,,0.0,0.0,0.0,,0.0,0.0,,0.0,0.0,0.0,0.0,,,,0.0,,0.0,0.0,0.0,0,,2021-11-18 08:46:50.137,2021-11-18,1754-01-01 16:46:50.137,0,,PROMO,00000000-0000-0000-0000-000000000000,,0,,,GOODS12,1,,,0,0,,0,,,0,0.0,,1753-01-01,0.0,0.0,0.0,0,0,0.0,0.0,0.0,0.0,,0,0,1.0,PC,PC,,0,0,0,,,,0.0,0.0,,PROMATS,0,,,,,,,,,,,,1753-01-01,1,1753-01-01,1753-01-01,00000000-0000-0000-0000-000000000000,00000000-0000-0000-0000-000000000000,00000000-0000-0000-0000-000000000000,0,0,00000000-0000-0000-0000-000000000000,,,,0.0,0.0,0.0,0.0,0.0,0.0,0.0,0.0,0.0,0,0,,38B11CA2-2178-EB11-AA10-000D3AA30FE3,2021-02-26 10:59:04.727,7E45060B-A2A4-4F72-B553-3234C753B380,2021-11-18 08:46:50.137,8FDCE4A2-E551-4114-AA5B-A4A6BAB4255F
b'\x00\x00\x00\x00\x04\xcf\x91\xb3',PRI0349,,SALMEFLO MOUTH PIECE-NEW,SALMEFLO MOUTH PIECE-NEW,,PC,0,0,PROMO,,,1,0,0,0.0,0,0.0,3,0.0,0.0,0.0,0.0,1,1,,,,0.0,0.0,0.0,,0.0,0.0,,0.0,0.0,0.0,0.0,,,,0.0,,0.0,0.0,0.0,0,,2021-11-18 08:47:45.927,2021-11-18,1754-01-01 16:47:45.927,0,,PROMO,00000000-0000-0000-0000-000000000000,,0,,,GOODS12,1,,,0,0,,0,,,0,0.0,,1753-01-01,0.0,0.0,0.0,0,0,0.0,0.0,0.0,0.0,,0,0,1.0,PC,PC,,0,0,0,,,,0.0,0.0,,PROMATS,0,,,,,,,,,,,,1753-01-01,1,1753-01-01,1753-01-01,00000000-0000-0000-0000-000000000000,00000000-0000-0000-0000-000000000000,00000000-0000-0000-0000-000000000000,0,0,00000000-0000-0000-0000-000000000000,,,,0.0,0.0,0.0,0.0,0.0,0.0,0.0,0.0,0.0,0,0,,39B11CA2-2178-EB11-AA10-000D3AA30FE3,2021-02-26 10:59:04.740,7E45060B-A2A4-4F72-B553-3234C753B380,2021-11-18 08:47:45.927,8FDCE4A2-E551-4114-AA5B-A4A6BAB4255F
b'\x00\x00\x00\x00\r\x05\xb0\xf1',PRI0400,,RUSTOR STARTER PACK -THE POWER,RUSTOR STARTER PACK -THE POWER,OVER LDL-C x 3's,PC,0,0,PROMO,,,1,0,0,0.0,0,0.0,3,1.56114,0.0,1.32143,0.0,1,1,,,,0.0,0.0,0.0,,0.0,0.0,,0.0,0.0,0.0,0.0,,,,0.0,,0.0,0.0,0.0,0,,2021-11-18 08:26:54.350,2021-11-18,1754-01-01 16:26:54.350,0,,PROMO,00000000-0000-0000-0000-000000000000,,0,,,GOODS12,1,,,0,0,,0,,,1,0.0,,1753-01-01,0.0,0.0,0.0,0,0,0.0,0.0,0.0,0.0,,0,0,1.0,PC,PC,,0,0,0,,,,0.0,0.0,,PROMATS,0,,,,,,,,,,,,1753-01-01,1,1753-01-01,1753-01-01,00000000-0000-0000-0000-000000000000,00000000-0000-0000-0000-000000000000,00000000-0000-0000-0000-000000000000,0,0,00000000-0000-0000-0000-000000000000,,,,0.0,0.0,0.0,0.0,0.0,0.0,0.0,0.0,0.0,0,0,,3AB11CA2-2178-EB11-AA10-000D3AA30FE3,2021-02-26 10:59:04.740,7E45060B-A2A4-4F72-B553-3234C753B380,2026-01-10 02:21:36.710,5428A7C5-0CCA-4C68-BF2D-3ED6031F3D6F
b'\x00\x00\x00\x00\x0cW\xeb\xda',PRI0430,,DOXOPRO PILL CUTTER,DOXOPRO PILL CUTTER,,PC,0,0,PROMO,,,1,0,0,0.0,0,0.0,3,49.10714,0.0,49.10713,0.0,1,1,,,,0.0,0.0,0.0,,0.0,0.0,,0.0,0.0,0.0,0.0,,,,0.0,,0.0,0.0,0.0,0,,2021-11-18 08:27:02.363,2021-11-18,1754-01-01 16:27:02.363,0,,PROMO,00000000-0000-0000-0000-000000000000,,0,,,GOODS12,1,,,0,0,,0,,,0,0.0,,1753-01-01,0.0,0.0,0.0,0,0,0.0,0.0,0.0,0.0,,0,0,1.0,PC,PC,,0,0,0,,,,0.0,0.0,,PROMATS,0,,,,,,,,,,,,1753-01-01,1,1753-01-01,1753-01-01,00000000-0000-0000-0000-000000000000,00000000-0000-0000-0000-000000000000,00000000-0000-0000-0000-000000000000,0,0,00000000-0000-0000-0000-000000000000,,,,0.0,0.0,0.0,0.0,0.0,0.0,0.0,0.0,0.0,0,0,,3BB11CA2-2178-EB11-AA10-000D3AA30FE3,2021-02-26 10:59:04.757,7E45060B-A2A4-4F72-B553-3234C753B380,2025-08-29 01:27:07.633,34C3286C-E7F6-4F45-8F69-19CD015F1C1B
b'\x00\x00\x00\x00\x04\xcf\x91\xa7',PRI0434,,ENT MANAGEMENT NOTEPAD,ENT MANAGEMENT NOTEPAD,,PAD,0,0,PROMO,,,1,0,0,0.0,0,0.0,3,0.0,0.0,0.0,0.0,1,1,,,,0.0,0.0,0.0,,0.0,0.0,,0.0,0.0,0.0,0.0,,,,0.0,,0.0,0.0,0.0,0,,2021-11-18 08:47:16.523,2021-11-18,1754-01-01 16:47:16.523,0,,PROMO,00000000-0000-0000-0000-000000000000,,0,,,GOODS12,1,,,0,0,,0,,,0,0.0,,1753-01-01,0.0,0.0,0.0,0,0,0.0,0.0,0.0,0.0,,0,0,1.0,PAD,PAD,,0,0,0,,,,0.0,0.0,,PROMATS,0,,,,,,,,,,,,1753-01-01,1,1753-01-01,1753-01-01,00000000-0000-0000-0000-000000000000,00000000-0000-0000-0000-000000000000,00000000-0000-0000-0000-000000000000,0,0,00000000-0000-0000-0000-000000000000,,,,0.0,0.0,0.0,0.0,0.0,0.0,0.0,0.0,0.0,0,0,,3CB11CA2-2178-EB11-AA10-000D3AA30FE3,2021-02-26 10:59:04.757,7E45060B-A2A4-4F72-B553-3234C753B380,2021-11-18 08:47:16.523,8FDCE4A2-E551-4114-AA5B-A4A6BAB4255F
b'\x00\x00\x00\x00\x06\x11\xd6T',PRI0435,,RESPIRATORY CARE NOTEPAD,RESPIRATORY CARE NOTEPAD,,PAD,0,0,PROMO,,,1,0,0,0.0,0,0.0,3,11.64994,0.0,11.64996,0.0,1,1,,,,0.0,0.0,0.0,,0.0,0.0,,0.0,0.0,0.0,0.0,,,,0.0,,0.0,0.0,0.0,0,,2021-11-18 08:27:10.127,2021-11-18,1754-01-01 16:27:10.127,0,,PROMO,00000000-0000-0000-0000-000000000000,,0,,,GOODS12,1,,,0,0,,0,,,0,0.0,,1753-01-01,0.0,0.0,0.0,0,0,0.0,0.0,0.0,0.0,,0,0,1.0,PAD,PAD,,0,0,0,,,,0.0,0.0,,PROMATS,0,,,,,,,,,,,,1753-01-01,1,1753-01-01,1753-01-01,00000000-0000-0000-0000-000000000000,00000000-0000-0000-0000-000000000000,00000000-0000-0000-0000-000000000000,0,0,00000000-0000-0000-0000-000000000000,,,,0.0,0.0,0.0,0.0,0.0,0.0,0.0,0.0,0.0,0,0,,3DB11CA2-2178-EB11-AA10-000D3AA30FE3,2021-02-26 10:59:04.773,7E45060B-A2A4-4F72-B553-3234C753B380,2022-08-09 07:47:24.777,231778F0-FC62-474D-8BCC-F79E6C896C7A
b'\x00\x00\x00\x00\x04\xcf\x91\xc0',PRI0447,,MOXIFLOX RED BALLPEN,MOXIFLOX RED BALLPEN,,PC,0,0,PROMO,,,1,0,0,0.0,0,0.0,3,0.0,0.0,0.0,0.0,1,1,,,,0.0,0.0,0.0,,0.0,0.0,,0.0,0.0,0.0,0.0,,,,0.0,,0.0,0.0,0.0,0,,2021-11-18 08:48:09.563,2021-11-18,1754-01-01 16:48:09.563,0,,PROMO,00000000-0000-0000-0000-000000000000,,0,,,GOODS12,1,,,0,0,,0,,,0,0.0,,1753-01-01,0.0,0.0,0.0,0,0,0.0,0.0,0.0,0.0,,0,0,1.0,PC,PC,,0,0,0,,,,0.0,0.0,,PROMATS,0,,,,,,,,,,,,1753-01-01,1,1753-01-01,1753-01-01,00000000-0000-0000-0000-000000000000,00000000-0000-0000-0000-000000000000,00000000-0000-0000-0000-000000000000,0,0,00000000-0000-0000-0000-000000000000,,,,0.0,0.0,0.0,0.0,0.0,0.0,0.0,0.0,0.0,0,0,,3EB11CA2-2178-EB11-AA10-000D3AA30FE3,2021-02-26 10:59:04.773,7E45060B-A2A4-4F72-B553-3234C753B380,2021-11-18 08:48:09.563,8FDCE4A2-E551-4114-AA5B-A4A6BAB4255F
b'\x00\x00\x00\x00\x06^}B',PRI0455,,VERT BALLPEN,VERT BALLPEN,,PC,0,0,PROMO,,,1,0,0,0.0,0,0.0,3,13.39294,0.0,13.39285,0.0,1,1,,,,0.0,0.0,0.0,,0.0,0.0,,0.0,0.0,0.0,0.0,,,,0.0,,0.0,0.0,0.0,0,,2021-11-18 08:27:18.407,2021-11-18,1754-01-01 16:27:18.407,0,,PROMO,00000000-0000-0000-0000-000000000000,,0,,,GOODS12,1,,,0,0,,0,,,0,0.0,,1753-01-01,0.0,0.0,0.0,0,0,0.0,0.0,0.0,0.0,,0,0,1.0,PC,PC,,0,0,0,,,,0.0,0.0,,PROMATS,0,,,,,,,,,,,,1753-01-01,1,1753-01-01,1753-01-01,00000000-0000-0000-0000-000000000000,00000000-0000-0000-0000-000000000000,00000000-0000-0000-0000-000000000000,0,0,00000000-0000-0000-0000-000000000000,,,,0.0,0.0,0.0,0.0,0.0,0.0,0.0,0.0,0.0,0,0,,3FB11CA2-2178-EB11-AA10-000D3AA30FE3,2021-02-26 10:59:04.773,7E45060B-A2A4-4F72-B553-3234C753B380,2022-10-14 05:42:35.073,231778F0-FC62-474D-8BCC-F79E6C896C7A
b'\x00\x00\x00\x00\x04\xcf\x91\xcb',PRI0458,,KALIGEN 750MG FLYER,KALIGEN 750MG FLYER,,PC,0,0,PROMO,,,1,0,0,0.0,0,0.0,3,0.0,0.0,0.0,0.0,1,1,,,,0.0,0.0,0.0,,0.0,0.0,,0.0,0.0,0.0,0.0,,,,0.0,,0.0,0.0,0.0,0,,2021-11-18 08:48:52.187,2021-11-18,1754-01-01 16:48:52.187,0,,PROMO,00000000-0000-0000-0000-000000000000,,0,,,GOODS12,1,,,0,0,,0,,,0,0.0,,1753-01-01,0.0,0.0,0.0,0,0,0.0,0.0,0.0,0.0,,0,0,1.0,PC,PC,,0,0,0,,,,0.0,0.0,,PROMATS,0,,,,,,,,,,,,1753-01-01,1,1753-01-01,1753-01-01,00000000-0000-0000-0000-000000000000,00000000-0000-0000-0000-000000000000,00000000-0000-0000-0000-000000000000,0,0,00000000-0000-0000-0000-000000000000,,,,0.0,0.0,0.0,0.0,0.0,0.0,0.0,0.0,0.0,0,0,,40B11CA2-2178-EB11-AA10-000D3AA30FE3,2021-02-26 10:59:04.787,7E45060B-A2A4-4F72-B553-3234C753B380,2021-11-18 08:48:52.187,8FDCE4A2-E551-4114-AA5B-A4A6BAB4255F
b'\x00\x00\x00\x00\x08O\x82\xa1',PRI0467,,ZUNAMYN BALLPEN,ZUNAMYN BALLPEN,,PC,0,0,PROMO,,,1,0,0,0.0,0,0.0,3,13.71667,0.0,13.71675,0.0,1,1,,,,0.0,0.0,0.0,,0.0,0.0,,0.0,0.0,0.0,0.0,,,,0.0,,0.0,0.0,0.0,0,,2021-11-18 08:27:26.977,2021-11-18,1754-01-01 16:27:26.977,0,,PROMO,00000000-0000-0000-0000-000000000000,,0,,,GOODS12,1,,,0,0,,0,,,0,0.0,,1753-01-01,0.0,0.0,0.0,0,0,0.0,0.0,0.0,0.0,,0,0,1.0,PC,PC,,0,0,0,,,,0.0,0.0,,PROMATS,0,,,,,,,,,,,,1753-01-01,1,1753-01-01,1753-01-01,00000000-0000-0000-0000-000000000000,00000000-0000-0000-0000-000000000000,00000000-0000-0000-0000-000000000000,0,0,00000000-0000-0000-0000-000000000000,,,,0.0,0.0,0.0,0.0,0.0,0.0,0.0,0.0,0.0,0,0,,41B11CA2-2178-EB11-AA10-000D3AA30FE3,2021-02-26 10:59:04.787,7E45060B-A2A4-4F72-B553-3234C753B380,2024-01-05 09:39:43.243,83933D16-6033-4803-80F6-95D04AA4CABA
b'\x00\x00\x00\x00\x05\xf3\xe5F',PRI0477,,ZUNAMYN GLOVES,ZUNAMYN GLOVES,,PC,0,0,PROMO,,,1,0,0,0.0,0,0.0,3,8.0,0.0,8.0,0.0,1,1,,,,0.0,0.0,0.0,,0.0,0.0,,0.0,0.0,0.0,0.0,,,,0.0,,0.0,0.0,0.0,0,,2021-11-18 08:27:35.207,2021-11-18,1754-01-01 16:27:35.207,0,,PROMO,00000000-0000-0000-0000-000000000000,,0,,,GOODS12,1,,,0,0,,0,,,0,0.0,,1753-01-01,0.0,0.0,0.0,0,0,0.0,0.0,0.0,0.0,,0,0,1.0,PC,PC,,0,0,0,,,,0.0,0.0,,PROMATS,0,,,,,,,,,,,,1753-01-01,1,1753-01-01,1753-01-01,00000000-0000-0000-0000-000000000000,00000000-0000-0000-0000-000000000000,00000000-0000-0000-0000-000000000000,0,0,00000000-0000-0000-0000-000000000000,,,,0.0,0.0,0.0,0.0,0.0,0.0,0.0,0.0,0.0,0,0,,42B11CA2-2178-EB11-AA10-000D3AA30FE3,2021-02-26 10:59:04.803,7E45060B-A2A4-4F72-B553-3234C753B380,2022-07-11 03:17:58.873,231778F0-FC62-474D-8BCC-F79E6C896C7A
b'\x00\x00\x00\x00\x06L\x96\xa9',PRI0478,,CELEXIB/ZUNA/ZEFUR STRESS BALL,CELEXIB/ZUNA/ZEFUR STRESS BALL,,PC,0,0,PROMO,,,1,0,0,0.0,0,0.0,3,15.5,0.0,15.5,0.0,1,1,,,,0.0,0.0,0.0,,0.0,0.0,,0.0,0.0,0.0,0.0,,,,0.0,,0.0,0.0,0.0,0,,2021-11-18 08:27:42.563,2021-11-18,1754-01-01 16:27:42.563,0,,PROMO,00000000-0000-0000-0000-000000000000,,0,,,GOODS12,1,,,0,0,,0,,,0,0.0,,1753-01-01,0.0,0.0,0.0,0,0,0.0,0.0,0.0,0.0,,0,0,1.0,PC,PC,,0,0,0,,,,0.0,0.0,,PROMATS,0,,,,,,,,,,,,1753-01-01,1,1753-01-01,1753-01-01,00000000-0000-0000-0000-000000000000,00000000-0000-0000-0000-000000000000,00000000-0000-0000-0000-000000000000,0,0,00000000-0000-0000-0000-000000000000,,,,0.0,0.0,0.0,0.0,0.0,0.0,0.0,0.0,0.0,0,0,,43B11CA2-2178-EB11-AA10-000D3AA30FE3,2021-02-26 10:59:04.803,7E45060B-A2A4-4F72-B553-3234C753B380,2022-09-07 00:22:39.160,231778F0-FC62-474D-8BCC-F79E6C896C7A
b'\x00\x00\x00\x00\x0c=\x10\x05',PRI0485,,URLYX CATCH COVER - Aqua,URLYX CATCH COVER - AQUA,,PC,0,0,PROMO,,,1,0,0,0.0,0,0.0,3,1.56252,0.0,1.56252,0.0,1,1,,,,0.0,0.0,0.0,,0.0,0.0,,0.0,0.0,0.0,0.0,,,,0.0,,0.0,0.0,0.0,0,,2021-11-18 08:28:03.950,2021-11-18,1754-01-01 16:28:03.950,0,,PROMO,00000000-0000-0000-0000-000000000000,,0,,,GOODS12,1,,,0,0,,0,,,1,0.0,,1753-01-01,0.0,0.0,0.0,0,0,0.0,0.0,0.0,0.0,,0,0,1.0,PC,PC,,0,0,0,,,,0.0,0.0,,PROMATS,0,,,,,,,,,,,,1753-01-01,1,1753-01-01,1753-01-01,00000000-0000-0000-0000-000000000000,00000000-0000-0000-0000-000000000000,00000000-0000-0000-0000-000000000000,0,0,00000000-0000-0000-0000-000000000000,,,,0.0,0.0,0.0,0.0,0.0,0.0,0.0,0.0,0.0,0,0,,44B11CA2-2178-EB11-AA10-000D3AA30FE3,2021-02-26 10:59:04.820,7E45060B-A2A4-4F72-B553-3234C753B380,2025-07-03 08:24:17.270,34C3286C-E7F6-4F45-8F69-19CD015F1C1B
b'\x00\x00\x00\x00\nh#\x8d',PRI0490,,PLETAXOL CATCH COVER,PLETAXOL CATCH COVER,,PC,0,0,PROMO,,,1,0,0,0.0,0,0.0,3,1.60143,0.0,1.60145,0.0,1,1,,,,0.0,0.0,0.0,,0.0,0.0,,0.0,0.0,0.0,0.0,,,,0.0,,0.0,0.0,0.0,0,,2021-11-18 08:28:29.953,2021-11-18,1754-01-01 16:28:29.953,0,,PROMO,00000000-0000-0000-0000-000000000000,,0,,,GOODS12,1,,,0,0,,0,,,1,0.0,,1753-01-01,0.0,0.0,0.0,0,0,0.0,0.0,0.0,0.0,,0,0,1.0,PC,PC,,0,0,0,,,,0.0,0.0,,PROMATS,0,,,,,,,,,,,,1753-01-01,1,1753-01-01,1753-01-01,00000000-0000-0000-0000-000000000000,00000000-0000-0000-0000-000000000000,00000000-0000-0000-0000-000000000000,0,0,00000000-0000-0000-0000-000000000000,,,,0.0,0.0,0.0,0.0,0.0,0.0,0.0,0.0,0.0,0,0,,45B11CA2-2178-EB11-AA10-000D3AA30FE3,2021-02-26 10:59:04.820,7E45060B-A2A4-4F72-B553-3234C753B380,2024-07-04 08:18:17.503,34C3286C-E7F6-4F45-8F69-19CD015F1C1B
b'\x00\x00\x00\x00\x07\x9c.6',PRI0492,,COXIGEN - 90 SAMPLE BOX,COXIGEN - 90 SAMPLE BOX,,PC,0,0,PROMO,,,1,0,0,0.0,0,0.0,3,1.25,0.0,1.25,0.0,1,1,,,,0.0,0.0,0.0,,0.0,0.0,,0.0,0.0,0.0,0.0,,,,0.0,,0.0,0.0,0.0,0,,2021-11-18 08:28:43.420,2021-11-18,1754-01-01 16:28:43.420,0,,PROMO,00000000-0000-0000-0000-000000000000,,0,,,GOODS12,1,,,0,0,,0,,,0,0.0,,1753-01-01,0.0,0.0,0.0,0,0,0.0,0.0,0.0,0.0,,0,0,1.0,PC,PC,,0,0,0,,,,0.0,0.0,,PROMATS,0,,,,,,,,,,,,1753-01-01,1,1753-01-01,1753-01-01,00000000-0000-0000-0000-000000000000,00000000-0000-0000-0000-000000000000,00000000-0000-0000-0000-000000000000,0,0,00000000-0000-0000-0000-000000000000,,,,0.0,0.0,0.0,0.0,0.0,0.0,0.0,0.0,0.0,0,0,,46B11CA2-2178-EB11-AA10-000D3AA30FE3,2021-02-26 10:59:04.820,7E45060B-A2A4-4F72-B553-3234C753B380,2023-07-14 05:35:37.967,4A96EAA9-3DB9-423D-8512-43281713C4ED
b'\x00\x00\x00\x00\x07\xb1:\xfc',PRI0494,,SALMEFLO DPI P.S STARTER PACK BOX,SALMEFLO DPI P.S STARTER PACK BOX,,PC,0,0,PROMO,,,1,0,0,0.0,0,0.0,3,2.27754,0.0,2.27754,0.0,1,1,,,,0.0,0.0,0.0,,0.0,0.0,,0.0,0.0,0.0,0.0,,,,0.0,,0.0,0.0,0.0,0,,2022-01-25 03:22:02.670,2022-01-25,1754-01-01 11:22:02.670,0,,PROMO,00000000-0000-0000-0000-000000000000,,0,,,GOODS12,1,,,0,0,,0,,,1,0.0,,1753-01-01,0.0,0.0,0.0,0,0,0.0,0.0,0.0,0.0,,0,0,1.0,PC,PC,,0,0,0,,,,0.0,0.0,,PROMATS,0,,,,,,,,,,,,1753-01-01,1,1753-01-01,1753-01-01,00000000-0000-0000-0000-000000000000,00000000-0000-0000-0000-000000000000,00000000-0000-0000-0000-000000000000,0,0,00000000-0000-0000-0000-000000000000,,,,0.0,0.0,0.0,0.0,0.0,0.0,0.0,0.0,0.0,0,0,,47B11CA2-2178-EB11-AA10-000D3AA30FE3,2021-02-26 10:59:04.833,7E45060B-A2A4-4F72-B553-3234C753B380,2023-09-04 10:05:27.763,83933D16-6033-4803-80F6-95D04AA4CABA
b'\x00\x00\x00\x00\x06L\x96\xa5',PRI0497,,AMLODINE PHYSICIAN'S SAMPLE BOX-COMMON,AMLODINE PHYSICIAN'S SAMPLE BOX-COMMON,,PC,0,0,PROMO,,,1,0,0,0.0,0,0.0,3,1.48612,0.0,1.48214,0.0,1,1,,,,0.0,0.0,0.0,,0.0,0.0,,0.0,0.0,0.0,0.0,,,,0.0,,0.0,0.0,0.0,0,,2022-01-25 03:22:13.233,2022-01-25,1754-01-01 11:22:13.233,0,,PROMO,00000000-0000-0000-0000-000000000000,,0,,,GOODS12,1,,,0,0,,0,,,1,0.0,,1753-01-01,0.0,0.0,0.0,0,0,0.0,0.0,0.0,0.0,,0,0,1.0,PC,PC,,0,0,0,,,,0.0,0.0,,PROMATS,0,,,,,,,,,,,,1753-01-01,1,1753-01-01,1753-01-01,00000000-0000-0000-0000-000000000000,00000000-0000-0000-0000-000000000000,00000000-0000-0000-0000-000000000000,0,0,00000000-0000-0000-0000-000000000000,,,,0.0,0.0,0.0,0.0,0.0,0.0,0.0,0.0,0.0,0,0,,48B11CA2-2178-EB11-AA10-000D3AA30FE3,2021-02-26 10:59:04.833,7E45060B-A2A4-4F72-B553-3234C753B380,2022-09-07 00:22:39.130,231778F0-FC62-474D-8BCC-F79E6C896C7A
b'\x00\x00\x00\x00\x0ctu\x97',PRI0499,,RAMIPRO PHYSICIAN'S SAMPLE BOX-COMMON,RAMIPRO PHYSICIAN'S SAMPLE BOX-COMMON,,PC,0,0,PROMO,,,1,0,0,0.0,0,0.0,3,1.51818,0.0,1.875,0.0,1,1,,,,0.0,0.0,0.0,,0.0,0.0,,0.0,0.0,0.0,0.0,,,,0.0,,0.0,0.0,0.0,0,,2021-12-07 06:54:58.867,2021-12-07,1754-01-01 14:54:58.867,0,,PROMO,00000000-0000-0000-0000-000000000000,,0,,,GOODS12,1,,,0,0,,0,,,1,0.0,,1753-01-01,0.0,0.0,0.0,0,0,0.0,0.0,0.0,0.0,,0,0,1.0,PC,PC,,0,0,0,,,,0.0,0.0,,PROMATS,0,,,,,,,,,,,,1753-01-01,1,1753-01-01,1753-01-01,00000000-0000-0000-0000-000000000000,EC30D469-806F-EB11-AA04-000D3AA30FE3,00000000-0000-0000-0000-000000000000,0,0,00000000-0000-0000-0000-000000000000,,,,0.0,0.0,0.0,0.0,0.0,0.0,0.0,0.0,0.0,0,0,,07FF7A26-2A57-EC11-A4CB-5E2CC006407F,2021-12-07 06:51:49.747,8FDCE4A2-E551-4114-AA5B-A4A6BAB4255F,2025-10-23 00:52:46.227,34C3286C-E7F6-4F45-8F69-19CD015F1C1B
b'\x00\x00\x00\x00\x0ci\xea\xb3',PRI0501,,MOXIFLOX MAROON SIGN PEN,MOXIFLOX MAROON SIGN PEN,,PC,0,0,PROMO,,,1,0,0,0.0,0,0.0,3,30.0,0.0,30.0,0.0,1,1,,,,0.0,0.0,0.0,,0.0,0.0,,0.0,0.0,0.0,0.0,,,,0.0,,0.0,0.0,0.0,0,,2025-05-29 07:26:42.583,2025-05-29,1754-01-01 15:26:42.583,0,,PROMO,00000000-0000-0000-0000-000000000000,,0,,,GOODS12,1,,,0,0,,0,,,0,0.0,,1753-01-01,0.0,0.0,0.0,0,0,0.0,0.0,0.0,0.0,,0,0,1.0,PC,PC,,0,0,0,,,,0.0,0.0,,PROMATS,0,,,,,,,,,,,,1753-01-01,1,1753-01-01,1753-01-01,00000000-0000-0000-0000-000000000000,EC30D469-806F-EB11-AA04-000D3AA30FE3,00000000-0000-0000-0000-000000000000,0,0,00000000-0000-0000-0000-000000000000,,,,0.0,0.0,0.0,0.0,0.0,0.0,0.0,0.0,0.0,0,0,,C9EA3E1E-7004-EC11-A4C7-5E2CC006407F,2021-08-24 00:13:34.193,8FDCE4A2-E551-4114-AA5B-A4A6BAB4255F,2025-10-02 07:01:57.670,34C3286C-E7F6-4F45-8F69-19CD015F1C1B
b'\x00\x00\x00\x00\x04\xcf\x91\xe2',PRI0506,,TEMSOL CATCH COVER,TEMSOL CATCH COVER,,PC,0,0,PROMO,,,1,0,0,0.0,0,0.0,3,0.0,0.0,0.0,0.0,1,1,,,,0.0,0.0,0.0,,0.0,0.0,,0.0,0.0,0.0,0.0,,,,0.0,,0.0,0.0,0.0,0,,2021-11-18 08:49:18.323,2021-11-18,1754-01-01 16:49:18.323,0,,PROMO,00000000-0000-0000-0000-000000000000,,0,,,GOODS12,1,,,0,0,,0,,,0,0.0,,1753-01-01,0.0,0.0,0.0,0,0,0.0,0.0,0.0,0.0,,0,0,1.0,PC,PC,,0,0,0,,,,0.0,0.0,,PROMATS,0,,,,,,,,,,,,1753-01-01,1,1753-01-01,1753-01-01,00000000-0000-0000-0000-000000000000,00000000-0000-0000-0000-000000000000,00000000-0000-0000-0000-000000000000,0,0,00000000-0000-0000-0000-000000000000,,,,0.0,0.0,0.0,0.0,0.0,0.0,0.0,0.0,0.0,0,0,,49B11CA2-2178-EB11-AA10-000D3AA30FE3,2021-02-26 10:59:04.850,7E45060B-A2A4-4F72-B553-3234C753B380,2021-11-18 08:49:18.323,8FDCE4A2-E551-4114-AA5B-A4A6BAB4255F
b'\x00\x00\x00\x00\x06\x11\xd6\xde',PRI0507,,COXIGEN BLUE BALLPEN WITH LANYARD,COXIGEN BLUE BALLPEN WITH LANYARD,,PC,0,0,PROMO,,,1,0,0,0.0,0,0.0,3,10.71431,0.0,10.71425,0.0,1,1,,,,0.0,0.0,0.0,,0.0,0.0,,0.0,0.0,0.0,0.0,,,,0.0,,0.0,0.0,0.0,0,,2022-01-25 03:22:57.967,2022-01-25,1754-01-01 11:22:57.967,0,,PROMO,00000000-0000-0000-0000-000000000000,,0,,,GOODS12,1,,,0,0,,0,,,0,0.0,,1753-01-01,0.0,0.0,0.0,0,0,0.0,0.0,0.0,0.0,,0,0,1.0,PC,PC,,0,0,0,,,,0.0,0.0,,PROMATS,0,,,,,,,,,,,,1753-01-01,1,1753-01-01,1753-01-01,00000000-0000-0000-0000-000000000000,00000000-0000-0000-0000-000000000000,00000000-0000-0000-0000-000000000000,0,0,00000000-0000-0000-0000-000000000000,,,,0.0,0.0,0.0,0.0,0.0,0.0,0.0,0.0,0.0,0,0,,4AB11CA2-2178-EB11-AA10-000D3AA30FE3,2021-02-26 10:59:04.850,7E45060B-A2A4-4F72-B553-3234C753B380,2022-08-09 07:51:55.863,231778F0-FC62-474D-8BCC-F79E6C896C7A
b'\x00\x00\x00\x00\x04\xcf\x91\xe8',PRI0508,,MIGRAINE FLYER,MIGRAINE FLYER,,PC,0,0,PROMO,,,1,0,0,0.0,0,0.0,3,0.0,0.0,0.0,0.0,1,1,,,,0.0,0.0,0.0,,0.0,0.0,,0.0,0.0,0.0,0.0,,,,0.0,,0.0,0.0,0.0,0,,2021-11-18 08:49:27.327,2021-11-18,1754-01-01 16:49:27.327,0,,PROMO,00000000-0000-0000-0000-000000000000,,0,,,GOODS12,1,,,0,0,,0,,,0,0.0,,1753-01-01,0.0,0.0,0.0,0,0,0.0,0.0,0.0,0.0,,0,0,1.0,PC,PC,,0,0,0,,,,0.0,0.0,,PROMATS,0,,,,,,,,,,,,1753-01-01,1,1753-01-01,1753-01-01,00000000-0000-0000-0000-000000000000,00000000-0000-0000-0000-000000000000,00000000-0000-0000-0000-000000000000,0,0,00000000-0000-0000-0000-000000000000,,,,0.0,0.0,0.0,0.0,0.0,0.0,0.0,0.0,0.0,0,0,,4BB11CA2-2178-EB11-AA10-000D3AA30FE3,2021-02-26 10:59:04.867,7E45060B-A2A4-4F72-B553-3234C753B380,2021-11-18 08:49:27.327,8FDCE4A2-E551-4114-AA5B-A4A6BAB4255F
b'\x00\x00\x00\x00\x0cT*h',PRI0510,,MOXIFLOX PATIENT RECORD,MOXIFLOX PATIENT RECORD,,PAD,0,0,PROMO,,,1,0,0,0.0,0,0.0,3,41.16,0.0,41.07143,0.0,1,1,,,,0.0,0.0,0.0,,0.0,0.0,,0.0,0.0,0.0,0.0,,,,0.0,,0.0,0.0,0.0,0,,2021-11-18 08:29:27.583,2021-11-18,1754-01-01 16:29:27.583,0,,PROMO,00000000-0000-0000-0000-000000000000,,0,,,GOODS12,1,,,0,0,,0,,,0,0.0,,1753-01-01,0.0,0.0,0.0,0,0,0.0,0.0,0.0,0.0,,0,0,1.0,PAD,PAD,,0,0,0,,,,0.0,0.0,,PROMATS,0,,,,,,,,,,,,1753-01-01,1,1753-01-01,1753-01-01,00000000-0000-0000-0000-000000000000,00000000-0000-0000-0000-000000000000,00000000-0000-0000-0000-000000000000,0,0,00000000-0000-0000-0000-000000000000,,,,0.0,0.0,0.0,0.0,0.0,0.0,0.0,0.0,0.0,0,0,,4CB11CA2-2178-EB11-AA10-000D3AA30FE3,2021-02-26 10:59:04.867,7E45060B-A2A4-4F72-B553-3234C753B380,2025-08-18 07:36:10.693,7A43DFC9-AF93-4335-A1C5-3ABC0B06A73C
b'\x00\x00\x00\x00\x06I\x84\x16',PRI0511,,AZI MD LOGBOOK,AZI MD LOGBOOK,,PAD,0,0,PROMO,,,1,0,0,0.0,0,0.0,3,18.75,0.0,18.75,0.0,1,1,,,,0.0,0.0,0.0,,0.0,0.0,,0.0,0.0,0.0,0.0,,,,0.0,,0.0,0.0,0.0,0,,2021-11-18 08:29:34.833,2021-11-18,1754-01-01 16:29:34.833,0,,PROMO,00000000-0000-0000-0000-000000000000,,0,,,GOODS12,1,,,0,0,,0,,,0,0.0,,1753-01-01,0.0,0.0,0.0,0,0,0.0,0.0,0.0,0.0,,0,0,1.0,PAD,PAD,,0,0,0,,,,0.0,0.0,,PROMATS,0,,,,,,,,,,,,1753-01-01,1,1753-01-01,1753-01-01,00000000-0000-0000-0000-000000000000,00000000-0000-0000-0000-000000000000,00000000-0000-0000-0000-000000000000,0,0,00000000-0000-0000-0000-000000000000,,,,0.0,0.0,0.0,0.0,0.0,0.0,0.0,0.0,0.0,0,0,,4DB11CA2-2178-EB11-AA10-000D3AA30FE3,2021-02-26 10:59:04.880,7E45060B-A2A4-4F72-B553-3234C753B380,2022-09-01 03:12:34.737,231778F0-FC62-474D-8BCC-F79E6C896C7A
b'\x00\x00\x00\x00\x07\x9a\x19d',PRI0512,,SALMEFLO PAMPHLET,SALMEFLO PAMPHLET,,PC,0,0,PROMO,,,1,0,0,0.0,0,0.0,3,0.0,0.0,0.0,0.0,1,1,,,,0.0,0.0,0.0,,0.0,0.0,,0.0,0.0,0.0,0.0,,,,0.0,,0.0,0.0,0.0,0,,2023-07-11 07:21:19.250,2023-07-11,1754-01-01 15:21:19.250,0,,PROMO,00000000-0000-0000-0000-000000000000,,0,,,GOODS12,1,,,0,0,,0,,,0,0.0,,1753-01-01,0.0,0.0,0.0,0,0,0.0,0.0,0.0,0.0,,0,0,1.0,PC,PC,,0,0,0,,,,0.0,0.0,,PROMATS,0,,,,,,,,,,,,1753-01-01,1,1753-01-01,1753-01-01,00000000-0000-0000-0000-000000000000,EC30D469-806F-EB11-AA04-000D3AA30FE3,00000000-0000-0000-0000-000000000000,0,0,00000000-0000-0000-0000-000000000000,,,,0.0,0.0,0.0,0.0,0.0,0.0,0.0,0.0,0.0,0,0,,FF4A1246-BB1F-EE11-A4EC-5E2CC006407F,2023-07-11 07:19:30.003,8FDCE4A2-E551-4114-AA5B-A4A6BAB4255F,2023-07-11 07:21:19.253,8FDCE4A2-E551-4114-AA5B-A4A6BAB4255F
b'\x00\x00\x00\x00\x0c<\xfa*',PRI0513,,PLETAXOL 50mg STARTER BY 3's,PLETAXOL 50MG STARTER BY 3'S,,PC,0,0,PROMO,,,1,0,0,0.0,0,0.0,3,2.05363,0.0,2.05364,0.0,1,1,,,,0.0,0.0,0.0,,0.0,0.0,,0.0,0.0,0.0,0.0,,,,0.0,,0.0,0.0,0.0,0,,2021-11-18 08:29:42.427,2021-11-18,1754-01-01 16:29:42.427,0,,PROMO,00000000-0000-0000-0000-000000000000,,0,,,GOODS12,1,,,0,0,,0,,,1,0.0,,1753-01-01,0.0,0.0,0.0,0,0,0.0,0.0,0.0,0.0,,0,0,1.0,PC,PC,,0,0,0,,,,0.0,0.0,,PROMATS,0,,,,,,,,,,,,1753-01-01,1,1753-01-01,1753-01-01,00000000-0000-0000-0000-000000000000,00000000-0000-0000-0000-000000000000,00000000-0000-0000-0000-000000000000,0,0,00000000-0000-0000-0000-000000000000,,,,0.0,0.0,0.0,0.0,0.0,0.0,0.0,0.0,0.0,0,0,,4EB11CA2-2178-EB11-AA10-000D3AA30FE3,2021-02-26 10:59:04.880,7E45060B-A2A4-4F72-B553-3234C753B380,2025-07-03 07:42:39.597,34C3286C-E7F6-4F45-8F69-19CD015F1C1B
b'\x00\x00\x00\x00\x0bB\xfb\xde',PRI0514,,AMLODINE PLUS STARTER PACK x 3's,AMLODINE PLUS STARTER PACK X 3'S,,PC,0,0,PROMO,,,1,0,0,0.0,0,0.0,3,1.76,0.0,1.75997,0.0,1,1,,,,0.0,0.0,0.0,,0.0,0.0,,0.0,0.0,0.0,0.0,,,,0.0,,0.0,0.0,0.0,0,,2022-01-25 03:23:12.153,2022-01-25,1754-01-01 11:23:12.153,0,,PROMO,00000000-0000-0000-0000-000000000000,,0,,,GOODS12,1,,,0,0,,0,,,1,0.0,,1753-01-01,0.0,0.0,0.0,0,0,0.0,0.0,0.0,0.0,,0,0,1.0,PC,PC,,0,0,0,,,,0.0,0.0,,PROMATS,0,,,,,,,,,,,,1753-01-01,1,1753-01-01,1753-01-01,00000000-0000-0000-0000-000000000000,00000000-0000-0000-0000-000000000000,00000000-0000-0000-0000-000000000000,0,0,00000000-0000-0000-0000-000000000000,,,,0.0,0.0,0.0,0.0,0.0,0.0,0.0,0.0,0.0,0,0,,4FB11CA2-2178-EB11-AA10-000D3AA30FE3,2021-02-26 10:59:04.897,7E45060B-A2A4-4F72-B553-3234C753B380,2025-01-03 05:39:54.307,0B709DB4-D647-42B9-9EEF-809FBE63D915
b'\x00\x00\x00\x00\x06L\x96\xab',PRI0515,,RUSTOR CATCH COVER-NEW 3's,RUSTOR CATCH COVER-NEW 3'S,,PC,0,0,PROMO,,,1,0,0,0.0,0,0.0,3,2.21316,0.0,2.21316,0.0,1,1,,,,0.0,0.0,0.0,,0.0,0.0,,0.0,0.0,0.0,0.0,,,,0.0,,0.0,0.0,0.0,0,,2021-11-18 08:29:59.617,2021-11-18,1754-01-01 16:29:59.617,0,,PROMO,00000000-0000-0000-0000-000000000000,,0,,,GOODS12,1,,,0,0,,0,,,0,0.0,,1753-01-01,0.0,0.0,0.0,0,0,0.0,0.0,0.0,0.0,,0,0,1.0,PC,PC,,0,0,0,,,,0.0,0.0,,PROMATS,0,,,,,,,,,,,,1753-01-01,1,1753-01-01,1753-01-01,00000000-0000-0000-0000-000000000000,00000000-0000-0000-0000-000000000000,00000000-0000-0000-0000-000000000000,0,0,00000000-0000-0000-0000-000000000000,,,,0.0,0.0,0.0,0.0,0.0,0.0,0.0,0.0,0.0,0,0,,50B11CA2-2178-EB11-AA10-000D3AA30FE3,2021-02-26 10:59:04.897,7E45060B-A2A4-4F72-B553-3234C753B380,2022-09-07 00:22:39.180,231778F0-FC62-474D-8BCC-F79E6C896C7A
b'\x00\x00\x00\x00\r\x05\xb0\xf3',PRI0516,,VALIANZ COMMON STARTER PACK x 3's,VALIANZ COMMON STARTER PACK X 3'S,,PC,0,0,PROMO,,,1,0,0,0.0,0,0.0,3,1.8437,0.0,1.95,0.0,1,1,,,,0.0,0.0,0.0,,0.0,0.0,,0.0,0.0,0.0,0.0,,,,0.0,,0.0,0.0,0.0,0,,2023-01-06 07:20:02.433,2023-01-06,1754-01-01 15:20:02.433,0,,PROMO,00000000-0000-0000-0000-000000000000,,0,,,GOODS12,1,,,0,0,,0,,,1,0.0,,1753-01-01,0.0,0.0,0.0,0,0,0.0,0.0,0.0,0.0,,0,0,1.0,PC,PC,,0,0,0,,,,0.0,0.0,,SAMPLES,0,,,,,,,,,,,,1753-01-01,1,1753-01-01,1753-01-01,00000000-0000-0000-0000-000000000000,00000000-0000-0000-0000-000000000000,00000000-0000-0000-0000-000000000000,0,0,00000000-0000-0000-0000-000000000000,,,,0.0,0.0,0.0,0.0,0.0,0.0,0.0,0.0,0.0,0,0,,51B11CA2-2178-EB11-AA10-000D3AA30FE3,2021-02-26 10:59:04.913,7E45060B-A2A4-4F72-B553-3234C753B380,2026-01-10 02:21:36.733,5428A7C5-0CCA-4C68-BF2D-3ED6031F3D6F
b'\x00\x00\x00\x00\x04\xcf\x91\xee',PRI0517,,POLYDERM 3 TUBE BALLPEN,POLYDERM 3 TUBE BALLPEN,,PC,0,0,PROMO,,,1,0,0,0.0,0,0.0,3,0.0,0.0,0.0,0.0,1,1,,,,0.0,0.0,0.0,,0.0,0.0,,0.0,0.0,0.0,0.0,,,,0.0,,0.0,0.0,0.0,0,,2021-11-18 08:50:25.833,2021-11-18,1754-01-01 16:50:25.833,0,,PROMO,00000000-0000-0000-0000-000000000000,,0,,,GOODS12,1,,,0,0,,0,,,0,0.0,,1753-01-01,0.0,0.0,0.0,0,0,0.0,0.0,0.0,0.0,,0,0,1.0,PC,PC,,0,0,0,,,,0.0,0.0,,PROMATS,0,,,,,,,,,,,,1753-01-01,1,1753-01-01,1753-01-01,00000000-0000-0000-0000-000000000000,00000000-0000-0000-0000-000000000000,00000000-0000-0000-0000-000000000000,0,0,00000000-0000-0000-0000-000000000000,,,,0.0,0.0,0.0,0.0,0.0,0.0,0.0,0.0,0.0,0,0,,52B11CA2-2178-EB11-AA10-000D3AA30FE3,2021-02-26 10:59:04.913,7E45060B-A2A4-4F72-B553-3234C753B380,2021-11-18 08:50:25.833,8FDCE4A2-E551-4114-AA5B-A4A6BAB4255F
b'\x00\x00\x00\x00\x05\x07\x82\x10',PRI0522,,LOXENIL PEP PHYSICIAN SAMPL.BX,LOXENIL PEP PHYSICIAN SAMPL.BX,,PC,0,0,PROMO,,,1,0,0,0.0,0,0.0,3,47.1429,0.0,47.1429,0.0,1,1,,,,0.0,0.0,0.0,,0.0,0.0,,0.0,0.0,0.0,0.0,,,,0.0,,0.0,0.0,0.0,0,,2021-11-18 08:50:30.863,2021-11-18,1754-01-01 16:50:30.863,0,,PROMO,00000000-0000-0000-0000-000000000000,,0,,,GOODS12,1,,,0,0,,0,,,0,0.0,,1753-01-01,0.0,0.0,0.0,0,0,0.0,0.0,0.0,0.0,,0,0,1.0,PC,PC,,0,0,0,,,,0.0,0.0,,PROMATS,0,,,,,,,,,,,,1753-01-01,1,1753-01-01,1753-01-01,00000000-0000-0000-0000-000000000000,00000000-0000-0000-0000-000000000000,00000000-0000-0000-0000-000000000000,0,0,00000000-0000-0000-0000-000000000000,,,,0.0,0.0,0.0,0.0,0.0,0.0,0.0,0.0,0.0,0,0,,53B11CA2-2178-EB11-AA10-000D3AA30FE3,2021-02-26 10:59:04.913,7E45060B-A2A4-4F72-B553-3234C753B380,2021-12-15 07:07:58.790,9653C221-7FA2-4E0F-9014-262920F59D6E
b'\x00\x00\x00\x00\x06L\x96\xa7',PRI0523,,COXIGEN COMMON PS BOX TAB x1's,COXIGEN COMMON PS BOX TAB X1'S,,PC,0,0,PROMO,,,1,0,0,0.0,0,0.0,3,1.78333,0.0,1.7831,0.0,1,1,,,,0.0,0.0,0.0,,0.0,0.0,,0.0,0.0,0.0,0.0,,,,0.0,,0.0,0.0,0.0,0,,2021-11-18 08:30:14.657,2021-11-18,1754-01-01 16:30:14.657,0,,PROMO,00000000-0000-0000-0000-000000000000,,0,,,GOODS12,1,,,0,0,,0,,,1,0.0,,1753-01-01,0.0,0.0,0.0,0,0,0.0,0.0,0.0,0.0,,0,0,1.0,PC,PC,,0,0,0,,,,0.0,0.0,,PROMATS,0,,,,,,,,,,,,1753-01-01,1,1753-01-01,1753-01-01,00000000-0000-0000-0000-000000000000,00000000-0000-0000-0000-000000000000,00000000-0000-0000-0000-000000000000,0,0,00000000-0000-0000-0000-000000000000,,,,0.0,0.0,0.0,0.0,0.0,0.0,0.0,0.0,0.0,0,0,,54B11CA2-2178-EB11-AA10-000D3AA30FE3,2021-02-26 10:59:04.927,7E45060B-A2A4-4F72-B553-3234C753B380,2022-09-07 00:22:39.140,231778F0-FC62-474D-8BCC-F79E6C896C7A
b'\x00\x00\x00\x00\x0c\x1c2\xc4',PRI0524,,ADIVIA PATIENT RECORD,ADIVIA PATIENT RECORD,,PAD,0,0,PROMO,,,1,0,0,0.0,0,0.0,3,41.0731,0.0,41.07143,0.0,1,1,,,,0.0,0.0,0.0,,0.0,0.0,,0.0,0.0,0.0,0.0,,,,0.0,,0.0,0.0,0.0,0,,2021-11-18 08:50:55.387,2021-11-18,1754-01-01 16:50:55.387,0,,PROMO,00000000-0000-0000-0000-000000000000,,0,,,GOODS12,1,,,0,0,,0,,,0,0.0,,1753-01-01,0.0,0.0,0.0,0,0,0.0,0.0,0.0,0.0,,0,0,1.0,PAD,PAD,,0,0,0,,,,0.0,0.0,,PROMATS,0,,,,,,,,,,,,1753-01-01,1,1753-01-01,1753-01-01,00000000-0000-0000-0000-000000000000,00000000-0000-0000-0000-000000000000,00000000-0000-0000-0000-000000000000,0,0,00000000-0000-0000-0000-000000000000,,,,0.0,0.0,0.0,0.0,0.0,0.0,0.0,0.0,0.0,0,0,,55B11CA2-2178-EB11-AA10-000D3AA30FE3,2021-02-26 10:59:04.943,7E45060B-A2A4-4F72-B553-3234C753B380,2025-04-30 05:36:09.070,34C3286C-E7F6-4F45-8F69-19CD015F1C1B
b'\x00\x00\x00\x00\x04\xcf\x91\xfe',PRI0525,,AMLODINE PLUS PATIENT RECORD,AMLODINE PLUS PATIENT RECORD,,PAD,0,0,PROMO,,,1,0,0,0.0,0,0.0,3,0.0,0.0,0.0,0.0,1,1,,,,0.0,0.0,0.0,,0.0,0.0,,0.0,0.0,0.0,0.0,,,,0.0,,0.0,0.0,0.0,0,,2021-11-18 08:51:23.330,2021-11-18,1754-01-01 16:51:23.330,0,,PROMO,00000000-0000-0000-0000-000000000000,,0,,,GOODS12,1,,,0,0,,0,,,0,0.0,,1753-01-01,0.0,0.0,0.0,0,0,0.0,0.0,0.0,0.0,,0,0,1.0,PAD,PAD,,0,0,0,,,,0.0,0.0,,PROMATS,0,,,,,,,,,,,,1753-01-01,1,1753-01-01,1753-01-01,00000000-0000-0000-0000-000000000000,00000000-0000-0000-0000-000000000000,00000000-0000-0000-0000-000000000000,0,0,00000000-0000-0000-0000-000000000000,,,,0.0,0.0,0.0,0.0,0.0,0.0,0.0,0.0,0.0,0,0,,56B11CA2-2178-EB11-AA10-000D3AA30FE3,2021-02-26 10:59:04.943,7E45060B-A2A4-4F72-B553-3234C753B380,2021-11-18 08:51:23.330,8FDCE4A2-E551-4114-AA5B-A4A6BAB4255F
b'\x00\x00\x00\x00\x04\xcf\x92\x03',PRI0526,,KALIGEN PATIENT RECORD,KALIGEN PATIENT RECORD,,PAD,0,0,PROMO,,,1,0,0,0.0,0,0.0,3,0.0,0.0,0.0,0.0,1,1,,,,0.0,0.0,0.0,,0.0,0.0,,0.0,0.0,0.0,0.0,,,,0.0,,0.0,0.0,0.0,0,,2021-11-18 08:51:27.493,2021-11-18,1754-01-01 16:51:27.493,0,,PROMO,00000000-0000-0000-0000-000000000000,,0,,,GOODS12,1,,,0,0,,0,,,0,0.0,,1753-01-01,0.0,0.0,0.0,0,0,0.0,0.0,0.0,0.0,,0,0,1.0,PAD,PAD,,0,0,0,,,,0.0,0.0,,PROMATS,0,,,,,,,,,,,,1753-01-01,1,1753-01-01,1753-01-01,00000000-0000-0000-0000-000000000000,00000000-0000-0000-0000-000000000000,00000000-0000-0000-0000-000000000000,0,0,00000000-0000-0000-0000-000000000000,,,,0.0,0.0,0.0,0.0,0.0,0.0,0.0,0.0,0.0,0,0,,57B11CA2-2178-EB11-AA10-000D3AA30FE3,2021-02-26 10:59:04.960,7E45060B-A2A4-4F72-B553-3234C753B380,2021-11-18 08:51:27.493,8FDCE4A2-E551-4114-AA5B-A4A6BAB4255F
b'\x00\x00\x00\x00\x04\xcf\x92\x05',PRI0529,,DESLOGEN HAND SANITIZER,DESLOGEN HAND SANITIZER,,PC,0,0,PROMO,,,1,0,0,0.0,0,0.0,3,28.575,0.0,28.57195,0.0,1,1,,,,0.0,0.0,0.0,,0.0,0.0,,0.0,0.0,0.0,0.0,,,,0.0,,0.0,0.0,0.0,0,,2021-11-18 08:51:31.647,2021-11-18,1754-01-01 16:51:31.647,0,,PROMO,00000000-0000-0000-0000-000000000000,,0,,,GOODS12,1,,,0,0,,0,,,0,0.0,,1753-01-01,0.0,0.0,0.0,0,0,0.0,0.0,0.0,0.0,,0,0,1.0,PC,PC,,0,0,0,,,,0.0,0.0,,PROMATS,0,,,,,,,,,,,,1753-01-01,1,1753-01-01,1753-01-01,00000000-0000-0000-0000-000000000000,00000000-0000-0000-0000-000000000000,00000000-0000-0000-0000-000000000000,0,0,00000000-0000-0000-0000-000000000000,,,,0.0,0.0,0.0,0.0,0.0,0.0,0.0,0.0,0.0,0,0,,58B11CA2-2178-EB11-AA10-000D3AA30FE3,2021-02-26 10:59:04.960,7E45060B-A2A4-4F72-B553-3234C753B380,2021-11-18 08:51:31.647,8FDCE4A2-E551-4114-AA5B-A4A6BAB4255F
b'\x00\x00\x00\x00\x0c\x1c\x19\x7f',PRI0532,,COXIGEN PATIENT RECORD,COXIGEN PATIENT RECORD,,PAD,0,0,PROMO,,,1,0,0,0.0,0,0.0,3,40.178,0.0,40.178,0.0,1,1,,,,0.0,0.0,0.0,,0.0,0.0,,0.0,0.0,0.0,0.0,,,,0.0,,0.0,0.0,0.0,0,,2021-11-18 08:30:23.923,2021-11-18,1754-01-01 16:30:23.923,0,,PROMO,00000000-0000-0000-0000-000000000000,,0,,,GOODS12,1,,,0,0,,0,,,0,0.0,,1753-01-01,0.0,0.0,0.0,0,0,0.0,0.0,0.0,0.0,,0,0,1.0,PAD,PAD,,0,0,0,,,,0.0,0.0,,PROMATS,0,,,,,,,,,,,,1753-01-01,1,1753-01-01,1753-01-01,00000000-0000-0000-0000-000000000000,00000000-0000-0000-0000-000000000000,00000000-0000-0000-0000-000000000000,0,0,00000000-0000-0000-0000-000000000000,,,,0.0,0.0,0.0,0.0,0.0,0.0,0.0,0.0,0.0,0,0,,59B11CA2-2178-EB11-AA10-000D3AA30FE3,2021-02-26 10:59:04.977,7E45060B-A2A4-4F72-B553-3234C753B380,2025-04-30 05:33:20.947,34C3286C-E7F6-4F45-8F69-19CD015F1C1B
b'\x00\x00\x00\x00\x0cZY\x1f',PRI0536,,TRIFIXIME PATIENT RECORD,TRIFIXIME PATIENT RECORD,,PC,0,0,PROMO,,,1,0,0,0.0,0,0.0,3,41.07138,0.0,41.07143,0.0,1,1,,,,0.0,0.0,0.0,,0.0,0.0,,0.0,0.0,0.0,0.0,,,,0.0,,0.0,0.0,0.0,0,,2021-11-18 08:51:38.673,2021-11-18,1754-01-01 16:51:38.673,0,,PROMO,00000000-0000-0000-0000-000000000000,,0,,,GOODS12,1,,,0,0,,0,,,0,0.0,,1753-01-01,0.0,0.0,0.0,0,0,0.0,0.0,0.0,0.0,,0,0,1.0,PC,PC,,0,0,0,,,,0.0,0.0,,PROMATS,0,,,,,,,,,,,,1753-01-01,1,1753-01-01,1753-01-01,00000000-0000-0000-0000-000000000000,00000000-0000-0000-0000-000000000000,00000000-0000-0000-0000-000000000000,0,0,00000000-0000-0000-0000-000000000000,,,,0.0,0.0,0.0,0.0,0.0,0.0,0.0,0.0,0.0,0,0,,5AB11CA2-2178-EB11-AA10-000D3AA30FE3,2021-02-26 10:59:05.100,7E45060B-A2A4-4F72-B553-3234C753B380,2025-09-02 08:00:26.580,34C3286C-E7F6-4F45-8F69-19CD015F1C1B
b'\x00\x00\x00\x00\x08c\xa4\n',PRI0538,,REFLEX HAMMER,REFLEX HAMMER,,PC,0,0,PROMO,,,1,0,0,0.0,0,0.0,3,55.36,0.0,55.36,0.0,1,1,,,,0.0,0.0,0.0,,0.0,0.0,,0.0,0.0,0.0,0.0,,,,0.0,,0.0,0.0,0.0,0,,2021-11-18 08:30:32.057,2021-11-18,1754-01-01 16:30:32.057,0,,PROMO,00000000-0000-0000-0000-000000000000,,0,,,GOODS12,1,,,0,0,,0,,,0,0.0,,1753-01-01,0.0,0.0,0.0,0,0,0.0,0.0,0.0,0.0,,0,0,1.0,PC,PC,,0,0,0,,,,0.0,0.0,,PROMATS,0,,,,,,,,,,,,1753-01-01,1,1753-01-01,1753-01-01,00000000-0000-0000-0000-000000000000,00000000-0000-0000-0000-000000000000,00000000-0000-0000-0000-000000000000,0,0,00000000-0000-0000-0000-000000000000,,,,0.0,0.0,0.0,0.0,0.0,0.0,0.0,0.0,0.0,0,0,,5BB11CA2-2178-EB11-AA10-000D3AA30FE3,2021-02-26 10:59:05.117,7E45060B-A2A4-4F72-B553-3234C753B380,2024-02-24 03:38:13.393,4A96EAA9-3DB9-423D-8512-43281713C4ED
b'\x00\x00\x00\x00\x00s\xe5\xf3',PRI0540,,ZEFUR FACE MASK CASE,ZEFUR FACE MASK CASE,,PC,0,0,PROMO,,,1,0,0,0.0,0,0.0,3,0.0,0.0,0.0,0.0,1,1,,,,0.0,0.0,0.0,,0.0,0.0,,0.0,0.0,0.0,0.0,,,,0.0,,0.0,0.0,0.0,0,,2021-03-26 00:47:11.147,2021-03-26,1754-01-01 08:47:11.147,0,,PROMO,00000000-0000-0000-0000-000000000000,,0,,,GOODS12,1,,,0,0,,0,,,0,0.0,,1753-01-01,0.0,0.0,0.0,0,0,0.0,0.0,0.0,0.0,,0,0,1.0,PC,PC,,0,0,0,,,,0.0,0.0,,PROMATS,0,,,,,,,,,,,,1753-01-01,1,1753-01-01,1753-01-01,00000000-0000-0000-0000-000000000000,EC30D469-806F-EB11-AA04-000D3AA30FE3,00000000-0000-0000-0000-000000000000,0,0,00000000-0000-0000-0000-000000000000,,,,0.0,0.0,0.0,0.0,0.0,0.0,0.0,0.0,0.0,0,0,,32B7E10A-318D-EB11-AA37-000D3AA30FE3,2021-03-25 06:12:15.150,7E45060B-A2A4-4F72-B553-3234C753B380,2021-03-26 00:47:11.147,7E45060B-A2A4-4F72-B553-3234C753B380
b'\x00\x00\x00\x00\x08`K\xe2',PRI0541,,AMLODINE PLUS PRODUCT INSERT,AMLODINE PLUS PRODUCT INSERT,,PC,0,0,PROMO,,,1,0,0,0.0,0,0.0,3,0.375,0.0,0.375,0.0,1,1,,,,0.0,0.0,0.0,,0.0,0.0,,0.0,0.0,0.0,0.0,,,,0.0,,0.0,0.0,0.0,0,,2021-03-26 00:47:11.163,2021-03-26,1754-01-01 08:47:11.163,0,,PROMO,00000000-0000-0000-0000-000000000000,,0,,,GOODS12,1,,,0,0,,0,,,0,0.0,,1753-01-01,0.0,0.0,0.0,0,0,0.0,0.0,0.0,0.0,,0,0,1.0,PC,PC,,0,0,0,,,,0.0,0.0,,PROMATS,0,,,,,,,,,,,,1753-01-01,1,1753-01-01,1753-01-01,00000000-0000-0000-0000-000000000000,EC30D469-806F-EB11-AA04-000D3AA30FE3,00000000-0000-0000-0000-000000000000,0,0,00000000-0000-0000-0000-000000000000,,,,0.0,0.0,0.0,0.0,0.0,0.0,0.0,0.0,0.0,0,0,,33B7E10A-318D-EB11-AA37-000D3AA30FE3,2021-03-25 06:12:15.157,7E45060B-A2A4-4F72-B553-3234C753B380,2024-02-17 08:32:07.347,4A96EAA9-3DB9-423D-8512-43281713C4ED
b'\x00\x00\x00\x00\x0czM\xad',PRI0542,,LOXENIL SIGN PEN,LOXENIL SIGN PEN,,PC,0,0,PROMO,,,1,0,0,0.0,0,0.0,3,30.0,0.0,30.0,0.0,1,1,,,,0.0,0.0,0.0,,0.0,0.0,,0.0,0.0,0.0,0.0,,,,0.0,,0.0,0.0,0.0,0,,2025-04-08 08:58:41.653,2025-04-08,1754-01-01 16:58:41.653,0,,PROMO,00000000-0000-0000-0000-000000000000,,0,,,GOODS12,1,,,0,0,,0,,,0,0.0,,1753-01-01,0.0,0.0,0.0,0,0,0.0,0.0,0.0,0.0,,0,0,1.0,PC,PC,,0,0,0,,,,0.0,0.0,,PROMATS,0,,,,,,,,,,,,1753-01-01,1,1753-01-01,1753-01-01,00000000-0000-0000-0000-000000000000,EC30D469-806F-EB11-AA04-000D3AA30FE3,00000000-0000-0000-0000-000000000000,0,0,00000000-0000-0000-0000-000000000000,,,,0.0,0.0,0.0,0.0,0.0,0.0,0.0,0.0,0.0,0,0,,34B7E10A-318D-EB11-AA37-000D3AA30FE3,2021-03-25 06:12:15.163,7E45060B-A2A4-4F72-B553-3234C753B380,2025-11-05 03:11:04.480,34C3286C-E7F6-4F45-8F69-19CD015F1C1B
b'\x00\x00\x00\x00\x00s\xe5\xf6',PRI0543,,AZI UMBRELLA,AZI UMBRELLA,,PC,0,0,PROMO,,,1,0,0,0.0,0,0.0,3,0.0,0.0,0.0,0.0,1,1,,,,0.0,0.0,0.0,,0.0,0.0,,0.0,0.0,0.0,0.0,,,,0.0,,0.0,0.0,0.0,0,,2021-03-26 00:47:11.180,2021-03-26,1754-01-01 08:47:11.180,0,,PROMO,00000000-0000-0000-0000-000000000000,,0,,,GOODS12,1,,,0,0,,0,,,0,0.0,,1753-01-01,0.0,0.0,0.0,0,0,0.0,0.0,0.0,0.0,,0,0,1.0,PC,PC,,0,0,0,,,,0.0,0.0,,PROMATS,0,,,,,,,,,,,,1753-01-01,1,1753-01-01,1753-01-01,00000000-0000-0000-0000-000000000000,EC30D469-806F-EB11-AA04-000D3AA30FE3,00000000-0000-0000-0000-000000000000,0,0,00000000-0000-0000-0000-000000000000,,,,0.0,0.0,0.0,0.0,0.0,0.0,0.0,0.0,0.0,0,0,,35B7E10A-318D-EB11-AA37-000D3AA30FE3,2021-03-25 06:12:15.167,7E45060B-A2A4-4F72-B553-3234C753B380,2021-03-26 00:47:11.180,7E45060B-A2A4-4F72-B553-3234C753B380
b'\x00\x00\x00\x00\x0ci\xeb)',PRI0544,,LOXENIL PATIENT RECORD,LOXENIL PATIENT RECORD,,PAD,0,0,PROMO,,,1,0,0,0.0,0,0.0,3,41.071,0.0,41.07143,0.0,1,1,,,,0.0,0.0,0.0,,0.0,0.0,,0.0,0.0,0.0,0.0,,,,0.0,,0.0,0.0,0.0,0,,2021-03-26 00:47:11.180,2021-03-26,1754-01-01 08:47:11.180,0,,PROMO,00000000-0000-0000-0000-000000000000,,0,,,GOODS12,1,,,0,0,,0,,,0,0.0,,1753-01-01,0.0,0.0,0.0,0,0,0.0,0.0,0.0,0.0,,0,0,1.0,PAD,PAD,,0,0,0,,,,0.0,0.0,,PROMATS,0,,,,,,,,,,,,1753-01-01,1,1753-01-01,1753-01-01,00000000-0000-0000-0000-000000000000,E830D469-806F-EB11-AA04-000D3AA30FE3,00000000-0000-0000-0000-000000000000,0,0,00000000-0000-0000-0000-000000000000,,,,0.0,0.0,0.0,0.0,0.0,0.0,0.0,0.0,0.0,0,0,,36B7E10A-318D-EB11-AA37-000D3AA30FE3,2021-03-25 06:12:15.173,7E45060B-A2A4-4F72-B553-3234C753B380,2025-10-02 07:01:58.397,34C3286C-E7F6-4F45-8F69-19CD015F1C1B
b'\x00\x00\x00\x00\x06hG\n',PRI0545,,MOXIFLOX WET WIPES,MOXIFLOX WET WIPES,,PACK,0,0,PROMO,,,1,0,0,0.0,0,0.0,3,19.64286,0.0,19.64286,0.0,1,1,,,,0.0,0.0,0.0,,0.0,0.0,,0.0,0.0,0.0,0.0,,,,0.0,,0.0,0.0,0.0,0,,2021-03-26 00:47:11.197,2021-03-26,1754-01-01 08:47:11.197,0,,PROMO,00000000-0000-0000-0000-000000000000,,0,,,GOODS12,1,,,0,0,,0,,,0,0.0,,1753-01-01,0.0,0.0,0.0,0,0,0.0,0.0,0.0,0.0,,0,0,1.0,PACK,PACK,,0,0,0,,,,0.0,0.0,,PROMATS,0,,,,,,,,,,,,1753-01-01,1,1753-01-01,1753-01-01,00000000-0000-0000-0000-000000000000,E730D469-806F-EB11-AA04-000D3AA30FE3,00000000-0000-0000-0000-000000000000,0,0,00000000-0000-0000-0000-000000000000,,,,0.0,0.0,0.0,0.0,0.0,0.0,0.0,0.0,0.0,0,0,,37B7E10A-318D-EB11-AA37-000D3AA30FE3,2021-03-25 06:12:15.177,7E45060B-A2A4-4F72-B553-3234C753B380,2022-11-05 02:31:20.580,231778F0-FC62-474D-8BCC-F79E6C896C7A
b'\x00\x00\x00\x00\x06K\x130',PRI0546,,AZI-500 WET WIPES,AZI-500 WET WIPES,,PACK,0,0,PROMO,,,1,0,0,0.0,0,0.0,3,19.64,0.0,19.64285,0.0,1,1,,,,0.0,0.0,0.0,,0.0,0.0,,0.0,0.0,0.0,0.0,,,,0.0,,0.0,0.0,0.0,0,,2021-03-26 00:47:11.197,2021-03-26,1754-01-01 08:47:11.197,0,,PROMO,00000000-0000-0000-0000-000000000000,,0,,,GOODS12,1,,,0,0,,0,,,0,0.0,,1753-01-01,0.0,0.0,0.0,0,0,0.0,0.0,0.0,0.0,,0,0,1.0,PACK,PACK,,0,0,0,,,,0.0,0.0,,PROMATS,0,,,,,,,,,,,,1753-01-01,1,1753-01-01,1753-01-01,00000000-0000-0000-0000-000000000000,E730D469-806F-EB11-AA04-000D3AA30FE3,00000000-0000-0000-0000-000000000000,0,0,00000000-0000-0000-0000-000000000000,,,,0.0,0.0,0.0,0.0,0.0,0.0,0.0,0.0,0.0,0,0,,38B7E10A-318D-EB11-AA37-000D3AA30FE3,2021-03-25 06:12:15.187,7E45060B-A2A4-4F72-B553-3234C753B380,2022-09-03 06:42:41.007,231778F0-FC62-474D-8BCC-F79E6C896C7A
b'\x00\x00\x00\x00\x04\xe9\xb3z',PRI0547,,ENT & RESPI RX PAD HOLDER,ENT & RESPI RX PAD HOLDER,,PC,0,0,PROMO,,,1,0,0,0.0,0,0.0,3,0.0,0.0,0.0,0.0,1,1,,,,0.0,0.0,0.0,,0.0,0.0,,0.0,0.0,0.0,0.0,,,,0.0,,0.0,0.0,0.0,0,,2021-12-03 09:34:45.997,2021-12-03,1754-01-01 17:34:45.997,0,,PROMO,00000000-0000-0000-0000-000000000000,,0,,,GOODS12,1,,,0,0,,0,,,0,0.0,,1753-01-01,0.0,0.0,0.0,0,0,0.0,0.0,0.0,0.0,,0,0,1.0,PC,PC,,0,0,0,,,,0.0,0.0,,PROMATS,0,,,,,,,,,,,,1753-01-01,1,1753-01-01,1753-01-01,00000000-0000-0000-0000-000000000000,EC30D469-806F-EB11-AA04-000D3AA30FE3,00000000-0000-0000-0000-000000000000,0,0,00000000-0000-0000-0000-000000000000,,,,0.0,0.0,0.0,0.0,0.0,0.0,0.0,0.0,0.0,0,0,,16A086F5-1B54-EC11-A4CB-5E2CC006407F,2021-12-03 09:32:41.187,8FDCE4A2-E551-4114-AA5B-A4A6BAB4255F,2021-12-03 09:34:45.997,8FDCE4A2-E551-4114-AA5B-A4A6BAB4255F
b'\x00\x00\x00\x00\x0cww\\',PRI0548,,VALIANZ HCT STARTER PACK x 3's,VALIANZ HCT STARTER PACK X 3'S,,PC,0,0,PROMO,,,1,0,0,0.0,0,0.0,3,1.80088,0.0,1.95,0.0,1,1,,,,0.0,0.0,0.0,,0.0,0.0,,0.0,0.0,0.0,0.0,,,,0.0,,0.0,0.0,0.0,0,,2021-12-03 09:39:17.927,2021-12-03,1754-01-01 17:39:17.927,0,,PROMO,00000000-0000-0000-0000-000000000000,,0,ITEM8,,GOODS12,1,,,0,0,,0,,,1,0.0,,1753-01-01,0.0,0.0,0.0,0,0,0.0,0.0,0.0,0.0,,0,0,1.0,PC,PC,,0,0,0,,,,0.0,0.0,,SAMPLES,0,,,,,,,,,,,,1753-01-01,1,1753-01-01,1753-01-01,00000000-0000-0000-0000-000000000000,EC30D469-806F-EB11-AA04-000D3AA30FE3,00000000-0000-0000-0000-000000000000,0,0,00000000-0000-0000-0000-000000000000,,,,0.0,0.0,0.0,0.0,0.0,0.0,0.0,0.0,0.0,0,0,,A5B3AC83-1C54-EC11-A4CB-5E2CC006407F,2021-12-03 09:36:43.597,8FDCE4A2-E551-4114-AA5B-A4A6BAB4255F,2025-10-29 06:22:37.360,34C3286C-E7F6-4F45-8F69-19CD015F1C1B
b'\x00\x00\x00\x00\r\x05\xb0\xf5',PRI0549,,VALIANZ HCT CATCH COVER,VALIANZ HCT CATCH COVER,,PC,0,0,PROMO,,,1,0,0,0.0,0,0.0,3,1.61055,0.0,1.65,0.0,1,1,,,,0.0,0.0,0.0,,0.0,0.0,,0.0,0.0,0.0,0.0,,,,0.0,,0.0,0.0,0.0,0,,2021-12-03 09:41:00.047,2021-12-03,1754-01-01 17:41:00.047,0,,PROMO,00000000-0000-0000-0000-000000000000,,0,ITEM8,,GOODS12,1,,,0,0,,0,,,1,0.0,,1753-01-01,0.0,0.0,0.0,0,0,0.0,0.0,0.0,0.0,,0,0,1.0,PC,PC,,0,0,0,,,,0.0,0.0,,SAMPLES,0,,,,,,,,,,,,1753-01-01,1,1753-01-01,1753-01-01,00000000-0000-0000-0000-000000000000,EC30D469-806F-EB11-AA04-000D3AA30FE3,00000000-0000-0000-0000-000000000000,0,0,00000000-0000-0000-0000-000000000000,,,,0.0,0.0,0.0,0.0,0.0,0.0,0.0,0.0,0.0,0,0,,420088EE-1C54-EC11-A4CB-5E2CC006407F,2021-12-03 09:39:38.937,8FDCE4A2-E551-4114-AA5B-A4A6BAB4255F,2026-01-10 02:21:36.750,5428A7C5-0CCA-4C68-BF2D-3ED6031F3D6F
b'\x00\x00\x00\x00\x0cwwb',PRI0550,,AMLODINE STARTER PACK x 3's,AMLODINE STARTER PACK X 3'S,,PC,0,0,PROMO,,,1,0,0,0.0,0,0.0,3,1.78571,0.0,1.78571,0.0,1,1,,,,0.0,0.0,0.0,,0.0,0.0,,0.0,0.0,0.0,0.0,,,,0.0,,0.0,0.0,0.0,0,,2022-07-19 02:22:27.497,2022-07-19,1754-01-01 10:22:27.497,0,,PROMO,00000000-0000-0000-0000-000000000000,,0,,,EXEMPT,1,,,0,0,,0,,,1,0.0,,1753-01-01,0.0,0.0,0.0,0,0,0.0,0.0,0.0,0.0,,0,0,1.0,PC,PC,,0,0,0,,,,0.0,0.0,,PROMATS,0,,,,,,,,,,,,1753-01-01,1,1753-01-01,1753-01-01,00000000-0000-0000-0000-000000000000,EC30D469-806F-EB11-AA04-000D3AA30FE3,00000000-0000-0000-0000-000000000000,0,0,00000000-0000-0000-0000-000000000000,,,,0.0,0.0,0.0,0.0,0.0,0.0,0.0,0.0,0.0,0,0,,8FBC06E0-0607-ED11-A4E4-5E2CC006407F,2022-07-19 02:02:43.807,8FDCE4A2-E551-4114-AA5B-A4A6BAB4255F,2025-10-29 06:22:37.403,34C3286C-E7F6-4F45-8F69-19CD015F1C1B
b'\x00\x00\x00\x00\nu\xf8\xdb',PRI0551,,ATOR STARTER PACK x 3's,ATOR STARTER PACK X 3'S,,PC,0,0,PROMO,,,1,0,0,0.0,0,0.0,3,2.59081,0.0,2.5,0.0,1,1,,,,0.0,0.0,0.0,,0.0,0.0,,0.0,0.0,0.0,0.0,,,,0.0,,0.0,0.0,0.0,0,,2022-07-19 02:27:22.360,2022-07-19,1754-01-01 10:27:22.360,0,,PROMO,00000000-0000-0000-0000-000000000000,,0,,,EXEMPT,1,,,0,0,,0,,,1,0.0,,1753-01-01,0.0,0.0,0.0,0,0,0.0,0.0,0.0,0.0,,0,0,1.0,PC,PC,,0,0,0,,,,0.0,0.0,,PROMATS,0,,,,,,,,,,,,1753-01-01,1,1753-01-01,1753-01-01,00000000-0000-0000-0000-000000000000,EC30D469-806F-EB11-AA04-000D3AA30FE3,00000000-0000-0000-0000-000000000000,0,0,00000000-0000-0000-0000-000000000000,,,,0.0,0.0,0.0,0.0,0.0,0.0,0.0,0.0,0.0,0,0,,B877C59F-0907-ED11-A4E4-5E2CC006407F,2022-07-19 02:22:30.417,8FDCE4A2-E551-4114-AA5B-A4A6BAB4255F,2024-08-07 02:11:26.503,6EDA4DDD-E75F-48E6-A116-1359FC8D1BC3
b'\x00\x00\x00\x00\x0b*\xb8w',PRI0552,,LOSARGARD STARTER PACK x 3's,LOSARGARD STARTER PACK X 3'S,,PC,0,0,PROMO,,,1,0,0,0.0,0,0.0,3,2.41636,0.0,2.41071,0.0,1,1,,,,0.0,0.0,0.0,,0.0,0.0,,0.0,0.0,0.0,0.0,,,,0.0,,0.0,0.0,0.0,0,,2022-07-19 02:36:38.447,2022-07-19,1754-01-01 10:36:38.447,0,,PROMO,00000000-0000-0000-0000-000000000000,,0,,,EXEMPT,1,,,0,0,,0,,,1,0.0,,1753-01-01,0.0,0.0,0.0,0,0,0.0,0.0,0.0,0.0,,0,0,1.0,PC,PC,,0,0,0,,,,0.0,0.0,,PROMATS,0,,,,,,,,,,,,1753-01-01,1,1753-01-01,1753-01-01,00000000-0000-0000-0000-000000000000,EC30D469-806F-EB11-AA04-000D3AA30FE3,00000000-0000-0000-0000-000000000000,0,0,00000000-0000-0000-0000-000000000000,,,,0.0,0.0,0.0,0.0,0.0,0.0,0.0,0.0,0.0,0,0,,B8C67D53-0A07-ED11-A4E4-5E2CC006407F,2022-07-19 02:27:26.033,8FDCE4A2-E551-4114-AA5B-A4A6BAB4255F,2024-11-07 08:23:18.383,6EDA4DDD-E75F-48E6-A116-1359FC8D1BC3
b'\x00\x00\x00\x00\nrR1',PRI0553,,AZI / MOXIFLOX PATIENT RECORD,AZI / MOXIFLOX PATIENT RECORD,,PAD,0,0,PROMO,,,1,0,0,0.0,0,0.0,3,41.071,0.0,41.07144,0.0,1,1,,,,0.0,0.0,0.0,,0.0,0.0,,0.0,0.0,0.0,0.0,,,,0.0,,0.0,0.0,0.0,0,,2023-05-17 09:18:16.763,2023-05-17,1754-01-01 17:18:16.763,0,,PROMO,00000000-0000-0000-0000-000000000000,,0,,,GOODS12,1,,,0,0,,0,,,0,0.0,,1753-01-01,0.0,0.0,0.0,0,0,0.0,0.0,0.0,0.0,,0,0,1.0,PAD,PAD,,0,0,0,,,,0.0,0.0,,PROMATS,0,,,,,,,,,,,,1753-01-01,1,1753-01-01,1753-01-01,00000000-0000-0000-0000-000000000000,E830D469-806F-EB11-AA04-000D3AA30FE3,00000000-0000-0000-0000-000000000000,0,0,00000000-0000-0000-0000-000000000000,,,,0.0,0.0,0.0,0.0,0.0,0.0,0.0,0.0,0.0,0,0,,5DE5D996-2624-ED11-A4EA-5E2CC006407F,2022-08-25 03:32:48.673,8FDCE4A2-E551-4114-AA5B-A4A6BAB4255F,2024-07-30 10:04:35.603,34C3286C-E7F6-4F45-8F69-19CD015F1C1B
b'\x00\x00\x00\x00\x0c\x1c>\xd0',PRI0554,,METABOLIC 1 PATIENT RECORD,METABOLIC 1 PATIENT RECORD,,PAD,0,0,PROMO,,,1,0,0,0.0,0,0.0,3,44.643,0.0,44.64286,0.0,1,1,,,,0.0,0.0,0.0,,0.0,0.0,,0.0,0.0,0.0,0.0,,,,0.0,,0.0,0.0,0.0,0,,2023-02-21 02:38:41.590,2023-02-21,1754-01-01 10:38:41.590,0,,PROMO,00000000-0000-0000-0000-000000000000,,0,,,GOODS12,1,,,0,0,,0,,,0,0.0,,1753-01-01,0.0,0.0,0.0,0,0,0.0,0.0,0.0,0.0,,0,0,1.0,PAD,PAD,,0,0,0,,,,0.0,0.0,,PROMATS,0,,,,,,,,,,,,1753-01-01,1,1753-01-01,1753-01-01,00000000-0000-0000-0000-000000000000,E830D469-806F-EB11-AA04-000D3AA30FE3,00000000-0000-0000-0000-000000000000,0,0,00000000-0000-0000-0000-000000000000,,,,0.0,0.0,0.0,0.0,0.0,0.0,0.0,0.0,0.0,0,0,,F732455E-90B1-ED11-A4EC-5E2CC006407F,2023-02-21 02:35:14.337,8FDCE4A2-E551-4114-AA5B-A4A6BAB4255F,2025-04-30 05:37:22.757,34C3286C-E7F6-4F45-8F69-19CD015F1C1B
b'\x00\x00\x00\x00\x07\xa2a\xac',PRI0555,,KALIGEN FLYERS,KALIGEN FLYERS,,PC,0,0,PROMO,,,1,0,0,0.0,0,0.0,3,3.57133,0.0,3.57143,0.0,1,1,,,,0.0,0.0,0.0,,0.0,0.0,,0.0,0.0,0.0,0.0,,,,0.0,,0.0,0.0,0.0,0,,2023-02-21 02:41:52.700,2023-02-21,1754-01-01 10:41:52.700,0,,PROMO,00000000-0000-0000-0000-000000000000,,0,,,GOODS12,1,,,0,0,,0,,,0,0.0,,1753-01-01,0.0,0.0,0.0,0,0,0.0,0.0,0.0,0.0,,0,0,1.0,PC,PC,,0,0,0,,,,0.0,0.0,,PROMATS,0,,,,,,,,,,,,1753-01-01,1,1753-01-01,1753-01-01,00000000-0000-0000-0000-000000000000,EC30D469-806F-EB11-AA04-000D3AA30FE3,00000000-0000-0000-0000-000000000000,0,0,00000000-0000-0000-0000-000000000000,,,,0.0,0.0,0.0,0.0,0.0,0.0,0.0,0.0,0.0,0,0,,46A5D6DC-90B1-ED11-A4EC-5E2CC006407F,2023-02-21 02:38:46.680,8FDCE4A2-E551-4114-AA5B-A4A6BAB4255F,2023-08-01 07:44:11.287,4A96EAA9-3DB9-423D-8512-43281713C4ED
b'\x00\x00\x00\x00\x07\xa2b\x1d',PRI0556,,LESOFAT FLYERS,LESOFAT FLYERS,,PC,0,0,PROMO,,,1,0,0,0.0,0,0.0,3,3.57133,0.0,3.57143,0.0,1,1,,,,0.0,0.0,0.0,,0.0,0.0,,0.0,0.0,0.0,0.0,,,,0.0,,0.0,0.0,0.0,0,,2023-02-21 06:04:51.537,2023-02-21,1754-01-01 14:04:51.537,0,,PROMO,00000000-0000-0000-0000-000000000000,,0,,,GOODS12,1,,,0,0,,0,,,0,0.0,,1753-01-01,0.0,0.0,0.0,0,0,0.0,0.0,0.0,0.0,,0,0,1.0,PC,PC,,0,0,0,,,,0.0,0.0,,PROMATS,0,,,,,,,,,,,,1753-01-01,1,1753-01-01,1753-01-01,00000000-0000-0000-0000-000000000000,EC30D469-806F-EB11-AA04-000D3AA30FE3,00000000-0000-0000-0000-000000000000,0,0,00000000-0000-0000-0000-000000000000,,,,0.0,0.0,0.0,0.0,0.0,0.0,0.0,0.0,0.0,0,0,,9AF3D403-ADB1-ED11-A4EC-5E2CC006407F,2023-02-21 06:00:18.010,8FDCE4A2-E551-4114-AA5B-A4A6BAB4255F,2023-08-01 07:44:11.660,4A96EAA9-3DB9-423D-8512-43281713C4ED
b'\x00\x00\x00\x00\x0b\x16\x9bp',PRI0557,,ZUNAMYN PATIENT RECORD,ZUNAMYN PATIENT RECORD,,PAD,0,0,PROMO,,,1,0,0,0.0,0,0.0,3,41.33875,0.0,41.07143,0.0,1,1,,,,0.0,0.0,0.0,,0.0,0.0,,0.0,0.0,0.0,0.0,,,,0.0,,0.0,0.0,0.0,0,,2023-03-01 07:36:43.837,2023-03-01,1754-01-01 15:36:43.837,0,,PROMO,00000000-0000-0000-0000-000000000000,,0,,,GOODS12,1,,,0,0,,0,,,0,0.0,,1753-01-01,0.0,0.0,0.0,0,0,0.0,0.0,0.0,0.0,,0,0,1.0,PAD,PAD,,0,0,0,,,,0.0,0.0,,PROMATS,0,,,,,,,,,,,,1753-01-01,1,1753-01-01,1753-01-01,00000000-0000-0000-0000-000000000000,E830D469-806F-EB11-AA04-000D3AA30FE3,00000000-0000-0000-0000-000000000000,0,0,00000000-0000-0000-0000-000000000000,,,,0.0,0.0,0.0,0.0,0.0,0.0,0.0,0.0,0.0,0,0,,3D799F40-03B8-ED11-A4EC-5E2CC006407F,2023-03-01 07:32:43.697,8FDCE4A2-E551-4114-AA5B-A4A6BAB4255F,2024-09-26 02:24:46.667,34C3286C-E7F6-4F45-8F69-19CD015F1C1B
b'\x00\x00\x00\x00\x0ci\xeb\xa4',PRI0558,,ZEFUR PATIENT RECORD,ZEFUR PATIENT RECORD,,PAD,0,0,PROMO,,,1,0,0,0.0,0,0.0,3,41.071,0.0,41.07142,0.0,1,1,,,,0.0,0.0,0.0,,0.0,0.0,,0.0,0.0,0.0,0.0,,,,0.0,,0.0,0.0,0.0,0,,2023-03-01 07:37:58.880,2023-03-01,1754-01-01 15:37:58.880,0,,PROMO,00000000-0000-0000-0000-000000000000,,0,,,GOODS12,1,,,0,0,,0,,,0,0.0,,1753-01-01,0.0,0.0,0.0,0,0,0.0,0.0,0.0,0.0,,0,0,1.0,PAD,PAD,,0,0,0,,,,0.0,0.0,,PROMATS,0,,,,,,,,,,,,1753-01-01,1,1753-01-01,1753-01-01,00000000-0000-0000-0000-000000000000,E830D469-806F-EB11-AA04-000D3AA30FE3,00000000-0000-0000-0000-000000000000,0,0,00000000-0000-0000-0000-000000000000,,,,0.0,0.0,0.0,0.0,0.0,0.0,0.0,0.0,0.0,0,0,,B217F6D2-03B8-ED11-A4EC-5E2CC006407F,2023-03-01 07:36:49.210,8FDCE4A2-E551-4114-AA5B-A4A6BAB4255F,2025-10-02 07:01:59.030,34C3286C-E7F6-4F45-8F69-19CD015F1C1B
b'\x00\x00\x00\x00\x0cHq\x8f',PRI0559,,AZI-500 SIGN PEN,AZI-500 SIGN PEN,,PC,0,0,PROMO,,,1,0,0,0.0,0,0.0,3,30.0,0.0,30.0,0.0,1,1,,,,0.0,0.0,0.0,,0.0,0.0,,0.0,0.0,0.0,0.0,,,,0.0,,0.0,0.0,0.0,0,,2023-03-01 07:39:16.033,2023-03-01,1754-01-01 15:39:16.033,0,,PROMO,00000000-0000-0000-0000-000000000000,,0,,,GOODS12,1,,,0,0,,0,,,0,0.0,,1753-01-01,0.0,0.0,0.0,0,0,0.0,0.0,0.0,0.0,,0,0,1.0,PC,PC,,0,0,0,,,,0.0,0.0,,PROMATS,0,,,,,,,,,,,,1753-01-01,1,1753-01-01,1753-01-01,00000000-0000-0000-0000-000000000000,EC30D469-806F-EB11-AA04-000D3AA30FE3,00000000-0000-0000-0000-000000000000,0,0,00000000-0000-0000-0000-000000000000,,,,0.0,0.0,0.0,0.0,0.0,0.0,0.0,0.0,0.0,0,0,,8277EDFE-03B8-ED11-A4EC-5E2CC006407F,2023-03-01 07:38:02.973,8FDCE4A2-E551-4114-AA5B-A4A6BAB4255F,2025-07-24 07:03:30.057,34C3286C-E7F6-4F45-8F69-19CD015F1C1B
b'\x00\x00\x00\x00\x0czM\xaf',PRI0560,,TRIFIXIME SIGN PEN,TRIFIXIME SIGN PEN,,PC,0,0,PROMO,,,1,0,0,0.0,0,0.0,3,30.0,0.0,30.0,0.0,1,1,,,,0.0,0.0,0.0,,0.0,0.0,,0.0,0.0,0.0,0.0,,,,0.0,,0.0,0.0,0.0,0,,2023-06-08 06:53:26.590,2023-06-08,1754-01-01 14:53:26.590,0,,PROMO,00000000-0000-0000-0000-000000000000,,0,,,GOODS12,1,,,0,0,,0,,,0,0.0,,1753-01-01,0.0,0.0,0.0,0,0,0.0,0.0,0.0,0.0,,0,0,1.0,PC,PC,,0,0,0,,,,0.0,0.0,,PROMATS,0,,,,,,,,,,,,1753-01-01,1,1753-01-01,1753-01-01,00000000-0000-0000-0000-000000000000,EC30D469-806F-EB11-AA04-000D3AA30FE3,00000000-0000-0000-0000-000000000000,0,0,00000000-0000-0000-0000-000000000000,,,,0.0,0.0,0.0,0.0,0.0,0.0,0.0,0.0,0.0,0,0,,BFE7CE2D-04B8-ED11-A4EC-5E2CC006407F,2023-03-01 07:39:21.627,8FDCE4A2-E551-4114-AA5B-A4A6BAB4255F,2025-11-05 03:11:04.530,34C3286C-E7F6-4F45-8F69-19CD015F1C1B
b'\x00\x00\x00\x00\x07\xb0<?',PRI0561,,VERT PERPETUAL CALENDAR,VERT PERPETUAL CALENDAR,,PC,0,0,PROMO,,,1,0,0,0.0,0,0.0,3,312.5,0.0,312.5,0.0,1,1,,,,0.0,0.0,0.0,,0.0,0.0,,0.0,0.0,0.0,0.0,,,,0.0,,0.0,0.0,0.0,0,,2023-06-08 07:01:50.570,2023-06-08,1754-01-01 15:01:50.570,0,,PROMO,00000000-0000-0000-0000-000000000000,,0,,,GOODS12,1,,,0,0,,0,,,0,0.0,,1753-01-01,0.0,0.0,0.0,0,0,0.0,0.0,0.0,0.0,,0,0,1.0,PC,PC,,0,0,0,,,,0.0,0.0,,PROMATS,0,,,,,,,,,,,,1753-01-01,1,1753-01-01,1753-01-01,00000000-0000-0000-0000-000000000000,EC30D469-806F-EB11-AA04-000D3AA30FE3,00000000-0000-0000-0000-000000000000,0,0,00000000-0000-0000-0000-000000000000,,,,0.0,0.0,0.0,0.0,0.0,0.0,0.0,0.0,0.0,0,0,,E8630488-A0FA-ED11-A4EC-5E2CC006407F,2023-05-25 02:04:52.377,8FDCE4A2-E551-4114-AA5B-A4A6BAB4255F,2023-09-01 07:55:31.763,38477BBC-6CEA-46E1-81BA-B318E4518C57
b'\x00\x00\x00\x00\x0czZ\x91',PRI0562,,LEVOGEN SIGN PEN,LEVOGEN SIGN PEN,,PC,0,0,PROMO,,,1,0,0,0.0,0,0.0,3,26.7855,0.0,26.78571,0.0,1,1,,,,0.0,0.0,0.0,,0.0,0.0,,0.0,0.0,0.0,0.0,,,,0.0,,0.0,0.0,0.0,0,,2023-07-26 06:14:33.920,2023-07-26,1754-01-01 14:14:33.920,0,,PROMO,00000000-0000-0000-0000-000000000000,,0,,,GOODS12,1,,,0,0,,0,,,0,0.0,,1753-01-01,0.0,0.0,0.0,0,0,0.0,0.0,0.0,0.0,,0,0,1.0,PC,PC,,0,0,0,,,,0.0,0.0,,PROMATS,0,,,,,,,,,,,,1753-01-01,1,1753-01-01,1753-01-01,00000000-0000-0000-0000-000000000000,EC30D469-806F-EB11-AA04-000D3AA30FE3,00000000-0000-0000-0000-000000000000,0,0,00000000-0000-0000-0000-000000000000,,,,0.0,0.0,0.0,0.0,0.0,0.0,0.0,0.0,0.0,0,0,,94ED8760-7B2B-EE11-A4EC-5E2CC006407F,2023-07-26 06:12:20.557,8FDCE4A2-E551-4114-AA5B-A4A6BAB4255F,2025-11-05 03:12:05.277,34C3286C-E7F6-4F45-8F69-19CD015F1C1B
b'\x00\x00\x00\x00\x0ckbl',PRI0563,,BU4 PHYSICIAN'S SAMPLE NOT FOR SALE STICKER,BU4 PHYSICIAN'S SAMPLE NOT FOR SALE STICKER,TADAH PHYSICIAN'S SAMPLE NOT FOR SALE ,PC,0,0,PROMO,,,1,0,0,0.0,0,0.0,3,0.72985,0.0,0.72985,0.0,1,1,,,,0.0,0.0,0.0,,0.0,0.0,,0.0,0.0,0.0,0.0,,,,0.0,,0.0,0.0,0.0,0,,2025-06-19 05:41:00.603,2025-06-19,1754-01-01 13:41:00.603,0,,PROMO,00000000-0000-0000-0000-000000000000,,0,,,GOODS12,1,,,0,0,,0,,,1,0.0,,1753-01-01,0.0,0.0,0.0,0,0,0.0,0.0,0.0,0.0,,0,0,1.0,PC,PC,,0,0,0,,,,0.0,0.0,,PROMATS,0,,,,,,,,,,,,1753-01-01,1,1753-01-01,1753-01-01,00000000-0000-0000-0000-000000000000,EC30D469-806F-EB11-AA04-000D3AA30FE3,00000000-0000-0000-0000-000000000000,0,0,00000000-0000-0000-0000-000000000000,,,,0.0,0.0,0.0,0.0,0.0,0.0,0.0,0.0,0.0,0,0,,98BBC081-7732-EE11-A4EC-5E2CC006407F,2023-08-04 03:32:16.447,8FDCE4A2-E551-4114-AA5B-A4A6BAB4255F,2025-10-03 06:19:46.107,34C3286C-E7F6-4F45-8F69-19CD015F1C1B
b'\x00\x00\x00\x00\x0czZ\x93',PRI0564,,SALMEFLO SIGN PEN,SALMEFLO SIGN PEN,,PC,0,0,PROMO,,,1,0,0,0.0,0,0.0,3,26.89087,0.0,26.78571,0.0,1,1,,,,0.0,0.0,0.0,,0.0,0.0,,0.0,0.0,0.0,0.0,,,,0.0,,0.0,0.0,0.0,0,,2023-08-09 03:18:27.197,2023-08-09,1754-01-01 11:18:27.197,0,,PROMO,00000000-0000-0000-0000-000000000000,,0,,,GOODS12,1,,,0,0,,0,,,0,0.0,,1753-01-01,0.0,0.0,0.0,0,0,0.0,0.0,0.0,0.0,,0,0,1.0,PC,PC,,0,0,0,,,,0.0,0.0,,PROMATS,0,,,,,,,,,,,,1753-01-01,1,1753-01-01,1753-01-01,00000000-0000-0000-0000-000000000000,EC30D469-806F-EB11-AA04-000D3AA30FE3,00000000-0000-0000-0000-000000000000,0,0,00000000-0000-0000-0000-000000000000,,,,0.0,0.0,0.0,0.0,0.0,0.0,0.0,0.0,0.0,0,0,,DDCC8535-6336-EE11-A4EC-5E2CC006407F,2023-08-09 03:17:03.270,8FDCE4A2-E551-4114-AA5B-A4A6BAB4255F,2025-11-05 03:12:05.437,34C3286C-E7F6-4F45-8F69-19CD015F1C1B
b'\x00\x00\x00\x00\x0cHf\x07',PRI0565,,ZEFUR PRODUCT PORTFOLIO,ZEFUR PROD. PORTFOLIO FLYERS,,PC,0,0,PROMO,,,1,0,0,0.0,0,0.0,3,1.1607,0.0,1.16071,0.0,1,1,,,,0.0,0.0,0.0,,0.0,0.0,,0.0,0.0,0.0,0.0,,,,0.0,,0.0,0.0,0.0,0,,2024-03-01 09:49:41.173,2024-03-01,1754-01-01 17:49:41.173,0,,PROMO,00000000-0000-0000-0000-000000000000,,0,,,GOODS12,1,,,0,0,,0,,,0,0.0,,1753-01-01,0.0,0.0,0.0,0,0,0.0,0.0,0.0,0.0,,0,0,1.0,PC,PC,,0,0,0,,,,0.0,0.0,,PROMATS,0,,,,,,,,,,,,1753-01-01,1,1753-01-01,1753-01-01,00000000-0000-0000-0000-000000000000,EC30D469-806F-EB11-AA04-000D3AA30FE3,00000000-0000-0000-0000-000000000000,0,0,00000000-0000-0000-0000-000000000000,,,,0.0,0.0,0.0,0.0,0.0,0.0,0.0,0.0,0.0,0,0,,14D01937-7C36-EE11-A4EC-5E2CC006407F,2023-08-09 06:16:12.287,8FDCE4A2-E551-4114-AA5B-A4A6BAB4255F,2025-07-24 07:02:22.843,34C3286C-E7F6-4F45-8F69-19CD015F1C1B
b'\x00\x00\x00\x00\n?\x18l',PRI0566,,CLONIGEN PILL CUTTER,CLONIGEN PILL CUTTER,,PC,0,0,PROMO,,,1,0,0,0.0,0,0.0,3,0.0,0.0,0.0,0.0,1,1,,,,0.0,0.0,0.0,,0.0,0.0,,0.0,0.0,0.0,0.0,,,,0.0,,0.0,0.0,0.0,0,,2024-04-02 01:47:45.627,2024-04-02,1754-01-01 09:47:45.627,0,,PROMO,00000000-0000-0000-0000-000000000000,,0,,,GOODS12,1,,,0,0,,0,,,0,0.0,,1753-01-01,0.0,0.0,0.0,0,0,0.0,0.0,0.0,0.0,,0,0,1.0,PC,PC,,0,0,0,,,,0.0,0.0,,PROMATS,0,,,,,,,,,,,,1753-01-01,1,1753-01-01,1753-01-01,00000000-0000-0000-0000-000000000000,EC30D469-806F-EB11-AA04-000D3AA30FE3,00000000-0000-0000-0000-000000000000,0,0,00000000-0000-0000-0000-000000000000,,,,0.0,0.0,0.0,0.0,0.0,0.0,0.0,0.0,0.0,0,0,,4743FDAF-92F0-EE11-A4F0-5E2CC006407F,2024-04-02 01:45:31.387,8FDCE4A2-E551-4114-AA5B-A4A6BAB4255F,2024-04-02 01:47:45.627,8FDCE4A2-E551-4114-AA5B-A4A6BAB4255F
b'\x00\x00\x00\x00\n?\x18\x8c',PRI0567,,VALIANZ PILL CUTTER,VALIANZ PILL CUTTER,,PC,0,0,PROMO,,,1,0,0,0.0,0,0.0,3,0.0,0.0,0.0,0.0,1,1,,,,0.0,0.0,0.0,,0.0,0.0,,0.0,0.0,0.0,0.0,,,,0.0,,0.0,0.0,0.0,0,,2024-04-02 01:48:49.967,2024-04-02,1754-01-01 09:48:49.967,0,,PROMO,00000000-0000-0000-0000-000000000000,,0,,,GOODS12,1,,,0,0,,0,,,0,0.0,,1753-01-01,0.0,0.0,0.0,0,0,0.0,0.0,0.0,0.0,,0,0,1.0,PC,PC,,0,0,0,,,,0.0,0.0,,PROMATS,0,,,,,,,,,,,,1753-01-01,1,1753-01-01,1753-01-01,00000000-0000-0000-0000-000000000000,EC30D469-806F-EB11-AA04-000D3AA30FE3,00000000-0000-0000-0000-000000000000,0,0,00000000-0000-0000-0000-000000000000,,,,0.0,0.0,0.0,0.0,0.0,0.0,0.0,0.0,0.0,0,0,,63BD4703-93F0-EE11-A4F0-5E2CC006407F,2024-04-02 01:47:51.097,8FDCE4A2-E551-4114-AA5B-A4A6BAB4255F,2024-04-02 01:48:49.967,8FDCE4A2-E551-4114-AA5B-A4A6BAB4255F
b'\x00\x00\x00\x00\n?\x19\x1b',PRI0568,,RUSTOR PILL CUTTER,RUSTOR PILL CUTTER,,PC,0,0,PROMO,,,1,0,0,0.0,0,0.0,3,0.0,0.0,0.0,0.0,1,1,,,,0.0,0.0,0.0,,0.0,0.0,,0.0,0.0,0.0,0.0,,,,0.0,,0.0,0.0,0.0,0,,2024-04-02 01:53:00.810,2024-04-02,1754-01-01 09:53:00.810,0,,PROMO,00000000-0000-0000-0000-000000000000,,0,,,GOODS12,1,,,0,0,,0,,,0,0.0,,1753-01-01,0.0,0.0,0.0,0,0,0.0,0.0,0.0,0.0,,0,0,1.0,PC,PC,,0,0,0,,,,0.0,0.0,,PROMATS,0,,,,,,,,,,,,1753-01-01,1,1753-01-01,1753-01-01,00000000-0000-0000-0000-000000000000,EC30D469-806F-EB11-AA04-000D3AA30FE3,00000000-0000-0000-0000-000000000000,0,0,00000000-0000-0000-0000-000000000000,,,,0.0,0.0,0.0,0.0,0.0,0.0,0.0,0.0,0.0,0,0,,B8B88827-93F0-EE11-A4F0-5E2CC006407F,2024-04-02 01:48:57.370,8FDCE4A2-E551-4114-AA5B-A4A6BAB4255F,2024-04-02 01:53:00.810,8FDCE4A2-E551-4114-AA5B-A4A6BAB4255F
b'\x00\x00\x00\x00\x0cj\x07\xdc',PRI0569,,"NASOFREE ""HOW TO USE"" FLYERS","NASOFREE ""HOW TO USE"" FLYERS",,PC,0,0,PROMO,,,1,0,0,0.0,0,0.0,3,0.66961,0.0,0.66964,0.0,1,1,,,,0.0,0.0,0.0,,0.0,0.0,,0.0,0.0,0.0,0.0,,,,0.0,,0.0,0.0,0.0,0,,2024-04-03 01:34:20.823,2024-04-03,1754-01-01 09:34:20.823,0,,PROMO,00000000-0000-0000-0000-000000000000,,0,,,GOODS12,1,,,0,0,,0,,,0,0.0,,1753-01-01,0.0,0.0,0.0,0,0,0.0,0.0,0.0,0.0,,0,0,1.0,PC,PC,,0,0,0,,,,0.0,0.0,,PROMATS,0,,,,,,,,,,,,1753-01-01,1,1753-01-01,1753-01-01,00000000-0000-0000-0000-000000000000,EC30D469-806F-EB11-AA04-000D3AA30FE3,00000000-0000-0000-0000-000000000000,0,0,00000000-0000-0000-0000-000000000000,,,,0.0,0.0,0.0,0.0,0.0,0.0,0.0,0.0,0.0,0,0,,797C59B2-58F1-EE11-A4F0-5E2CC006407F,2024-04-03 01:22:55.683,8FDCE4A2-E551-4114-AA5B-A4A6BAB4255F,2025-10-02 07:03:17.863,34C3286C-E7F6-4F45-8F69-19CD015F1C1B
b'\x00\x00\x00\x00\n@\xd3\x91',PRI0570,,RUSTOR STRESS BALL,RUSTOR STRESS BALL,,PC,0,0,PROMO,,,1,0,0,0.0,0,0.0,3,0.0,0.0,0.0,0.0,1,1,,,,0.0,0.0,0.0,,0.0,0.0,,0.0,0.0,0.0,0.0,,,,0.0,,0.0,0.0,0.0,0,,2024-04-03 09:05:33.227,2024-04-03,1754-01-01 17:05:33.227,0,,PROMO,00000000-0000-0000-0000-000000000000,,0,,,GOODS12,1,,,0,0,,0,,,0,0.0,,1753-01-01,0.0,0.0,0.0,0,0,0.0,0.0,0.0,0.0,,0,0,1.0,PC,PC,,0,0,0,,,,0.0,0.0,,PROMATS,0,,,,,,,,,,,,1753-01-01,1,1753-01-01,1753-01-01,00000000-0000-0000-0000-000000000000,EC30D469-806F-EB11-AA04-000D3AA30FE3,00000000-0000-0000-0000-000000000000,0,0,00000000-0000-0000-0000-000000000000,,,,0.0,0.0,0.0,0.0,0.0,0.0,0.0,0.0,0.0,0,0,,F6515626-99F1-EE11-A4F0-5E2CC006407F,2024-04-03 09:04:23.553,8FDCE4A2-E551-4114-AA5B-A4A6BAB4255F,2024-04-03 09:05:33.227,8FDCE4A2-E551-4114-AA5B-A4A6BAB4255F
b'\x00\x00\x00\x00\n@\xd3\xd0',PRI0571,,VALIANZ STRESS BALL,VALIANZ STRESS BALL,,PC,0,0,PROMO,,,1,0,0,0.0,0,0.0,3,0.0,0.0,0.0,0.0,1,1,,,,0.0,0.0,0.0,,0.0,0.0,,0.0,0.0,0.0,0.0,,,,0.0,,0.0,0.0,0.0,0,,2024-04-03 09:06:59.580,2024-04-03,1754-01-01 17:06:59.580,0,,PROMO,00000000-0000-0000-0000-000000000000,,0,,,GOODS12,1,,,0,0,,0,,,0,0.0,,1753-01-01,0.0,0.0,0.0,0,0,0.0,0.0,0.0,0.0,,0,0,1.0,PC,PC,,0,0,0,,,,0.0,0.0,,PROMATS,0,,,,,,,,,,,,1753-01-01,1,1753-01-01,1753-01-01,00000000-0000-0000-0000-000000000000,EC30D469-806F-EB11-AA04-000D3AA30FE3,00000000-0000-0000-0000-000000000000,0,0,00000000-0000-0000-0000-000000000000,,,,0.0,0.0,0.0,0.0,0.0,0.0,0.0,0.0,0.0,0,0,,E6DC8D5F-99F1-EE11-A4F0-5E2CC006407F,2024-04-03 09:05:54.063,8FDCE4A2-E551-4114-AA5B-A4A6BAB4255F,2024-04-03 09:06:59.580,8FDCE4A2-E551-4114-AA5B-A4A6BAB4255F
b'\x00\x00\x00\x00\nFp\x95',PRI0572,,VERT TOTE BAG,VERT TOTE BAG,,PC,0,0,PROMO,,,1,0,0,0.0,0,0.0,3,0.0,0.0,0.0,0.0,1,1,,,,0.0,0.0,0.0,,0.0,0.0,,0.0,0.0,0.0,0.0,,,,0.0,,0.0,0.0,0.0,0,,2024-04-19 06:12:03.783,2024-04-19,1754-01-01 14:12:03.783,0,,PROMO,00000000-0000-0000-0000-000000000000,,0,,,GOODS12,1,,,0,0,,0,,,0,0.0,,1753-01-01,0.0,0.0,0.0,0,0,0.0,0.0,0.0,0.0,,0,0,1.0,PC,PC,,0,0,0,,,,0.0,0.0,,PROMATS,0,,,,,,,,,,,,1753-01-01,1,1753-01-01,1753-01-01,00000000-0000-0000-0000-000000000000,EC30D469-806F-EB11-AA04-000D3AA30FE3,00000000-0000-0000-0000-000000000000,0,0,00000000-0000-0000-0000-000000000000,,,,0.0,0.0,0.0,0.0,0.0,0.0,0.0,0.0,0.0,0,0,,7738BE6D-13FE-EE11-A4F0-5E2CC006407F,2024-04-19 06:09:50.407,8FDCE4A2-E551-4114-AA5B-A4A6BAB4255F,2024-04-19 06:12:03.783,8FDCE4A2-E551-4114-AA5B-A4A6BAB4255F
b'\x00\x00\x00\x00\nFr\x03',PRI0573,,VERT POUCH,VERT POUCH,,PC,0,0,PROMO,,,1,0,0,0.0,0,0.0,3,0.0,0.0,0.0,0.0,1,1,,,,0.0,0.0,0.0,,0.0,0.0,,0.0,0.0,0.0,0.0,,,,0.0,,0.0,0.0,0.0,0,,2024-04-19 06:14:04.067,2024-04-19,1754-01-01 14:14:04.067,0,,PROMO,00000000-0000-0000-0000-000000000000,,0,,,GOODS12,1,,,0,0,,0,,,0,0.0,,1753-01-01,0.0,0.0,0.0,0,0,0.0,0.0,0.0,0.0,,0,0,1.0,PC,PC,,0,0,0,,,,0.0,0.0,,PROMATS,0,,,,,,,,,,,,1753-01-01,1,1753-01-01,1753-01-01,00000000-0000-0000-0000-000000000000,EC30D469-806F-EB11-AA04-000D3AA30FE3,00000000-0000-0000-0000-000000000000,0,0,00000000-0000-0000-0000-000000000000,,,,0.0,0.0,0.0,0.0,0.0,0.0,0.0,0.0,0.0,0,0,,B86696BF-13FE-EE11-A4F0-5E2CC006407F,2024-04-19 06:12:07.720,8FDCE4A2-E551-4114-AA5B-A4A6BAB4255F,2024-04-19 06:14:04.067,8FDCE4A2-E551-4114-AA5B-A4A6BAB4255F
b'\x00\x00\x00\x00\x0c\x10\xaet',PRI0574,,FLORANORM C 2BILLION CFU CATCH COVER,FLORANORM C 2BILLION CFU CATCH COVER,,PC,0,0,PROMO,,,1,0,0,0.0,0,0.0,3,1.94643,0.0,1.94642,0.0,1,1,,,,0.0,0.0,0.0,,0.0,0.0,,0.0,0.0,0.0,0.0,,,,0.0,,0.0,0.0,0.0,0,,2024-04-23 09:25:44.103,2024-04-23,1754-01-01 17:25:44.103,0,,PROMO,00000000-0000-0000-0000-000000000000,,0,,,GOODS12,1,,,0,0,,0,,,1,0.0,,1753-01-01,0.0,0.0,0.0,0,0,0.0,0.0,0.0,0.0,,0,0,1.0,PC,PC,,0,0,0,,,,0.0,0.0,,SAMPLES,0,,,,,,,,,,,,1753-01-01,1,1753-01-01,1753-01-01,00000000-0000-0000-0000-000000000000,EC30D469-806F-EB11-AA04-000D3AA30FE3,00000000-0000-0000-0000-000000000000,0,0,00000000-0000-0000-0000-000000000000,,,,0.0,0.0,0.0,0.0,0.0,0.0,0.0,0.0,0.0,0,0,,18DCCC47-5301-EF11-A4F0-5E2CC006407F,2024-04-23 09:24:28.263,8FDCE4A2-E551-4114-AA5B-A4A6BAB4255F,2025-04-03 00:38:18.377,34C3286C-E7F6-4F45-8F69-19CD015F1C1B
b'\x00\x00\x00\x00\x0c\x10\xaev',PRI0575,,VENOX 500MG CATCH COVER,VENOX 500MG CATCH COVER,,PC,0,0,PROMO,,,1,0,0,0.0,0,0.0,3,1.94643,0.0,1.94643,0.0,1,1,,,,0.0,0.0,0.0,,0.0,0.0,,0.0,0.0,0.0,0.0,,,,0.0,,0.0,0.0,0.0,0,,2024-04-23 09:26:42.683,2024-04-23,1754-01-01 17:26:42.683,0,,PROMO,00000000-0000-0000-0000-000000000000,,0,,,GOODS12,1,,,0,0,,0,,,0,0.0,,1753-01-01,0.0,0.0,0.0,0,0,0.0,0.0,0.0,0.0,,0,0,1.0,PC,PC,,0,0,0,,,,0.0,0.0,,SAMPLES,0,,,,,,,,,,,,1753-01-01,1,1753-01-01,1753-01-01,00000000-0000-0000-0000-000000000000,EC30D469-806F-EB11-AA04-000D3AA30FE3,00000000-0000-0000-0000-000000000000,0,0,00000000-0000-0000-0000-000000000000,,,,0.0,0.0,0.0,0.0,0.0,0.0,0.0,0.0,0.0,0,0,,C0AAD97D-5301-EF11-A4F0-5E2CC006407F,2024-04-23 09:25:58.710,8FDCE4A2-E551-4114-AA5B-A4A6BAB4255F,2025-04-03 00:38:18.393,34C3286C-E7F6-4F45-8F69-19CD015F1C1B
b'\x00\x00\x00\x00\x0c\x1c2\xf8',PRI0576,,DAPA-Z PATIENT RECORD,DAPA-Z PATIENT RECORD,,PAD,0,0,PROMO,,,1,0,0,0.0,0,0.0,3,41.07146,0.0,41.07143,0.0,1,1,,,,0.0,0.0,0.0,,0.0,0.0,,0.0,0.0,0.0,0.0,,,,0.0,,0.0,0.0,0.0,0,,2024-12-23 07:06:53.053,2024-12-23,1754-01-01 15:06:53.053,0,,PROMO,00000000-0000-0000-0000-000000000000,,0,,,GOODS12,1,,,0,0,,0,,,0,0.0,,1753-01-01,0.0,0.0,0.0,0,0,0.0,0.0,0.0,0.0,,0,0,1.0,PAD,PAD,,0,0,0,,,,0.0,0.0,,PROMATS,0,,,,,,,,,,,,1753-01-01,1,1753-01-01,1753-01-01,00000000-0000-0000-0000-000000000000,E830D469-806F-EB11-AA04-000D3AA30FE3,00000000-0000-0000-0000-000000000000,0,0,00000000-0000-0000-0000-000000000000,,,,0.0,0.0,0.0,0.0,0.0,0.0,0.0,0.0,0.0,0,0,,D16A07F2-FBC0-EF11-A4F6-5E2CC006407F,2024-12-23 07:03:01.167,8FDCE4A2-E551-4114-AA5B-A4A6BAB4255F,2025-04-30 05:36:09.297,34C3286C-E7F6-4F45-8F69-19CD015F1C1B
b'\x00\x00\x00\x00\x0c\n\xcf\xc3',PRI0577,,ANTI-INFECTIVES PRODUCT PORTFOLIO,ANTI-INFECTIVES PRODUCT PORTFOLIO,,PC,0,0,PROMO,,,1,0,0,0.0,0,0.0,3,0.0,0.0,0.0,0.0,1,1,,,,0.0,0.0,0.0,,0.0,0.0,,0.0,0.0,0.0,0.0,,,,0.0,,0.0,0.0,0.0,0,,2025-03-21 06:37:50.273,2025-03-21,1754-01-01 14:37:50.273,0,,PROMO,00000000-0000-0000-0000-000000000000,,0,,,GOODS12,1,,,0,0,,0,,,0,0.0,,1753-01-01,0.0,0.0,0.0,0,0,0.0,0.0,0.0,0.0,,0,0,1.0,PC,PC,,0,0,0,,,,0.0,0.0,,PROMATS,0,,,,,,,,,,,,1753-01-01,1,1753-01-01,1753-01-01,00000000-0000-0000-0000-000000000000,EC30D469-806F-EB11-AA04-000D3AA30FE3,00000000-0000-0000-0000-000000000000,0,0,00000000-0000-0000-0000-000000000000,,,,0.0,0.0,0.0,0.0,0.0,0.0,0.0,0.0,0.0,0,0,,9DE3B2CC-1E06-F011-A4F8-5E2CC006407F,2025-03-21 06:36:27.477,8FDCE4A2-E551-4114-AA5B-A4A6BAB4255F,2025-03-21 06:37:50.273,8FDCE4A2-E551-4114-AA5B-A4A6BAB4255F
b'\x00\x00\x00\x00\x0c\x87si',PRI0578,,POLYDERM SIGN PEN,POLYDERM SIGN PEN,,PC,0,0,PROMO,,,1,0,0,0.0,0,0.0,3,40.0,0.0,40.0,0.0,1,1,,,,0.0,0.0,0.0,,0.0,0.0,,0.0,0.0,0.0,0.0,,,,0.0,,0.0,0.0,0.0,0,,2025-04-08 09:17:06.000,2025-04-08,1754-01-01 17:17:06.000,0,,PROMO,00000000-0000-0000-0000-000000000000,,0,,,GOODS12,1,,,0,0,,0,,,0,0.0,,1753-01-01,0.0,0.0,0.0,0,0,0.0,0.0,0.0,0.0,,0,0,1.0,PC,PC,,0,0,0,,,,0.0,0.0,,PROMATS,0,,,,,,,,,,,,1753-01-01,1,1753-01-01,1753-01-01,00000000-0000-0000-0000-000000000000,EC30D469-806F-EB11-AA04-000D3AA30FE3,00000000-0000-0000-0000-000000000000,0,0,00000000-0000-0000-0000-000000000000,,,,0.0,0.0,0.0,0.0,0.0,0.0,0.0,0.0,0.0,0,0,,1258D0C9-5714-F011-A4F9-5E2CC006407F,2025-04-08 08:59:33.910,8FDCE4A2-E551-4114-AA5B-A4A6BAB4255F,2025-11-28 01:50:56.597,34C3286C-E7F6-4F45-8F69-19CD015F1C1B
b'\x00\x00\x00\x00\x0c\x1a\xb4U',PRI0579,,ALCOHOL SPRAY - ZEFUR BRAND REMINDER,ALCOHOL SPRAY - ZEFUR BRAND REMINDER,,BOT,0,0,PROMO,,,1,0,0,0.0,0,0.0,3,0.0,0.0,0.0,0.0,1,1,,,,0.0,0.0,0.0,,0.0,0.0,,0.0,0.0,0.0,0.0,,,,0.0,,0.0,0.0,0.0,0,,2025-04-28 10:47:52.297,2025-04-28,1754-01-01 18:47:52.297,0,,PROMO,00000000-0000-0000-0000-000000000000,,0,,,GOODS12,1,,,0,0,,0,,,0,0.0,,1753-01-01,0.0,0.0,0.0,0,0,0.0,0.0,0.0,0.0,,0,0,1.0,BOT,BOT,,0,0,0,,,,0.0,0.0,,PROMATS,0,,,,,,,,,,,,1753-01-01,1,1753-01-01,1753-01-01,00000000-0000-0000-0000-000000000000,E130D469-806F-EB11-AA04-000D3AA30FE3,00000000-0000-0000-0000-000000000000,0,0,00000000-0000-0000-0000-000000000000,,,,0.0,0.0,0.0,0.0,0.0,0.0,0.0,0.0,0.0,0,0,,5C07B0F2-1D24-F011-A4FA-5E2CC006407F,2025-04-28 10:45:50.277,8FDCE4A2-E551-4114-AA5B-A4A6BAB4255F,2025-04-28 10:47:52.297,8FDCE4A2-E551-4114-AA5B-A4A6BAB4255F
b'\x00\x00\x00\x00\x0ci\xeb\xa6',PRI0580,,ZEFUR SIGN PEN,ZEFUR SIGN PEN,,PC,0,0,PROMO,,,1,0,0,0.0,0,0.0,3,30.0,0.0,30.0,0.0,1,1,,,,0.0,0.0,0.0,,0.0,0.0,,0.0,0.0,0.0,0.0,,,,0.0,,0.0,0.0,0.0,0,,2025-05-29 07:28:36.290,2025-05-29,1754-01-01 15:28:36.290,0,,PROMO,00000000-0000-0000-0000-000000000000,,0,,,GOODS12,1,,,0,0,,0,,,0,0.0,,1753-01-01,0.0,0.0,0.0,0,0,0.0,0.0,0.0,0.0,,0,0,1.0,PC,PC,,0,0,0,,,,0.0,0.0,,PROMATS,0,,,,,,,,,,,,1753-01-01,1,1753-01-01,1753-01-01,00000000-0000-0000-0000-000000000000,EC30D469-806F-EB11-AA04-000D3AA30FE3,00000000-0000-0000-0000-000000000000,0,0,00000000-0000-0000-0000-000000000000,,,,0.0,0.0,0.0,0.0,0.0,0.0,0.0,0.0,0.0,0,0,,FCA7915F-5E3C-F011-A4FA-5E2CC006407F,2025-05-29 07:27:28.647,8FDCE4A2-E551-4114-AA5B-A4A6BAB4255F,2025-10-02 07:01:59.103,34C3286C-E7F6-4F45-8F69-19CD015F1C1B
b'\x00\x00\x00\x00\x0cZY!',PRI0581,,CLAVOXEL SIGN PEN,CLAVOXEL SIGN PEN,,PC,0,0,PROMO,,,1,0,0,0.0,0,0.0,3,30.0,0.0,30.0,0.0,1,1,,,,0.0,0.0,0.0,,0.0,0.0,,0.0,0.0,0.0,0.0,,,,0.0,,0.0,0.0,0.0,0,,2025-05-29 07:29:29.840,2025-05-29,1754-01-01 15:29:29.840,0,,PROMO,00000000-0000-0000-0000-000000000000,,0,,,GOODS12,1,,,0,0,,0,,,0,0.0,,1753-01-01,0.0,0.0,0.0,0,0,0.0,0.0,0.0,0.0,,0,0,1.0,PC,PC,,0,0,0,,,,0.0,0.0,,PROMATS,0,,,,,,,,,,,,1753-01-01,1,1753-01-01,1753-01-01,00000000-0000-0000-0000-000000000000,EC30D469-806F-EB11-AA04-000D3AA30FE3,00000000-0000-0000-0000-000000000000,0,0,00000000-0000-0000-0000-000000000000,,,,0.0,0.0,0.0,0.0,0.0,0.0,0.0,0.0,0.0,0,0,,1EC26588-5E3C-F011-A4FA-5E2CC006407F,2025-05-29 07:28:42.137,8FDCE4A2-E551-4114-AA5B-A4A6BAB4255F,2025-09-02 08:00:26.660,34C3286C-E7F6-4F45-8F69-19CD015F1C1B
b'\x00\x00\x00\x00\x0ci\xeb\xa8',PRI0582,,ZUNAMYN SIGN PEN,ZUNAMYN SIGN PEN,,PC,0,0,PROMO,,,1,0,0,0.0,0,0.0,3,30.0,0.0,30.0,0.0,1,1,,,,0.0,0.0,0.0,,0.0,0.0,,0.0,0.0,0.0,0.0,,,,0.0,,0.0,0.0,0.0,0,,2025-05-29 07:30:14.823,2025-05-29,1754-01-01 15:30:14.823,0,,PROMO,00000000-0000-0000-0000-000000000000,,0,,,GOODS12,1,,,0,0,,0,,,0,0.0,,1753-01-01,0.0,0.0,0.0,0,0,0.0,0.0,0.0,0.0,,0,0,1.0,PC,PC,,0,0,0,,,,0.0,0.0,,PROMATS,0,,,,,,,,,,,,1753-01-01,1,1753-01-01,1753-01-01,00000000-0000-0000-0000-000000000000,EC30D469-806F-EB11-AA04-000D3AA30FE3,00000000-0000-0000-0000-000000000000,0,0,00000000-0000-0000-0000-000000000000,,,,0.0,0.0,0.0,0.0,0.0,0.0,0.0,0.0,0.0,0,0,,B66721AB-5E3C-F011-A4FA-5E2CC006407F,2025-05-29 07:29:35.417,8FDCE4A2-E551-4114-AA5B-A4A6BAB4255F,2025-10-02 07:01:59.170,34C3286C-E7F6-4F45-8F69-19CD015F1C1B
b'\x00\x00\x00\x00\x0czM\xb1',PRI0583,,ERTAX SIGNPEN,ERTAX SIGNPEN,,PC,0,0,PROMO,,,1,0,0,0.0,0,0.0,3,30.0,0.0,30.0,0.0,1,1,,,,0.0,0.0,0.0,,0.0,0.0,,0.0,0.0,0.0,0.0,,,,0.0,,0.0,0.0,0.0,0,,2025-05-29 07:44:34.580,2025-05-29,1754-01-01 15:44:34.580,0,,PROMO,00000000-0000-0000-0000-000000000000,,0,,,GOODS12,1,,,0,0,,0,,,0,0.0,,1753-01-01,0.0,0.0,0.0,0,0,0.0,0.0,0.0,0.0,,0,0,1.0,PC,PC,,0,0,0,,,,0.0,0.0,,PROMATS,0,,,,,,,,,,,,1753-01-01,1,1753-01-01,1753-01-01,00000000-0000-0000-0000-000000000000,EC30D469-806F-EB11-AA04-000D3AA30FE3,00000000-0000-0000-0000-000000000000,0,0,00000000-0000-0000-0000-000000000000,,,,0.0,0.0,0.0,0.0,0.0,0.0,0.0,0.0,0.0,0,0,,49716BCF-5E3C-F011-A4FA-5E2CC006407F,2025-05-29 07:30:40.707,8FDCE4A2-E551-4114-AA5B-A4A6BAB4255F,2025-11-05 03:11:04.610,34C3286C-E7F6-4F45-8F69-19CD015F1C1B
b'\x00\x00\x00\x00\r\x05\xb0\xfd',PRM0002,,CELEXIB 200MG CAPSULE-SAMPLE,CELEXIB 200MG CAPSULE-SAMPLE,Celecoxib,PC,0,0,PROMO,,,1,0,0,0.0,0,0.0,3,5.40117,0.0,5.40117,0.0,1,1,,,,0.0,0.0,0.0,,0.0,0.0,,0.0,0.0,0.0,0.0,,,,0.0,,0.0,0.0,0.0,0,,2021-11-18 08:49:28.563,2021-11-18,1754-01-01 16:49:28.563,0,,FG,00000000-0000-0000-0000-000000000000,,0,,,GOODS12,1,,,0,0,,0,,,0,0.0,,1753-01-01,0.0,0.0,0.0,0,0,0.0,0.0,0.0,0.0,,0,3,1.0,PC,PC,,0,0,0,,,,0.0,0.0,,SAMPLES,0,,,,LOTEXP,,,,,,,,1753-01-01,1,1753-01-01,1753-01-01,00000000-0000-0000-0000-000000000000,00000000-0000-0000-0000-000000000000,00000000-0000-0000-0000-000000000000,0,0,00000000-0000-0000-0000-000000000000,,,,0.0,0.0,0.0,0.0,0.0,0.0,0.0,0.0,0.0,0,0,,5CB11CA2-2178-EB11-AA10-000D3AA30FE3,2021-02-26 10:59:05.117,7E45060B-A2A4-4F72-B553-3234C753B380,2026-01-10 02:21:36.987,5428A7C5-0CCA-4C68-BF2D-3ED6031F3D6F
b'\x00\x00\x00\x00\x06m\xab\xc8',PRM0013,,NUROCER 1200MG FCT-SAMPLE 1's,NUROCER 1200MG FCT-SAMPLE 1'S,,PC,0,0,PROMO,,,1,0,0,0.0,0,0.0,3,6.17515,0.0,6.17178,0.0,1,1,,,,0.0,0.0,0.0,,0.0,0.0,,0.0,0.0,0.0,0.0,,,,0.0,,0.0,0.0,0.0,0,,2021-11-18 08:53:05.163,2021-11-18,1754-01-01 16:53:05.163,0,,FG,00000000-0000-0000-0000-000000000000,,0,,,GOODS12,1,,,0,0,,0,,,0,0.0,,1753-01-01,0.0,0.0,0.0,0,0,0.0,0.0,0.0,0.0,,0,3,1.0,PC,PC,,0,0,0,,,,0.0,0.0,,SAMPLES,0,,,,LOTEXP,,,,,,,,1753-01-01,1,1753-01-01,1753-01-01,00000000-0000-0000-0000-000000000000,00000000-0000-0000-0000-000000000000,00000000-0000-0000-0000-000000000000,0,0,00000000-0000-0000-0000-000000000000,,,,0.0,0.0,0.0,0.0,0.0,0.0,0.0,0.0,0.0,0,0,,5DB11CA2-2178-EB11-AA10-000D3AA30FE3,2021-02-26 10:59:05.163,7E45060B-A2A4-4F72-B553-3234C753B380,2022-11-16 10:55:24.857,231778F0-FC62-474D-8BCC-F79E6C896C7A
b'\x00\x00\x00\x00\x0c\nb!',PRM0014,,NUROCER 400MG CAPSULE x 1's,NUROCER 400MG CAPSULE X 1'S,,PC,0,0,PROMO,,,1,0,0,0.0,0,0.0,3,3.503,0.0,3.503,0.0,1,1,,,,0.0,0.0,0.0,,0.0,0.0,,0.0,0.0,0.0,0.0,,,,0.0,,0.0,0.0,0.0,0,,2021-11-18 08:53:47.623,2021-11-18,1754-01-01 16:53:47.623,0,,FG,00000000-0000-0000-0000-000000000000,,0,,,GOODS12,1,,,0,0,,0,,,0,0.0,,1753-01-01,0.0,0.0,0.0,0,0,0.0,0.0,0.0,0.0,,0,3,1.0,PC,PC,,0,0,0,,,,0.0,0.0,,SAMPLES,0,,,,LOTEXP,,,,,,,,1753-01-01,1,1753-01-01,1753-01-01,00000000-0000-0000-0000-000000000000,00000000-0000-0000-0000-000000000000,00000000-0000-0000-0000-000000000000,0,0,00000000-0000-0000-0000-000000000000,,,,0.0,0.0,0.0,0.0,0.0,0.0,0.0,0.0,0.0,0,0,,5EB11CA2-2178-EB11-AA10-000D3AA30FE3,2021-02-26 10:59:05.163,7E45060B-A2A4-4F72-B553-3234C753B380,2025-03-20 07:14:52.673,34C3286C-E7F6-4F45-8F69-19CD015F1C1B
b'\x00\x00\x00\x00\x04\xcf\x93\xab',PRM0044,,ZEFUR 500MG TABLET SAMPLE 1's,ZEFUR 500MG TABLET SAMPLE 1'S,,PC,0,0,PROMO,,,1,0,0,0.0,0,0.0,3,0.0,0.0,0.0,0.0,1,1,,,,0.0,0.0,0.0,,0.0,0.0,,0.0,0.0,0.0,0.0,,,,0.0,,0.0,0.0,0.0,0,,2021-11-18 09:09:09.453,2021-11-18,1754-01-01 17:09:09.453,0,,FG,00000000-0000-0000-0000-000000000000,,0,,,GOODS12,1,,,0,0,,0,,,0,0.0,,1753-01-01,0.0,0.0,0.0,0,0,0.0,0.0,0.0,0.0,,0,3,1.0,PC,PC,,0,0,0,,,,0.0,0.0,,SAMPLES,0,,,,LOTEXP,,,,,,,,1753-01-01,1,1753-01-01,1753-01-01,00000000-0000-0000-0000-000000000000,00000000-0000-0000-0000-000000000000,00000000-0000-0000-0000-000000000000,0,0,00000000-0000-0000-0000-000000000000,,,,0.0,0.0,0.0,0.0,0.0,0.0,0.0,0.0,0.0,0,0,,5FB11CA2-2178-EB11-AA10-000D3AA30FE3,2021-02-26 10:59:05.177,7E45060B-A2A4-4F72-B553-3234C753B380,2021-11-18 09:09:09.453,8FDCE4A2-E551-4114-AA5B-A4A6BAB4255F
b'\x00\x00\x00\x00\r\x05\xb0\xff',PRM0058,,VERT 8MG SAMPLE 1's,VERT 8MG SAMPLE 1'S,,PC,0,0,PROMO,,,1,0,0,0.0,0,0.0,3,4.44467,0.0,4.44476,0.0,1,1,,,,0.0,0.0,0.0,,0.0,0.0,,0.0,0.0,0.0,0.0,,,,0.0,,0.0,0.0,0.0,0,,2021-11-18 08:54:34.400,2021-11-18,1754-01-01 16:54:34.400,0,,FG,00000000-0000-0000-0000-000000000000,,0,,,GOODS12,1,,,0,0,,0,,,0,0.0,,1753-01-01,0.0,0.0,0.0,0,0,0.0,0.0,0.0,0.0,,0,3,1.0,PC,PC,,0,0,0,,,,0.0,0.0,,SAMPLES,0,,,,LOTEXP,,,,,,,,1753-01-01,1,1753-01-01,1753-01-01,00000000-0000-0000-0000-000000000000,00000000-0000-0000-0000-000000000000,00000000-0000-0000-0000-000000000000,0,0,00000000-0000-0000-0000-000000000000,,,,0.0,0.0,0.0,0.0,0.0,0.0,0.0,0.0,0.0,0,0,,60B11CA2-2178-EB11-AA10-000D3AA30FE3,2021-02-26 10:59:05.193,7E45060B-A2A4-4F72-B553-3234C753B380,2026-01-10 02:21:37.097,5428A7C5-0CCA-4C68-BF2D-3ED6031F3D6F
b'\x00\x00\x00\x00\x07\xbd\x86\x01',PRM0168,,RENOCELL 500MG TAB-SAMPLE,RENOCELL 500MG TAB-SAMPLE,,PC,0,0,PROMO,,,1,0,0,0.0,0,0.0,3,0.0,0.0,0.0,0.0,1,1,,,,0.0,0.0,0.0,,0.0,0.0,,0.0,0.0,0.0,0.0,,,,0.0,,0.0,0.0,0.0,0,,2023-09-29 08:59:00.877,2023-09-29,1754-01-01 16:59:00.877,0,,FG,00000000-0000-0000-0000-000000000000,,0,,,EXEMPT,1,,,0,0,,0,,,0,0.0,,1753-01-01,0.0,0.0,0.0,0,0,0.0,0.0,0.0,0.0,,0,3,1.0,PC,PC,,0,0,0,,,,0.0,0.0,,SAMPLES,0,,,,LOTEXP,,,,,,,,1753-01-01,1,1753-01-01,1753-01-01,00000000-0000-0000-0000-000000000000,00000000-0000-0000-0000-000000000000,00000000-0000-0000-0000-000000000000,0,0,00000000-0000-0000-0000-000000000000,,,,0.0,0.0,0.0,0.0,0.0,0.0,0.0,0.0,0.0,0,0,,61B11CA2-2178-EB11-AA10-000D3AA30FE3,2021-02-26 10:59:05.210,7E45060B-A2A4-4F72-B553-3234C753B380,2023-09-29 08:59:00.877,8FDCE4A2-E551-4114-AA5B-A4A6BAB4255F
b'\x00\x00\x00\x00\x07\xbd\x85\xd4',PRM0199,,RAMIPRO 2.5MG TABLET-SAMPLE,RAMIPRO 2.5MG TABLET-SAMPLE,Ramipril,PC,0,0,PROMO,,,1,0,0,0.0,0,0.0,3,5.1995,0.0,4.86625,0.0,1,1,,,,0.0,0.0,0.0,,0.0,0.0,,0.0,0.0,0.0,0.0,,,,0.0,,0.0,0.0,0.0,0,,2023-09-29 08:58:30.230,2023-09-29,1754-01-01 16:58:30.230,0,,FG,00000000-0000-0000-0000-000000000000,,0,,,EXEMPT,1,,,0,0,,0,,,0,0.0,,1753-01-01,0.0,0.0,0.0,0,0,0.0,0.0,0.0,0.0,,0,3,1.0,PC,PC,,0,0,0,,,,0.0,0.0,,SAMPLES,0,,,,LOTEXP,,,,,,,,1753-01-01,1,1753-01-01,1753-01-01,00000000-0000-0000-0000-000000000000,EC30D469-806F-EB11-AA04-000D3AA30FE3,00000000-0000-0000-0000-000000000000,0,0,00000000-0000-0000-0000-000000000000,,,,0.0,0.0,0.0,0.0,0.0,0.0,0.0,0.0,0.0,0,0,,39B7E10A-318D-EB11-AA37-000D3AA30FE3,2021-03-25 06:12:15.190,7E45060B-A2A4-4F72-B553-3234C753B380,2023-09-29 08:58:30.230,8FDCE4A2-E551-4114-AA5B-A4A6BAB4255F
b'\x00\x00\x00\x00\x0ci\xec#',PRM0200,,CLAVOXEL PATIENT RECORD,CLAVOXEL PATIENT RECORD,,PAD,0,0,PROMO,,,1,0,0,0.0,0,0.0,3,41.071,0.0,41.07142,0.0,1,1,,,,0.0,0.0,0.0,,0.0,0.0,,0.0,0.0,0.0,0.0,,,,0.0,,0.0,0.0,0.0,0,,2023-09-12 07:34:49.360,2023-09-12,1754-01-01 15:34:49.360,0,,PROMO,00000000-0000-0000-0000-000000000000,,0,,,GOODS12,1,,,0,0,,0,,,0,0.0,,1753-01-01,0.0,0.0,0.0,0,0,0.0,0.0,0.0,0.0,,0,0,1.0,PAD,PAD,,0,0,0,,,,0.0,0.0,,PROMATS,0,,,,,,,,,,,,1753-01-01,1,1753-01-01,1753-01-01,00000000-0000-0000-0000-000000000000,E830D469-806F-EB11-AA04-000D3AA30FE3,00000000-0000-0000-0000-000000000000,0,0,00000000-0000-0000-0000-000000000000,,,,0.0,0.0,0.0,0.0,0.0,0.0,0.0,0.0,0.0,0,0,,EAF039B6-0C3F-ED11-A4EA-5E2CC006407F,2022-09-28 09:05:35.777,8FDCE4A2-E551-4114-AA5B-A4A6BAB4255F,2025-10-02 07:01:59.513,34C3286C-E7F6-4F45-8F69-19CD015F1C1B
b'\x00\x00\x00\x00\r\x05\xb1\x02',PRM0201,,RUSTOR 10MG TAB SAMPLE 1's,RUSTOR 10MG TAB SAMPLE 1'S,Rosuvastatin,PC,0,0,PROMO,,,1,0,0,0.0,0,0.0,3,4.34759,0.0,4.34759,0.0,1,1,,,,0.0,0.0,0.0,,0.0,0.0,,0.0,0.0,0.0,0.0,,,,0.0,,0.0,0.0,0.0,0,,2023-09-29 08:58:20.420,2023-09-29,1754-01-01 16:58:20.420,0,,FG,00000000-0000-0000-0000-000000000000,,0,,,EXEMPT,1,,,0,0,,0,,,0,0.0,,1753-01-01,0.0,0.0,0.0,0,0,0.0,0.0,0.0,0.0,,0,3,1.0,PC,PC,,0,0,0,,,,0.0,0.0,,SAMPLES,0,,,,LOTEXP,,,,,,,,1753-01-01,1,1753-01-01,1753-01-01,00000000-0000-0000-0000-000000000000,00000000-0000-0000-0000-000000000000,00000000-0000-0000-0000-000000000000,0,0,00000000-0000-0000-0000-000000000000,,,,0.0,0.0,0.0,0.0,0.0,0.0,0.0,0.0,0.0,0,0,,62B11CA2-2178-EB11-AA10-000D3AA30FE3,2021-02-26 10:59:05.210,7E45060B-A2A4-4F72-B553-3234C753B380,2026-01-10 02:21:37.107,5428A7C5-0CCA-4C68-BF2D-3ED6031F3D6F
b'\x00\x00\x00\x00\x05O\x94\xb4',PRM0229,,AZI 500MG FCTAB x 1's P.S,AZI 500MG FCTAB X 1'S P.S,,PC,0,0,PROMO,,,1,0,0,0.0,0,0.0,3,0.0,0.0,0.0,0.0,1,1,,,,0.0,0.0,0.0,,0.0,0.0,,0.0,0.0,0.0,0.0,,,,0.0,,0.0,0.0,0.0,0,,2022-01-25 03:23:22.793,2022-01-25,1754-01-01 11:23:22.793,0,,FG,00000000-0000-0000-0000-000000000000,,0,,,GOODS12,1,,,0,0,,0,,,0,0.0,,1753-01-01,0.0,0.0,0.0,0,0,0.0,0.0,0.0,0.0,,0,3,1.0,PC,PC,,0,0,0,,,,0.0,0.0,,SAMPLES,0,,,,LOTEXP,,,,,,,,1753-01-01,1,1753-01-01,1753-01-01,00000000-0000-0000-0000-000000000000,00000000-0000-0000-0000-000000000000,00000000-0000-0000-0000-000000000000,0,0,00000000-0000-0000-0000-000000000000,,,,0.0,0.0,0.0,0.0,0.0,0.0,0.0,0.0,0.0,0,0,,63B11CA2-2178-EB11-AA10-000D3AA30FE3,2021-02-26 10:59:05.227,7E45060B-A2A4-4F72-B553-3234C753B380,2022-01-25 03:23:22.810,8FDCE4A2-E551-4114-AA5B-A4A6BAB4255F
b'\x00\x00\x00\x00\x07\xcb\xe4\x1f',PRM0247,,LOSARGARD 50mg TABLET-SAMPLE,LOSARGARD 50MG TABLET-SAMPLE,,PC,0,0,PROMO,,,1,0,0,0.0,0,0.0,3,4.7575,0.0,5.11375,0.0,1,1,,,,0.0,0.0,0.0,,0.0,0.0,,0.0,0.0,0.0,0.0,,,,0.0,,0.0,0.0,0.0,0,,2023-09-29 08:59:47.743,2023-09-29,1754-01-01 16:59:47.743,0,,FG,00000000-0000-0000-0000-000000000000,,0,,,EXEMPT,1,,,0,0,,0,,,0,0.0,,1753-01-01,0.0,0.0,0.0,0,0,0.0,0.0,0.0,0.0,,0,3,1.0,PC,PC,,0,0,0,,,,0.0,0.0,,SAMPLES,0,,,,LOTEXP,,,,,,,,1753-01-01,1,1753-01-01,1753-01-01,00000000-0000-0000-0000-000000000000,00000000-0000-0000-0000-000000000000,00000000-0000-0000-0000-000000000000,0,0,00000000-0000-0000-0000-000000000000,,,,0.0,0.0,0.0,0.0,0.0,0.0,0.0,0.0,0.0,0,0,,64B11CA2-2178-EB11-AA10-000D3AA30FE3,2021-02-26 10:59:05.227,7E45060B-A2A4-4F72-B553-3234C753B380,2023-11-02 23:43:37.877,83933D16-6033-4803-80F6-95D04AA4CABA
b'\x00\x00\x00\x00\r\x05\xb1\x04',PRM0256,,CLOPIVAZ 75MG FCTABLET x 1's,CLOPIVAZ 75MG FCTABLET X 1'S,,PC,0,0,PROMO,,,1,0,0,0.0,0,0.0,3,4.56354,0.0,4.56354,0.0,1,1,,,,0.0,0.0,0.0,,0.0,0.0,,0.0,0.0,0.0,0.0,,,,0.0,,0.0,0.0,0.0,0,,2024-01-12 07:52:33.373,2024-01-12,1754-01-01 15:52:33.373,0,,FG,00000000-0000-0000-0000-000000000000,,0,,,GOODS12,1,,,0,0,,0,,,0,0.0,,1753-01-01,0.0,0.0,0.0,0,0,0.0,0.0,0.0,0.0,,0,3,1.0,PC,PC,,0,0,0,,,,0.0,0.0,,SAMPLES,0,,,,LOTEXP,,,,,,,,1753-01-01,1,1753-01-01,1753-01-01,00000000-0000-0000-0000-000000000000,00000000-0000-0000-0000-000000000000,00000000-0000-0000-0000-000000000000,0,0,00000000-0000-0000-0000-000000000000,,,,0.0,0.0,0.0,0.0,0.0,0.0,0.0,0.0,0.0,0,0,,65B11CA2-2178-EB11-AA10-000D3AA30FE3,2021-02-26 10:59:05.257,7E45060B-A2A4-4F72-B553-3234C753B380,2026-01-10 02:21:37.117,5428A7C5-0CCA-4C68-BF2D-3ED6031F3D6F
b'\x00\x00\x00\x00\x0c\x89\x9a\xb2',PRM0275,,ESOMEP 40MG EC TAB-SAMPLE 1's,ESOMEP 40MG EC TAB-SAMPLE 1'S,,PC,0,0,PROMO,,,1,0,0,0.0,0,0.0,3,7.28431,0.0,7.28433,0.0,1,1,,,,0.0,0.0,0.0,,0.0,0.0,,0.0,0.0,0.0,0.0,,,,0.0,,0.0,0.0,0.0,0,,2023-10-24 03:10:44.583,2023-10-24,1754-01-01 11:10:44.583,0,,FG,00000000-0000-0000-0000-000000000000,,0,,,GOODS12,1,,,0,0,,0,,,0,0.0,,1753-01-01,0.0,0.0,0.0,0,0,0.0,0.0,0.0,0.0,,0,3,1.0,PC,PC,,0,0,0,,,,0.0,0.0,,SAMPLES,0,,,,LOTEXP,,,,,,,,1753-01-01,1,1753-01-01,1753-01-01,00000000-0000-0000-0000-000000000000,EC30D469-806F-EB11-AA04-000D3AA30FE3,00000000-0000-0000-0000-000000000000,0,0,00000000-0000-0000-0000-000000000000,,,,0.0,0.0,0.0,0.0,0.0,0.0,0.0,0.0,0.0,0,0,,3AB7E10A-318D-EB11-AA37-000D3AA30FE3,2021-03-25 06:12:15.197,7E45060B-A2A4-4F72-B553-3234C753B380,2025-12-01 07:23:43.237,34C3286C-E7F6-4F45-8F69-19CD015F1C1B
b'\x00\x00\x00\x00\x0b_W\xd7',PRM0279,,ATOR COMMON SAMPLE,ATOR COMMON SAMPLE,,PC,0,0,PROMO,,,1,0,0,0.0,0,0.0,3,4.67934,0.0,4.7516,0.0,1,1,,,,0.0,0.0,0.0,,0.0,0.0,,0.0,0.0,0.0,0.0,,,,0.0,,0.0,0.0,0.0,0,,2021-11-18 09:11:38.140,2021-11-18,1754-01-01 17:11:38.140,0,,FG,00000000-0000-0000-0000-000000000000,,0,,,GOODS12,1,,,0,0,,0,,,1,0.0,,1753-01-01,0.0,0.0,0.0,0,0,0.0,0.0,0.0,0.0,,0,3,1.0,PC,PC,,0,0,0,,,,0.0,0.0,,SAMPLES,0,,,,LOTEXP,,,,,,,,1753-01-01,1,1753-01-01,1753-01-01,00000000-0000-0000-0000-000000000000,00000000-0000-0000-0000-000000000000,00000000-0000-0000-0000-000000000000,0,0,00000000-0000-0000-0000-000000000000,,,,0.0,0.0,0.0,0.0,0.0,0.0,0.0,0.0,0.0,0,0,,66B11CA2-2178-EB11-AA10-000D3AA30FE3,2021-02-26 10:59:05.257,7E45060B-A2A4-4F72-B553-3234C753B380,2025-02-27 03:52:02.000,34C3286C-E7F6-4F45-8F69-19CD015F1C1B
b'\x00\x00\x00\x00\nr@\xf5',PRM0280,,QUETIAPRO 200MG TAB SAMPLE 1's,QUETIAPRO 200MG TAB SAMPLE 1'S,,PC,0,0,PROMO,,,1,0,0,0.0,0,0.0,3,20.87667,0.0,20.71367,0.0,1,1,,,,0.0,0.0,0.0,,0.0,0.0,,0.0,0.0,0.0,0.0,,,,0.0,,0.0,0.0,0.0,0,,2023-09-29 09:01:02.633,2023-09-29,1754-01-01 17:01:02.633,0,,FG,00000000-0000-0000-0000-000000000000,,0,,,EXEMPT,1,,,0,0,,0,,,0,0.0,,1753-01-01,0.0,0.0,0.0,0,0,0.0,0.0,0.0,0.0,,0,3,1.0,PC,PC,,0,0,0,,,,0.0,0.0,,SAMPLES,0,,,,LOTEXP,,,,,,,,1753-01-01,1,1753-01-01,1753-01-01,00000000-0000-0000-0000-000000000000,00000000-0000-0000-0000-000000000000,00000000-0000-0000-0000-000000000000,0,0,00000000-0000-0000-0000-000000000000,,,,0.0,0.0,0.0,0.0,0.0,0.0,0.0,0.0,0.0,0,0,,67B11CA2-2178-EB11-AA10-000D3AA30FE3,2021-02-26 10:59:05.273,7E45060B-A2A4-4F72-B553-3234C753B380,2024-07-30 09:41:00.813,34C3286C-E7F6-4F45-8F69-19CD015F1C1B
b'\x00\x00\x00\x00\r\x05\xb1\x06',PRM0323,,VERT 16MGX100'S SAMPLE,VERT 16MGX100'S SAMPLE,,PC,0,0,PROMO,,,1,0,0,0.0,0,0.0,3,5.3375,0.0,5.3375,0.0,1,1,,,,0.0,0.0,0.0,,0.0,0.0,,0.0,0.0,0.0,0.0,,,,0.0,,0.0,0.0,0.0,0,,2021-11-18 09:12:26.860,2021-11-18,1754-01-01 17:12:26.860,0,,FG,00000000-0000-0000-0000-000000000000,,0,,,GOODS12,1,,,0,0,,0,,,0,0.0,,1753-01-01,0.0,0.0,0.0,0,0,0.0,0.0,0.0,0.0,,0,3,1.0,PC,PC,,0,0,0,,,,0.0,0.0,,SAMPLES,0,,,,LOTEXP,,,,,,,,1753-01-01,1,1753-01-01,1753-01-01,00000000-0000-0000-0000-000000000000,00000000-0000-0000-0000-000000000000,00000000-0000-0000-0000-000000000000,0,0,00000000-0000-0000-0000-000000000000,,,,0.0,0.0,0.0,0.0,0.0,0.0,0.0,0.0,0.0,0,0,,68B11CA2-2178-EB11-AA10-000D3AA30FE3,2021-02-26 10:59:05.273,7E45060B-A2A4-4F72-B553-3234C753B380,2026-01-10 02:21:37.230,5428A7C5-0CCA-4C68-BF2D-3ED6031F3D6F
b'\x00\x00\x00\x00\x0cj\x87\xf3',PRM0326,,OLANZAPRO 10MG SAMPLE 1's,OLANZAPRO 10MG SAMPLE 1'S,(from stocks x 30's),PC,0,0,PROMO,,,1,0,0,0.0,0,0.0,3,18.91059,0.0,18.91071,0.0,1,1,,,,0.0,0.0,0.0,,0.0,0.0,,0.0,0.0,0.0,0.0,,,,0.0,,0.0,0.0,0.0,0,,2023-09-29 09:00:36.653,2023-09-29,1754-01-01 17:00:36.653,0,,FG,00000000-0000-0000-0000-000000000000,,0,,,EXEMPT,1,,,0,0,,0,,,0,0.0,,1753-01-01,0.0,0.0,0.0,0,0,0.0,0.0,0.0,0.0,,0,3,1.0,PC,PC,,0,0,0,,,,0.0,0.0,,SAMPLES,0,,,,LOTEXP,,,,,,,,1753-01-01,1,1753-01-01,1753-01-01,00000000-0000-0000-0000-000000000000,00000000-0000-0000-0000-000000000000,00000000-0000-0000-0000-000000000000,0,0,00000000-0000-0000-0000-000000000000,,,,0.0,0.0,0.0,0.0,0.0,0.0,0.0,0.0,0.0,0,0,,69B11CA2-2178-EB11-AA10-000D3AA30FE3,2021-02-26 10:59:05.287,7E45060B-A2A4-4F72-B553-3234C753B380,2025-10-02 09:19:27.633,34C3286C-E7F6-4F45-8F69-19CD015F1C1B
b'\x00\x00\x00\x00\r\x05\xb1\x08',PRM0352,,DESLOGEN 5MG SAMPLE BOX x 1's,DESLOGEN 5MG SAMPLE BOX X 1'S,,PC,0,0,PROMO,,,1,0,0,0.0,0,0.0,3,6.34647,0.0,6.3465,0.0,1,1,,,,0.0,0.0,0.0,,0.0,0.0,,0.0,0.0,0.0,0.0,,,,0.0,,0.0,0.0,0.0,0,,2021-11-18 09:13:21.497,2021-11-18,1754-01-01 17:13:21.497,0,,FG,00000000-0000-0000-0000-000000000000,,0,,,GOODS12,1,,,0,0,,0,,,0,0.0,,1753-01-01,0.0,0.0,0.0,0,0,0.0,0.0,0.0,0.0,,0,3,1.0,PC,PC,,0,0,0,,,,0.0,0.0,,SAMPLES,0,,,,LOTEXP,,,,,,,,1753-01-01,1,1753-01-01,1753-01-01,00000000-0000-0000-0000-000000000000,00000000-0000-0000-0000-000000000000,00000000-0000-0000-0000-000000000000,0,0,00000000-0000-0000-0000-000000000000,,,,0.0,0.0,0.0,0.0,0.0,0.0,0.0,0.0,0.0,0,0,,6AB11CA2-2178-EB11-AA10-000D3AA30FE3,2021-02-26 10:59:05.333,7E45060B-A2A4-4F72-B553-3234C753B380,2026-01-10 02:21:37.337,5428A7C5-0CCA-4C68-BF2D-3ED6031F3D6F
b'\x00\x00\x00\x00\r\x05\xb1\n',PRM0365,,RAMIPRO 2.5MG SAMPLE BOX 1's,RAMIPRO 2.5MG SAMPLE BOX 1'S,,PC,0,0,PROMO,,,1,0,0,0.0,0,0.0,3,3.71519,0.0,3.71519,0.0,1,1,,,,0.0,0.0,0.0,,0.0,0.0,,0.0,0.0,0.0,0.0,,,,0.0,,0.0,0.0,0.0,0,,2023-09-29 09:00:17.533,2023-09-29,1754-01-01 17:00:17.533,0,,FG,00000000-0000-0000-0000-000000000000,,0,,,EXEMPT,1,,,0,0,,0,,,0,0.0,,1753-01-01,0.0,0.0,0.0,0,0,0.0,0.0,0.0,0.0,,0,3,1.0,PC,PC,,0,0,0,,,,0.0,0.0,,SAMPLES,0,,,,LOTEXP,,,,,,,,1753-01-01,1,1753-01-01,1753-01-01,00000000-0000-0000-0000-000000000000,00000000-0000-0000-0000-000000000000,00000000-0000-0000-0000-000000000000,0,0,00000000-0000-0000-0000-000000000000,,,,0.0,0.0,0.0,0.0,0.0,0.0,0.0,0.0,0.0,0,0,,6BB11CA2-2178-EB11-AA10-000D3AA30FE3,2021-02-26 10:59:05.333,7E45060B-A2A4-4F72-B553-3234C753B380,2026-01-10 02:21:37.347,5428A7C5-0CCA-4C68-BF2D-3ED6031F3D6F
b'\x00\x00\x00\x00\x07\xbd\x86\x18',PRM0366,,RAMIPRO 5MG SAMPLE BOX x 1's,RAMIPRO 5MG SAMPLE BOX X 1'S,,PC,0,0,PROMO,,,1,0,0,0.0,0,0.0,3,5.7795,0.0,5.77942,0.0,1,1,,,,0.0,0.0,0.0,,0.0,0.0,,0.0,0.0,0.0,0.0,,,,0.0,,0.0,0.0,0.0,0,,2023-09-29 09:01:24.063,2023-09-29,1754-01-01 17:01:24.063,0,,FG,00000000-0000-0000-0000-000000000000,,0,,,EXEMPT,1,,,0,0,,0,,,0,0.0,,1753-01-01,0.0,0.0,0.0,0,0,0.0,0.0,0.0,0.0,,0,3,1.0,PC,PC,,0,0,0,,,,0.0,0.0,,SAMPLES,0,,,,LOTEXP,,,,,,,,1753-01-01,1,1753-01-01,1753-01-01,00000000-0000-0000-0000-000000000000,EC30D469-806F-EB11-AA04-000D3AA30FE3,00000000-0000-0000-0000-000000000000,0,0,00000000-0000-0000-0000-000000000000,,,,0.0,0.0,0.0,0.0,0.0,0.0,0.0,0.0,0.0,0,0,,9020B04A-8C04-EC11-A4C7-5E2CC006407F,2021-08-24 03:35:14.663,8FDCE4A2-E551-4114-AA5B-A4A6BAB4255F,2023-09-29 09:01:24.063,8FDCE4A2-E551-4114-AA5B-A4A6BAB4255F
b'\x00\x00\x00\x00\r\x05\xb1\x0c',PRM0372,,ATOR 40MG SAMPLE BOX x 1's,ATOR 40MG SAMPLE BOX X 1'S,,PC,0,0,PROMO,,,1,0,0,0.0,0,0.0,3,5.83875,0.0,5.8387,0.0,1,1,,,,0.0,0.0,0.0,,0.0,0.0,,0.0,0.0,0.0,0.0,,,,0.0,,0.0,0.0,0.0,0,,2022-04-18 08:52:42.167,2022-04-18,1754-01-01 16:52:42.167,0,,FG,00000000-0000-0000-0000-000000000000,,0,,,EXEMPT,1,,,0,0,,0,,,0,0.0,,1753-01-01,0.0,0.0,0.0,0,0,0.0,0.0,0.0,0.0,,0,3,1.0,PC,PC,,0,0,0,,,,0.0,0.0,,SAMPLES,0,,,,LOTEXP,,,,,,,,1753-01-01,1,1753-01-01,1753-01-01,00000000-0000-0000-0000-000000000000,EC30D469-806F-EB11-AA04-000D3AA30FE3,00000000-0000-0000-0000-000000000000,0,0,00000000-0000-0000-0000-000000000000,,,,0.0,0.0,0.0,0.0,0.0,0.0,0.0,0.0,0.0,0,0,,984B9B36-015F-EC11-A4CC-5E2CC006407F,2021-12-17 06:18:56.740,8FDCE4A2-E551-4114-AA5B-A4A6BAB4255F,2026-01-10 02:21:37.463,5428A7C5-0CCA-4C68-BF2D-3ED6031F3D6F
b'\x00\x00\x00\x00\r\x05\xb1\x0e',PRM0373,,MONTAIR 10MG SAMPLE x 1's,MONTAIR 10MG SAMPLE X 1'S,,PC,0,0,PROMO,,,1,0,0,0.0,0,0.0,3,7.39497,0.0,7.394,0.0,1,1,,,,0.0,0.0,0.0,,0.0,0.0,,0.0,0.0,0.0,0.0,,,,0.0,,0.0,0.0,0.0,0,,2023-06-29 07:23:25.973,2023-06-29,1754-01-01 15:23:25.973,0,,FG,00000000-0000-0000-0000-000000000000,,0,,,GOODS12,1,,,0,0,,0,,,0,0.0,,1753-01-01,0.0,0.0,0.0,0,0,0.0,0.0,0.0,0.0,,0,3,1.0,PC,PC,,0,0,0,,,,0.0,0.0,,SAMPLES,0,,,,LOTEXP,,,,,,,,1753-01-01,1,1753-01-01,1753-01-01,00000000-0000-0000-0000-000000000000,EC30D469-806F-EB11-AA04-000D3AA30FE3,00000000-0000-0000-0000-000000000000,0,0,00000000-0000-0000-0000-000000000000,,,,0.0,0.0,0.0,0.0,0.0,0.0,0.0,0.0,0.0,0,0,,B8DF1E55-F600-EE11-A4EC-5E2CC006407F,2023-06-02 03:34:09.510,8FDCE4A2-E551-4114-AA5B-A4A6BAB4255F,2026-01-10 02:21:37.567,5428A7C5-0CCA-4C68-BF2D-3ED6031F3D6F
b'\x00\x00\x00\x00\x0c\x87\xd1.',PRM0375,,MONTAIR 5MG SAMPLE BOX x 1's,MONTAIR 5MG SAMPLE BOX X 1'S,,PC,0,0,PROMO,,,1,0,0,0.0,0,0.0,3,6.9425,0.0,6.698,0.0,1,1,,,,0.0,0.0,0.0,,0.0,0.0,,0.0,0.0,0.0,0.0,,,,0.0,,0.0,0.0,0.0,0,,2024-01-30 06:12:43.677,2024-01-30,1754-01-01 14:12:43.677,0,,FG,00000000-0000-0000-0000-000000000000,,0,,,GOODS12,1,,,0,0,,0,,,0,0.0,,1753-01-01,0.0,0.0,0.0,0,0,0.0,0.0,0.0,0.0,,0,3,1.0,PC,PC,,0,0,0,,,,0.0,0.0,,SAMPLES,0,,,,LOTEXP,,,,,,,,1753-01-01,1,1753-01-01,1753-01-01,00000000-0000-0000-0000-000000000000,EC30D469-806F-EB11-AA04-000D3AA30FE3,00000000-0000-0000-0000-000000000000,0,0,00000000-0000-0000-0000-000000000000,,,,0.0,0.0,0.0,0.0,0.0,0.0,0.0,0.0,0.0,0,0,,CC000384-4DBE-EE11-A4EE-5E2CC006407F,2024-01-29 02:24:24.163,8FDCE4A2-E551-4114-AA5B-A4A6BAB4255F,2025-11-28 02:01:55.207,34C3286C-E7F6-4F45-8F69-19CD015F1C1B
b'\x00\x00\x00\x00\x0c\nb%',PRM0423,,ENTEGARD 500MG SAMPLE 1's,ENTEGARD 500MG SAMPLE 1'S,(from stocks x 30's),PC,0,0,PROMO,,,1,0,0,0.0,0,0.0,3,28.99465,0.0,28.9946,0.0,1,1,,,,0.0,0.0,0.0,,0.0,0.0,,0.0,0.0,0.0,0.0,,,,0.0,,0.0,0.0,0.0,0,,2021-11-18 09:19:59.783,2021-11-18,1754-01-01 17:19:59.783,0,,FG,00000000-0000-0000-0000-000000000000,,0,,,GOODS12,1,,,0,0,,0,,,0,0.0,,1753-01-01,0.0,0.0,0.0,0,0,0.0,0.0,0.0,0.0,,0,3,1.0,PC,PC,,0,0,0,,,,0.0,0.0,,SAMPLES,0,,,,LOTEXP,,,,,,,,1753-01-01,1,1753-01-01,1753-01-01,00000000-0000-0000-0000-000000000000,00000000-0000-0000-0000-000000000000,00000000-0000-0000-0000-000000000000,0,0,00000000-0000-0000-0000-000000000000,,,,0.0,0.0,0.0,0.0,0.0,0.0,0.0,0.0,0.0,0,0,,6CB11CA2-2178-EB11-AA10-000D3AA30FE3,2021-02-26 10:59:05.350,7E45060B-A2A4-4F72-B553-3234C753B380,2025-03-20 07:14:52.753,34C3286C-E7F6-4F45-8F69-19CD015F1C1B
b'\x00\x00\x00\x00\r\x05\xb1\x10',PRM0424,,CLONIGEN 75MG TAB SAMPLE 1's,CLONIGEN 75MG TAB SAMPLE 1'S,,PC,0,0,PROMO,,,1,0,0,0.0,0,0.0,3,4.14822,0.0,4.14824,0.0,1,1,,,,0.0,0.0,0.0,,0.0,0.0,,0.0,0.0,0.0,0.0,,,,0.0,,0.0,0.0,0.0,0,,2023-09-29 09:01:37.827,2023-09-29,1754-01-01 17:01:37.827,0,,FG,00000000-0000-0000-0000-000000000000,,0,,,EXEMPT,1,,,0,0,,0,,,0,0.0,,1753-01-01,0.0,0.0,0.0,0,0,0.0,0.0,0.0,0.0,,0,3,1.0,PC,PC,,0,0,0,,,,0.0,0.0,,SAMPLES,0,,,,LOTEXP,,,,,,,,1753-01-01,1,1753-01-01,1753-01-01,00000000-0000-0000-0000-000000000000,00000000-0000-0000-0000-000000000000,00000000-0000-0000-0000-000000000000,0,0,00000000-0000-0000-0000-000000000000,,,,0.0,0.0,0.0,0.0,0.0,0.0,0.0,0.0,0.0,0,0,,6DB11CA2-2178-EB11-AA10-000D3AA30FE3,2021-02-26 10:59:05.350,7E45060B-A2A4-4F72-B553-3234C753B380,2026-01-10 02:21:37.580,5428A7C5-0CCA-4C68-BF2D-3ED6031F3D6F
b'\x00\x00\x00\x00\x08R\x07\x81',PRM0427,,SALMEFLO SPACER w/sticker x3's,SALMEFLO SPACER W/STICKER X3'S,,PC,0,0,PROMO,,,1,0,0,0.0,0,0.0,3,12.94677,0.0,12.94698,0.0,1,1,,,,0.0,0.0,0.0,,0.0,0.0,,0.0,0.0,0.0,0.0,,,,0.0,,0.0,0.0,0.0,0,,2024-01-11 07:51:51.297,2024-01-11,1754-01-01 15:51:51.297,0,,FG,00000000-0000-0000-0000-000000000000,,0,,,GOODS12,1,,,0,0,,0,,,0,0.0,,1753-01-01,0.0,0.0,0.0,0,0,0.0,0.0,0.0,0.0,,0,3,1.0,PC,PC,,0,0,0,,,,0.0,0.0,,PROMATS,0,,,,,,,,,,,,1753-01-01,1,1753-01-01,1753-01-01,00000000-0000-0000-0000-000000000000,00000000-0000-0000-0000-000000000000,00000000-0000-0000-0000-000000000000,0,0,00000000-0000-0000-0000-000000000000,,,,0.0,0.0,0.0,0.0,0.0,0.0,0.0,0.0,0.0,0,0,,6EB11CA2-2178-EB11-AA10-000D3AA30FE3,2021-02-26 10:59:05.367,7E45060B-A2A4-4F72-B553-3234C753B380,2024-01-11 07:51:51.297,8FDCE4A2-E551-4114-AA5B-A4A6BAB4255F
b'\x00\x00\x00\x00\x0b)\x04\\',PRM0433,,SALMEFLO 25MCG/125MCG MDI SAMPLES x 1's,SALMEFLO 25MCG/125MCG MDI SAMPLES X 1'S,,CANISTER,0,0,PROMO,,,1,0,0,0.0,0,0.0,3,144.44667,0.0,144.44847,0.0,1,1,,,,0.0,0.0,0.0,,0.0,0.0,,0.0,0.0,0.0,0.0,,,,0.0,,0.0,0.0,0.0,0,,2024-07-30 23:24:09.303,2024-07-31,1754-01-01 07:24:09.303,0,,FG,00000000-0000-0000-0000-000000000000,,0,,,GOODS12,1,,,0,0,,0,,,0,0.0,,1753-01-01,0.0,0.0,0.0,0,0,0.0,0.0,0.0,0.0,,0,3,1.0,CANISTER,CANISTER,,0,0,0,,,,0.0,0.0,,SAMPLES,0,,,,LOTEXP,,,,,,,,1753-01-01,1,1753-01-01,1753-01-01,00000000-0000-0000-0000-000000000000,E330D469-806F-EB11-AA04-000D3AA30FE3,00000000-0000-0000-0000-000000000000,0,0,00000000-0000-0000-0000-000000000000,,,,0.0,0.0,0.0,0.0,0.0,0.0,0.0,0.0,0.0,0,0,,32C2EE15-534E-EF11-A4F5-5E2CC006407F,2024-07-30 09:07:03.900,8FDCE4A2-E551-4114-AA5B-A4A6BAB4255F,2024-11-05 07:20:20.573,34C3286C-E7F6-4F45-8F69-19CD015F1C1B
b'\x00\x00\x00\x00\x0b\x0b\xfb\x84',PRM0454,,CLONIGEN 150MG STARTER DOSE x3,CLONIGEN 150MG STARTER DOSE X3,,PC,0,0,PROMO,,,1,0,0,0.0,0,0.0,3,19.24125,0.0,19.24125,0.0,1,1,,,,0.0,0.0,0.0,,0.0,0.0,,0.0,0.0,0.0,0.0,,,,0.0,,0.0,0.0,0.0,0,,2023-09-29 09:01:52.167,2023-09-29,1754-01-01 17:01:52.167,0,,FG,00000000-0000-0000-0000-000000000000,,0,,,EXEMPT,1,,,0,0,,0,,,0,0.0,,1753-01-01,0.0,0.0,0.0,0,0,0.0,0.0,0.0,0.0,,0,3,1.0,PC,PC,,0,0,0,,,,0.0,0.0,,SAMPLES,0,,,,LOTEXP,,,,,,,,1753-01-01,1,1753-01-01,1753-01-01,00000000-0000-0000-0000-000000000000,00000000-0000-0000-0000-000000000000,00000000-0000-0000-0000-000000000000,0,0,00000000-0000-0000-0000-000000000000,,,,0.0,0.0,0.0,0.0,0.0,0.0,0.0,0.0,0.0,0,0,,6FB11CA2-2178-EB11-AA10-000D3AA30FE3,2021-02-26 10:59:05.367,7E45060B-A2A4-4F72-B553-3234C753B380,2024-09-05 06:41:56.247,34C3286C-E7F6-4F45-8F69-19CD015F1C1B
b'\x00\x00\x00\x00\r\x05\xb1\x12',PRM0455,,VERT 24mg COMMON SAMPLES x 1's,VERT 24MG COMMON SAMPLES X 1'S,,PC,0,0,PROMO,,,1,0,0,0.0,0,0.0,3,6.9001,0.0,6.90006,0.0,1,1,,,,0.0,0.0,0.0,,0.0,0.0,,0.0,0.0,0.0,0.0,,,,0.0,,0.0,0.0,0.0,0,,2021-11-18 09:19:55.317,2021-11-18,1754-01-01 17:19:55.317,0,,FG,00000000-0000-0000-0000-000000000000,,0,,,GOODS12,1,,,0,0,,0,,,0,0.0,,1753-01-01,0.0,0.0,0.0,0,0,0.0,0.0,0.0,0.0,,0,3,1.0,PC,PC,,0,0,0,,,,0.0,0.0,,SAMPLES,0,,,,LOTEXP,,,,,,,,1753-01-01,1,1753-01-01,1753-01-01,00000000-0000-0000-0000-000000000000,00000000-0000-0000-0000-000000000000,00000000-0000-0000-0000-000000000000,0,0,00000000-0000-0000-0000-000000000000,,,,0.0,0.0,0.0,0.0,0.0,0.0,0.0,0.0,0.0,0,0,,70B11CA2-2178-EB11-AA10-000D3AA30FE3,2021-02-26 10:59:05.380,7E45060B-A2A4-4F72-B553-3234C753B380,2026-01-10 02:21:37.693,5428A7C5-0CCA-4C68-BF2D-3ED6031F3D6F
b'\x00\x00\x00\x00\x08R\x07\x87',PRM0457,,SALMEFLO 50/500MCG SAMPLE 1's,SALMEFLO 50/500MCG SAMPLE 1'S,SAMPLE 1's,PC,0,0,PROMO,,,1,0,0,0.0,0,0.0,3,6.00667,0.0,6.00717,0.0,1,1,,,,0.0,0.0,0.0,,0.0,0.0,,0.0,0.0,0.0,0.0,,,,0.0,,0.0,0.0,0.0,0,,2024-01-11 07:51:56.800,2024-01-11,1754-01-01 15:51:56.800,0,,FG,00000000-0000-0000-0000-000000000000,,0,,,GOODS12,1,,,0,0,,0,,,0,0.0,,1753-01-01,0.0,0.0,0.0,0,0,0.0,0.0,0.0,0.0,,0,3,1.0,PC,PC,,0,0,0,,,,0.0,0.0,,SAMPLES,0,,,,LOTEXP,,,,,,,,1753-01-01,1,1753-01-01,1753-01-01,00000000-0000-0000-0000-000000000000,00000000-0000-0000-0000-000000000000,00000000-0000-0000-0000-000000000000,0,0,00000000-0000-0000-0000-000000000000,,,,0.0,0.0,0.0,0.0,0.0,0.0,0.0,0.0,0.0,0,0,,71B11CA2-2178-EB11-AA10-000D3AA30FE3,2021-02-26 10:59:05.380,7E45060B-A2A4-4F72-B553-3234C753B380,2024-01-11 07:51:56.800,8FDCE4A2-E551-4114-AA5B-A4A6BAB4255F
b'\x00\x00\x00\x00\x0c\x87\xa9\xad',PRM0460,,CLONIGEN 75MG STARTER DOSE x 3's,CLONIGEN 75MG STARTER DOSE X 3'S,,PC,0,0,PROMO,,,1,0,0,0.0,0,0.0,3,11.21773,0.0,11.21783,0.0,1,1,,,,0.0,0.0,0.0,,0.0,0.0,,0.0,0.0,0.0,0.0,,,,0.0,,0.0,0.0,0.0,0,,2022-09-23 07:27:56.547,2022-09-23,1754-01-01 15:27:56.547,0,,FG,00000000-0000-0000-0000-000000000000,,0,,,EXEMPT,1,,,0,0,,0,,,0,0.0,,1753-01-01,0.0,0.0,0.0,0,0,0.0,0.0,0.0,0.0,,0,3,1.0,PC,PC,,0,0,0,,,,0.0,0.0,,SAMPLES,0,,,,LOTEXP,,,,,,,,1753-01-01,1,1753-01-01,1753-01-01,00000000-0000-0000-0000-000000000000,EC30D469-806F-EB11-AA04-000D3AA30FE3,00000000-0000-0000-0000-000000000000,0,0,00000000-0000-0000-0000-000000000000,,,,0.0,0.0,0.0,0.0,0.0,0.0,0.0,0.0,0.0,0,0,,D0C0C2FC-0A3B-ED11-A4EA-5E2CC006407F,2022-09-23 06:43:10.467,8FDCE4A2-E551-4114-AA5B-A4A6BAB4255F,2025-11-28 01:56:18.407,34C3286C-E7F6-4F45-8F69-19CD015F1C1B
b'\x00\x00\x00\x00\x0cH\x80\r',PRM0463,,TRIPGEN 25MG SAMPLE 1's,TRIPGEN 25MG SAMPLE 1'S,(from x 100's),PC,0,0,PROMO,,,1,0,0,0.0,0,0.0,3,8.56485,0.0,8.568,0.0,1,1,,,,0.0,0.0,0.0,,0.0,0.0,,0.0,0.0,0.0,0.0,,,,0.0,,0.0,0.0,0.0,0,,2023-09-29 09:03:03.810,2023-09-29,1754-01-01 17:03:03.810,0,,FG,00000000-0000-0000-0000-000000000000,,0,,,EXEMPT,1,,,0,0,,0,,,0,0.0,,1753-01-01,0.0,0.0,0.0,0,0,0.0,0.0,0.0,0.0,,0,3,1.0,PC,PC,,0,0,0,,,,0.0,0.0,,SAMPLES,0,,,,LOTEXP,,,,,,,,1753-01-01,1,1753-01-01,1753-01-01,00000000-0000-0000-0000-000000000000,00000000-0000-0000-0000-000000000000,00000000-0000-0000-0000-000000000000,0,0,00000000-0000-0000-0000-000000000000,,,,0.0,0.0,0.0,0.0,0.0,0.0,0.0,0.0,0.0,0,0,,72B11CA2-2178-EB11-AA10-000D3AA30FE3,2021-02-26 10:59:05.397,7E45060B-A2A4-4F72-B553-3234C753B380,2025-07-24 07:05:11.127,34C3286C-E7F6-4F45-8F69-19CD015F1C1B
b'\x00\x00\x00\x00\x0cj\x88<',PRM0464,,ZYZYX 75MG SAMPLE 1's,ZYZYX 75MG SAMPLE 1'S,(from stocks 20's),PC,0,0,PROMO,,,1,0,0,0.0,0,0.0,3,5.85557,0.0,5.856,0.0,1,1,,,,0.0,0.0,0.0,,0.0,0.0,,0.0,0.0,0.0,0.0,,,,0.0,,0.0,0.0,0.0,0,,2023-09-29 09:03:19.460,2023-09-29,1754-01-01 17:03:19.460,0,,FG,00000000-0000-0000-0000-000000000000,,0,,,EXEMPT,1,,,0,0,,0,,,0,0.0,,1753-01-01,0.0,0.0,0.0,0,0,0.0,0.0,0.0,0.0,,0,3,1.0,PC,PC,,0,0,0,,,,0.0,0.0,,SAMPLES,0,,,,LOTEXP,,,,,,,,1753-01-01,1,1753-01-01,1753-01-01,00000000-0000-0000-0000-000000000000,00000000-0000-0000-0000-000000000000,00000000-0000-0000-0000-000000000000,0,0,00000000-0000-0000-0000-000000000000,,,,0.0,0.0,0.0,0.0,0.0,0.0,0.0,0.0,0.0,0,0,,73B11CA2-2178-EB11-AA10-000D3AA30FE3,2021-02-26 10:59:05.397,7E45060B-A2A4-4F72-B553-3234C753B380,2025-10-02 09:19:27.987,34C3286C-E7F6-4F45-8F69-19CD015F1C1B
b'\x00\x00\x00\x00\x0c=V\xfd',PRM0467,,VALIANZ 10MG/160MG SAMPLES x 1's,VALIANZ 10MG/160MG SAMPLES,,PC,0,0,PROMO,,,1,0,0,0.0,0,0.0,3,9.54,0.0,0.0,0.0,1,1,,,,0.0,0.0,0.0,,0.0,0.0,,0.0,0.0,0.0,0.0,,,,0.0,,0.0,0.0,0.0,0,,2024-11-06 06:41:27.360,2024-11-06,1754-01-01 14:41:27.360,0,,FG,00000000-0000-0000-0000-000000000000,,0,,,EXEMPT,1,,,0,0,,0,,,0,0.0,,1753-01-01,0.0,0.0,0.0,0,0,0.0,0.0,0.0,0.0,,0,3,1.0,PC,PC,,0,0,0,,,,0.0,0.0,,SAMPLES,0,,,,LOTEXP,,,,,,,,1753-01-01,1,1753-01-01,1753-01-01,00000000-0000-0000-0000-000000000000,EC30D469-806F-EB11-AA04-000D3AA30FE3,00000000-0000-0000-0000-000000000000,0,0,00000000-0000-0000-0000-000000000000,,,,0.0,0.0,0.0,0.0,0.0,0.0,0.0,0.0,0.0,0,0,,3DC312A0-029C-EF11-A4F6-5E2CC006407F,2024-11-06 05:47:37.123,8FDCE4A2-E551-4114-AA5B-A4A6BAB4255F,2025-07-03 10:07:58.010,34C3286C-E7F6-4F45-8F69-19CD015F1C1B
b'\x00\x00\x00\x00\x0cZe\xff',PRM0469,,DESLOGEN 2.5mg/5mL Syrup x15mL,DESLOGEN 2.5MG/5ML SYRUP X15ML,,BOT,0,0,PROMO,,,1,0,0,0.0,0,0.0,3,20.982,0.0,20.98214,0.0,1,1,,,,0.0,0.0,0.0,,0.0,0.0,,0.0,0.0,0.0,0.0,,,,0.0,,0.0,0.0,0.0,0,,2025-03-14 01:03:40.737,2025-03-14,1754-01-01 09:03:40.737,0,,SAMPLES,00000000-0000-0000-0000-000000000000,,0,,,GOODS12,1,,,0,0,,0,,,0,0.0,,1753-01-01,0.0,0.0,0.0,0,0,0.0,0.0,0.0,0.0,,0,3,1.0,BOT,BOT,,0,0,0,,,,0.0,0.0,,SAMPLES,0,,,,LOTEXP,,,,,,,,1753-01-01,1,1753-01-01,1753-01-01,00000000-0000-0000-0000-000000000000,00000000-0000-0000-0000-000000000000,00000000-0000-0000-0000-000000000000,0,0,00000000-0000-0000-0000-000000000000,,,,0.0,0.0,0.0,0.0,0.0,0.0,0.0,0.0,0.0,0,0,,74B11CA2-2178-EB11-AA10-000D3AA30FE3,2021-02-26 10:59:05.413,7E45060B-A2A4-4F72-B553-3234C753B380,2025-09-02 08:01:13.763,34C3286C-E7F6-4F45-8F69-19CD015F1C1B
b'\x00\x00\x00\x00\r\x05\xb1\x14',PRM0470,,RUSTOR 10MG STARTER DOSE x 3's,RUSTOR 10MG STARTER DOSE X 3'S,,PC,0,0,PROMO,,,1,0,0,0.0,0,0.0,3,12.10114,0.0,12.10114,0.0,1,1,,,,0.0,0.0,0.0,,0.0,0.0,,0.0,0.0,0.0,0.0,,,,0.0,,0.0,0.0,0.0,0,,2023-09-29 09:03:28.053,2023-09-29,1754-01-01 17:03:28.053,0,,FG,00000000-0000-0000-0000-000000000000,,0,,,EXEMPT,1,,,0,0,,0,,,0,0.0,,1753-01-01,0.0,0.0,0.0,0,0,0.0,0.0,0.0,0.0,,0,3,1.0,PC,PC,,0,0,0,,,,0.0,0.0,,SAMPLES,0,,,,LOTEXP,,,,,,,,1753-01-01,1,1753-01-01,1753-01-01,00000000-0000-0000-0000-000000000000,00000000-0000-0000-0000-000000000000,00000000-0000-0000-0000-000000000000,0,0,00000000-0000-0000-0000-000000000000,,,,0.0,0.0,0.0,0.0,0.0,0.0,0.0,0.0,0.0,0,0,,75B11CA2-2178-EB11-AA10-000D3AA30FE3,2021-02-26 10:59:05.413,7E45060B-A2A4-4F72-B553-3234C753B380,2026-01-10 02:21:37.707,5428A7C5-0CCA-4C68-BF2D-3ED6031F3D6F
b'\x00\x00\x00\x00\x0cz\x7f\x8c',PRM0471,,CLOPIVAZ 75MG STARTER DOSE x3',CLOPIVAZ 75MG STARTER DOSE X3',,PC,0,0,PROMO,,,1,0,0,0.0,0,0.0,3,13.14125,0.0,13.1417,0.0,1,1,,,,0.0,0.0,0.0,,0.0,0.0,,0.0,0.0,0.0,0.0,,,,0.0,,0.0,0.0,0.0,0,,2024-01-12 07:52:39.337,2024-01-12,1754-01-01 15:52:39.337,0,,FG,00000000-0000-0000-0000-000000000000,,0,,,GOODS12,1,,,0,0,,0,,,0,0.0,,1753-01-01,0.0,0.0,0.0,0,0,0.0,0.0,0.0,0.0,,0,3,1.0,PC,PC,,0,0,0,,,,0.0,0.0,,SAMPLES,0,,,,LOTEXP,,,,,,,,1753-01-01,1,1753-01-01,1753-01-01,00000000-0000-0000-0000-000000000000,00000000-0000-0000-0000-000000000000,00000000-0000-0000-0000-000000000000,0,0,00000000-0000-0000-0000-000000000000,,,,0.0,0.0,0.0,0.0,0.0,0.0,0.0,0.0,0.0,0,0,,76B11CA2-2178-EB11-AA10-000D3AA30FE3,2021-02-26 10:59:05.427,7E45060B-A2A4-4F72-B553-3234C753B380,2025-11-05 03:15:48.550,34C3286C-E7F6-4F45-8F69-19CD015F1C1B
b'\x00\x00\x00\x00\x0cH\x7f|',PRM0480,,RISGEN 2MG SAMPLES 1's,RISGEN 2MG SAMPLES 1'S,(from stocks x 30's),PC,0,0,PROMO,,,1,0,0,0.0,0,0.0,3,6.442,0.0,5.437,0.0,1,1,,,,0.0,0.0,0.0,,0.0,0.0,,0.0,0.0,0.0,0.0,,,,0.0,,0.0,0.0,0.0,0,,2023-09-29 09:03:56.960,2023-09-29,1754-01-01 17:03:56.960,0,,FG,00000000-0000-0000-0000-000000000000,,0,,,EXEMPT,1,,,0,0,,0,,,1,0.0,,1753-01-01,0.0,0.0,0.0,0,0,0.0,0.0,0.0,0.0,,0,3,1.0,PC,PC,,0,0,0,,,,0.0,0.0,,SAMPLES,0,,,,LOTEXP,,,,,,,,1753-01-01,1,1753-01-01,1753-01-01,00000000-0000-0000-0000-000000000000,00000000-0000-0000-0000-000000000000,00000000-0000-0000-0000-000000000000,0,0,00000000-0000-0000-0000-000000000000,,,,0.0,0.0,0.0,0.0,0.0,0.0,0.0,0.0,0.0,0,0,,77B11CA2-2178-EB11-AA10-000D3AA30FE3,2021-02-26 10:59:05.427,7E45060B-A2A4-4F72-B553-3234C753B380,2025-07-24 07:05:09.777,34C3286C-E7F6-4F45-8F69-19CD015F1C1B
b'\x00\x00\x00\x00\x05\xe6\x86\xb9',PRM0481,,NASOFREE x 5mL P. SAMPLE,NASOFREE X 5ML P. SAMPLE,,BOT,0,0,PROMO,,,1,0,0,0.0,0,0.0,3,34.06294,0.0,34.06245,0.0,1,1,,,,0.0,0.0,0.0,,0.0,0.0,,0.0,0.0,0.0,0.0,,,,0.0,,0.0,0.0,0.0,0,,2021-11-18 09:18:23.983,2021-11-18,1754-01-01 17:18:23.983,0,,FG,00000000-0000-0000-0000-000000000000,,0,,,GOODS12,1,,,0,0,,0,,,0,0.0,,1753-01-01,0.0,0.0,0.0,0,0,0.0,0.0,0.0,0.0,,0,3,1.0,BOT,BOT,,0,0,0,,,,0.0,0.0,,SAMPLES,0,,,,LOTEXP,,,,,,,,1753-01-01,1,1753-01-01,1753-01-01,00000000-0000-0000-0000-000000000000,00000000-0000-0000-0000-000000000000,00000000-0000-0000-0000-000000000000,0,0,00000000-0000-0000-0000-000000000000,,,,0.0,0.0,0.0,0.0,0.0,0.0,0.0,0.0,0.0,0,0,,78B11CA2-2178-EB11-AA10-000D3AA30FE3,2021-02-26 10:59:05.427,7E45060B-A2A4-4F72-B553-3234C753B380,2022-06-08 02:44:34.330,70170656-5682-4370-856C-D35272AD94A5
b'\x00\x00\x00\x00\x0cz\x93g',PRM0482,,AMLODINE PLUS 5mg/50mg SAMPLE BOX 1's,AMLODINE PLUS 5MG/50MG SAMPLE BOX 1'S,,PC,0,0,PROMO,,,1,0,0,0.0,0,0.0,3,5.07923,0.0,5.07932,0.0,1,1,,,,0.0,0.0,0.0,,0.0,0.0,,0.0,0.0,0.0,0.0,,,,0.0,,0.0,0.0,0.0,0,,2023-09-29 08:55:55.477,2023-09-29,1754-01-01 16:55:55.477,0,,FG,00000000-0000-0000-0000-000000000000,,0,,,EXEMPT,1,,,0,0,,0,,,0,0.0,,1753-01-01,0.0,0.0,0.0,0,0,0.0,0.0,0.0,0.0,,0,3,1.0,PC,PC,,0,0,0,,,,0.0,0.0,,SAMPLES,0,,,,LOTEXP,,,,,,,,1753-01-01,1,1753-01-01,1753-01-01,00000000-0000-0000-0000-000000000000,00000000-0000-0000-0000-000000000000,00000000-0000-0000-0000-000000000000,0,0,00000000-0000-0000-0000-000000000000,,,,0.0,0.0,0.0,0.0,0.0,0.0,0.0,0.0,0.0,0,0,,79B11CA2-2178-EB11-AA10-000D3AA30FE3,2021-02-26 10:59:05.443,7E45060B-A2A4-4F72-B553-3234C753B380,2025-11-05 03:16:20.520,34C3286C-E7F6-4F45-8F69-19CD015F1C1B
b'\x00\x00\x00\x00\x0c\nb+',PRM0483,,QUETIAPRO 100MG SAMPLE 1's,QUETIAPRO 100MG SAMPLE 1'S,,PC,0,0,PROMO,,,1,0,0,0.0,0,0.0,3,15.51767,0.0,15.51857,0.0,1,1,,,,0.0,0.0,0.0,,0.0,0.0,,0.0,0.0,0.0,0.0,,,,0.0,,0.0,0.0,0.0,0,,2023-09-29 09:04:21.673,2023-09-29,1754-01-01 17:04:21.673,0,,FG,00000000-0000-0000-0000-000000000000,,0,,,EXEMPT,1,,,0,0,,0,,,0,0.0,,1753-01-01,0.0,0.0,0.0,0,0,0.0,0.0,0.0,0.0,,0,3,1.0,PC,PC,,0,0,0,,,,0.0,0.0,,SAMPLES,0,,,,LOTEXP,,,,,,,,1753-01-01,1,1753-01-01,1753-01-01,00000000-0000-0000-0000-000000000000,EC30D469-806F-EB11-AA04-000D3AA30FE3,00000000-0000-0000-0000-000000000000,0,0,00000000-0000-0000-0000-000000000000,,,,0.0,0.0,0.0,0.0,0.0,0.0,0.0,0.0,0.0,0,0,,74C770F5-8F04-EC11-A4C7-5E2CC006407F,2021-08-24 04:01:29.627,8FDCE4A2-E551-4114-AA5B-A4A6BAB4255F,2025-03-20 07:14:52.870,34C3286C-E7F6-4F45-8F69-19CD015F1C1B
b'\x00\x00\x00\x00\r\x05\xb1\x16',PRM0488,,DOXOPRO 400mg 50's SAMPLESx1's,DOXOPRO 400MG 50'S SAMPLESX1'S,,PC,0,0,PROMO,,,1,0,0,0.0,0,0.0,3,6.00716,0.0,6.007,0.0,1,1,,,,0.0,0.0,0.0,,0.0,0.0,,0.0,0.0,0.0,0.0,,,,0.0,,0.0,0.0,0.0,0,,2023-02-27 06:54:07.603,2023-02-27,1754-01-01 14:54:07.603,0,,FG,00000000-0000-0000-0000-000000000000,,0,,,GOODS12,1,,,0,0,,0,,,0,0.0,,1753-01-01,0.0,0.0,0.0,0,0,0.0,0.0,0.0,0.0,,0,3,1.0,PC,PC,,0,0,0,,,,0.0,0.0,,SAMPLES,0,,,,LOTEXP,,,,,,,,1753-01-01,1,1753-01-01,1753-01-01,00000000-0000-0000-0000-000000000000,00000000-0000-0000-0000-000000000000,00000000-0000-0000-0000-000000000000,0,0,00000000-0000-0000-0000-000000000000,,,,0.0,0.0,0.0,0.0,0.0,0.0,0.0,0.0,0.0,0,0,,7AB11CA2-2178-EB11-AA10-000D3AA30FE3,2021-02-26 10:59:05.443,7E45060B-A2A4-4F72-B553-3234C753B380,2026-01-10 02:21:37.820,5428A7C5-0CCA-4C68-BF2D-3ED6031F3D6F
b'\x00\x00\x00\x00\x0bL\xa1\xc6',PRM0491,,AMLODINE PLUS 5mg/50mg STARTER DOSE x3's,AMLODINE PLUS 5MG/50MG STARTER DOSE X3'S,,PC,0,0,PROMO,,,1,0,0,0.0,0,0.0,3,12.296,0.0,12.29595,0.0,1,1,,,,0.0,0.0,0.0,,0.0,0.0,,0.0,0.0,0.0,0.0,,,,0.0,,0.0,0.0,0.0,0,,2022-04-18 08:49:10.207,2022-04-18,1754-01-01 16:49:10.207,0,,FG,00000000-0000-0000-0000-000000000000,,0,,,EXEMPT,1,,,0,0,,0,,,0,0.0,,1753-01-01,0.0,0.0,0.0,0,0,0.0,0.0,0.0,0.0,,0,3,1.0,PC,PC,,0,0,0,,,,0.0,0.0,,SAMPLES,0,,,,LOTEXP,,,,,,,,1753-01-01,1,1753-01-01,1753-01-01,00000000-0000-0000-0000-000000000000,EC30D469-806F-EB11-AA04-000D3AA30FE3,00000000-0000-0000-0000-000000000000,0,0,00000000-0000-0000-0000-000000000000,,,,0.0,0.0,0.0,0.0,0.0,0.0,0.0,0.0,0.0,0,0,,5ED46652-4661-EC11-A4CC-5E2CC006407F,2021-12-20 03:38:42.567,8FDCE4A2-E551-4114-AA5B-A4A6BAB4255F,2025-01-22 08:08:49.700,34C3286C-E7F6-4F45-8F69-19CD015F1C1B
b'\x00\x00\x00\x00\x07y\xde\xe0',PRM0502,,POLYDERM 3 3GMS CREAM x1's P.S,POLYDERM 3 3GMS CREAM X1'S P.S,,TUBE,0,0,PROMO,,,1,0,0,0.0,0,0.0,3,36.52714,0.0,36.52801,0.0,1,1,,,,0.0,0.0,0.0,,0.0,0.0,,0.0,0.0,0.0,0.0,,,,0.0,,0.0,0.0,0.0,0,,2021-11-18 09:17:37.517,2021-11-18,1754-01-01 17:17:37.517,0,,FG,00000000-0000-0000-0000-000000000000,,0,,,GOODS12,1,,,0,0,,0,,,0,0.0,,1753-01-01,0.0,0.0,0.0,0,0,0.0,0.0,0.0,0.0,,0,3,1.0,TUBE,TUBE,,0,0,0,,,,0.0,0.0,,SAMPLES,0,,,,LOTEXP,,,,,,,,1753-01-01,1,1753-01-01,1753-01-01,00000000-0000-0000-0000-000000000000,F330D469-806F-EB11-AA04-000D3AA30FE3,00000000-0000-0000-0000-000000000000,0,0,00000000-0000-0000-0000-000000000000,,,,0.0,0.0,0.0,0.0,0.0,0.0,0.0,0.0,0.0,0,0,,4C3208FE-121C-EC11-A4C7-5E2CC006407F,2021-09-23 02:07:32.887,8FDCE4A2-E551-4114-AA5B-A4A6BAB4255F,2023-04-28 09:37:14.963,5428A7C5-0CCA-4C68-BF2D-3ED6031F3D6F
b'\x00\x00\x00\x00\x08R\x07\x89',PRM0505,,SALMEFLO 500 DPI STARTERPACK 2,SALMEFLO 500 DPI STARTERPACK 2,,BOX,0,0,PROMO,,,1,0,0,0.0,0,0.0,3,40.96722,0.0,40.967,0.0,1,1,,,,0.0,0.0,0.0,,0.0,0.0,,0.0,0.0,0.0,0.0,,,,0.0,,0.0,0.0,0.0,0,,2024-01-11 07:52:02.460,2024-01-11,1754-01-01 15:52:02.460,0,,FG,00000000-0000-0000-0000-000000000000,,0,,,GOODS12,1,,,0,0,,0,,,0,0.0,,1753-01-01,0.0,0.0,0.0,0,0,0.0,0.0,0.0,0.0,,0,3,1.0,BOX,BOX,,0,0,0,,,,0.0,0.0,,SAMPLES,0,,,,LOTEXP,,,,,,,,1753-01-01,1,1753-01-01,1753-01-01,00000000-0000-0000-0000-000000000000,00000000-0000-0000-0000-000000000000,00000000-0000-0000-0000-000000000000,0,0,00000000-0000-0000-0000-000000000000,,,,0.0,0.0,0.0,0.0,0.0,0.0,0.0,0.0,0.0,0,0,,7BB11CA2-2178-EB11-AA10-000D3AA30FE3,2021-02-26 10:59:05.460,7E45060B-A2A4-4F72-B553-3234C753B380,2024-01-11 07:52:02.460,8FDCE4A2-E551-4114-AA5B-A4A6BAB4255F
b'\x00\x00\x00\x00\x0c\x87\xc4\xb5',PRM0508,,KALIGEN 750MG SAMPLE x 2's,KALIGEN 750MG SAMPLE X 2'S,,BOT,0,0,PROMO,,,1,0,0,0.0,0,0.0,3,15.53574,0.0,15.5357,0.0,1,1,,,,0.0,0.0,0.0,,0.0,0.0,,0.0,0.0,0.0,0.0,,,,0.0,,0.0,0.0,0.0,0,,2023-01-24 08:07:46.210,2023-01-24,1754-01-01 16:07:46.210,0,,FG,00000000-0000-0000-0000-000000000000,,0,,,EXEMPT,1,,,0,0,,0,,,0,0.0,,1753-01-01,0.0,0.0,0.0,0,0,0.0,0.0,0.0,0.0,,0,3,1.0,BOT,BOT,,0,0,0,,,,0.0,0.0,,SAMPLES,0,,,,LOTEXP,,,,,,,,1753-01-01,1,1753-01-01,1753-01-01,00000000-0000-0000-0000-000000000000,00000000-0000-0000-0000-000000000000,00000000-0000-0000-0000-000000000000,0,0,00000000-0000-0000-0000-000000000000,,,,0.0,0.0,0.0,0.0,0.0,0.0,0.0,0.0,0.0,0,0,,7CB11CA2-2178-EB11-AA10-000D3AA30FE3,2021-02-26 10:59:05.460,7E45060B-A2A4-4F72-B553-3234C753B380,2025-11-28 02:00:54.293,34C3286C-E7F6-4F45-8F69-19CD015F1C1B
b'\x00\x00\x00\x00\x0cj\x88p',PRM0527,,ELVIR 300MG SAMPLE 1's,ELVIR 300MG SAMPLE 1'S,,PC,0,0,PROMO,,,1,0,0,0.0,0,0.0,3,6.73227,0.0,6.73273,0.0,1,1,,,,0.0,0.0,0.0,,0.0,0.0,,0.0,0.0,0.0,0.0,,,,0.0,,0.0,0.0,0.0,0,,2021-11-18 09:17:04.963,2021-11-18,1754-01-01 17:17:04.963,0,,FG,00000000-0000-0000-0000-000000000000,,0,,,GOODS12,1,,,0,0,,0,,,0,0.0,,1753-01-01,0.0,0.0,0.0,0,0,0.0,0.0,0.0,0.0,,0,3,1.0,PC,PC,,0,0,0,,,,0.0,0.0,,SAMPLES,0,,,,LOTEXP,,,,,,,,1753-01-01,1,1753-01-01,1753-01-01,00000000-0000-0000-0000-000000000000,00000000-0000-0000-0000-000000000000,00000000-0000-0000-0000-000000000000,0,0,00000000-0000-0000-0000-000000000000,,,,0.0,0.0,0.0,0.0,0.0,0.0,0.0,0.0,0.0,0,0,,7DB11CA2-2178-EB11-AA10-000D3AA30FE3,2021-02-26 10:59:05.477,7E45060B-A2A4-4F72-B553-3234C753B380,2025-10-02 09:19:28.170,34C3286C-E7F6-4F45-8F69-19CD015F1C1B
b'\x00\x00\x00\x00\r\x05\xb1\x18',PRM0530,,VALIANZ 5/80MG SAMPLE 1'S,VALIANZ 5/80MG SAMPLE 1'S,,PC,0,0,PROMO,,,1,0,0,0.0,0,0.0,3,7.30111,0.0,7.30111,0.0,1,1,,,,0.0,0.0,0.0,,0.0,0.0,,0.0,0.0,0.0,0.0,,,,0.0,,0.0,0.0,0.0,0,,2023-09-29 09:05:08.013,2023-09-29,1754-01-01 17:05:08.013,0,,FG,00000000-0000-0000-0000-000000000000,,0,,,EXEMPT,1,,,0,0,,0,,,0,0.0,,1753-01-01,0.0,0.0,0.0,0,0,0.0,0.0,0.0,0.0,,0,3,1.0,PC,PC,,0,0,0,,,,0.0,0.0,,SAMPLES,0,,,,LOTEXP,,,,,,,,1753-01-01,1,1753-01-01,1753-01-01,00000000-0000-0000-0000-000000000000,00000000-0000-0000-0000-000000000000,00000000-0000-0000-0000-000000000000,0,0,00000000-0000-0000-0000-000000000000,,,,0.0,0.0,0.0,0.0,0.0,0.0,0.0,0.0,0.0,0,0,,7EB11CA2-2178-EB11-AA10-000D3AA30FE3,2021-02-26 10:59:05.477,7E45060B-A2A4-4F72-B553-3234C753B380,2026-01-10 02:21:37.827,5428A7C5-0CCA-4C68-BF2D-3ED6031F3D6F
b'\x00\x00\x00\x00\x0cH\x82\xd0',PRM0531,,URLYX 250MG SAMPLE 1's,URLYX 250MG SAMPLE 1'S,,PC,0,0,PROMO,,,1,0,0,0.0,0,0.0,3,12.03364,0.0,11.65245,0.0,1,1,,,,0.0,0.0,0.0,,0.0,0.0,,0.0,0.0,0.0,0.0,,,,0.0,,0.0,0.0,0.0,0,,2021-11-18 09:16:43.650,2021-11-18,1754-01-01 17:16:43.650,0,,FG,00000000-0000-0000-0000-000000000000,,0,,,GOODS12,1,,,0,0,,0,,,0,0.0,,1753-01-01,0.0,0.0,0.0,0,0,0.0,0.0,0.0,0.0,,0,3,1.0,PC,PC,,0,0,0,,,,0.0,0.0,,SAMPLES,0,,,,LOTEXP,,,,,,,,1753-01-01,1,1753-01-01,1753-01-01,00000000-0000-0000-0000-000000000000,00000000-0000-0000-0000-000000000000,00000000-0000-0000-0000-000000000000,0,0,00000000-0000-0000-0000-000000000000,,,,0.0,0.0,0.0,0.0,0.0,0.0,0.0,0.0,0.0,0,0,,7FB11CA2-2178-EB11-AA10-000D3AA30FE3,2021-02-26 10:59:05.477,7E45060B-A2A4-4F72-B553-3234C753B380,2025-07-24 07:05:56.193,34C3286C-E7F6-4F45-8F69-19CD015F1C1B
b'\x00\x00\x00\x00\x07\xbd\x86X',PRM0532,,AMLODINE PLUS 5/100MG SAMPLES x1's,AMLODINE PLUS 5/100MG SAMPLES X1'S,,PC,0,0,PROMO,,,1,0,0,0.0,0,0.0,3,0.0,0.0,0.0,0.0,1,1,,,,0.0,0.0,0.0,,0.0,0.0,,0.0,0.0,0.0,0.0,,,,0.0,,0.0,0.0,0.0,0,,2023-09-29 09:05:22.993,2023-09-29,1754-01-01 17:05:22.993,0,,FG,00000000-0000-0000-0000-000000000000,,0,,,EXEMPT,1,,,0,0,,0,,,0,0.0,,1753-01-01,0.0,0.0,0.0,0,0,0.0,0.0,0.0,0.0,,0,3,1.0,PC,PC,,0,0,0,,,,0.0,0.0,,SAMPLES,0,,,,LOTEXP,,,,,,,,1753-01-01,1,1753-01-01,1753-01-01,00000000-0000-0000-0000-000000000000,00000000-0000-0000-0000-000000000000,00000000-0000-0000-0000-000000000000,0,0,00000000-0000-0000-0000-000000000000,,,,0.0,0.0,0.0,0.0,0.0,0.0,0.0,0.0,0.0,0,0,,80B11CA2-2178-EB11-AA10-000D3AA30FE3,2021-02-26 10:59:05.490,7E45060B-A2A4-4F72-B553-3234C753B380,2023-09-29 09:05:22.993,8FDCE4A2-E551-4114-AA5B-A4A6BAB4255F
b'\x00\x00\x00\x00\x0c\ndE',PRM0533,,RABEGEN 200MG/150MG SAMPLE 1'S,RABEGEN 200MG/150MG SAMPLE 1'S,,PC,0,0,PROMO,,,1,0,0,0.0,0,0.0,3,14.96388,0.0,14.96389,0.0,1,1,,,,0.0,0.0,0.0,,0.0,0.0,,0.0,0.0,0.0,0.0,,,,0.0,,0.0,0.0,0.0,0,,2021-11-18 09:16:15.953,2021-11-18,1754-01-01 17:16:15.953,0,,FG,00000000-0000-0000-0000-000000000000,,0,,,GOODS12,1,,,0,0,,0,,,0,0.0,,1753-01-01,0.0,0.0,0.0,0,0,0.0,0.0,0.0,0.0,,0,3,1.0,PC,PC,,0,0,0,,,,0.0,0.0,,SAMPLES,0,,,,LOTEXP,,,,,,,,1753-01-01,1,1753-01-01,1753-01-01,00000000-0000-0000-0000-000000000000,EC30D469-806F-EB11-AA04-000D3AA30FE3,00000000-0000-0000-0000-000000000000,0,0,00000000-0000-0000-0000-000000000000,,,,0.0,0.0,0.0,0.0,0.0,0.0,0.0,0.0,0.0,0,0,,3BB7E10A-318D-EB11-AA37-000D3AA30FE3,2021-03-25 06:12:15.200,7E45060B-A2A4-4F72-B553-3234C753B380,2025-03-20 07:16:13.097,34C3286C-E7F6-4F45-8F69-19CD015F1C1B
b'\x00\x00\x00\x00\x0cH\x80\xa9',PRM0534,,LEVIT 500MG SAMPLES 1'S,LEVIT 500MG SAMPLES 1'S,,PC,0,0,PROMO,,,1,0,0,0.0,0,0.0,3,11.19,0.0,11.196,0.0,1,1,,,,0.0,0.0,0.0,,0.0,0.0,,0.0,0.0,0.0,0.0,,,,0.0,,0.0,0.0,0.0,0,,2021-11-18 09:16:05.843,2021-11-18,1754-01-01 17:16:05.843,0,,FG,00000000-0000-0000-0000-000000000000,,0,,,GOODS12,1,,,0,0,,0,,,0,0.0,,1753-01-01,0.0,0.0,0.0,0,0,0.0,0.0,0.0,0.0,,0,3,1.0,PC,PC,,0,0,0,,,,0.0,0.0,,SAMPLES,0,,,,LOTEXP,,,,,,,,1753-01-01,1,1753-01-01,1753-01-01,00000000-0000-0000-0000-000000000000,00000000-0000-0000-0000-000000000000,00000000-0000-0000-0000-000000000000,0,0,00000000-0000-0000-0000-000000000000,,,,0.0,0.0,0.0,0.0,0.0,0.0,0.0,0.0,0.0,0,0,,81B11CA2-2178-EB11-AA10-000D3AA30FE3,2021-02-26 10:59:05.490,7E45060B-A2A4-4F72-B553-3234C753B380,2025-07-24 07:05:12.527,34C3286C-E7F6-4F45-8F69-19CD015F1C1B
b'\x00\x00\x00\x00\x07r\x1e\x13',PRM0535,,DIVALGEN 250MG ERT SAMPLE 1'S,DIVALGEN 250MG ERT SAMPLE 1'S,,PC,0,0,PROMO,,,1,0,0,0.0,0,0.0,3,0.0,0.0,0.0,0.0,1,1,,,,0.0,0.0,0.0,,0.0,0.0,,0.0,0.0,0.0,0.0,,,,0.0,,0.0,0.0,0.0,0,,2023-04-05 05:38:26.970,2023-04-05,1754-01-01 13:38:26.970,0,,FG,00000000-0000-0000-0000-000000000000,,0,,,GOODS12,1,,,0,0,,0,,,0,0.0,,1753-01-01,0.0,0.0,0.0,0,0,0.0,0.0,0.0,0.0,,0,3,1.0,PC,PC,,0,0,0,,,,0.0,0.0,,SAMPLES,0,,,,LOTEXP,,,,,,,,1753-01-01,1,1753-01-01,1753-01-01,00000000-0000-0000-0000-000000000000,EC30D469-806F-EB11-AA04-000D3AA30FE3,00000000-0000-0000-0000-000000000000,0,0,00000000-0000-0000-0000-000000000000,,,,0.0,0.0,0.0,0.0,0.0,0.0,0.0,0.0,0.0,0,0,,4482E3F0-03D2-ED11-A4EC-5E2CC006407F,2023-04-03 09:43:09.653,8FDCE4A2-E551-4114-AA5B-A4A6BAB4255F,2023-04-05 05:38:26.970,5428A7C5-0CCA-4C68-BF2D-3ED6031F3D6F
b'\x00\x00\x00\x00\x0cH\x80\xe2',PRM0536,,DIVALGEN 500MG ERT SAMPLE 1'S,DIVALGEN 500MG ERT SAMPLE 1'S,,PC,0,0,PROMO,,,1,0,0,0.0,0,0.0,3,9.05667,0.0,8.3215,0.0,1,1,,,,0.0,0.0,0.0,,0.0,0.0,,0.0,0.0,0.0,0.0,,,,0.0,,0.0,0.0,0.0,0,,2021-11-18 09:15:54.257,2021-11-18,1754-01-01 17:15:54.257,0,,FG,00000000-0000-0000-0000-000000000000,,0,,,GOODS12,1,,,0,0,,0,,,0,0.0,,1753-01-01,0.0,0.0,0.0,0,0,0.0,0.0,0.0,0.0,,0,3,1.0,PC,PC,,0,0,0,,,,0.0,0.0,,SAMPLES,0,,,,LOTEXP,,,,,,,,1753-01-01,1,1753-01-01,1753-01-01,00000000-0000-0000-0000-000000000000,EC30D469-806F-EB11-AA04-000D3AA30FE3,00000000-0000-0000-0000-000000000000,0,0,00000000-0000-0000-0000-000000000000,,,,0.0,0.0,0.0,0.0,0.0,0.0,0.0,0.0,0.0,0,0,,3CB7E10A-318D-EB11-AA37-000D3AA30FE3,2021-03-25 06:12:15.207,7E45060B-A2A4-4F72-B553-3234C753B380,2025-07-24 07:05:13.027,34C3286C-E7F6-4F45-8F69-19CD015F1C1B
b'\x00\x00\x00\x00\x0c\ndI',PRM0542,,PLETAXOL 50MG SAMPLES 1's,PLETAXOL 50MG SAMPLES 1'S,,PC,0,0,PROMO,,,1,0,0,0.0,0,0.0,3,4.71435,0.0,4.71441,0.0,1,1,,,,0.0,0.0,0.0,,0.0,0.0,,0.0,0.0,0.0,0.0,,,,0.0,,0.0,0.0,0.0,0,,2021-11-18 09:15:40.200,2021-11-18,1754-01-01 17:15:40.200,0,,FG,00000000-0000-0000-0000-000000000000,,0,,,GOODS12,1,,,0,0,,0,,,0,0.0,,1753-01-01,0.0,0.0,0.0,0,0,0.0,0.0,0.0,0.0,,0,3,1.0,PC,PC,,0,0,0,,,,0.0,0.0,,SAMPLES,0,,,,LOTEXP,,,,,,,,1753-01-01,1,1753-01-01,1753-01-01,00000000-0000-0000-0000-000000000000,00000000-0000-0000-0000-000000000000,00000000-0000-0000-0000-000000000000,0,0,00000000-0000-0000-0000-000000000000,,,,0.0,0.0,0.0,0.0,0.0,0.0,0.0,0.0,0.0,0,0,,82B11CA2-2178-EB11-AA10-000D3AA30FE3,2021-02-26 10:59:05.507,7E45060B-A2A4-4F72-B553-3234C753B380,2025-03-20 07:16:13.173,34C3286C-E7F6-4F45-8F69-19CD015F1C1B
b'\x00\x00\x00\x00\x0c\ndK',PRM0543,,BIZYX 2MG SAMPLE BOX 1's,BIZYX 2MG SAMPLE BOX 1'S,,PC,0,0,PROMO,,,1,0,0,0.0,0,0.0,3,4.14,0.0,4.14,0.0,1,1,,,,0.0,0.0,0.0,,0.0,0.0,,0.0,0.0,0.0,0.0,,,,0.0,,0.0,0.0,0.0,0,,2021-11-18 09:15:30.310,2021-11-18,1754-01-01 17:15:30.310,0,,FG,00000000-0000-0000-0000-000000000000,,0,,,GOODS12,1,,,0,0,,0,,,0,0.0,,1753-01-01,0.0,0.0,0.0,0,0,0.0,0.0,0.0,0.0,,0,3,1.0,PC,PC,,0,0,0,,,,0.0,0.0,,SAMPLES,0,,,,LOTEXP,,,,,,,,1753-01-01,1,1753-01-01,1753-01-01,00000000-0000-0000-0000-000000000000,00000000-0000-0000-0000-000000000000,00000000-0000-0000-0000-000000000000,0,0,00000000-0000-0000-0000-000000000000,,,,0.0,0.0,0.0,0.0,0.0,0.0,0.0,0.0,0.0,0,0,,83B11CA2-2178-EB11-AA10-000D3AA30FE3,2021-02-26 10:59:05.507,7E45060B-A2A4-4F72-B553-3234C753B380,2025-03-20 07:16:13.190,34C3286C-E7F6-4F45-8F69-19CD015F1C1B
b'\x00\x00\x00\x00\x07\xbd\x86\x8e',PRM0544,,LOSARGARD 50MG STARTERDOSEx5's,LOSARGARD 50MG STARTERDOSEX5'S,,PC,0,0,PROMO,,,1,0,0,0.0,0,0.0,3,15.38667,0.0,15.38667,0.0,1,1,,,,0.0,0.0,0.0,,0.0,0.0,,0.0,0.0,0.0,0.0,,,,0.0,,0.0,0.0,0.0,0,,2023-09-29 09:07:27.787,2023-09-29,1754-01-01 17:07:27.787,0,,FG,00000000-0000-0000-0000-000000000000,,0,,,EXEMPT,1,,,0,0,,0,,,0,0.0,,1753-01-01,0.0,0.0,0.0,0,0,0.0,0.0,0.0,0.0,,0,3,1.0,PC,PC,,0,0,0,,,,0.0,0.0,,SAMPLES,0,,,,LOTEXP,,,,,,,,1753-01-01,1,1753-01-01,1753-01-01,00000000-0000-0000-0000-000000000000,00000000-0000-0000-0000-000000000000,00000000-0000-0000-0000-000000000000,0,0,00000000-0000-0000-0000-000000000000,,,,0.0,0.0,0.0,0.0,0.0,0.0,0.0,0.0,0.0,0,0,,84B11CA2-2178-EB11-AA10-000D3AA30FE3,2021-02-26 10:59:05.523,7E45060B-A2A4-4F72-B553-3234C753B380,2023-09-29 09:07:27.787,8FDCE4A2-E551-4114-AA5B-A4A6BAB4255F
b'\x00\x00\x00\x00\x07\xbd\x85\xbc',PRM0547,,ATOR 10MG STARTERDOSEx5's,ATOR 10MG STARTERDOSEX5'S,,PC,0,0,PROMO,,,1,0,0,0.0,0,0.0,3,13.38,0.0,13.38,0.0,1,1,,,,0.0,0.0,0.0,,0.0,0.0,,0.0,0.0,0.0,0.0,,,,0.0,,0.0,0.0,0.0,0,,2023-09-29 08:56:53.117,2023-09-29,1754-01-01 16:56:53.117,0,,FG,00000000-0000-0000-0000-000000000000,,0,,,EXEMPT,1,,,0,0,,0,,,0,0.0,,1753-01-01,0.0,0.0,0.0,0,0,0.0,0.0,0.0,0.0,,0,3,1.0,PC,PC,,0,0,0,,,,0.0,0.0,,SAMPLES,0,,,,LOTEXP,,,,,,,,1753-01-01,1,1753-01-01,1753-01-01,00000000-0000-0000-0000-000000000000,00000000-0000-0000-0000-000000000000,00000000-0000-0000-0000-000000000000,0,0,00000000-0000-0000-0000-000000000000,,,,0.0,0.0,0.0,0.0,0.0,0.0,0.0,0.0,0.0,0,0,,85B11CA2-2178-EB11-AA10-000D3AA30FE3,2021-02-26 10:59:05.523,7E45060B-A2A4-4F72-B553-3234C753B380,2023-09-29 08:56:53.117,8FDCE4A2-E551-4114-AA5B-A4A6BAB4255F
b'\x00\x00\x00\x00\x06\x85\x1bx',PRM0548,,SALMEFLO MOUTHPIECE x 3's,SALMEFLO MOUTHPIECE X 3'S,,PC,0,0,PROMO,,,1,0,0,0.0,0,0.0,3,8.69,0.0,8.6921,0.0,1,1,,,,0.0,0.0,0.0,,0.0,0.0,,0.0,0.0,0.0,0.0,,,,0.0,,0.0,0.0,0.0,0,,2021-11-18 09:14:57.950,2021-11-18,1754-01-01 17:14:57.950,0,,FG,00000000-0000-0000-0000-000000000000,,0,,,GOODS12,1,,,0,0,,0,,,0,0.0,,1753-01-01,0.0,0.0,0.0,0,0,0.0,0.0,0.0,0.0,,0,3,1.0,PC,PC,,0,0,0,,,,0.0,0.0,,PROMATS,0,,,,,,,,,,,,1753-01-01,1,1753-01-01,1753-01-01,00000000-0000-0000-0000-000000000000,00000000-0000-0000-0000-000000000000,00000000-0000-0000-0000-000000000000,0,0,00000000-0000-0000-0000-000000000000,,,,0.0,0.0,0.0,0.0,0.0,0.0,0.0,0.0,0.0,0,0,,86B11CA2-2178-EB11-AA10-000D3AA30FE3,2021-02-26 10:59:05.523,7E45060B-A2A4-4F72-B553-3234C753B380,2023-01-19 07:08:31.180,231778F0-FC62-474D-8BCC-F79E6C896C7A
b'\x00\x00\x00\x00\x04\xcf\x93\xf5',PRM0549,,PLETAXOL 100MG SAMPLES 1's,PLETAXOL 100MG SAMPLES 1'S,,PC,0,0,PROMO,,,1,0,0,0.0,0,0.0,3,0.0,0.0,0.0,0.0,1,1,,,,0.0,0.0,0.0,,0.0,0.0,,0.0,0.0,0.0,0.0,,,,0.0,,0.0,0.0,0.0,0,,2021-11-18 09:14:48.563,2021-11-18,1754-01-01 17:14:48.563,0,,FG,00000000-0000-0000-0000-000000000000,,0,,,GOODS12,1,,,0,0,,0,,,0,0.0,,1753-01-01,0.0,0.0,0.0,0,0,0.0,0.0,0.0,0.0,,0,3,1.0,PC,PC,,0,0,0,,,,0.0,0.0,,SAMPLES,0,,,,LOTEXP,,,,,,,,1753-01-01,1,1753-01-01,1753-01-01,00000000-0000-0000-0000-000000000000,00000000-0000-0000-0000-000000000000,00000000-0000-0000-0000-000000000000,0,0,00000000-0000-0000-0000-000000000000,,,,0.0,0.0,0.0,0.0,0.0,0.0,0.0,0.0,0.0,0,0,,87B11CA2-2178-EB11-AA10-000D3AA30FE3,2021-02-26 10:59:05.537,7E45060B-A2A4-4F72-B553-3234C753B380,2021-11-18 09:14:48.563,8FDCE4A2-E551-4114-AA5B-A4A6BAB4255F
b'\x00\x00\x00\x00\x0cH\x80\xf8',PRM0550,,PLETAXOL 50MG STARTERDOSE X3'S,PLETAXOL 50MG STARTERDOSE X3'S,,PC,0,0,PROMO,,,1,0,0,0.0,0,0.0,3,10.318,0.0,8.31,0.0,1,1,,,,0.0,0.0,0.0,,0.0,0.0,,0.0,0.0,0.0,0.0,,,,0.0,,0.0,0.0,0.0,0,,2021-11-18 09:14:38.457,2021-11-18,1754-01-01 17:14:38.457,0,,FG,00000000-0000-0000-0000-000000000000,,0,,,GOODS12,1,,,0,0,,0,,,0,0.0,,1753-01-01,0.0,0.0,0.0,0,0,0.0,0.0,0.0,0.0,,0,3,1.0,PC,PC,,0,0,0,,,,0.0,0.0,,SAMPLES,0,,,,LOTEXP,,,,,,,,1753-01-01,1,1753-01-01,1753-01-01,00000000-0000-0000-0000-000000000000,00000000-0000-0000-0000-000000000000,00000000-0000-0000-0000-000000000000,0,0,00000000-0000-0000-0000-000000000000,,,,0.0,0.0,0.0,0.0,0.0,0.0,0.0,0.0,0.0,0,0,,88B11CA2-2178-EB11-AA10-000D3AA30FE3,2021-02-26 10:59:05.537,7E45060B-A2A4-4F72-B553-3234C753B380,2025-07-24 07:05:13.203,34C3286C-E7F6-4F45-8F69-19CD015F1C1B
b'\x00\x00\x00\x00\x0b)\xc6s',PRM0554,,VALIANZ 5mg/160mg STARTER DOSE x 3's ,VALIANZ 5MG/160MG STARTER DOSE X 3'S,,PC,0,0,PROMO,,,1,0,0,0.0,0,0.0,3,0.0,0.0,0.0,0.0,1,1,,,,0.0,0.0,0.0,,0.0,0.0,,0.0,0.0,0.0,0.0,,,,0.0,,0.0,0.0,0.0,0,,2024-11-06 05:55:01.157,2024-11-06,1754-01-01 13:55:01.157,0,,FG,00000000-0000-0000-0000-000000000000,,0,,,EXEMPT,1,,,0,0,,0,,,0,0.0,,1753-01-01,0.0,0.0,0.0,0,0,0.0,0.0,0.0,0.0,,0,3,1.0,PC,PC,,0,0,0,,,,0.0,0.0,,SAMPLES,0,,,,LOTEXP,,,,,,,,1753-01-01,1,1753-01-01,1753-01-01,00000000-0000-0000-0000-000000000000,EC30D469-806F-EB11-AA04-000D3AA30FE3,00000000-0000-0000-0000-000000000000,0,0,00000000-0000-0000-0000-000000000000,,,,0.0,0.0,0.0,0.0,0.0,0.0,0.0,0.0,0.0,0,0,,3DB7E10A-318D-EB11-AA37-000D3AA30FE3,2021-03-25 06:12:15.210,7E45060B-A2A4-4F72-B553-3234C753B380,2024-11-06 05:55:01.157,8FDCE4A2-E551-4114-AA5B-A4A6BAB4255F
b'\x00\x00\x00\x00\r\x05\xb1\x1a',PRM0556,,VALIANZ 5/80MG STARTER DOSE x 3's,VALIANZ 5/80MG STARTER DOSE X 3'S,,PC,0,0,PROMO,,,1,0,0,0.0,0,0.0,3,20.4147,0.0,20.4147,0.0,1,1,,,,0.0,0.0,0.0,,0.0,0.0,,0.0,0.0,0.0,0.0,,,,0.0,,0.0,0.0,0.0,0,,2023-09-29 09:08:13.593,2023-09-29,1754-01-01 17:08:13.593,0,,FG,00000000-0000-0000-0000-000000000000,,0,,,EXEMPT,1,,,0,0,,0,,,0,0.0,,1753-01-01,0.0,0.0,0.0,0,0,0.0,0.0,0.0,0.0,,0,3,1.0,PC,PC,,0,0,0,,,,0.0,0.0,,PROMATS,0,,,,LOTEXP,,,,,,,,1753-01-01,1,1753-01-01,1753-01-01,00000000-0000-0000-0000-000000000000,00000000-0000-0000-0000-000000000000,00000000-0000-0000-0000-000000000000,0,0,00000000-0000-0000-0000-000000000000,,,,0.0,0.0,0.0,0.0,0.0,0.0,0.0,0.0,0.0,0,0,,89B11CA2-2178-EB11-AA10-000D3AA30FE3,2021-02-26 10:59:05.553,7E45060B-A2A4-4F72-B553-3234C753B380,2026-01-10 02:21:37.837,5428A7C5-0CCA-4C68-BF2D-3ED6031F3D6F
b'\x00\x00\x00\x00\x0b8x6',PRM0557,,VALIANZ 10/160 STARTER DOSE x 3's,VALIANZ 10/160 STARTER DOSE X 3'S,,PC,0,0,PROMO,,,1,0,0,0.0,0,0.0,3,27.11238,0.0,0.0,0.0,1,1,,,,0.0,0.0,0.0,,0.0,0.0,,0.0,0.0,0.0,0.0,,,,0.0,,0.0,0.0,0.0,0,,2024-11-06 06:44:02.167,2024-11-06,1754-01-01 14:44:02.167,0,,FG,00000000-0000-0000-0000-000000000000,,0,,,EXEMPT,1,,,0,0,,0,,,0,0.0,,1753-01-01,0.0,0.0,0.0,0,0,0.0,0.0,0.0,0.0,,0,3,1.0,PC,PC,,0,0,0,,,,0.0,0.0,,SAMPLES,0,,,,LOTEXP,,,,,,,,1753-01-01,1,1753-01-01,1753-01-01,00000000-0000-0000-0000-000000000000,EC30D469-806F-EB11-AA04-000D3AA30FE3,00000000-0000-0000-0000-000000000000,0,0,00000000-0000-0000-0000-000000000000,,,,0.0,0.0,0.0,0.0,0.0,0.0,0.0,0.0,0.0,0,0,,C987CD35-039C-EF11-A4F6-5E2CC006407F,2024-11-06 05:51:53.937,8FDCE4A2-E551-4114-AA5B-A4A6BAB4255F,2024-12-04 00:16:02.260,34C3286C-E7F6-4F45-8F69-19CD015F1C1B
b'\x00\x00\x00\x00\x05\xfa\xb3-',PRM0558,,INNOCAL 1080MG ERT PS x 2's,INNOCAL 1080MG ERT PS X 2'S,,BOT,0,0,PROMO,,,1,0,0,0.0,0,0.0,3,15.53571,0.0,15.53571,0.0,1,1,,,,0.0,0.0,0.0,,0.0,0.0,,0.0,0.0,0.0,0.0,,,,0.0,,0.0,0.0,0.0,0,,2021-11-18 09:14:02.223,2021-11-18,1754-01-01 17:14:02.223,0,,FG,00000000-0000-0000-0000-000000000000,,0,,,GOODS12,1,,,0,0,,0,,,0,0.0,,1753-01-01,0.0,0.0,0.0,0,0,0.0,0.0,0.0,0.0,,0,3,1.0,BOT,BOT,,0,0,0,,,,0.0,0.0,,SAMPLES,0,,,,LOTEXP,,,,,,,,1753-01-01,1,1753-01-01,1753-01-01,00000000-0000-0000-0000-000000000000,00000000-0000-0000-0000-000000000000,00000000-0000-0000-0000-000000000000,0,0,00000000-0000-0000-0000-000000000000,,,,0.0,0.0,0.0,0.0,0.0,0.0,0.0,0.0,0.0,0,0,,8AB11CA2-2178-EB11-AA10-000D3AA30FE3,2021-02-26 10:59:05.553,7E45060B-A2A4-4F72-B553-3234C753B380,2022-08-01 07:32:46.600,231778F0-FC62-474D-8BCC-F79E6C896C7A
b'\x00\x00\x00\x00\x0cj\x02l',PRM0559,,COXIGEN 120MG COMMON SBOX x1's,COXIGEN 120MG COMMON SBOX X1'S,,PC,0,0,PROMO,,,1,0,0,0.0,0,0.0,3,9.41133,0.0,9.41116,0.0,1,1,,,,0.0,0.0,0.0,,0.0,0.0,,0.0,0.0,0.0,0.0,,,,0.0,,0.0,0.0,0.0,0,,2021-11-18 09:13:52.600,2021-11-18,1754-01-01 17:13:52.600,0,,FG,00000000-0000-0000-0000-000000000000,,0,,,GOODS12,1,,,0,0,,0,,,0,0.0,,1753-01-01,0.0,0.0,0.0,0,0,0.0,0.0,0.0,0.0,,0,3,1.0,PC,PC,,0,0,0,,,,0.0,0.0,,SAMPLES,0,,,,LOTEXP,,,,,,,,1753-01-01,1,1753-01-01,1753-01-01,00000000-0000-0000-0000-000000000000,00000000-0000-0000-0000-000000000000,00000000-0000-0000-0000-000000000000,0,0,00000000-0000-0000-0000-000000000000,,,,0.0,0.0,0.0,0.0,0.0,0.0,0.0,0.0,0.0,0,0,,8BB11CA2-2178-EB11-AA10-000D3AA30FE3,2021-02-26 10:59:05.570,7E45060B-A2A4-4F72-B553-3234C753B380,2025-10-02 07:02:58.893,34C3286C-E7F6-4F45-8F69-19CD015F1C1B
b'\x00\x00\x00\x00\x07\xbd\x85\xa5',PRM0561,,AMLODINE 5MG SAMPLES x 1's,AMLODINE 5MG SAMPLES X 1'S,,PC,0,0,PROMO,,,1,0,0,0.0,0,0.0,3,0.0,0.0,0.0,0.0,1,1,,,,0.0,0.0,0.0,,0.0,0.0,,0.0,0.0,0.0,0.0,,,,0.0,,0.0,0.0,0.0,0,,2023-09-29 08:55:11.137,2023-09-29,1754-01-01 16:55:11.137,0,,FG,00000000-0000-0000-0000-000000000000,,0,,,EXEMPT,1,,,0,0,,0,,,0,0.0,,1753-01-01,0.0,0.0,0.0,0,0,0.0,0.0,0.0,0.0,,0,3,1.0,PC,PC,,0,0,0,,,,0.0,0.0,,SAMPLES,0,,,,LOTEXP,,,,,,,,1753-01-01,1,1753-01-01,1753-01-01,00000000-0000-0000-0000-000000000000,00000000-0000-0000-0000-000000000000,00000000-0000-0000-0000-000000000000,0,0,00000000-0000-0000-0000-000000000000,,,,0.0,0.0,0.0,0.0,0.0,0.0,0.0,0.0,0.0,0,0,,8CB11CA2-2178-EB11-AA10-000D3AA30FE3,2021-02-26 10:59:05.570,7E45060B-A2A4-4F72-B553-3234C753B380,2023-09-29 08:55:11.137,8FDCE4A2-E551-4114-AA5B-A4A6BAB4255F
b'\x00\x00\x00\x00\r\x05\xb1\x1c',PRM0562,,LOSARGARD 50MG SAMPLES x 1's,LOSARGARD 50MG SAMPLES X 1'S,,PC,0,0,PROMO,,,1,0,0,0.0,0,0.0,3,4.404,0.0,4.40411,0.0,1,1,,,,0.0,0.0,0.0,,0.0,0.0,,0.0,0.0,0.0,0.0,,,,0.0,,0.0,0.0,0.0,0,,2023-09-29 09:08:50.163,2023-09-29,1754-01-01 17:08:50.163,0,,FG,00000000-0000-0000-0000-000000000000,,0,,,EXEMPT,1,,,0,0,,0,,,0,0.0,,1753-01-01,0.0,0.0,0.0,0,0,0.0,0.0,0.0,0.0,,0,3,1.0,PC,PC,,0,0,0,,,,0.0,0.0,,SAMPLES,0,,,,LOTEXP,,,,,,,,1753-01-01,1,1753-01-01,1753-01-01,00000000-0000-0000-0000-000000000000,00000000-0000-0000-0000-000000000000,00000000-0000-0000-0000-000000000000,0,0,00000000-0000-0000-0000-000000000000,,,,0.0,0.0,0.0,0.0,0.0,0.0,0.0,0.0,0.0,0,0,,8DB11CA2-2178-EB11-AA10-000D3AA30FE3,2021-02-26 10:59:05.570,7E45060B-A2A4-4F72-B553-3234C753B380,2026-01-10 02:21:37.863,5428A7C5-0CCA-4C68-BF2D-3ED6031F3D6F
b'\x00\x00\x00\x00\x0b7\x84i',PRM0563,,ATOR 10MG SAMPLES x 1's,ATOR 10MG SAMPLES X 1'S,,PC,0,0,PROMO,,,1,0,0,0.0,0,0.0,3,3.53488,0.0,3.535,0.0,1,1,,,,0.0,0.0,0.0,,0.0,0.0,,0.0,0.0,0.0,0.0,,,,0.0,,0.0,0.0,0.0,0,,2023-09-29 08:56:07.127,2023-09-29,1754-01-01 16:56:07.127,0,,FG,00000000-0000-0000-0000-000000000000,,0,,,EXEMPT,1,,,0,0,,0,,,0,0.0,,1753-01-01,0.0,0.0,0.0,0,0,0.0,0.0,0.0,0.0,,0,3,1.0,PC,PC,,0,0,0,,,,0.0,0.0,,SAMPLES,0,,,,LOTEXP,,,,,,,,1753-01-01,1,1753-01-01,1753-01-01,00000000-0000-0000-0000-000000000000,00000000-0000-0000-0000-000000000000,00000000-0000-0000-0000-000000000000,0,0,00000000-0000-0000-0000-000000000000,,,,0.0,0.0,0.0,0.0,0.0,0.0,0.0,0.0,0.0,0,0,,8EB11CA2-2178-EB11-AA10-000D3AA30FE3,2021-02-26 10:59:05.583,7E45060B-A2A4-4F72-B553-3234C753B380,2024-12-02 06:45:29.833,34C3286C-E7F6-4F45-8F69-19CD015F1C1B
b'\x00\x00\x00\x00\x0cz\x93\xf9',PRM0565,,ADIVIA 100MG SAMPLES x 1's,ADIVIA 100MG SAMPLES X 1'S,,PC,0,0,PROMO,,,1,0,0,0.0,0,0.0,3,8.65507,0.0,8.65508,0.0,1,1,,,,0.0,0.0,0.0,,0.0,0.0,,0.0,0.0,0.0,0.0,,,,0.0,,0.0,0.0,0.0,0,,2023-09-29 08:51:44.033,2023-09-29,1754-01-01 16:51:44.033,0,,FG,00000000-0000-0000-0000-000000000000,,0,,,EXEMPT,1,,,0,0,,0,,,0,0.0,,1753-01-01,0.0,0.0,0.0,0,0,0.0,0.0,0.0,0.0,,0,3,1.0,PC,PC,,0,0,0,,,,0.0,0.0,,SAMPLES,0,,,,LOTEXP,,,,,,,,1753-01-01,1,1753-01-01,1753-01-01,00000000-0000-0000-0000-000000000000,00000000-0000-0000-0000-000000000000,00000000-0000-0000-0000-000000000000,0,0,00000000-0000-0000-0000-000000000000,,,,0.0,0.0,0.0,0.0,0.0,0.0,0.0,0.0,0.0,0,0,,8FB11CA2-2178-EB11-AA10-000D3AA30FE3,2021-02-26 10:59:05.583,7E45060B-A2A4-4F72-B553-3234C753B380,2025-11-05 03:16:21.577,34C3286C-E7F6-4F45-8F69-19CD015F1C1B
b'\x00\x00\x00\x00\x0cz\x94\x01',PRM0566,,ADIVIA 100MG STARTER DOSE x3's,ADIVIA 100MG STARTER DOSE X3'S,,PC,0,0,PROMO,,,1,0,0,0.0,0,0.0,3,23.21167,0.0,22.986,0.0,1,1,,,,0.0,0.0,0.0,,0.0,0.0,,0.0,0.0,0.0,0.0,,,,0.0,,0.0,0.0,0.0,0,,2023-09-29 08:52:09.363,2023-09-29,1754-01-01 16:52:09.363,0,,FG,00000000-0000-0000-0000-000000000000,,0,,,EXEMPT,1,,,0,0,,0,,,0,0.0,,1753-01-01,0.0,0.0,0.0,0,0,0.0,0.0,0.0,0.0,,0,3,1.0,PC,PC,,0,0,0,,,,0.0,0.0,,SAMPLES,0,,,,LOTEXP,,,,,,,,1753-01-01,1,1753-01-01,1753-01-01,00000000-0000-0000-0000-000000000000,00000000-0000-0000-0000-000000000000,00000000-0000-0000-0000-000000000000,0,0,00000000-0000-0000-0000-000000000000,,,,0.0,0.0,0.0,0.0,0.0,0.0,0.0,0.0,0.0,0,0,,90B11CA2-2178-EB11-AA10-000D3AA30FE3,2021-02-26 10:59:05.600,7E45060B-A2A4-4F72-B553-3234C753B380,2025-11-05 03:16:21.613,34C3286C-E7F6-4F45-8F69-19CD015F1C1B
b'\x00\x00\x00\x00\x05O\x94\xbe',PRM0567,,PHARMACOGENOMICS TEST MD TRIAL KIT,PHARMACOGENOMICS TEST MD TRIAL KIT,,PC,0,0,PROMO,,,1,0,0,0.0,0,0.0,3,998.0,0.0,998.0,0.0,1,1,,,,0.0,0.0,0.0,,0.0,0.0,,0.0,0.0,0.0,0.0,,,,0.0,,0.0,0.0,0.0,0,,2022-01-25 03:24:46.777,2022-01-25,1754-01-01 11:24:46.777,0,,PROMO,00000000-0000-0000-0000-000000000000,,0,,,EXEMPT,1,,,0,0,,0,,,0,0.0,,1753-01-01,0.0,0.0,0.0,0,0,0.0,0.0,0.0,0.0,,0,3,1.0,PC,PC,,0,0,0,,,,0.0,0.0,,PROMATS,0,,,,,,,,,,,,1753-01-01,1,1753-01-01,1753-01-01,00000000-0000-0000-0000-000000000000,00000000-0000-0000-0000-000000000000,00000000-0000-0000-0000-000000000000,0,0,00000000-0000-0000-0000-000000000000,,,,0.0,0.0,0.0,0.0,0.0,0.0,0.0,0.0,0.0,0,0,,91B11CA2-2178-EB11-AA10-000D3AA30FE3,2021-02-26 10:59:05.600,7E45060B-A2A4-4F72-B553-3234C753B380,2022-01-25 03:24:46.777,8FDCE4A2-E551-4114-AA5B-A4A6BAB4255F
b'\x00\x00\x00\x00\x0b\x15\xe0\x04',PRM0568,,DESLOGEN 5MG SAMPLE x 1's,DESLOGEN 5MG SAMPLE X 1'S,,PC,0,0,PROMO,,,1,0,0,0.0,0,0.0,3,6.4875,0.0,6.4892,0.0,1,1,,,,0.0,0.0,0.0,,0.0,0.0,,0.0,0.0,0.0,0.0,,,,0.0,,0.0,0.0,0.0,0,,2021-11-18 09:12:49.737,2021-11-18,1754-01-01 17:12:49.737,0,,FG,00000000-0000-0000-0000-000000000000,,0,,,GOODS12,1,,,0,0,,0,,,0,0.0,,1753-01-01,0.0,0.0,0.0,0,0,0.0,0.0,0.0,0.0,,0,3,1.0,PC,PC,,0,0,0,,,,0.0,0.0,,SAMPLES,0,,,,LOTEXP,,,,,,,,1753-01-01,1,1753-01-01,1753-01-01,00000000-0000-0000-0000-000000000000,EC30D469-806F-EB11-AA04-000D3AA30FE3,00000000-0000-0000-0000-000000000000,0,0,00000000-0000-0000-0000-000000000000,,,,0.0,0.0,0.0,0.0,0.0,0.0,0.0,0.0,0.0,0,0,,3EB7E10A-318D-EB11-AA37-000D3AA30FE3,2021-03-25 06:12:15.217,7E45060B-A2A4-4F72-B553-3234C753B380,2024-09-25 06:14:15.287,34C3286C-E7F6-4F45-8F69-19CD015F1C1B
b'\x00\x00\x00\x00\x0cjj\n',PRM0569,,AMLODINE 5MG SAMPLE x 1's,AMLODINE 5MG SAMPLE X 1'S,,PC,0,0,PROMO,,,1,0,0,0.0,0,0.0,3,4.0024,0.0,4.0025,0.0,1,1,,,,0.0,0.0,0.0,,0.0,0.0,,0.0,0.0,0.0,0.0,,,,0.0,,0.0,0.0,0.0,0,,2023-09-29 08:54:32.957,2023-09-29,1754-01-01 16:54:32.957,0,,FG,00000000-0000-0000-0000-000000000000,,0,,,EXEMPT,1,,,0,0,,0,,,0,0.0,,1753-01-01,0.0,0.0,0.0,0,0,0.0,0.0,0.0,0.0,,0,3,1.0,PC,PC,,0,0,0,,,,0.0,0.0,,SAMPLES,0,,,,LOTEXP,,,,,,,,1753-01-01,1,1753-01-01,1753-01-01,00000000-0000-0000-0000-000000000000,EC30D469-806F-EB11-AA04-000D3AA30FE3,00000000-0000-0000-0000-000000000000,0,0,00000000-0000-0000-0000-000000000000,,,,0.0,0.0,0.0,0.0,0.0,0.0,0.0,0.0,0.0,0,0,,3FB7E10A-318D-EB11-AA37-000D3AA30FE3,2021-03-25 06:12:15.220,7E45060B-A2A4-4F72-B553-3234C753B380,2025-10-02 09:00:37.813,34C3286C-E7F6-4F45-8F69-19CD015F1C1B
b'\x00\x00\x00\x00\x0cz\x94\x08',PRM0570,,ATOR 10MG STARTER DOSE x3's,ATOR 10MG STARTER DOSE X3'S,,PC,0,0,PROMO,,,1,0,0,0.0,0,0.0,3,9.77879,0.0,9.77875,0.0,1,1,,,,0.0,0.0,0.0,,0.0,0.0,,0.0,0.0,0.0,0.0,,,,0.0,,0.0,0.0,0.0,0,,2023-09-29 08:56:36.980,2023-09-29,1754-01-01 16:56:36.980,0,,FG,00000000-0000-0000-0000-000000000000,,0,,,EXEMPT,1,,,0,0,,0,,,0,0.0,,1753-01-01,0.0,0.0,0.0,0,0,0.0,0.0,0.0,0.0,,0,3,1.0,PC,PC,,0,0,0,,,,0.0,0.0,,SAMPLES,0,,,,LOTEXP,,,,,,,,1753-01-01,1,1753-01-01,1753-01-01,00000000-0000-0000-0000-000000000000,EC30D469-806F-EB11-AA04-000D3AA30FE3,00000000-0000-0000-0000-000000000000,0,0,00000000-0000-0000-0000-000000000000,,,,0.0,0.0,0.0,0.0,0.0,0.0,0.0,0.0,0.0,0,0,,40B7E10A-318D-EB11-AA37-000D3AA30FE3,2021-03-25 06:12:15.227,7E45060B-A2A4-4F72-B553-3234C753B380,2025-11-05 03:16:21.793,34C3286C-E7F6-4F45-8F69-19CD015F1C1B
b'\x00\x00\x00\x00\x07\xbd\x87\x13',PRM0571,,RENOCELL 500MG STARTERDOSE x3',RENOCELL 500MG STARTERDOSE X3',,PC,0,0,PROMO,,,1,0,0,0.0,0,0.0,3,0.0,0.0,0.0,0.0,1,1,,,,0.0,0.0,0.0,,0.0,0.0,,0.0,0.0,0.0,0.0,,,,0.0,,0.0,0.0,0.0,0,,2023-09-29 09:09:44.767,2023-09-29,1754-01-01 17:09:44.767,0,,FG,00000000-0000-0000-0000-000000000000,,0,,,EXEMPT,1,,,0,0,,0,,,0,0.0,,1753-01-01,0.0,0.0,0.0,0,0,0.0,0.0,0.0,0.0,,0,3,1.0,PC,PC,,0,0,0,,,,0.0,0.0,,SAMPLES,0,,,,LOTEXP,,,,,,,,1753-01-01,1,1753-01-01,1753-01-01,00000000-0000-0000-0000-000000000000,EC30D469-806F-EB11-AA04-000D3AA30FE3,00000000-0000-0000-0000-000000000000,0,0,00000000-0000-0000-0000-000000000000,,,,0.0,0.0,0.0,0.0,0.0,0.0,0.0,0.0,0.0,0,0,,41B7E10A-318D-EB11-AA37-000D3AA30FE3,2021-03-25 06:12:15.233,7E45060B-A2A4-4F72-B553-3234C753B380,2023-09-29 09:09:44.767,8FDCE4A2-E551-4114-AA5B-A4A6BAB4255F
b'\x00\x00\x00\x00\x0c\x87\xbc\xa4',PRM0572,,RAMIPRO 2.5MG STARTERDOSE x3's,RAMIPRO 2.5MG STARTERDOSE X3'S,,PC,0,0,PROMO,,,1,0,0,0.0,0,0.0,3,9.73429,0.0,10.08858,0.0,1,1,,,,0.0,0.0,0.0,,0.0,0.0,,0.0,0.0,0.0,0.0,,,,0.0,,0.0,0.0,0.0,0,,2023-09-29 09:09:53.827,2023-09-29,1754-01-01 17:09:53.827,0,,FG,00000000-0000-0000-0000-000000000000,,0,,,EXEMPT,1,,,0,0,,0,,,0,0.0,,1753-01-01,0.0,0.0,0.0,0,0,0.0,0.0,0.0,0.0,,0,3,1.0,PC,PC,,0,0,0,,,,0.0,0.0,,SAMPLES,0,,,,LOTEXP,,,,,,,,1753-01-01,1,1753-01-01,1753-01-01,00000000-0000-0000-0000-000000000000,EC30D469-806F-EB11-AA04-000D3AA30FE3,00000000-0000-0000-0000-000000000000,0,0,00000000-0000-0000-0000-000000000000,,,,0.0,0.0,0.0,0.0,0.0,0.0,0.0,0.0,0.0,0,0,,42B7E10A-318D-EB11-AA37-000D3AA30FE3,2021-03-25 06:12:15.240,7E45060B-A2A4-4F72-B553-3234C753B380,2025-11-28 02:00:20.097,34C3286C-E7F6-4F45-8F69-19CD015F1C1B
b'\x00\x00\x00\x00\x0b7\x84o',PRM0573,,LOSARGARD 50MG SRARTERDOSE x3',LOSARGARD 50MG SRARTERDOSE X3',,PC,0,0,PROMO,,,1,0,0,0.0,0,0.0,3,11.12119,0.0,11.1212,0.0,1,1,,,,0.0,0.0,0.0,,0.0,0.0,,0.0,0.0,0.0,0.0,,,,0.0,,0.0,0.0,0.0,0,,2023-09-29 09:10:07.850,2023-09-29,1754-01-01 17:10:07.850,0,,FG,00000000-0000-0000-0000-000000000000,,0,,,EXEMPT,1,,,0,0,,0,,,0,0.0,,1753-01-01,0.0,0.0,0.0,0,0,0.0,0.0,0.0,0.0,,0,3,1.0,PC,PC,,0,0,0,,,,0.0,0.0,,SAMPLES,0,,,,LOTEXP,,,,,,,,1753-01-01,1,1753-01-01,1753-01-01,00000000-0000-0000-0000-000000000000,EC30D469-806F-EB11-AA04-000D3AA30FE3,00000000-0000-0000-0000-000000000000,0,0,00000000-0000-0000-0000-000000000000,,,,0.0,0.0,0.0,0.0,0.0,0.0,0.0,0.0,0.0,0,0,,43B7E10A-318D-EB11-AA37-000D3AA30FE3,2021-03-25 06:12:15.243,7E45060B-A2A4-4F72-B553-3234C753B380,2024-12-02 06:45:29.867,34C3286C-E7F6-4F45-8F69-19CD015F1C1B
b'\x00\x00\x00\x00\x0b7\x84q',PRM0574,,AMLODINE 5MG STARTERDOSE x3's,AMLODINE 5MG STARTERDOSE X3'S,,PC,0,0,PROMO,,,1,0,0,0.0,0,0.0,3,8.97355,0.0,8.97333,0.0,1,1,,,,0.0,0.0,0.0,,0.0,0.0,,0.0,0.0,0.0,0.0,,,,0.0,,0.0,0.0,0.0,0,,2023-09-29 08:55:36.337,2023-09-29,1754-01-01 16:55:36.337,0,,FG,00000000-0000-0000-0000-000000000000,,0,,,EXEMPT,1,,,0,0,,0,,,0,0.0,,1753-01-01,0.0,0.0,0.0,0,0,0.0,0.0,0.0,0.0,,0,3,1.0,PC,PC,,0,0,0,,,,0.0,0.0,,SAMPLES,0,,,,LOTEXP,,,,,,,,1753-01-01,1,1753-01-01,1753-01-01,00000000-0000-0000-0000-000000000000,EC30D469-806F-EB11-AA04-000D3AA30FE3,00000000-0000-0000-0000-000000000000,0,0,00000000-0000-0000-0000-000000000000,,,,0.0,0.0,0.0,0.0,0.0,0.0,0.0,0.0,0.0,0,0,,44B7E10A-318D-EB11-AA37-000D3AA30FE3,2021-03-25 06:12:15.250,7E45060B-A2A4-4F72-B553-3234C753B380,2024-12-02 06:45:29.877,34C3286C-E7F6-4F45-8F69-19CD015F1C1B
b'\x00\x00\x00\x00\x0c\ndM',PRM0575,,MAXINE 75MG x 1's S. BOX,MAXINE 75MG X 1'S S. BOX,,PC,0,0,PROMO,,,1,0,0,0.0,0,0.0,3,9.35665,0.0,9.35657,0.0,1,1,,,,0.0,0.0,0.0,,0.0,0.0,,0.0,0.0,0.0,0.0,,,,0.0,,0.0,0.0,0.0,0,,2023-09-29 09:10:38.200,2023-09-29,1754-01-01 17:10:38.200,0,,FG,00000000-0000-0000-0000-000000000000,,0,,,EXEMPT,1,,,0,0,,0,,,0,0.0,,1753-01-01,0.0,0.0,0.0,0,0,0.0,0.0,0.0,0.0,,0,3,1.0,PC,PC,,0,0,0,,,,0.0,0.0,,SAMPLES,0,,,,LOTEXP,,,,,,,,1753-01-01,1,1753-01-01,1753-01-01,00000000-0000-0000-0000-000000000000,EC30D469-806F-EB11-AA04-000D3AA30FE3,00000000-0000-0000-0000-000000000000,0,0,00000000-0000-0000-0000-000000000000,,,,0.0,0.0,0.0,0.0,0.0,0.0,0.0,0.0,0.0,0,0,,E57D6EF9-9004-EC11-A4C7-5E2CC006407F,2021-08-24 04:08:45.837,8FDCE4A2-E551-4114-AA5B-A4A6BAB4255F,2025-03-20 07:16:13.217,34C3286C-E7F6-4F45-8F69-19CD015F1C1B
b'\x00\x00\x00\x00\r\x05\xb1\x1e',PRM0576,,PREVEN-Z x 2's,PREVEN-Z X 2'S,,PC,0,0,PROMO,,,1,0,0,0.0,0,0.0,3,7.99064,0.0,7.99065,0.0,1,1,,,,0.0,0.0,0.0,,0.0,0.0,,0.0,0.0,0.0,0.0,,,,0.0,,0.0,0.0,0.0,0,,2021-11-18 09:10:40.473,2021-11-18,1754-01-01 17:10:40.473,0,,FG,00000000-0000-0000-0000-000000000000,,0,,,GOODS12,1,,,0,0,,0,,,0,0.0,,1753-01-01,0.0,0.0,0.0,0,0,0.0,0.0,0.0,0.0,,0,3,1.0,PC,PC,,0,0,0,,,,0.0,0.0,,SAMPLES,0,,,,LOTEXP,,,,,,,,1753-01-01,1,1753-01-01,1753-01-01,00000000-0000-0000-0000-000000000000,EC30D469-806F-EB11-AA04-000D3AA30FE3,00000000-0000-0000-0000-000000000000,0,0,00000000-0000-0000-0000-000000000000,,,,0.0,0.0,0.0,0.0,0.0,0.0,0.0,0.0,0.0,0,0,,FB09855A-9204-EC11-A4C7-5E2CC006407F,2021-08-24 04:18:38.203,8FDCE4A2-E551-4114-AA5B-A4A6BAB4255F,2026-01-10 02:21:37.990,5428A7C5-0CCA-4C68-BF2D-3ED6031F3D6F
b'\x00\x00\x00\x00\x0cH\x80\xfa',PRM0579,,GABATIN 100MG SAMPLE x 1's,GABATIN 100MG SAMPLE X 1'S,,PC,0,0,PROMO,,,1,0,0,0.0,0,0.0,3,6.635,0.0,6.63533,0.0,1,1,,,,0.0,0.0,0.0,,0.0,0.0,,0.0,0.0,0.0,0.0,,,,0.0,,0.0,0.0,0.0,0,,2021-11-18 09:10:28.037,2021-11-18,1754-01-01 17:10:28.037,0,,FG,00000000-0000-0000-0000-000000000000,,0,,,GOODS12,1,,,0,0,,0,,,0,0.0,,1753-01-01,0.0,0.0,0.0,0,0,0.0,0.0,0.0,0.0,,0,3,1.0,PC,PC,,0,0,0,,,,0.0,0.0,,SAMPLES,0,,,,LOTEXP,,,,,,,,1753-01-01,1,1753-01-01,1753-01-01,00000000-0000-0000-0000-000000000000,EC30D469-806F-EB11-AA04-000D3AA30FE3,00000000-0000-0000-0000-000000000000,0,0,00000000-0000-0000-0000-000000000000,,,,0.0,0.0,0.0,0.0,0.0,0.0,0.0,0.0,0.0,0,0,,DE3A854C-9404-EC11-A4C7-5E2CC006407F,2021-08-24 04:32:33.710,8FDCE4A2-E551-4114-AA5B-A4A6BAB4255F,2025-07-24 07:05:13.313,34C3286C-E7F6-4F45-8F69-19CD015F1C1B
b'\x00\x00\x00\x00\x05\xd3\x15\xf0',PRM0580,,AMLODINE 10MG SAMPLE x 1's,AMLODINE 10MG SAMPLE X 1'S,,PC,0,0,PROMO,,,1,0,0,0.0,0,0.0,3,6.257,0.0,6.25697,0.0,1,1,,,,0.0,0.0,0.0,,0.0,0.0,,0.0,0.0,0.0,0.0,,,,0.0,,0.0,0.0,0.0,1,,2022-04-18 08:54:44.593,2022-04-18,1754-01-01 16:54:44.593,0,,FG,00000000-0000-0000-0000-000000000000,,0,,,EXEMPT,1,,,0,0,,0,,,0,0.0,,1753-01-01,0.0,0.0,0.0,0,0,0.0,0.0,0.0,0.0,,0,3,1.0,PC,PC,,0,0,0,,,,0.0,0.0,,SAMPLES,0,,,,,,,,,,,,1753-01-01,1,1753-01-01,1753-01-01,00000000-0000-0000-0000-000000000000,EC30D469-806F-EB11-AA04-000D3AA30FE3,00000000-0000-0000-0000-000000000000,0,0,00000000-0000-0000-0000-000000000000,,,,0.0,0.0,0.0,0.0,0.0,0.0,0.0,0.0,0.0,0,0,,CEA4C8E5-9504-EC11-A4C7-5E2CC006407F,2021-08-24 04:44:00.340,8FDCE4A2-E551-4114-AA5B-A4A6BAB4255F,2022-04-18 08:54:44.593,8FDCE4A2-E551-4114-AA5B-A4A6BAB4255F
b'\x00\x00\x00\x00\x05-Rp',PRM0581,,CLONIGEN 150mg SAMPLES x1's,CLONIGEN 150MG SAMPLES X1'S,,PC,0,0,PROMO,,,1,0,0,0.0,0,0.0,3,6.7296,0.0,6.73085,0.0,1,1,,,,0.0,0.0,0.0,,0.0,0.0,,0.0,0.0,0.0,0.0,,,,0.0,,0.0,0.0,0.0,0,,2021-11-18 09:10:05.590,2021-11-18,1754-01-01 17:10:05.590,0,,FG,00000000-0000-0000-0000-000000000000,,0,,,EXEMPT,1,,,0,0,,0,,,0,0.0,,1753-01-01,0.0,0.0,0.0,0,0,0.0,0.0,0.0,0.0,,0,3,1.0,PC,PC,,0,0,0,,,,0.0,0.0,,SAMPLES,0,,,,LOTEXP,,,,,,,,1753-01-01,1,1753-01-01,1753-01-01,00000000-0000-0000-0000-000000000000,EC30D469-806F-EB11-AA04-000D3AA30FE3,00000000-0000-0000-0000-000000000000,0,0,00000000-0000-0000-0000-000000000000,,,,0.0,0.0,0.0,0.0,0.0,0.0,0.0,0.0,0.0,0,0,,DD983938-551F-EC11-A4C9-5E2CC006407F,2021-09-27 05:39:02.933,8FDCE4A2-E551-4114-AA5B-A4A6BAB4255F,2022-01-11 00:50:43.173,9653C221-7FA2-4E0F-9014-262920F59D6E
b'\x00\x00\x00\x00\x06l\xef2',PRM0582,,AMLODINE 10MG STARTER DOSE x 3's,AMLODINE 10MG STARTER DOSE X 3'S,,PC,0,0,PROMO,,,1,0,0,0.0,0,0.0,3,12.768,0.0,12.05686,0.0,1,1,,,,0.0,0.0,0.0,,0.0,0.0,,0.0,0.0,0.0,0.0,,,,0.0,,0.0,0.0,0.0,0,,2021-11-18 09:09:54.187,2021-11-18,1754-01-01 17:09:54.187,0,,FG,00000000-0000-0000-0000-000000000000,,0,,,EXEMPT,1,,,0,0,,0,,,0,0.0,,1753-01-01,0.0,0.0,0.0,0,0,0.0,0.0,0.0,0.0,,0,3,1.0,PC,PC,,0,0,0,,,,0.0,0.0,,SAMPLES,0,,,,LOTEXP,,,,,,,,1753-01-01,1,1753-01-01,1753-01-01,00000000-0000-0000-0000-000000000000,EC30D469-806F-EB11-AA04-000D3AA30FE3,00000000-0000-0000-0000-000000000000,0,0,00000000-0000-0000-0000-000000000000,,,,0.0,0.0,0.0,0.0,0.0,0.0,0.0,0.0,0.0,0,0,,2ECDA8A6-CF37-EC11-A4CA-5E2CC006407F,2021-10-28 09:15:54.547,8FDCE4A2-E551-4114-AA5B-A4A6BAB4255F,2022-11-16 01:08:53.733,231778F0-FC62-474D-8BCC-F79E6C896C7A
b'\x00\x00\x00\x00\x05-\xc8\x10',PRM0583,,ATOR 40MG STARTER DOSE x3's,ATOR 40MG STARTER DOSE X3'S,,PC,0,0,PROMO,,,1,0,0,0.0,0,0.0,3,16.7773,0.0,0.0,0.0,1,1,,,,0.0,0.0,0.0,,0.0,0.0,,0.0,0.0,0.0,0.0,,,,0.0,,0.0,0.0,0.0,0,,2021-11-18 09:09:43.337,2021-11-18,1754-01-01 17:09:43.337,0,,FG,00000000-0000-0000-0000-000000000000,,0,,,EXEMPT,1,,,0,0,,0,,,0,0.0,,1753-01-01,0.0,0.0,0.0,0,0,0.0,0.0,0.0,0.0,,0,3,1.0,PC,PC,,0,0,0,,,,0.0,0.0,,SAMPLES,0,,,,LOTEXP,,,,,,,,1753-01-01,1,1753-01-01,1753-01-01,00000000-0000-0000-0000-000000000000,EC30D469-806F-EB11-AA04-000D3AA30FE3,00000000-0000-0000-0000-000000000000,0,0,00000000-0000-0000-0000-000000000000,,,,0.0,0.0,0.0,0.0,0.0,0.0,0.0,0.0,0.0,0,0,,FE43ECB0-D637-EC11-A4CA-5E2CC006407F,2021-10-28 10:06:18.260,8FDCE4A2-E551-4114-AA5B-A4A6BAB4255F,2022-01-11 05:40:47.867,9653C221-7FA2-4E0F-9014-262920F59D6E
b'\x00\x00\x00\x00\x0cz\x94_',PRM0584,,AMLODINE 10MG SAMPLE x 1's,AMLODINE 10MG SAMPLE X 1'S,,PC,0,0,PROMO,,,1,0,0,0.0,0,0.0,3,5.119,0.0,5.182,0.0,1,1,,,,0.0,0.0,0.0,,0.0,0.0,,0.0,0.0,0.0,0.0,,,,0.0,,0.0,0.0,0.0,0,,2021-11-24 08:36:43.873,2021-11-24,1754-01-01 16:36:43.873,0,,FG,00000000-0000-0000-0000-000000000000,,0,,,EXEMPT,1,,,0,0,,0,,,0,0.0,,1753-01-01,0.0,0.0,0.0,0,0,0.0,0.0,0.0,0.0,,0,3,1.0,PC,PC,,0,0,0,,,,0.0,0.0,,SAMPLES,0,,,,LOTEXP,,,,,,,,1753-01-01,1,1753-01-01,1753-01-01,00000000-0000-0000-0000-000000000000,EC30D469-806F-EB11-AA04-000D3AA30FE3,00000000-0000-0000-0000-000000000000,0,0,00000000-0000-0000-0000-000000000000,,,,0.0,0.0,0.0,0.0,0.0,0.0,0.0,0.0,0.0,0,0,,B048EE5D-014D-EC11-A4CA-5E2CC006407F,2021-11-24 08:34:41.783,8FDCE4A2-E551-4114-AA5B-A4A6BAB4255F,2025-11-05 03:16:22.140,34C3286C-E7F6-4F45-8F69-19CD015F1C1B
b'\x00\x00\x00\x00\r\x05\xb1 ',PRM0585,,VALIANZ HCT 80MG/12.5MG SAMPLE x 1's,VALIANZ HCT 80MG/12.5MG SAMPLE X 1'S,,PC,0,0,PROMO,,,1,0,0,0.0,0,0.0,3,7.76,0.0,7.76,0.0,1,1,,,,0.0,0.0,0.0,,0.0,0.0,,0.0,0.0,0.0,0.0,,,,0.0,,0.0,0.0,0.0,0,,2022-03-22 05:56:43.860,2022-03-22,1754-01-01 13:56:43.860,0,,FG,00000000-0000-0000-0000-000000000000,,0,,,EXEMPT,1,,,0,0,,0,,,0,0.0,,1753-01-01,0.0,0.0,0.0,0,0,0.0,0.0,0.0,0.0,,0,3,1.0,PC,PC,,0,0,0,,,,0.0,0.0,,SAMPLES,0,,,,LOTEXP,,,,,,,,1753-01-01,1,1753-01-01,1753-01-01,00000000-0000-0000-0000-000000000000,EC30D469-806F-EB11-AA04-000D3AA30FE3,00000000-0000-0000-0000-000000000000,0,0,00000000-0000-0000-0000-000000000000,,,,0.0,0.0,0.0,0.0,0.0,0.0,0.0,0.0,0.0,0,0,,E568D824-A4A9-EC11-A4DE-5E2CC006407F,2022-03-22 05:51:45.320,8FDCE4A2-E551-4114-AA5B-A4A6BAB4255F,2026-01-10 02:21:37.997,5428A7C5-0CCA-4C68-BF2D-3ED6031F3D6F
b'\x00\x00\x00\x00\x0b_\x87\xc1',PRM0586,,AMLODINE HD 5/20MG SAMPLE x 1's,AMLODINE HD 5/20MG SAMPLE X 1'S,,PC,0,0,PROMO,,,1,0,0,0.0,0,0.0,3,6.8,0.0,6.801,0.0,1,1,,,,0.0,0.0,0.0,,0.0,0.0,,0.0,0.0,0.0,0.0,,,,0.0,,0.0,0.0,0.0,0,,2022-03-22 06:00:08.263,2022-03-22,1754-01-01 14:00:08.263,0,,FG,00000000-0000-0000-0000-000000000000,,0,,,EXEMPT,1,,,0,0,,0,,,0,0.0,,1753-01-01,0.0,0.0,0.0,0,0,0.0,0.0,0.0,0.0,,0,3,1.0,PC,PC,,0,0,0,,,,0.0,0.0,,SAMPLES,0,,,,LOTEXP,,,,,,,,1753-01-01,1,1753-01-01,1753-01-01,00000000-0000-0000-0000-000000000000,EC30D469-806F-EB11-AA04-000D3AA30FE3,00000000-0000-0000-0000-000000000000,0,0,00000000-0000-0000-0000-000000000000,,,,0.0,0.0,0.0,0.0,0.0,0.0,0.0,0.0,0.0,0,0,,B207DF1E-A5A9-EC11-A4DE-5E2CC006407F,2022-03-22 05:58:40.427,8FDCE4A2-E551-4114-AA5B-A4A6BAB4255F,2025-02-27 06:18:16.397,34C3286C-E7F6-4F45-8F69-19CD015F1C1B
b'\x00\x00\x00\x00\x0b_\x88R',PRM0587,,AMLODINE HD 5/20MG STARTER DOSE x 3's,AMLODINE HD 5/20MG STARTER DOSE X 3'S,,PC,0,0,PROMO,,,1,0,0,0.0,0,0.0,3,17.9018,0.0,17.904,0.0,1,1,,,,0.0,0.0,0.0,,0.0,0.0,,0.0,0.0,0.0,0.0,,,,0.0,,0.0,0.0,0.0,0,,2022-03-22 06:26:29.777,2022-03-22,1754-01-01 14:26:29.777,0,,FG,00000000-0000-0000-0000-000000000000,,0,,,EXEMPT,1,,,0,0,,0,,,0,0.0,,1753-01-01,0.0,0.0,0.0,0,0,0.0,0.0,0.0,0.0,,0,3,1.0,PC,PC,,0,0,0,,,,0.0,0.0,,SAMPLES,0,,,,LOTEXP,,,,,,,,1753-01-01,1,1753-01-01,1753-01-01,00000000-0000-0000-0000-000000000000,EC30D469-806F-EB11-AA04-000D3AA30FE3,00000000-0000-0000-0000-000000000000,0,0,00000000-0000-0000-0000-000000000000,,,,0.0,0.0,0.0,0.0,0.0,0.0,0.0,0.0,0.0,0,0,,A7AA41DB-A7A9-EC11-A4DE-5E2CC006407F,2022-03-22 06:18:15.480,8FDCE4A2-E551-4114-AA5B-A4A6BAB4255F,2025-02-27 06:18:16.747,34C3286C-E7F6-4F45-8F69-19CD015F1C1B
b'\x00\x00\x00\x00\x06H\xe4\xf7',PRM0588,,PRONORM 10MG STARTERDOSE x 3's,PRONORM 10MG STARTERDOSE X 3'S,,PC,0,0,PROMO,,,1,0,0,0.0,0,0.0,3,6.99544,0.0,7.01787,0.0,1,1,,,,0.0,0.0,0.0,,0.0,0.0,,0.0,0.0,0.0,0.0,,,,0.0,,0.0,0.0,0.0,0,,2022-03-22 06:32:05.770,2022-03-22,1754-01-01 14:32:05.770,0,,FG,00000000-0000-0000-0000-000000000000,,0,,,EXEMPT,1,,,0,0,,0,,,0,0.0,,1753-01-01,0.0,0.0,0.0,0,0,0.0,0.0,0.0,0.0,,0,3,1.0,PC,PC,,0,0,0,,,,0.0,0.0,,SAMPLES,0,,,,LOTEXP,,,,,,,,1753-01-01,1,1753-01-01,1753-01-01,00000000-0000-0000-0000-000000000000,EC30D469-806F-EB11-AA04-000D3AA30FE3,00000000-0000-0000-0000-000000000000,0,0,00000000-0000-0000-0000-000000000000,,,,0.0,0.0,0.0,0.0,0.0,0.0,0.0,0.0,0.0,0,0,,E8F9087D-A9A9-EC11-A4DE-5E2CC006407F,2022-03-22 06:29:56.397,8FDCE4A2-E551-4114-AA5B-A4A6BAB4255F,2022-08-31 03:13:50.777,231778F0-FC62-474D-8BCC-F79E6C896C7A
b'\x00\x00\x00\x00\x0cZ\xa6>',PRM0589,,PRONORM 10MG SAMPLES x 1's,PRONORM 10MG SAMPLES X 1'S,,PC,0,0,PROMO,,,1,0,0,0.0,0,0.0,3,2.97242,0.0,2.97256,0.0,1,1,,,,0.0,0.0,0.0,,0.0,0.0,,0.0,0.0,0.0,0.0,,,,0.0,,0.0,0.0,0.0,0,,2022-03-22 06:33:50.777,2022-03-22,1754-01-01 14:33:50.777,0,,FG,00000000-0000-0000-0000-000000000000,,0,,,EXEMPT,1,,,0,0,,0,,,0,0.0,,1753-01-01,0.0,0.0,0.0,0,0,0.0,0.0,0.0,0.0,,0,3,1.0,PC,PC,,0,0,0,,,,0.0,0.0,,SAMPLES,0,,,,LOTEXP,,,,,,,,1753-01-01,1,1753-01-01,1753-01-01,00000000-0000-0000-0000-000000000000,EC30D469-806F-EB11-AA04-000D3AA30FE3,00000000-0000-0000-0000-000000000000,0,0,00000000-0000-0000-0000-000000000000,,,,0.0,0.0,0.0,0.0,0.0,0.0,0.0,0.0,0.0,0,0,,681CCECC-A9A9-EC11-A4DE-5E2CC006407F,2022-03-22 06:32:10.227,8FDCE4A2-E551-4114-AA5B-A4A6BAB4255F,2025-09-02 08:04:23.820,34C3286C-E7F6-4F45-8F69-19CD015F1C1B
b'\x00\x00\x00\x00\x0cZ\x84\x1d',PRM0590,,VALIANZ HCT STARTER DOSE x 3's,VALIANZ HCT STARTER DOSE X 3'S,,PC,0,0,PROMO,,,1,0,0,0.0,0,0.0,3,20.8,0.0,20.8,0.0,1,1,,,,0.0,0.0,0.0,,0.0,0.0,,0.0,0.0,0.0,0.0,,,,0.0,,0.0,0.0,0.0,0,,2022-04-28 06:38:06.303,2022-04-28,1754-01-01 14:38:06.303,0,,FG,00000000-0000-0000-0000-000000000000,,0,,,EXEMPT,1,,,0,0,,0,,,0,0.0,,1753-01-01,0.0,0.0,0.0,0,0,0.0,0.0,0.0,0.0,,0,3,1.0,PC,PC,,0,0,0,,,,0.0,0.0,,SAMPLES,0,,,,LOTEXP,,,,,,,,1753-01-01,1,1753-01-01,1753-01-01,00000000-0000-0000-0000-000000000000,EC30D469-806F-EB11-AA04-000D3AA30FE3,00000000-0000-0000-0000-000000000000,0,0,00000000-0000-0000-0000-000000000000,,,,0.0,0.0,0.0,0.0,0.0,0.0,0.0,0.0,0.0,0,0,,85482709-BDC6-EC11-A4DF-5E2CC006407F,2022-04-28 06:32:55.633,8FDCE4A2-E551-4114-AA5B-A4A6BAB4255F,2025-09-02 08:02:50.017,34C3286C-E7F6-4F45-8F69-19CD015F1C1B
b'\x00\x00\x00\x00\x07\xb1=\xc3',PRM0591,,ESOMEP 20MG SAMPLES 1'S,ESOMEP 20MG SAMPLES 1'S,,PC,0,0,PROMO,,,1,0,0,0.0,0,0.0,3,7.29988,0.0,0.0,0.0,1,1,,,,0.0,0.0,0.0,,0.0,0.0,,0.0,0.0,0.0,0.0,,,,0.0,,0.0,0.0,0.0,0,,2022-06-13 07:27:55.713,2022-06-13,1754-01-01 15:27:55.713,0,,FG,00000000-0000-0000-0000-000000000000,,0,,,GOODS12,1,,,0,0,,0,,,0,0.0,,1753-01-01,0.0,0.0,0.0,0,0,0.0,0.0,0.0,0.0,,0,3,1.0,PC,PC,,0,0,0,,,,0.0,0.0,,SAMPLES,0,,,,LOTEXP,,,,,,,,1753-01-01,1,1753-01-01,1753-01-01,00000000-0000-0000-0000-000000000000,EC30D469-806F-EB11-AA04-000D3AA30FE3,00000000-0000-0000-0000-000000000000,0,0,00000000-0000-0000-0000-000000000000,,,,0.0,0.0,0.0,0.0,0.0,0.0,0.0,0.0,0.0,0,0,,381AF483-E9EA-EC11-A4E4-5E2CC006407F,2022-06-13 07:22:01.390,8FDCE4A2-E551-4114-AA5B-A4A6BAB4255F,2023-09-04 10:12:47.313,83933D16-6033-4803-80F6-95D04AA4CABA
"b'\x00\x00\x00\x00\r\x05\xb1""'",PRM0592,,DESLOGEN 2.5mg/5mL Syrup 60mL (SAMPLES),DESLOGEN 2.5MG/5ML SYRUP 60ML (SAMPLES),,BOT,0,0,PROMO,,,1,0,0,0.0,0,0.0,3,46.358,0.0,46.35835,0.0,1,1,,,,0.0,0.0,0.0,,0.0,0.0,,0.0,0.0,0.0,0.0,,,,0.0,,0.0,0.0,0.0,0,,2022-08-09 06:43:03.857,2022-08-09,1754-01-01 14:43:03.857,0,,FG,00000000-0000-0000-0000-000000000000,,0,,,GOODS12,1,,,0,0,,0,,,0,0.0,,1753-01-01,0.0,0.0,0.0,0,0,0.0,0.0,0.0,0.0,,0,3,1.0,BOT,BOT,,0,0,0,,,,0.0,0.0,,SAMPLES,0,,,,LOTEXP,,,,,,,,1753-01-01,1,1753-01-01,1753-01-01,00000000-0000-0000-0000-000000000000,E130D469-806F-EB11-AA04-000D3AA30FE3,00000000-0000-0000-0000-000000000000,0,0,00000000-0000-0000-0000-000000000000,,,,0.0,0.0,0.0,0.0,0.0,0.0,0.0,0.0,0.0,0,0,,C91820D4-B513-ED11-A4E7-5E2CC006407F,2022-08-04 05:25:23.083,8FDCE4A2-E551-4114-AA5B-A4A6BAB4255F,2026-01-10 02:21:38.107,5428A7C5-0CCA-4C68-BF2D-3ED6031F3D6F
b'\x00\x00\x00\x00\x08M\x01\xb6',PRM0593,,CUTAGEN 50mL x 6's SAMPLES,CUTAGEN 50ML X 6'S SAMPLES,,PACK,0,0,PROMO,,,1,0,0,0.0,0,0.0,3,21.75,0.0,21.7504,0.0,1,1,,,,0.0,0.0,0.0,,0.0,0.0,,0.0,0.0,0.0,0.0,,,,0.0,,0.0,0.0,0.0,0,,2022-08-11 05:26:54.357,2022-08-11,1754-01-01 13:26:54.357,0,,FG,00000000-0000-0000-0000-000000000000,,0,,,GOODS12,1,,,0,0,,0,,,0,0.0,,1753-01-01,0.0,0.0,0.0,0,0,0.0,0.0,0.0,0.0,,0,3,1.0,PACK,PACK,,0,0,0,,,,0.0,0.0,,SAMPLES,0,,,,LOTEXP,,,,,,,,1753-01-01,1,1753-01-01,1753-01-01,00000000-0000-0000-0000-000000000000,E730D469-806F-EB11-AA04-000D3AA30FE3,00000000-0000-0000-0000-000000000000,0,0,00000000-0000-0000-0000-000000000000,,,,0.0,0.0,0.0,0.0,0.0,0.0,0.0,0.0,0.0,0,0,,3104CCEF-2319-ED11-A4E8-5E2CC006407F,2022-08-11 03:16:06.613,8FDCE4A2-E551-4114-AA5B-A4A6BAB4255F,2024-01-02 05:31:46.493,0B709DB4-D647-42B9-9EEF-809FBE63D915
b'\x00\x00\x00\x00\x06D\xcd\xf8',PRM0594,,CLONIGEN 150mg SAMPLES x 30's,CLONIGEN 150MG SAMPLES X 30'S,,BOX,0,0,PROMO,,,1,0,0,0.0,0,0.0,3,446.59833,0.0,0.0,0.0,1,1,,,,0.0,0.0,0.0,,0.0,0.0,,0.0,0.0,0.0,0.0,,,,0.0,,0.0,0.0,0.0,0,,2022-08-17 03:02:05.957,2022-08-17,1754-01-01 11:02:05.957,0,,FG,00000000-0000-0000-0000-000000000000,,0,,,EXEMPT,1,,,0,0,,0,,,0,0.0,,1753-01-01,0.0,0.0,0.0,0,0,0.0,0.0,0.0,0.0,,0,3,1.0,BOX,BOX,,0,0,0,,,,0.0,0.0,,SAMPLES,0,,,,LOTEXP,,,,,,,,1753-01-01,1,1753-01-01,1753-01-01,00000000-0000-0000-0000-000000000000,E230D469-806F-EB11-AA04-000D3AA30FE3,00000000-0000-0000-0000-000000000000,0,0,00000000-0000-0000-0000-000000000000,,,,0.0,0.0,0.0,0.0,0.0,0.0,0.0,0.0,0.0,0,0,,D17FB86A-D71D-ED11-A4E8-5E2CC006407F,2022-08-17 02:50:57.400,8FDCE4A2-E551-4114-AA5B-A4A6BAB4255F,2022-08-17 03:55:29.480,231778F0-FC62-474D-8BCC-F79E6C896C7A
b'\x00\x00\x00\x00\x06I\xd5\xad',PRM0595,,VERT 24MG SAMPLES x 100's,VERT 24MG SAMPLES X 100'S,,BOX,0,0,PROMO,,,1,0,0,0.0,0,0.0,3,447.24833,0.0,0.0,0.0,1,1,,,,0.0,0.0,0.0,,0.0,0.0,,0.0,0.0,0.0,0.0,,,,0.0,,0.0,0.0,0.0,0,,2022-09-01 06:23:54.880,2022-09-01,1754-01-01 14:23:54.880,0,,FG,00000000-0000-0000-0000-000000000000,,0,,,GOODS12,1,,,0,0,,0,,,0,0.0,,1753-01-01,0.0,0.0,0.0,0,0,0.0,0.0,0.0,0.0,,0,3,1.0,BOX,BOX,,0,0,0,,,,0.0,0.0,,SAMPLES,0,,,,LOTEXP,,,,,,,,1753-01-01,1,1753-01-01,1753-01-01,00000000-0000-0000-0000-000000000000,E230D469-806F-EB11-AA04-000D3AA30FE3,00000000-0000-0000-0000-000000000000,0,0,00000000-0000-0000-0000-000000000000,,,,0.0,0.0,0.0,0.0,0.0,0.0,0.0,0.0,0.0,0,0,,4637F6A9-BD29-ED11-A4EA-5E2CC006407F,2022-09-01 06:16:50.540,8FDCE4A2-E551-4114-AA5B-A4A6BAB4255F,2022-09-01 06:59:01.860,231778F0-FC62-474D-8BCC-F79E6C896C7A
b'\x00\x00\x00\x00\x06I\xd0\x80',PRM0596,,VERT 16MG SAMPLES x 100's,VERT 16MG SAMPLES X 100'S,,BOX,0,0,PROMO,,,1,0,0,0.0,0,0.0,3,290.998,0.0,0.0,0.0,1,1,,,,0.0,0.0,0.0,,0.0,0.0,,0.0,0.0,0.0,0.0,,,,0.0,,0.0,0.0,0.0,0,,2022-09-01 06:30:03.983,2022-09-01,1754-01-01 14:30:03.983,0,,FG,00000000-0000-0000-0000-000000000000,,0,,,GOODS12,1,,,0,0,,0,,,0,0.0,,1753-01-01,0.0,0.0,0.0,0,0,0.0,0.0,0.0,0.0,,0,3,1.0,BOX,BOX,,0,0,0,,,,0.0,0.0,,SAMPLES,0,,,,LOTEXP,,,,,,,,1753-01-01,1,1753-01-01,1753-01-01,00000000-0000-0000-0000-000000000000,E230D469-806F-EB11-AA04-000D3AA30FE3,00000000-0000-0000-0000-000000000000,0,0,00000000-0000-0000-0000-000000000000,,,,0.0,0.0,0.0,0.0,0.0,0.0,0.0,0.0,0.0,0,0,,ECD7E1B5-BE29-ED11-A4EA-5E2CC006407F,2022-09-01 06:24:20.037,8FDCE4A2-E551-4114-AA5B-A4A6BAB4255F,2022-09-01 06:43:44.740,231778F0-FC62-474D-8BCC-F79E6C896C7A
b'\x00\x00\x00\x00\x0b_\xabp',PRM0597,,ADIVIA 50MG STARTERDOSE x 30's,ADIVIA 50MG STARTERDOSE X 30'S,,PC,0,0,PROMO,,,1,0,0,0.0,0,0.0,3,21.36079,0.0,21.36082,0.0,1,1,,,,0.0,0.0,0.0,,0.0,0.0,,0.0,0.0,0.0,0.0,,,,0.0,,0.0,0.0,0.0,0,,2022-09-01 07:01:42.557,2022-09-01,1754-01-01 15:01:42.557,0,,FG,00000000-0000-0000-0000-000000000000,,0,,,EXEMPT,1,,,0,0,,0,,,0,0.0,,1753-01-01,0.0,0.0,0.0,0,0,0.0,0.0,0.0,0.0,,0,3,1.0,PC,PC,,0,0,0,,,,0.0,0.0,,SAMPLES,0,,,,LOTEXP,,,,,,,,1753-01-01,1,1753-01-01,1753-01-01,00000000-0000-0000-0000-000000000000,EC30D469-806F-EB11-AA04-000D3AA30FE3,00000000-0000-0000-0000-000000000000,0,0,00000000-0000-0000-0000-000000000000,,,,0.0,0.0,0.0,0.0,0.0,0.0,0.0,0.0,0.0,0,0,,F5227F08-BF29-ED11-A4EA-5E2CC006407F,2022-09-01 06:26:38.640,8FDCE4A2-E551-4114-AA5B-A4A6BAB4255F,2025-02-27 06:21:38.057,34C3286C-E7F6-4F45-8F69-19CD015F1C1B
b'\x00\x00\x00\x00\x0c\x1c@3',PRM0598,,PRONORM 40MG SAMPLES x 1's,PRONORM 40MG SAMPLES X 1'S,,PC,0,0,PROMO,,,1,0,0,0.0,0,0.0,3,3.4405,0.0,3.441,0.0,1,1,,,,0.0,0.0,0.0,,0.0,0.0,,0.0,0.0,0.0,0.0,,,,0.0,,0.0,0.0,0.0,0,,2022-09-01 09:06:58.617,2022-09-01,1754-01-01 17:06:58.617,0,,FG,00000000-0000-0000-0000-000000000000,,0,,,EXEMPT,1,,,0,0,,0,,,0,0.0,,1753-01-01,0.0,0.0,0.0,0,0,0.0,0.0,0.0,0.0,,0,3,1.0,PC,PC,,0,0,0,,,,0.0,0.0,,SAMPLES,0,,,,LOTEXP,,,,,,,,1753-01-01,1,1753-01-01,1753-01-01,00000000-0000-0000-0000-000000000000,EC30D469-806F-EB11-AA04-000D3AA30FE3,00000000-0000-0000-0000-000000000000,0,0,00000000-0000-0000-0000-000000000000,,,,0.0,0.0,0.0,0.0,0.0,0.0,0.0,0.0,0.0,0,0,,ED367B3A-C929-ED11-A4EA-5E2CC006407F,2022-09-01 07:39:37.470,8FDCE4A2-E551-4114-AA5B-A4A6BAB4255F,2025-04-30 05:37:24.640,34C3286C-E7F6-4F45-8F69-19CD015F1C1B
b'\x00\x00\x00\x00\x0b7\x84{',PRM0599,,PRONORM 40MG STARTERDOSE x 3's,PRONORM 40MG STARTERDOSE X 3'S,,PC,0,0,PROMO,,,1,0,0,0.0,0,0.0,3,6.56075,0.0,6.56071,0.0,1,1,,,,0.0,0.0,0.0,,0.0,0.0,,0.0,0.0,0.0,0.0,,,,0.0,,0.0,0.0,0.0,0,,2022-09-01 09:20:31.547,2022-09-01,1754-01-01 17:20:31.547,0,,FG,00000000-0000-0000-0000-000000000000,,0,,,EXEMPT,1,,,0,0,,0,,,0,0.0,,1753-01-01,0.0,0.0,0.0,0,0,0.0,0.0,0.0,0.0,,0,3,1.0,PC,PC,,0,0,0,,,,0.0,0.0,,SAMPLES,0,,,,LOTEXP,,,,,,,,1753-01-01,1,1753-01-01,1753-01-01,00000000-0000-0000-0000-000000000000,EC30D469-806F-EB11-AA04-000D3AA30FE3,00000000-0000-0000-0000-000000000000,0,0,00000000-0000-0000-0000-000000000000,,,,0.0,0.0,0.0,0.0,0.0,0.0,0.0,0.0,0.0,0,0,,4E4C58C5-C929-ED11-A4EA-5E2CC006407F,2022-09-01 07:43:33.000,8FDCE4A2-E551-4114-AA5B-A4A6BAB4255F,2024-12-02 06:45:29.920,34C3286C-E7F6-4F45-8F69-19CD015F1C1B
b'\x00\x00\x00\x00\x0c\x87\xaa-',PRM0600,,AMLODINE HD 10/20MG STARTER DOSE x 3's,AMLODINE HD 10/20MG STARTER DOSE X 3'S,,PC,0,0,PROMO,,,1,0,0,0.0,0,0.0,3,19.23,0.0,19.22327,0.0,1,1,,,,0.0,0.0,0.0,,0.0,0.0,,0.0,0.0,0.0,0.0,,,,0.0,,0.0,0.0,0.0,0,,2022-09-23 06:51:27.177,2022-09-23,1754-01-01 14:51:27.177,0,,FG,00000000-0000-0000-0000-000000000000,,0,,,EXEMPT,1,,,0,0,,0,,,0,0.0,,1753-01-01,0.0,0.0,0.0,0,0,0.0,0.0,0.0,0.0,,0,3,1.0,PC,PC,,0,0,0,,,,0.0,0.0,,SAMPLES,0,,,,LOTEXP,,,,,,,,1753-01-01,1,1753-01-01,1753-01-01,00000000-0000-0000-0000-000000000000,EC30D469-806F-EB11-AA04-000D3AA30FE3,00000000-0000-0000-0000-000000000000,0,0,00000000-0000-0000-0000-000000000000,,,,0.0,0.0,0.0,0.0,0.0,0.0,0.0,0.0,0.0,0,0,,9817B334-083B-ED11-A4EA-5E2CC006407F,2022-09-23 06:23:15.827,8FDCE4A2-E551-4114-AA5B-A4A6BAB4255F,2025-11-28 01:56:19.003,34C3286C-E7F6-4F45-8F69-19CD015F1C1B
b'\x00\x00\x00\x00\r\x05\xb1$',PRM0601,,AMLODINE HD 10/20MG SAMPLE x 1's,AMLODINE HD 10/20MG SAMPLE X 1'S,,PC,0,0,PROMO,,,1,0,0,0.0,0,0.0,3,7.24957,0.0,7.24957,0.0,1,1,,,,0.0,0.0,0.0,,0.0,0.0,,0.0,0.0,0.0,0.0,,,,0.0,,0.0,0.0,0.0,0,,2022-09-23 06:55:28.893,2022-09-23,1754-01-01 14:55:28.893,0,,FG,00000000-0000-0000-0000-000000000000,,0,,,EXEMPT,1,,,0,0,,0,,,0,0.0,,1753-01-01,0.0,0.0,0.0,0,0,0.0,0.0,0.0,0.0,,0,3,1.0,PC,PC,,0,0,0,,,,0.0,0.0,,SAMPLES,0,,,,LOTEXP,,,,,,,,1753-01-01,1,1753-01-01,1753-01-01,00000000-0000-0000-0000-000000000000,EC30D469-806F-EB11-AA04-000D3AA30FE3,00000000-0000-0000-0000-000000000000,0,0,00000000-0000-0000-0000-000000000000,,,,0.0,0.0,0.0,0.0,0.0,0.0,0.0,0.0,0.0,0,0,,59152F5F-093B-ED11-A4EA-5E2CC006407F,2022-09-23 06:31:36.600,8FDCE4A2-E551-4114-AA5B-A4A6BAB4255F,2026-01-10 02:21:38.117,5428A7C5-0CCA-4C68-BF2D-3ED6031F3D6F
b'\x00\x00\x00\x00\x06~\x19=',PRM0602,,POLYDERM 4 5GMS CREAM x 1's,POLYDERM 4 5GMS CREAM X 1'S,,PC,0,0,PROMO,,,1,0,0,0.0,0,0.0,3,45.458,0.0,45.458,0.0,1,1,,,,0.0,0.0,0.0,,0.0,0.0,,0.0,0.0,0.0,0.0,,,,0.0,,0.0,0.0,0.0,0,,2022-09-29 06:31:13.047,2022-09-29,1754-01-01 14:31:13.047,0,,FG,00000000-0000-0000-0000-000000000000,,0,,,EXEMPT,1,,,0,0,,0,,,0,0.0,,1753-01-01,0.0,0.0,0.0,0,0,0.0,0.0,0.0,0.0,,0,3,1.0,PC,PC,,0,0,0,,,,0.0,0.0,,SAMPLES,0,,,,LOTEXP,,,,,,,,1753-01-01,1,1753-01-01,1753-01-01,00000000-0000-0000-0000-000000000000,EC30D469-806F-EB11-AA04-000D3AA30FE3,00000000-0000-0000-0000-000000000000,0,0,00000000-0000-0000-0000-000000000000,,,,0.0,0.0,0.0,0.0,0.0,0.0,0.0,0.0,0.0,0,0,,3F3AB321-0A3B-ED11-A4EA-5E2CC006407F,2022-09-23 06:37:02.947,8FDCE4A2-E551-4114-AA5B-A4A6BAB4255F,2023-01-04 09:17:31.317,7AD07521-F6AE-4809-A290-DA4B447C23C4
b'\x00\x00\x00\x00\x06~\x19?',PRM0603,,BIZYX 2MG x 3's STARTER DOSE,BIZYX 2MG X 3'S STARTER DOSE,,PC,0,0,PROMO,,,1,0,0,0.0,0,0.0,3,5.11429,0.0,5.11427,0.0,1,1,,,,0.0,0.0,0.0,,0.0,0.0,,0.0,0.0,0.0,0.0,,,,0.0,,0.0,0.0,0.0,0,,2022-09-29 09:33:35.230,2022-09-29,1754-01-01 17:33:35.230,0,,FG,00000000-0000-0000-0000-000000000000,,0,,,GOODS12,1,,,0,0,,0,,,0,0.0,,1753-01-01,0.0,0.0,0.0,0,0,0.0,0.0,0.0,0.0,,0,3,1.0,PC,PC,,0,0,0,,,,0.0,0.0,,SAMPLES,0,,,,LOTEXP,,,,,,,,1753-01-01,1,1753-01-01,1753-01-01,00000000-0000-0000-0000-000000000000,EC30D469-806F-EB11-AA04-000D3AA30FE3,00000000-0000-0000-0000-000000000000,0,0,00000000-0000-0000-0000-000000000000,,,,0.0,0.0,0.0,0.0,0.0,0.0,0.0,0.0,0.0,0,0,,8BD855D5-D23F-ED11-A4EA-5E2CC006407F,2022-09-29 08:43:48.320,8FDCE4A2-E551-4114-AA5B-A4A6BAB4255F,2023-01-04 09:17:31.473,7AD07521-F6AE-4809-A290-DA4B447C23C4
b'\x00\x00\x00\x00\x07\xa1\xb7\xd3',PRM0604,,NUROCER 400MG x 3's Samples,NUROCER 400MG X 3'S SAMPLES,,PC,0,0,PROMO,,,1,0,0,0.0,0,0.0,3,3.969,0.0,3.8975,0.0,1,1,,,,0.0,0.0,0.0,,0.0,0.0,,0.0,0.0,0.0,0.0,,,,0.0,,0.0,0.0,0.0,0,,2022-12-15 05:26:39.043,2022-12-15,1754-01-01 13:26:39.043,0,,FG,00000000-0000-0000-0000-000000000000,,0,,,GOODS12,1,,,0,0,,0,,,0,0.0,,1753-01-01,0.0,0.0,0.0,0,0,0.0,0.0,0.0,0.0,,0,3,1.0,PC,PC,,0,0,0,,,,0.0,0.0,,SAMPLES,0,,,,LOTEXP,,,,,,,,1753-01-01,1,1753-01-01,1753-01-01,00000000-0000-0000-0000-000000000000,EC30D469-806F-EB11-AA04-000D3AA30FE3,00000000-0000-0000-0000-000000000000,0,0,00000000-0000-0000-0000-000000000000,,,,0.0,0.0,0.0,0.0,0.0,0.0,0.0,0.0,0.0,0,0,,027ABB3F-D33F-ED11-A4EA-5E2CC006407F,2022-09-29 08:46:46.827,8FDCE4A2-E551-4114-AA5B-A4A6BAB4255F,2023-07-31 09:58:56.070,4A96EAA9-3DB9-423D-8512-43281713C4ED
b'\x00\x00\x00\x00\x07\xbd\x85\xc2',PRM0605,,ATOR 20MG x 1's SAMPLES,ATOR 20MG X 1'S SAMPLES,,PC,0,0,PROMO,,,1,0,0,0.0,0,0.0,3,6.453,0.0,6.453,0.0,1,1,,,,0.0,0.0,0.0,,0.0,0.0,,0.0,0.0,0.0,0.0,,,,0.0,,0.0,0.0,0.0,0,,2023-09-29 08:57:10.473,2023-09-29,1754-01-01 16:57:10.473,0,,FG,00000000-0000-0000-0000-000000000000,,0,,,EXEMPT,1,,,0,0,,0,,,0,0.0,,1753-01-01,0.0,0.0,0.0,0,0,0.0,0.0,0.0,0.0,,0,3,1.0,PC,PC,,0,0,0,,,,0.0,0.0,,SAMPLES,0,,,,LOTEXP,,,,,,,,1753-01-01,1,1753-01-01,1753-01-01,00000000-0000-0000-0000-000000000000,EC30D469-806F-EB11-AA04-000D3AA30FE3,00000000-0000-0000-0000-000000000000,0,0,00000000-0000-0000-0000-000000000000,,,,0.0,0.0,0.0,0.0,0.0,0.0,0.0,0.0,0.0,0,0,,608735DC-E53F-ED11-A4EA-5E2CC006407F,2022-09-29 11:00:00.290,8FDCE4A2-E551-4114-AA5B-A4A6BAB4255F,2023-09-29 08:57:10.473,8FDCE4A2-E551-4114-AA5B-A4A6BAB4255F
b'\x00\x00\x00\x00\x0c+w\xc3',PRM0606,,ADIVIA 50MG SAMPLES x 1's,ADIVIA 50MG SAMPLES X 1'S,,PC,0,0,PROMO,,,1,0,0,0.0,0,0.0,3,8.65509,0.0,8.65535,0.0,1,1,,,,0.0,0.0,0.0,,0.0,0.0,,0.0,0.0,0.0,0.0,,,,0.0,,0.0,0.0,0.0,0,,2022-12-15 07:39:49.817,2022-12-15,1754-01-01 15:39:49.817,0,,FG,00000000-0000-0000-0000-000000000000,,0,,,EXEMPT,1,,,0,0,,0,,,0,0.0,,1753-01-01,0.0,0.0,0.0,0,0,0.0,0.0,0.0,0.0,,0,3,1.0,PC,PC,,0,0,0,,,,0.0,0.0,,SAMPLES,0,,,,LOTEXP,,,,,,,,1753-01-01,1,1753-01-01,1753-01-01,00000000-0000-0000-0000-000000000000,EC30D469-806F-EB11-AA04-000D3AA30FE3,00000000-0000-0000-0000-000000000000,0,0,00000000-0000-0000-0000-000000000000,,,,0.0,0.0,0.0,0.0,0.0,0.0,0.0,0.0,0.0,0,0,,B072D42B-A44F-ED11-A4EA-5E2CC006407F,2022-10-19 11:50:05.693,8FDCE4A2-E551-4114-AA5B-A4A6BAB4255F,2025-06-02 10:17:38.257,34C3286C-E7F6-4F45-8F69-19CD015F1C1B
b'\x00\x00\x00\x00\x0b7\x84\x7f',PRM0607,,MET-A-DAY 1G STARTER DOSE x 3's,MET-A-DAY 1G STARTER DOSE X 3'S,,PC,0,0,PROMO,,,1,0,0,0.0,0,0.0,3,7.80837,0.0,7.80833,0.0,1,1,,,,0.0,0.0,0.0,,0.0,0.0,,0.0,0.0,0.0,0.0,,,,0.0,,0.0,0.0,0.0,0,,2022-12-20 01:32:12.113,2022-12-20,1754-01-01 09:32:12.113,0,,FG,00000000-0000-0000-0000-000000000000,,0,,,EXEMPT,1,,,0,0,,0,,,0,0.0,,1753-01-01,0.0,0.0,0.0,0,0,0.0,0.0,0.0,0.0,,0,3,1.0,PC,PC,,0,0,0,,,,0.0,0.0,,SAMPLES,0,,,,LOTEXP,,,,,,,,1753-01-01,1,1753-01-01,1753-01-01,00000000-0000-0000-0000-000000000000,EC30D469-806F-EB11-AA04-000D3AA30FE3,00000000-0000-0000-0000-000000000000,0,0,00000000-0000-0000-0000-000000000000,,,,0.0,0.0,0.0,0.0,0.0,0.0,0.0,0.0,0.0,0,0,,403E657F-A44F-ED11-A4EA-5E2CC006407F,2022-10-19 11:52:25.907,8FDCE4A2-E551-4114-AA5B-A4A6BAB4255F,2024-12-02 06:45:29.947,34C3286C-E7F6-4F45-8F69-19CD015F1C1B
b'\x00\x00\x00\x00\r\x05\xb1&',PRM0608,,MET-A-DAY 1G SAMPLES x 1's,MET-A-DAY 1G SAMPLES X 1'S,,PC,0,0,PROMO,,,1,0,0,0.0,0,0.0,3,4.91782,0.0,4.7894,0.0,1,1,,,,0.0,0.0,0.0,,0.0,0.0,,0.0,0.0,0.0,0.0,,,,0.0,,0.0,0.0,0.0,0,,2023-03-01 09:59:47.203,2023-03-01,1754-01-01 17:59:47.203,0,,FG,00000000-0000-0000-0000-000000000000,,0,,,EXEMPT,1,,,0,0,,0,,,0,0.0,,1753-01-01,0.0,0.0,0.0,0,0,0.0,0.0,0.0,0.0,,0,3,1.0,PC,PC,,0,0,0,,,,0.0,0.0,,SAMPLES,0,,,,LOTEXP,,,,,,,,1753-01-01,1,1753-01-01,1753-01-01,00000000-0000-0000-0000-000000000000,EC30D469-806F-EB11-AA04-000D3AA30FE3,00000000-0000-0000-0000-000000000000,0,0,00000000-0000-0000-0000-000000000000,,,,0.0,0.0,0.0,0.0,0.0,0.0,0.0,0.0,0.0,0,0,,94E36FD8-D349-ED11-A4EA-5E2CC006407F,2022-10-12 02:16:14.650,231778F0-FC62-474D-8BCC-F79E6C896C7A,2026-01-10 02:21:38.127,5428A7C5-0CCA-4C68-BF2D-3ED6031F3D6F
b'\x00\x00\x00\x00\x08?\xac\xbc',PRM0609,,DIVALGEN 250MG ERT STARTER DOSE x 3's,DIVALGEN 250MG ERT STARTER DOSE X 3'S,,PC,0,0,PROMO,,,1,0,0,0.0,0,0.0,3,16.46722,0.0,16.46756,0.0,1,1,,,,0.0,0.0,0.0,,0.0,0.0,,0.0,0.0,0.0,0.0,,,,0.0,,0.0,0.0,0.0,0,,2023-04-14 01:31:03.600,2023-04-14,1754-01-01 09:31:03.600,0,,FG,00000000-0000-0000-0000-000000000000,,0,,,GOODS12,1,,,0,0,,0,,,0,0.0,,1753-01-01,0.0,0.0,0.0,0,0,0.0,0.0,0.0,0.0,,0,3,1.0,PC,PC,,0,0,0,,,,0.0,0.0,,SAMPLES,0,,,,LOTEXP,,,,,,,,1753-01-01,1,1753-01-01,1753-01-01,00000000-0000-0000-0000-000000000000,EC30D469-806F-EB11-AA04-000D3AA30FE3,00000000-0000-0000-0000-000000000000,0,0,00000000-0000-0000-0000-000000000000,,,,0.0,0.0,0.0,0.0,0.0,0.0,0.0,0.0,0.0,0,0,,9EFA6019-C5D9-ED11-A4EC-5E2CC006407F,2023-04-13 06:33:28.593,8FDCE4A2-E551-4114-AA5B-A4A6BAB4255F,2023-11-28 02:26:20.590,83933D16-6033-4803-80F6-95D04AA4CABA
b'\x00\x00\x00\x00\x0c\x87\xd2S',PRM0610,,LEVOGEN 30mg/5mL Syrup x 30mL P. SAMPLE,LEVOGEN 30MG/5ML SYRUP X 30ML P. SAMPLE,,BOT,0,0,PROMO,,,1,0,0,0.0,0,0.0,3,54.465,54.46,54.46417,0.0,1,1,,,,0.0,0.0,0.0,,0.0,0.0,,0.0,0.0,0.0,0.0,,,,0.0,,0.0,0.0,0.0,0,,2023-06-15 01:38:07.777,2023-06-15,1754-01-01 09:38:07.777,0,,SAMPLES,00000000-0000-0000-0000-000000000000,,0,,,GOODS12,1,,,0,0,,0,,,0,0.0,,1753-01-01,54.46,0.0,0.0,0,0,0.0,0.0,0.0,0.0,,0,0,1.0,BOT,BOT,,0,0,0,,,,0.0,0.0,,SAMPLES,0,,,,LOTEXP,,,,,,,,1753-01-01,1,1753-01-01,1753-01-01,00000000-0000-0000-0000-000000000000,E130D469-806F-EB11-AA04-000D3AA30FE3,00000000-0000-0000-0000-000000000000,0,0,00000000-0000-0000-0000-000000000000,,,,54.46,0.0,0.0,0.0,0.0,0.0,0.0,0.0,0.0,0,0,,5C08E0FB-5B00-EE11-A4EC-5E2CC006407F,2023-06-01 09:09:17.287,8FDCE4A2-E551-4114-AA5B-A4A6BAB4255F,2025-11-28 02:01:56.300,34C3286C-E7F6-4F45-8F69-19CD015F1C1B
b'\x00\x00\x00\x00\r\x05\xb1(',PRM0611,,ADIVIA MET 50/500MG SAMPLES  x 1's,ADIVIA MET 50/500MG SAMPLES  X 1'S,,PC,0,0,PROMO,,,1,0,0,0.0,0,0.0,3,8.73737,0.0,8.73704,0.0,1,1,,,,0.0,0.0,0.0,,0.0,0.0,,0.0,0.0,0.0,0.0,,,,0.0,,0.0,0.0,0.0,0,,2023-09-29 06:07:03.960,2023-09-29,1754-01-01 14:07:03.960,0,,FG,00000000-0000-0000-0000-000000000000,,0,,,EXEMPT,1,,,0,0,,0,,,0,0.0,,1753-01-01,0.0,0.0,0.0,0,0,0.0,0.0,0.0,0.0,,0,3,1.0,PC,PC,,0,0,0,,,,0.0,0.0,,SAMPLES,0,,,,LOTEXP,,,,,,,,1753-01-01,1,1753-01-01,1753-01-01,00000000-0000-0000-0000-000000000000,EC30D469-806F-EB11-AA04-000D3AA30FE3,00000000-0000-0000-0000-000000000000,0,0,00000000-0000-0000-0000-000000000000,,,,0.0,0.0,0.0,0.0,0.0,0.0,0.0,0.0,0.0,0,0,,41109456-ED42-EE11-A4EC-5E2CC006407F,2023-08-25 02:16:03.230,8FDCE4A2-E551-4114-AA5B-A4A6BAB4255F,2026-01-10 02:21:38.253,5428A7C5-0CCA-4C68-BF2D-3ED6031F3D6F
b'\x00\x00\x00\x00\x0b7\x84\x87',PRM0612,,ADIVIA MET 1/500MG STARTER DOSE x 3's,ADIVIA MET 1/500MG STARTER DOSE,,PC,0,0,PROMO,,,1,0,0,0.0,0,0.0,3,22.70662,0.0,22.70671,0.0,1,1,,,,0.0,0.0,0.0,,0.0,0.0,,0.0,0.0,0.0,0.0,,,,0.0,,0.0,0.0,0.0,0,,2023-09-29 09:14:22.490,2023-09-29,1754-01-01 17:14:22.490,0,,FG,00000000-0000-0000-0000-000000000000,,0,,,EXEMPT,1,,,0,0,,0,,,0,0.0,,1753-01-01,0.0,0.0,0.0,0,0,0.0,0.0,0.0,0.0,,0,3,1.0,PC,PC,,0,0,0,,,,0.0,0.0,,SAMPLES,0,,,,LOTEXP,,,,,,,,1753-01-01,1,1753-01-01,1753-01-01,00000000-0000-0000-0000-000000000000,EC30D469-806F-EB11-AA04-000D3AA30FE3,00000000-0000-0000-0000-000000000000,0,0,00000000-0000-0000-0000-000000000000,,,,0.0,0.0,0.0,0.0,0.0,0.0,0.0,0.0,0.0,0,0,,FC903C29-EE42-EE11-A4EC-5E2CC006407F,2023-08-25 02:22:06.013,8FDCE4A2-E551-4114-AA5B-A4A6BAB4255F,2024-12-02 06:45:29.983,34C3286C-E7F6-4F45-8F69-19CD015F1C1B
b'\x00\x00\x00\x00\x0c\n`A',PRM0613,,ADIVIA MET 1/50MG SAMPLES x 1's,ADIVIA MET 1/50MG SAMPLES X 1'S,,PC,0,0,PROMO,,,1,0,0,0.0,0,0.0,3,8.73857,0.0,8.73829,0.0,1,1,,,,0.0,0.0,0.0,,0.0,0.0,,0.0,0.0,0.0,0.0,,,,0.0,,0.0,0.0,0.0,0,,2023-09-29 09:14:29.630,2023-09-29,1754-01-01 17:14:29.630,0,,FG,00000000-0000-0000-0000-000000000000,,0,,,EXEMPT,1,,,0,0,,0,,,0,0.0,,1753-01-01,0.0,0.0,0.0,0,0,0.0,0.0,0.0,0.0,,0,3,1.0,PC,PC,,0,0,0,,,,0.0,0.0,,SAMPLES,0,,,,LOTEXP,,,,,,,,1753-01-01,1,1753-01-01,1753-01-01,00000000-0000-0000-0000-000000000000,EC30D469-806F-EB11-AA04-000D3AA30FE3,00000000-0000-0000-0000-000000000000,0,0,00000000-0000-0000-0000-000000000000,,,,0.0,0.0,0.0,0.0,0.0,0.0,0.0,0.0,0.0,0,0,,0BB4014C-DF47-EE11-A4EC-5E2CC006407F,2023-08-31 09:18:13.430,8FDCE4A2-E551-4114-AA5B-A4A6BAB4255F,2025-03-20 07:12:43.520,34C3286C-E7F6-4F45-8F69-19CD015F1C1B
b'\x00\x00\x00\x00\x0b8\xac\xce',PRM0614,,SALMEFLO 25MCG/250MCG MDI x 1's,SALMEFLO 25MCG/250MCG MDI X 1'S,,CANISTER,0,0,PROMO,,,1,0,0,0.0,0,0.0,3,157.60667,0.0,157.6084,0.0,1,1,,,,0.0,0.0,0.0,,0.0,0.0,,0.0,0.0,0.0,0.0,,,,0.0,,0.0,0.0,0.0,0,,2024-01-11 07:52:26.470,2024-01-11,1754-01-01 15:52:26.470,0,,FG,00000000-0000-0000-0000-000000000000,,0,,,GOODS12,1,,,0,0,,0,,,0,0.0,,1753-01-01,0.0,0.0,0.0,0,0,0.0,0.0,0.0,0.0,,0,3,1.0,CANISTER,CANISTER,,0,0,0,,,,0.0,0.0,,SAMPLES,0,,,,LOTEXP,,,,,,,,1753-01-01,1,1753-01-01,1753-01-01,00000000-0000-0000-0000-000000000000,E330D469-806F-EB11-AA04-000D3AA30FE3,00000000-0000-0000-0000-000000000000,0,0,00000000-0000-0000-0000-000000000000,,,,0.0,0.0,0.0,0.0,0.0,0.0,0.0,0.0,0.0,0,0,,7FA50D0F-E047-EE11-A4EC-5E2CC006407F,2023-08-31 09:23:35.587,8FDCE4A2-E551-4114-AA5B-A4A6BAB4255F,2024-12-04 03:20:03.917,34C3286C-E7F6-4F45-8F69-19CD015F1C1B
b'\x00\x00\x00\x00\x0c\ndX',PRM0615,,TADAH FORTE 20MG SAMPLES BOX x 1's,TADAH FORTE 20MG SAMPLES BOX X 1'S,,PC,0,0,PROMO,,,1,0,0,0.0,0,0.0,3,22.25036,0.0,22.22825,0.0,1,1,,,,0.0,0.0,0.0,,0.0,0.0,,0.0,0.0,0.0,0.0,,,,0.0,,0.0,0.0,0.0,0,,2023-09-29 08:57:21.533,2023-09-29,1754-01-01 16:57:21.533,0,,FG,00000000-0000-0000-0000-000000000000,,0,,,EXEMPT,1,,,0,0,,0,,,0,0.0,,1753-01-01,0.0,0.0,0.0,0,0,0.0,0.0,0.0,0.0,,0,3,1.0,PC,PC,,0,0,0,,,,0.0,0.0,,SAMPLES,0,,,,LOTEXP,,,,,,,,1753-01-01,1,1753-01-01,1753-01-01,00000000-0000-0000-0000-000000000000,EC30D469-806F-EB11-AA04-000D3AA30FE3,00000000-0000-0000-0000-000000000000,0,0,00000000-0000-0000-0000-000000000000,,,,0.0,0.0,0.0,0.0,0.0,0.0,0.0,0.0,0.0,0,0,,644CAC5E-E047-EE11-A4EC-5E2CC006407F,2023-08-31 09:25:49.167,8FDCE4A2-E551-4114-AA5B-A4A6BAB4255F,2025-03-20 07:16:13.257,34C3286C-E7F6-4F45-8F69-19CD015F1C1B
b'\x00\x00\x00\x00\x0cH\x81\x07',PRM0616,,PREG-M 75MG SAMPLES x 1's,PREG-M 75MG SAMPLES X 1'S,,PC,0,0,PROMO,,,1,0,0,0.0,0,0.0,3,9.2695,0.0,9.26,0.0,1,1,,,,0.0,0.0,0.0,,0.0,0.0,,0.0,0.0,0.0,0.0,,,,0.0,,0.0,0.0,0.0,0,,2023-09-29 06:08:12.823,2023-09-29,1754-01-01 14:08:12.823,0,,FG,00000000-0000-0000-0000-000000000000,,0,,,EXEMPT,1,,,0,0,,0,,,0,0.0,,1753-01-01,0.0,0.0,0.0,0,0,0.0,0.0,0.0,0.0,,0,3,1.0,PC,PC,,0,0,0,,,,0.0,0.0,,SAMPLES,0,,,,LOTEXP,,,,,,,,1753-01-01,1,1753-01-01,1753-01-01,00000000-0000-0000-0000-000000000000,EC30D469-806F-EB11-AA04-000D3AA30FE3,00000000-0000-0000-0000-000000000000,0,0,00000000-0000-0000-0000-000000000000,,,,0.0,0.0,0.0,0.0,0.0,0.0,0.0,0.0,0.0,0,0,,F7DEAD3D-6B5E-EE11-A4ED-5E2CC006407F,2023-09-29 01:55:25.953,8FDCE4A2-E551-4114-AA5B-A4A6BAB4255F,2025-07-24 07:05:13.590,34C3286C-E7F6-4F45-8F69-19CD015F1C1B
b'\x00\x00\x00\x00\x0c\nd\\',PRM0617,,QUETIAPRO 25MG SAMPLES x 1's,QUETIAPRO 25MG SAMPLES,,PC,0,0,PROMO,,,1,0,0,0.0,0,0.0,3,5.92364,0.0,5.92286,0.0,1,1,,,,0.0,0.0,0.0,,0.0,0.0,,0.0,0.0,0.0,0.0,,,,0.0,,0.0,0.0,0.0,0,,2023-09-29 03:39:34.613,2023-09-29,1754-01-01 11:39:34.613,0,,FG,00000000-0000-0000-0000-000000000000,,0,,,GOODS12,1,,,0,0,,0,,,0,0.0,,1753-01-01,0.0,0.0,0.0,0,0,0.0,0.0,0.0,0.0,,0,3,1.0,PC,PC,,0,0,0,,,,0.0,0.0,,SAMPLES,0,,,,LOTEXP,,,,,,,,1753-01-01,1,1753-01-01,1753-01-01,00000000-0000-0000-0000-000000000000,EC30D469-806F-EB11-AA04-000D3AA30FE3,00000000-0000-0000-0000-000000000000,0,0,00000000-0000-0000-0000-000000000000,,,,0.0,0.0,0.0,0.0,0.0,0.0,0.0,0.0,0.0,0,0,,3E4798B2-6B5E-EE11-A4ED-5E2CC006407F,2023-09-29 01:58:35.590,8FDCE4A2-E551-4114-AA5B-A4A6BAB4255F,2025-03-20 07:16:13.307,34C3286C-E7F6-4F45-8F69-19CD015F1C1B
b'\x00\x00\x00\x00\x0c*\x99K',PRM0618,,ADIVIA MET 50/500MG STARTER DOSE x 3's,ADIVIA MET 50/500MG STARTER DOSE X 3'S,,PC,0,0,PROMO,,,1,0,0,0.0,0,0.0,3,21.95714,0.0,21.95757,0.0,1,1,,,,0.0,0.0,0.0,,0.0,0.0,,0.0,0.0,0.0,0.0,,,,0.0,,0.0,0.0,0.0,0,,2023-10-26 02:07:50.757,2023-10-26,1754-01-01 10:07:50.757,0,,FG,00000000-0000-0000-0000-000000000000,,0,,,EXEMPT,1,,,0,0,,0,,,0,0.0,,1753-01-01,0.0,0.0,0.0,0,0,0.0,0.0,0.0,0.0,,0,3,1.0,PC,PC,,0,0,0,,,,0.0,0.0,,SAMPLES,0,,,,LOTEXP,,,,,,,,1753-01-01,1,1753-01-01,1753-01-01,00000000-0000-0000-0000-000000000000,EC30D469-806F-EB11-AA04-000D3AA30FE3,00000000-0000-0000-0000-000000000000,0,0,00000000-0000-0000-0000-000000000000,,,,0.0,0.0,0.0,0.0,0.0,0.0,0.0,0.0,0.0,0,0,,DE799BE5-8D5E-EE11-A4ED-5E2CC006407F,2023-09-29 06:03:24.063,8FDCE4A2-E551-4114-AA5B-A4A6BAB4255F,2025-06-02 02:08:36.113,34C3286C-E7F6-4F45-8F69-19CD015F1C1B
b'\x00\x00\x00\x00\x08UM\xe6',PRM0619,,QUETIAPRO 200MG STARTER DOSE x 10's,QUETIAPRO 200MG STARTER DOSE X 10'S,,PC,0,0,PROMO,,,1,0,0,0.0,0,0.0,3,185.89059,0.0,185.92879,0.0,1,1,,,,0.0,0.0,0.0,,0.0,0.0,,0.0,0.0,0.0,0.0,,,,0.0,,0.0,0.0,0.0,0,,2023-10-02 05:13:05.013,2023-10-02,1754-01-01 13:13:05.013,0,,FG,00000000-0000-0000-0000-000000000000,,0,,,EXEMPT,1,,,0,0,,0,,,0,0.0,,1753-01-01,0.0,0.0,0.0,0,0,0.0,0.0,0.0,0.0,,0,3,1.0,PC,PC,,0,0,0,,,,0.0,0.0,,SAMPLES,0,,,,LOTEXP,,,,,,,,1753-01-01,1,1753-01-01,1753-01-01,00000000-0000-0000-0000-000000000000,EC30D469-806F-EB11-AA04-000D3AA30FE3,00000000-0000-0000-0000-000000000000,0,0,00000000-0000-0000-0000-000000000000,,,,0.0,0.0,0.0,0.0,0.0,0.0,0.0,0.0,0.0,0,0,,1ED74114-AF5E-EE11-A4ED-5E2CC006407F,2023-09-29 10:00:55.720,8FDCE4A2-E551-4114-AA5B-A4A6BAB4255F,2024-01-19 07:44:50.423,4A96EAA9-3DB9-423D-8512-43281713C4ED
b'\x00\x00\x00\x00\x08M\x01\xc4',PRM0620,,AZI 500MG FCTABLET SAMPLES x 3's,AZI 500MG FCTABLET SAMPLES X 3'S,,PC,0,0,PROMO,,,1,0,0,0.0,0,0.0,3,47.69835,0.0,0.0,0.0,1,1,,,,0.0,0.0,0.0,,0.0,0.0,,0.0,0.0,0.0,0.0,,,,0.0,,0.0,0.0,0.0,0,,2023-12-12 03:47:26.157,2023-12-12,1754-01-01 11:47:26.157,0,,FG,00000000-0000-0000-0000-000000000000,,0,,,GOODS12,1,,,0,0,,0,,,0,0.0,,1753-01-01,0.0,0.0,0.0,0,0,0.0,0.0,0.0,0.0,,0,3,1.0,PC,PC,,0,0,0,,,,0.0,0.0,,SAMPLES,0,,,,LOTEXP,,,,,,,,1753-01-01,1,1753-01-01,1753-01-01,00000000-0000-0000-0000-000000000000,EC30D469-806F-EB11-AA04-000D3AA30FE3,00000000-0000-0000-0000-000000000000,0,0,00000000-0000-0000-0000-000000000000,,,,0.0,0.0,0.0,0.0,0.0,0.0,0.0,0.0,0.0,0,0,,63104D14-ED94-EE11-A4EE-5E2CC006407F,2023-12-07 10:40:47.383,8FDCE4A2-E551-4114-AA5B-A4A6BAB4255F,2024-01-02 05:31:47.027,0B709DB4-D647-42B9-9EEF-809FBE63D915
b'\x00\x00\x00\x00\x08T\x0c\\',PRM0621,,CUTAGEN 50ML SAMPLES x 1's,CUTAGEN 50ML SAMPLES X 1'S,,BOT,0,0,PROMO,,,1,0,0,0.0,0,0.0,3,20.9075,0.0,0.0,0.0,1,1,,,,0.0,0.0,0.0,,0.0,0.0,,0.0,0.0,0.0,0.0,,,,0.0,,0.0,0.0,0.0,0,,2023-12-22 01:50:59.700,2023-12-22,1754-01-01 09:50:59.700,0,,FG,00000000-0000-0000-0000-000000000000,,0,,,GOODS12,1,,,0,0,,0,,,0,0.0,,1753-01-01,0.0,0.0,0.0,0,0,0.0,0.0,0.0,0.0,,0,3,1.0,BOT,BOT,,0,0,0,,,,0.0,0.0,,SAMPLES,0,,,,LOTEXP,,,,,,,,1753-01-01,1,1753-01-01,1753-01-01,00000000-0000-0000-0000-000000000000,E130D469-806F-EB11-AA04-000D3AA30FE3,00000000-0000-0000-0000-000000000000,0,0,00000000-0000-0000-0000-000000000000,,,,0.0,0.0,0.0,0.0,0.0,0.0,0.0,0.0,0.0,0,0,,A5B72093-129F-EE11-A4EE-5E2CC006407F,2023-12-20 08:34:23.170,8FDCE4A2-E551-4114-AA5B-A4A6BAB4255F,2024-01-16 10:25:52.667,83933D16-6033-4803-80F6-95D04AA4CABA
b'\x00\x00\x00\x00\nJ\x8f\xac',PRM0622,,PREVEN-Z 500MG/10MG CTAB x 60's (w/ sticker) P. S.,PREVEN-Z 500MG/10MG CTAB X 60'S (W/ STICKER) P. S.,,PC,0,0,PROMO,,,1,0,0,0.0,0,0.0,3,107.95837,0.0,107.958,0.0,1,1,,,,0.0,0.0,0.0,,0.0,0.0,,0.0,0.0,0.0,0.0,,,,0.0,,0.0,0.0,0.0,0,,2024-01-09 00:34:55.777,2024-01-09,1754-01-01 08:34:55.777,0,,FG,00000000-0000-0000-0000-000000000000,,0,,,GOODS12,1,,,0,0,,0,,,0,0.0,,1753-01-01,0.0,0.0,0.0,0,0,0.0,0.0,0.0,0.0,,0,3,1.0,PC,PC,,0,0,0,,,,0.0,0.0,,SAMPLES,0,,,,LOTEXP,,,,,,,,1753-01-01,1,1753-01-01,1753-01-01,00000000-0000-0000-0000-000000000000,EC30D469-806F-EB11-AA04-000D3AA30FE3,00000000-0000-0000-0000-000000000000,0,0,00000000-0000-0000-0000-000000000000,,,,0.0,0.0,0.0,0.0,0.0,0.0,0.0,0.0,0.0,0,0,,6E6C28AB-89A0-EE11-A4EE-5E2CC006407F,2023-12-22 05:19:24.760,8FDCE4A2-E551-4114-AA5B-A4A6BAB4255F,2024-04-30 08:44:59.200,34C3286C-E7F6-4F45-8F69-19CD015F1C1B
b'\x00\x00\x00\x00\n=\x89\xa3',PRM0623,,DIVALGEN 250MG ERT-RELEASE TAB x 10's PS,DIVALGEN 250MG ERT-RELEASE TAB X 10'S PS,,BOX,0,0,PROMO,,,1,0,0,0.0,0,0.0,3,41.88831,0.0,0.0,0.0,1,1,,,,0.0,0.0,0.0,,0.0,0.0,,0.0,0.0,0.0,0.0,,,,0.0,,0.0,0.0,0.0,0,,2024-02-02 02:39:57.580,2024-02-02,1754-01-01 10:39:57.580,0,,FG,00000000-0000-0000-0000-000000000000,,0,,,GOODS12,1,,,0,0,,0,,,0,0.0,,1753-01-01,0.0,0.0,0.0,0,0,0.0,0.0,0.0,0.0,,0,3,1.0,BOX,BOX,,0,0,0,,,,0.0,0.0,,SAMPLES,0,,,,LOTEXP,,,,,,,,1753-01-01,1,1753-01-01,1753-01-01,00000000-0000-0000-0000-000000000000,E230D469-806F-EB11-AA04-000D3AA30FE3,00000000-0000-0000-0000-000000000000,0,0,00000000-0000-0000-0000-000000000000,,,,0.0,0.0,0.0,0.0,0.0,0.0,0.0,0.0,0.0,0,0,,89C4E46E-59BE-EE11-A4EE-5E2CC006407F,2024-01-29 03:49:42.693,8FDCE4A2-E551-4114-AA5B-A4A6BAB4255F,2024-03-26 07:45:15.177,34C3286C-E7F6-4F45-8F69-19CD015F1C1B
b'\x00\x00\x00\x00\x0c\x87\xc5n',PRM0624,,DAPA-Z 10MG SAMPLES x 1's,DAPA-Z 10MG SAMPLES,,PC,0,0,PROMO,,,1,0,0,0.0,0,0.0,3,11.417,0.0,11.41692,0.0,1,1,,,,0.0,0.0,0.0,,0.0,0.0,,0.0,0.0,0.0,0.0,,,,0.0,,0.0,0.0,0.0,0,,2024-04-02 09:33:12.713,2024-04-02,1754-01-01 17:33:12.713,0,,FG,00000000-0000-0000-0000-000000000000,,0,,,EXEMPT,1,,,0,0,,0,,,0,0.0,,1753-01-01,0.0,0.0,0.0,0,0,0.0,0.0,0.0,0.0,,0,3,1.0,PC,PC,,0,0,0,,,,0.0,0.0,,SAMPLES,0,,,,LOTEXP,,,,,,,,1753-01-01,1,1753-01-01,1753-01-01,00000000-0000-0000-0000-000000000000,EC30D469-806F-EB11-AA04-000D3AA30FE3,00000000-0000-0000-0000-000000000000,0,0,00000000-0000-0000-0000-000000000000,,,,0.0,0.0,0.0,0.0,0.0,0.0,0.0,0.0,0.0,0,0,,762D5EE6-CDF0-EE11-A4F0-5E2CC006407F,2024-04-02 08:49:24.193,8FDCE4A2-E551-4114-AA5B-A4A6BAB4255F,2025-11-28 02:00:55.100,34C3286C-E7F6-4F45-8F69-19CD015F1C1B
b'\x00\x00\x00\x00\r\x05\xb1*',PRM0625,,DAPA-Z 10MG STARTER DOSE x 3's,DAPA-Z 10MG STARTER DOSE X 3'S,,PC,0,0,PROMO,,,1,0,0,0.0,0,0.0,3,32.72778,0.0,32.5625,0.0,1,1,,,,0.0,0.0,0.0,,0.0,0.0,,0.0,0.0,0.0,0.0,,,,0.0,,0.0,0.0,0.0,0,,2024-04-02 09:38:07.133,2024-04-02,1754-01-01 17:38:07.133,0,,FG,00000000-0000-0000-0000-000000000000,,0,,,EXEMPT,1,,,0,0,,0,,,0,0.0,,1753-01-01,0.0,0.0,0.0,0,0,0.0,0.0,0.0,0.0,,0,3,1.0,PC,PC,,0,0,0,,,,0.0,0.0,,SAMPLES,0,,,,LOTEXP,,,,,,,,1753-01-01,1,1753-01-01,1753-01-01,00000000-0000-0000-0000-000000000000,EC30D469-806F-EB11-AA04-000D3AA30FE3,00000000-0000-0000-0000-000000000000,0,0,00000000-0000-0000-0000-000000000000,,,,0.0,0.0,0.0,0.0,0.0,0.0,0.0,0.0,0.0,0,0,,BB854247-CEF0-EE11-A4F0-5E2CC006407F,2024-04-02 08:52:05.470,8FDCE4A2-E551-4114-AA5B-A4A6BAB4255F,2026-01-10 02:21:38.393,5428A7C5-0CCA-4C68-BF2D-3ED6031F3D6F
b'\x00\x00\x00\x00\x0b\x0c\x075',PRM0626,,FLORANORM-C SAMPLES x 1's,FLORANORM-C SAMPLES X 1'S,,PC,0,0,PROMO,,,1,0,0,0.0,0,0.0,3,6.61431,0.0,0.0,0.0,1,1,,,,0.0,0.0,0.0,,0.0,0.0,,0.0,0.0,0.0,0.0,,,,0.0,,0.0,0.0,0.0,0,,2024-07-23 06:06:14.937,2024-07-23,1754-01-01 14:06:14.937,0,,FG,00000000-0000-0000-0000-000000000000,,0,,,GOODS12,1,,,0,0,,0,,,0,0.0,,1753-01-01,0.0,0.0,0.0,0,0,0.0,0.0,0.0,0.0,,0,3,1.0,PC,PC,,0,0,0,,,,0.0,0.0,,SAMPLES,0,,,,LOTEXP,,,,,,,,1753-01-01,1,1753-01-01,1753-01-01,00000000-0000-0000-0000-000000000000,EC30D469-806F-EB11-AA04-000D3AA30FE3,00000000-0000-0000-0000-000000000000,0,0,00000000-0000-0000-0000-000000000000,,,,0.0,0.0,0.0,0.0,0.0,0.0,0.0,0.0,0.0,0,0,,FAE5A9C9-0C48-EF11-A4F5-5E2CC006407F,2024-07-22 09:28:44.197,8FDCE4A2-E551-4114-AA5B-A4A6BAB4255F,2024-09-05 07:49:46.123,34C3286C-E7F6-4F45-8F69-19CD015F1C1B
"b'\x00\x00\x00\x00\r\x05\xb1,'",PRM0627,,BRICOR 90MG SAMPLES x 1's,BRICOR 90MG SAMPLES X 1'S,,PC,0,0,PROMO,,,1,0,0,0.0,0,0.0,3,18.28721,0.0,18.28721,0.0,1,1,,,,0.0,0.0,0.0,,0.0,0.0,,0.0,0.0,0.0,0.0,,,,0.0,,0.0,0.0,0.0,0,,2024-08-01 07:25:21.537,2024-08-01,1754-01-01 15:25:21.537,0,,FG,00000000-0000-0000-0000-000000000000,,0,,,GOODS12,1,,,0,0,,0,,,0,0.0,,1753-01-01,0.0,0.0,0.0,0,0,0.0,0.0,0.0,0.0,,0,3,1.0,PC,PC,,0,0,0,,,,0.0,0.0,,SAMPLES,0,,,,LOTEXP,,,,,,,,1753-01-01,1,1753-01-01,1753-01-01,00000000-0000-0000-0000-000000000000,EC30D469-806F-EB11-AA04-000D3AA30FE3,00000000-0000-0000-0000-000000000000,0,0,00000000-0000-0000-0000-000000000000,,,,0.0,0.0,0.0,0.0,0.0,0.0,0.0,0.0,0.0,0,0,,D182ABDE-524E-EF11-A4F5-5E2CC006407F,2024-07-30 09:05:31.187,8FDCE4A2-E551-4114-AA5B-A4A6BAB4255F,2026-01-10 02:21:38.403,5428A7C5-0CCA-4C68-BF2D-3ED6031F3D6F
b'\x00\x00\x00\x00\x0cZ\x93\xd9',PRM0628,,BRICOR 90MG STARTER DOSE x 3's,BRICOR 90MG STARTER DOSE X 3'S,,PC,0,0,PROMO,,,1,0,0,0.0,0,0.0,3,51.364,0.0,51.3642,0.0,1,1,,,,0.0,0.0,0.0,,0.0,0.0,,0.0,0.0,0.0,0.0,,,,0.0,,0.0,0.0,0.0,0,,2024-08-01 07:27:14.897,2024-08-01,1754-01-01 15:27:14.897,0,,FG,00000000-0000-0000-0000-000000000000,,0,,,GOODS12,1,,,0,0,,0,,,0,0.0,,1753-01-01,0.0,0.0,0.0,0,0,0.0,0.0,0.0,0.0,,0,3,1.0,PC,PC,,0,0,0,,,,0.0,0.0,,SAMPLES,0,,,,LOTEXP,,,,,,,,1753-01-01,1,1753-01-01,1753-01-01,00000000-0000-0000-0000-000000000000,EC30D469-806F-EB11-AA04-000D3AA30FE3,00000000-0000-0000-0000-000000000000,0,0,00000000-0000-0000-0000-000000000000,,,,0.0,0.0,0.0,0.0,0.0,0.0,0.0,0.0,0.0,0,0,,903641F9-C64F-EF11-A4F5-5E2CC006407F,2024-08-01 05:29:08.570,8FDCE4A2-E551-4114-AA5B-A4A6BAB4255F,2025-09-02 08:03:39.937,34C3286C-E7F6-4F45-8F69-19CD015F1C1B
b'\x00\x00\x00\x00\r\x05\xb1.',PRM0629,,URLYX 250MG/RABEGEN/RISGEN/QUETIAPRO 25MG SAMPLESx4's,URLYX 250MG/RABEGEN/RISGEN/QUETIAPRO 25MG SAMPLESX4'S,,PC,0,0,PROMO,,,1,0,0,0.0,0,0.0,3,32.74932,0.0,31.63819,0.0,1,1,,,,0.0,0.0,0.0,,0.0,0.0,,0.0,0.0,0.0,0.0,,,,0.0,,0.0,0.0,0.0,0,,2025-01-08 09:04:55.667,2025-01-08,1754-01-01 17:04:55.667,0,,FG,00000000-0000-0000-0000-000000000000,,0,,,GOODS12,1,,,0,0,,0,,,0,0.0,,1753-01-01,0.0,0.0,0.0,0,0,0.0,0.0,0.0,0.0,,0,3,1.0,PC,PC,,0,0,0,,,,0.0,0.0,,SAMPLES,0,,,,LOTEXP,,,,,,,,1753-01-01,1,1753-01-01,1753-01-01,00000000-0000-0000-0000-000000000000,EC30D469-806F-EB11-AA04-000D3AA30FE3,00000000-0000-0000-0000-000000000000,0,0,00000000-0000-0000-0000-000000000000,,,,0.0,0.0,0.0,0.0,0.0,0.0,0.0,0.0,0.0,0,0,,B7A28681-029C-EF11-A4F6-5E2CC006407F,2024-11-06 05:46:45.873,8FDCE4A2-E551-4114-AA5B-A4A6BAB4255F,2026-01-10 02:21:38.417,5428A7C5-0CCA-4C68-BF2D-3ED6031F3D6F
b'\x00\x00\x00\x00\r\x05\xb10',PRM0630,,PREG-M/PLETAXOL 50MG/VENOX/ENTEGARD SAMPLESx4's,PREG-M/PLETAXOL 50MG/VENOX/ENTEGARD SAMPLESX4'S,,PC,0,0,PROMO,,,1,0,0,0.0,0,0.0,3,39.79995,0.0,40.1828,0.0,1,1,,,,0.0,0.0,0.0,,0.0,0.0,,0.0,0.0,0.0,0.0,,,,0.0,,0.0,0.0,0.0,0,,2025-01-24 08:52:36.527,2025-01-24,1754-01-01 16:52:36.527,0,,FG,00000000-0000-0000-0000-000000000000,,0,,,GOODS12,1,,,0,0,,0,,,0,0.0,,1753-01-01,0.0,0.0,0.0,0,0,0.0,0.0,0.0,0.0,,0,3,1.0,PC,PC,,0,0,0,,,,0.0,0.0,,SAMPLES,0,,,,LOTEXP,,,,,,,,1753-01-01,1,1753-01-01,1753-01-01,00000000-0000-0000-0000-000000000000,EC30D469-806F-EB11-AA04-000D3AA30FE3,00000000-0000-0000-0000-000000000000,0,0,00000000-0000-0000-0000-000000000000,,,,0.0,0.0,0.0,0.0,0.0,0.0,0.0,0.0,0.0,0,0,,17F5922E-94CC-EF11-A4F7-5E2CC006407F,2025-01-07 01:10:29.040,8FDCE4A2-E551-4114-AA5B-A4A6BAB4255F,2026-01-10 02:21:38.427,5428A7C5-0CCA-4C68-BF2D-3ED6031F3D6F
b'\x00\x00\x00\x00\r\x05\xb12',PRM0631,,TADAH/FLORANORM/LEVIT 500MG/TRIPGEN SAMPLESx4's,TADAH/FLORANORM/LEVIT 500MG/TRIPGEN SAMPLESX4'S,,PC,0,0,PROMO,,,1,0,0,0.0,0,0.0,3,42.54631,0.0,30.3828,0.0,1,1,,,,0.0,0.0,0.0,,0.0,0.0,,0.0,0.0,0.0,0.0,,,,0.0,,0.0,0.0,0.0,0,,2025-01-08 09:09:10.890,2025-01-08,1754-01-01 17:09:10.890,0,,FG,00000000-0000-0000-0000-000000000000,,0,,,GOODS12,1,,,0,0,,0,,,0,0.0,,1753-01-01,0.0,0.0,0.0,0,0,0.0,0.0,0.0,0.0,,0,3,1.0,PC,PC,,0,0,0,,,,0.0,0.0,,SAMPLES,0,,,,LOTEXP,,,,,,,,1753-01-01,1,1753-01-01,1753-01-01,00000000-0000-0000-0000-000000000000,EC30D469-806F-EB11-AA04-000D3AA30FE3,00000000-0000-0000-0000-000000000000,0,0,00000000-0000-0000-0000-000000000000,,,,0.0,0.0,0.0,0.0,0.0,0.0,0.0,0.0,0.0,0,0,,DC586532-96CC-EF11-A4F7-5E2CC006407F,2025-01-07 01:24:54.443,8FDCE4A2-E551-4114-AA5B-A4A6BAB4255F,2026-01-10 02:21:38.443,5428A7C5-0CCA-4C68-BF2D-3ED6031F3D6F
b'\x00\x00\x00\x00\x0cT*\x94',PRM0632,,ERTAX PATIENT RECORD,ERTAX PATIENT RECORD,,PAD,0,0,PROMO,,,1,0,0,0.0,0,0.0,3,41.0716,0.0,41.0716,0.0,1,1,,,,0.0,0.0,0.0,,0.0,0.0,,0.0,0.0,0.0,0.0,,,,0.0,,0.0,0.0,0.0,0,,2025-02-28 06:03:53.257,2025-02-28,1754-01-01 14:03:53.257,0,,PROMO,00000000-0000-0000-0000-000000000000,,0,,,GOODS12,1,,,0,0,,0,,,0,0.0,,1753-01-01,0.0,0.0,0.0,0,0,0.0,0.0,0.0,0.0,,0,0,1.0,PAD,PAD,,0,0,0,,,,0.0,0.0,,PROMATS,0,,,,,,,,,,,,1753-01-01,1,1753-01-01,1753-01-01,00000000-0000-0000-0000-000000000000,E830D469-806F-EB11-AA04-000D3AA30FE3,00000000-0000-0000-0000-000000000000,0,0,00000000-0000-0000-0000-000000000000,,,,0.0,0.0,0.0,0.0,0.0,0.0,0.0,0.0,0.0,0,0,,B7D767A5-99F5-EF11-A4F8-5E2CC006407F,2025-02-28 06:02:53.570,8FDCE4A2-E551-4114-AA5B-A4A6BAB4255F,2025-08-18 07:36:11.503,7A43DFC9-AF93-4335-A1C5-3ABC0B06A73C
b'\x00\x00\x00\x00\x0cT*\x9a',PRM0633,,AZI-500 PATIENT RECORD,AZI-500 PATIENT RECORD,,PAD,0,0,PROMO,,,1,0,0,0.0,0,0.0,3,41.071,0.0,41.07143,0.0,1,1,,,,0.0,0.0,0.0,,0.0,0.0,,0.0,0.0,0.0,0.0,,,,0.0,,0.0,0.0,0.0,0,,2025-02-28 06:04:42.900,2025-02-28,1754-01-01 14:04:42.900,0,,PROMO,00000000-0000-0000-0000-000000000000,,0,,,GOODS12,1,,,0,0,,0,,,0,0.0,,1753-01-01,0.0,0.0,0.0,0,0,0.0,0.0,0.0,0.0,,0,0,1.0,PAD,PAD,,0,0,0,,,,0.0,0.0,,PROMATS,0,,,,,,,,,,,,1753-01-01,1,1753-01-01,1753-01-01,00000000-0000-0000-0000-000000000000,E830D469-806F-EB11-AA04-000D3AA30FE3,00000000-0000-0000-0000-000000000000,0,0,00000000-0000-0000-0000-000000000000,,,,0.0,0.0,0.0,0.0,0.0,0.0,0.0,0.0,0.0,0,0,,B8BB89CB-99F5-EF11-A4F8-5E2CC006407F,2025-02-28 06:03:57.537,8FDCE4A2-E551-4114-AA5B-A4A6BAB4255F,2025-08-18 07:36:11.630,7A43DFC9-AF93-4335-A1C5-3ABC0B06A73C
b'\x00\x00\x00\x00\x0c\x1a\x7f;',PRM0634,,CARDIO PATIENT RECORD,CARDIO PATIENT RECORD,,PAD,0,0,PROMO,,,1,0,0,0.0,0,0.0,3,0.0,0.0,0.0,0.0,1,1,,,,0.0,0.0,0.0,,0.0,0.0,,0.0,0.0,0.0,0.0,,,,0.0,,0.0,0.0,0.0,0,,2025-04-28 07:27:14.083,2025-04-28,1754-01-01 15:27:14.083,0,,PROMO,00000000-0000-0000-0000-000000000000,,0,,,GOODS12,1,,,0,0,,0,,,0,0.0,,1753-01-01,0.0,0.0,0.0,0,0,0.0,0.0,0.0,0.0,,0,0,1.0,PAD,PAD,,0,0,0,,,,0.0,0.0,,PROMATS,0,,,,,,,,,,,,1753-01-01,1,1753-01-01,1753-01-01,00000000-0000-0000-0000-000000000000,E830D469-806F-EB11-AA04-000D3AA30FE3,00000000-0000-0000-0000-000000000000,0,0,00000000-0000-0000-0000-000000000000,,,,0.0,0.0,0.0,0.0,0.0,0.0,0.0,0.0,0.0,0,0,,653EA6ED-0124-F011-A4FA-5E2CC006407F,2025-04-28 07:25:15.917,8FDCE4A2-E551-4114-AA5B-A4A6BAB4255F,2025-04-28 07:27:14.083,8FDCE4A2-E551-4114-AA5B-A4A6BAB4255F
b'\x00\x00\x00\x00\x0c\x87v\x04',PRM0635,,NASOFREE x 10mL PHYSICIAN SAMPLE,NASOFREE X 10ML PHYSICIAN SAMPLE,,BOT,0,0,PROMO,,,1,0,0,0.0,0,0.0,3,57.518,0.0,57.51878,0.0,1,1,,,,0.0,0.0,0.0,,0.0,0.0,,0.0,0.0,0.0,0.0,,,,0.0,,0.0,0.0,0.0,0,,2025-05-05 03:30:00.053,2025-05-05,1754-01-01 11:30:00.053,0,,FG,00000000-0000-0000-0000-000000000000,,0,,,GOODS12,1,,,0,0,,0,,,0,0.0,,1753-01-01,0.0,0.0,0.0,0,0,0.0,0.0,0.0,0.0,,0,3,1.0,BOT,BOT,,0,0,0,,,,0.0,0.0,,SAMPLES,0,,,,LOTEXP,,,,,,,,1753-01-01,1,1753-01-01,1753-01-01,00000000-0000-0000-0000-000000000000,E130D469-806F-EB11-AA04-000D3AA30FE3,00000000-0000-0000-0000-000000000000,0,0,00000000-0000-0000-0000-000000000000,,,,0.0,0.0,0.0,0.0,0.0,0.0,0.0,0.0,0.0,0,0,,C69295FE-1327-F011-A4FA-5E2CC006407F,2025-05-02 05:12:08.757,8FDCE4A2-E551-4114-AA5B-A4A6BAB4255F,2025-11-28 01:50:58.843,34C3286C-E7F6-4F45-8F69-19CD015F1C1B
b'\x00\x00\x00\x00\x0cL\x8d\xa5',PRM0636,,BIZYX 2MG STARTER DOSE x 5's,BIZYX 2MG STARTER DOSE X 5'S,,PC,0,0,PROMO,,,1,0,0,0.0,0,0.0,3,12.12313,0.0,0.0,0.0,1,1,,,,0.0,0.0,0.0,,0.0,0.0,,0.0,0.0,0.0,0.0,,,,0.0,,0.0,0.0,0.0,0,,2025-08-01 00:48:11.473,2025-08-01,1754-01-01 08:48:11.473,0,,FG,00000000-0000-0000-0000-000000000000,,0,,,GOODS12,1,,,0,0,,0,,,0,0.0,,1753-01-01,0.0,0.0,0.0,0,0,0.0,0.0,0.0,0.0,,0,3,1.0,PC,PC,,0,0,0,,,,0.0,0.0,,SAMPLES,0,,,,LOTEXP,,,,,,,,1753-01-01,1,1753-01-01,1753-01-01,00000000-0000-0000-0000-000000000000,EC30D469-806F-EB11-AA04-000D3AA30FE3,00000000-0000-0000-0000-000000000000,0,0,00000000-0000-0000-0000-000000000000,,,,0.0,0.0,0.0,0.0,0.0,0.0,0.0,0.0,0.0,0,0,,3C19F1E0-EE6D-F011-A4FD-5E2CC006407F,2025-07-31 09:15:20.213,8FDCE4A2-E551-4114-AA5B-A4A6BAB4255F,2025-08-01 07:09:01.397,34C3286C-E7F6-4F45-8F69-19CD015F1C1B
b'\x00\x00\x00\x00\x0czP\x15',PRM0637,,CLAVOXEL BID 200/28.5/5ML P. SAMPLE,CLAVOXEL BID 200/28.5/5ML P. SAMPLE,,BOT,0,0,PROMO,,,1,0,0,0.0,0,0.0,3,54.38815,0.0,0.0,0.0,1,1,,,,0.0,0.0,0.0,,0.0,0.0,,0.0,0.0,0.0,0.0,,,,0.0,,0.0,0.0,0.0,0,,2025-10-03 06:29:46.437,2025-10-03,1754-01-01 14:29:46.437,0,,FG,00000000-0000-0000-0000-000000000000,,0,,,GOODS12,1,,,0,0,,0,,,0,0.0,,1753-01-01,0.0,0.0,0.0,0,0,0.0,0.0,0.0,0.0,,0,3,1.0,BOT,BOT,,0,0,0,,,,0.0,0.0,,SAMPLES,0,,,,LOTEXP,,,,,,,,1753-01-01,1,1753-01-01,1753-01-01,00000000-0000-0000-0000-000000000000,E130D469-806F-EB11-AA04-000D3AA30FE3,00000000-0000-0000-0000-000000000000,0,0,00000000-0000-0000-0000-000000000000,,,,0.0,0.0,0.0,0.0,0.0,0.0,0.0,0.0,0.0,0,0,,10E65B7A-1CA0-F011-A4FD-5E2CC006407F,2025-10-03 05:47:51.457,8FDCE4A2-E551-4114-AA5B-A4A6BAB4255F,2025-11-05 03:11:32.730,34C3286C-E7F6-4F45-8F69-19CD015F1C1B
b'\x00\x00\x00\x00\x0c\x024@',STKAP0033,,PHARMACOVIGILANCE-ADR & PCR,PHARMACOVIGILANCE-ADR & PCR,,PC,0,0,,,,1,0,0,0.0,0,0.0,3,0.0,0.0,0.0,0.0,1,1,,,,0.0,0.0,0.0,,0.0,0.0,,0.0,0.0,0.0,0.0,,,,0.0,,0.0,0.0,0.0,0,,2025-03-05 08:29:42.177,2025-03-05,1754-01-01 16:29:42.177,0,,,00000000-0000-0000-0000-000000000000,,0,ITEM1,,,1,,,0,0,,0,,,0,0.0,,1753-01-01,0.0,0.0,0.0,0,0,0.0,0.0,0.0,0.0,,0,0,1.0,PC,PC,,0,0,0,,,,0.0,0.0,,PROMATS,0,,,,,,,,,,,,1753-01-01,1,1753-01-01,1753-01-01,00000000-0000-0000-0000-000000000000,EC30D469-806F-EB11-AA04-000D3AA30FE3,00000000-0000-0000-0000-000000000000,0,0,00000000-0000-0000-0000-000000000000,,,,0.0,0.0,0.0,0.0,0.0,0.0,0.0,0.0,0.0,0,0,,009E56E3-8591-ED11-A4EC-5E2CC006407F,2023-01-11 07:59:35.913,5428A7C5-0CCA-4C68-BF2D-3ED6031F3D6F,2025-03-05 08:29:42.177,8FDCE4A2-E551-4114-AA5B-A4A6BAB4255F
b'\x00\x00\x00\x00\x0c<\xe3\xe6',STKAP0034,,,,,,0,0,,,,1,0,0,0.0,0,0.0,3,0.0,0.0,0.0,0.0,1,1,,,,0.0,0.0,0.0,,0.0,0.0,,0.0,0.0,0.0,0.0,,,,0.0,,0.0,0.0,0.0,0,,2025-07-03 06:16:38.703,2025-07-03,1754-01-01 14:16:38.703,0,,,00000000-0000-0000-0000-000000000000,,0,ITEM1,,,1,,,0,0,,0,,,0,0.0,,1753-01-01,0.0,0.0,0.0,0,0,0.0,0.0,0.0,0.0,,0,0,1.0,,,,0,0,0,,,,0.0,0.0,,,0,,,,,,,,,,,,1753-01-01,1,1753-01-01,1753-01-01,00000000-0000-0000-0000-000000000000,00000000-0000-0000-0000-000000000000,00000000-0000-0000-0000-000000000000,0,0,00000000-0000-0000-0000-000000000000,,,,0.0,0.0,0.0,0.0,0.0,0.0,0.0,0.0,0.0,0,0,,DE90C244-D557-F011-A4FB-5E2CC006407F,2025-07-03 06:16:38.720,7A0704FC-344D-4B93-BC24-11D151C70FD0,2025-07-03 06:16:38.720,7A0704FC-344D-4B93-BC24-11D151C70FD0
